ISO-10303-21;
HEADER;
/* Generated by software containing ST-Developer
 * from STEP Tools, Inc. (www.steptools.com) 
 */

FILE_DESCRIPTION(
/* description */ (''),
/* implementation_level */ '2;1');

FILE_NAME(
/* name */ 'experimenting_blade_rough.step',
/* time_stamp */ '2026-05-26T18:41:20+08:00',
/* author */ (''),
/* organization */ (''),
/* preprocessor_version */ 'ST-DEVELOPER v20.1',
/* originating_system */ 'Autodesk Translation Framework v15.8.0.0',
/* authorisation */ '');

FILE_SCHEMA (('AUTOMOTIVE_DESIGN { 1 0 10303 214 3 1 1 }'));
ENDSEC;

DATA;
#10=MECHANICAL_DESIGN_GEOMETRIC_PRESENTATION_REPRESENTATION('',(#13),#1463);
#11=SHAPE_REPRESENTATION_RELATIONSHIP('SRR','None',#1470,#12);
#12=ADVANCED_BREP_SHAPE_REPRESENTATION('',(#14),#1462);
#13=STYLED_ITEM('',(#1479),#14);
#14=MANIFOLD_SOLID_BREP('Body3',#90);
#15=B_SPLINE_CURVE_WITH_KNOTS('',3,(#1155,#1156,#1157,#1158,#1159,#1160,
#1161,#1162,#1163,#1164,#1165,#1166,#1167,#1168,#1169,#1170,#1171,#1172,
#1173),.UNSPECIFIED.,.F.,.F.,(4,1,1,1,1,1,1,1,1,1,1,1,1,1,1,1,4),(0.,11.250195194367,
22.5002287509664,33.7501491518924,45.0000001063841,56.2493996750237,67.4994149714838,
78.7497330459951,90.0000006334468,101.249755092676,112.499916712025,123.750099949608,
135.000001118467,146.249317152835,157.498993745206,168.74917087764,180.000002017061),
 .UNSPECIFIED.);
#16=(
BOUNDED_CURVE()
B_SPLINE_CURVE(5,(#251,#252,#253,#254,#255,#256,#257,#258,#259,#260),
 .UNSPECIFIED.,.F.,.F.)
B_SPLINE_CURVE_WITH_KNOTS((6,1,1,1,1,6),(0.,0.2,0.4,0.6,0.8,1.),
 .UNSPECIFIED.)
CURVE()
GEOMETRIC_REPRESENTATION_ITEM()
RATIONAL_B_SPLINE_CURVE((1.,1.,1.,1.,1.,1.,1.,1.,1.,1.))
REPRESENTATION_ITEM('')
);
#17=(
BOUNDED_CURVE()
B_SPLINE_CURVE(5,(#262,#263,#264,#265,#266,#267,#268,#269,#270,#271,#272,
#273,#274,#275,#276),.UNSPECIFIED.,.F.,.F.)
B_SPLINE_CURVE_WITH_KNOTS((6,1,1,1,1,1,1,1,1,1,6),(0.,0.0666666666666667,
0.133333333333333,0.2,0.266666666666667,0.333333333333333,0.4,0.466666666666667,
0.533333333333333,0.6,0.649729475007327),.UNSPECIFIED.)
CURVE()
GEOMETRIC_REPRESENTATION_ITEM()
RATIONAL_B_SPLINE_CURVE((1.,1.,1.,1.,1.,1.,1.,1.,1.,1.,1.,1.,1.,1.,1.))
REPRESENTATION_ITEM('')
);
#18=(
BOUNDED_CURVE()
B_SPLINE_CURVE(5,(#278,#279,#280,#281,#282,#283,#284,#285,#286,#287,#288),
 .UNSPECIFIED.,.F.,.F.)
B_SPLINE_CURVE_WITH_KNOTS((6,1,1,1,1,1,6),(0.649729475007327,0.666666666666667,
0.733333333333333,0.8,0.866666666666667,0.933333333333333,1.),
 .UNSPECIFIED.)
CURVE()
GEOMETRIC_REPRESENTATION_ITEM()
RATIONAL_B_SPLINE_CURVE((1.,1.,1.,1.,1.,1.,1.,1.,1.,1.,1.))
REPRESENTATION_ITEM('')
);
#19=(
BOUNDED_CURVE()
B_SPLINE_CURVE(5,(#289,#290,#291,#292,#293,#294,#295,#296,#297,#298,#299,
#300,#301,#302,#303),.UNSPECIFIED.,.F.,.F.)
B_SPLINE_CURVE_WITH_KNOTS((6,1,1,1,1,1,1,1,1,1,6),(0.,0.1,0.2,0.3,0.4,0.5,
0.6,0.7,0.8,0.9,1.),.UNSPECIFIED.)
CURVE()
GEOMETRIC_REPRESENTATION_ITEM()
RATIONAL_B_SPLINE_CURVE((1.,1.,1.,1.,1.,1.,1.,1.,1.,1.,1.,1.,1.,1.,1.))
REPRESENTATION_ITEM('')
);
#20=(
BOUNDED_CURVE()
B_SPLINE_CURVE(5,(#529,#530,#531,#532,#533,#534,#535,#536,#537,#538,#539,
#540,#541,#542,#543,#544,#545,#546,#547,#548,#549,#550,#551,#552,#553),
 .UNSPECIFIED.,.F.,.F.)
B_SPLINE_CURVE_WITH_KNOTS((6,1,1,1,1,1,1,1,1,1,1,1,1,1,1,1,1,1,1,1,6),(-1.,
-0.95,-0.9,-0.85,-0.8,-0.75,-0.7,-0.65,-0.6,-0.55,-0.5,-0.45,-0.4,-0.35,
-0.3,-0.25,-0.2,-0.15,-0.1,-0.05,0.),.UNSPECIFIED.)
CURVE()
GEOMETRIC_REPRESENTATION_ITEM()
RATIONAL_B_SPLINE_CURVE((1.,1.,1.,1.,1.,1.,1.,1.,1.,1.,1.,1.,1.,1.,1.,1.,
1.,1.,1.,1.,1.,1.,1.,1.,1.))
REPRESENTATION_ITEM('')
);
#21=(
BOUNDED_CURVE()
B_SPLINE_CURVE(5,(#557,#558,#559,#560,#561,#562,#563,#564,#565,#566,#567,
#568,#569,#570,#571,#572,#573,#574,#575,#576,#577,#578,#579,#580,#581),
 .UNSPECIFIED.,.F.,.F.)
B_SPLINE_CURVE_WITH_KNOTS((6,1,1,1,1,1,1,1,1,1,1,1,1,1,1,1,1,1,1,1,6),(-1.,
-0.95,-0.9,-0.85,-0.8,-0.75,-0.7,-0.65,-0.6,-0.55,-0.5,-0.45,-0.4,-0.35,
-0.3,-0.25,-0.2,-0.15,-0.1,-0.05,0.),.UNSPECIFIED.)
CURVE()
GEOMETRIC_REPRESENTATION_ITEM()
RATIONAL_B_SPLINE_CURVE((1.,1.,1.,1.,1.,1.,1.,1.,1.,1.,1.,1.,1.,1.,1.,1.,
1.,1.,1.,1.,1.,1.,1.,1.,1.))
REPRESENTATION_ITEM('')
);
#22=(
BOUNDED_CURVE()
B_SPLINE_CURVE(5,(#582,#583,#584,#585,#586,#587,#588,#589,#590,#591,#592,
#593,#594,#595,#596,#597,#598,#599,#600,#601),.UNSPECIFIED.,.F.,.F.)
B_SPLINE_CURVE_WITH_KNOTS((6,1,1,1,1,1,1,1,1,1,1,1,1,1,1,6),(0.,0.0666666666666667,
0.133333333333333,0.2,0.266666666666667,0.333333333333333,0.4,0.466666666666667,
0.533333333333333,0.6,0.666666666666667,0.733333333333333,0.8,0.866666666666667,
0.933333333333333,1.),.UNSPECIFIED.)
CURVE()
GEOMETRIC_REPRESENTATION_ITEM()
RATIONAL_B_SPLINE_CURVE((1.,1.,1.,1.,1.,1.,1.,1.,1.,1.,1.,1.,1.,1.,1.,1.,
1.,1.,1.,1.))
REPRESENTATION_ITEM('')
);
#23=(
BOUNDED_CURVE()
B_SPLINE_CURVE(5,(#1130,#1131,#1132,#1133,#1134,#1135,#1136,#1137,#1138,
#1139,#1140,#1141,#1142,#1143,#1144,#1145,#1146,#1147,#1148,#1149,#1150,
#1151,#1152,#1153,#1154),.UNSPECIFIED.,.F.,.F.)
B_SPLINE_CURVE_WITH_KNOTS((6,1,1,1,1,1,1,1,1,1,1,1,1,1,1,1,1,1,1,1,6),(0.,
0.05,0.1,0.15,0.2,0.25,0.3,0.35,0.4,0.45,0.5,0.55,0.6,0.65,0.7,0.75,0.8,
0.85,0.9,0.95,1.),.UNSPECIFIED.)
CURVE()
GEOMETRIC_REPRESENTATION_ITEM()
RATIONAL_B_SPLINE_CURVE((1.,1.,1.,1.,1.,1.,1.,1.,1.,1.,1.,1.,1.,1.,1.,1.,
1.,1.,1.,1.,1.,1.,1.,1.,1.))
REPRESENTATION_ITEM('')
);
#24=B_SPLINE_SURFACE_WITH_KNOTS('',3,3,((#124,#125,#126,#127,#128,#129,
#130,#131,#132),(#133,#134,#135,#136,#137,#138,#139,#140,#141),(#142,#143,
#144,#145,#146,#147,#148,#149,#150),(#151,#152,#153,#154,#155,#156,#157,
#158,#159),(#160,#161,#162,#163,#164,#165,#166,#167,#168),(#169,#170,#171,
#172,#173,#174,#175,#176,#177),(#178,#179,#180,#181,#182,#183,#184,#185,
#186),(#187,#188,#189,#190,#191,#192,#193,#194,#195),(#196,#197,#198,#199,
#200,#201,#202,#203,#204),(#205,#206,#207,#208,#209,#210,#211,#212,#213),
(#214,#215,#216,#217,#218,#219,#220,#221,#222),(#223,#224,#225,#226,#227,
#228,#229,#230,#231),(#232,#233,#234,#235,#236,#237,#238,#239,#240),(#241,
#242,#243,#244,#245,#246,#247,#248,#249)),.UNSPECIFIED.,.F.,.F.,.F.,(4,
1,1,1,1,1,1,1,1,1,1,4),(4,1,1,1,1,1,4),(0.,0.142857142857143,0.285714285714286,
0.428571428571429,0.523809523809524,0.571428571428571,0.666666666666667,
0.714285714285714,0.785714285714286,0.857142857142857,0.928571428571429,
1.),(0.,0.142857142857143,0.285714285714286,0.428571428571429,0.571428571428571,
0.857142857142857,1.),.UNSPECIFIED.);
#25=B_SPLINE_SURFACE_WITH_KNOTS('',3,3,((#304,#305,#306,#307,#308,#309,
#310,#311,#312),(#313,#314,#315,#316,#317,#318,#319,#320,#321),(#322,#323,
#324,#325,#326,#327,#328,#329,#330),(#331,#332,#333,#334,#335,#336,#337,
#338,#339),(#340,#341,#342,#343,#344,#345,#346,#347,#348),(#349,#350,#351,
#352,#353,#354,#355,#356,#357),(#358,#359,#360,#361,#362,#363,#364,#365,
#366),(#367,#368,#369,#370,#371,#372,#373,#374,#375),(#376,#377,#378,#379,
#380,#381,#382,#383,#384),(#385,#386,#387,#388,#389,#390,#391,#392,#393),
(#394,#395,#396,#397,#398,#399,#400,#401,#402),(#403,#404,#405,#406,#407,
#408,#409,#410,#411),(#412,#413,#414,#415,#416,#417,#418,#419,#420),(#421,
#422,#423,#424,#425,#426,#427,#428,#429),(#430,#431,#432,#433,#434,#435,
#436,#437,#438),(#439,#440,#441,#442,#443,#444,#445,#446,#447),(#448,#449,
#450,#451,#452,#453,#454,#455,#456),(#457,#458,#459,#460,#461,#462,#463,
#464,#465),(#466,#467,#468,#469,#470,#471,#472,#473,#474),(#475,#476,#477,
#478,#479,#480,#481,#482,#483),(#484,#485,#486,#487,#488,#489,#490,#491,
#492),(#493,#494,#495,#496,#497,#498,#499,#500,#501),(#502,#503,#504,#505,
#506,#507,#508,#509,#510),(#511,#512,#513,#514,#515,#516,#517,#518,#519),
(#520,#521,#522,#523,#524,#525,#526,#527,#528)),.UNSPECIFIED.,.F.,.F.,.F.,
(4,1,1,1,1,1,1,1,1,1,1,1,1,1,1,1,1,1,1,1,1,1,4),(4,1,1,1,1,1,4),(0.,0.0714285714285714,
0.107142857142857,0.142857142857143,0.238095238095238,0.261904761904762,
0.273809523809524,0.285714285714286,0.333333333333333,0.380952380952381,
0.428571428571429,0.5,0.571428571428571,0.589285714285714,0.607142857142857,
0.642857142857143,0.678571428571428,0.714285714285714,0.75,0.785714285714286,
0.857142857142857,0.928571428571429,1.),(0.,0.142857142857143,0.285714285714286,
0.428571428571429,0.571428571428571,0.857142857142857,1.),.UNSPECIFIED.);
#26=B_SPLINE_SURFACE_WITH_KNOTS('',3,3,((#602,#603,#604,#605,#606,#607,
#608,#609,#610,#611,#612,#613,#614,#615,#616,#617,#618,#619,#620,#621,#622,
#623),(#624,#625,#626,#627,#628,#629,#630,#631,#632,#633,#634,#635,#636,
#637,#638,#639,#640,#641,#642,#643,#644,#645),(#646,#647,#648,#649,#650,
#651,#652,#653,#654,#655,#656,#657,#658,#659,#660,#661,#662,#663,#664,#665,
#666,#667),(#668,#669,#670,#671,#672,#673,#674,#675,#676,#677,#678,#679,
#680,#681,#682,#683,#684,#685,#686,#687,#688,#689),(#690,#691,#692,#693,
#694,#695,#696,#697,#698,#699,#700,#701,#702,#703,#704,#705,#706,#707,#708,
#709,#710,#711),(#712,#713,#714,#715,#716,#717,#718,#719,#720,#721,#722,
#723,#724,#725,#726,#727,#728,#729,#730,#731,#732,#733),(#734,#735,#736,
#737,#738,#739,#740,#741,#742,#743,#744,#745,#746,#747,#748,#749,#750,#751,
#752,#753,#754,#755),(#756,#757,#758,#759,#760,#761,#762,#763,#764,#765,
#766,#767,#768,#769,#770,#771,#772,#773,#774,#775,#776,#777),(#778,#779,
#780,#781,#782,#783,#784,#785,#786,#787,#788,#789,#790,#791,#792,#793,#794,
#795,#796,#797,#798,#799),(#800,#801,#802,#803,#804,#805,#806,#807,#808,
#809,#810,#811,#812,#813,#814,#815,#816,#817,#818,#819,#820,#821),(#822,
#823,#824,#825,#826,#827,#828,#829,#830,#831,#832,#833,#834,#835,#836,#837,
#838,#839,#840,#841,#842,#843),(#844,#845,#846,#847,#848,#849,#850,#851,
#852,#853,#854,#855,#856,#857,#858,#859,#860,#861,#862,#863,#864,#865),
(#866,#867,#868,#869,#870,#871,#872,#873,#874,#875,#876,#877,#878,#879,
#880,#881,#882,#883,#884,#885,#886,#887),(#888,#889,#890,#891,#892,#893,
#894,#895,#896,#897,#898,#899,#900,#901,#902,#903,#904,#905,#906,#907,#908,
#909),(#910,#911,#912,#913,#914,#915,#916,#917,#918,#919,#920,#921,#922,
#923,#924,#925,#926,#927,#928,#929,#930,#931),(#932,#933,#934,#935,#936,
#937,#938,#939,#940,#941,#942,#943,#944,#945,#946,#947,#948,#949,#950,#951,
#952,#953),(#954,#955,#956,#957,#958,#959,#960,#961,#962,#963,#964,#965,
#966,#967,#968,#969,#970,#971,#972,#973,#974,#975),(#976,#977,#978,#979,
#980,#981,#982,#983,#984,#985,#986,#987,#988,#989,#990,#991,#992,#993,#994,
#995,#996,#997),(#998,#999,#1000,#1001,#1002,#1003,#1004,#1005,#1006,#1007,
#1008,#1009,#1010,#1011,#1012,#1013,#1014,#1015,#1016,#1017,#1018,#1019),
(#1020,#1021,#1022,#1023,#1024,#1025,#1026,#1027,#1028,#1029,#1030,#1031,
#1032,#1033,#1034,#1035,#1036,#1037,#1038,#1039,#1040,#1041),(#1042,#1043,
#1044,#1045,#1046,#1047,#1048,#1049,#1050,#1051,#1052,#1053,#1054,#1055,
#1056,#1057,#1058,#1059,#1060,#1061,#1062,#1063),(#1064,#1065,#1066,#1067,
#1068,#1069,#1070,#1071,#1072,#1073,#1074,#1075,#1076,#1077,#1078,#1079,
#1080,#1081,#1082,#1083,#1084,#1085),(#1086,#1087,#1088,#1089,#1090,#1091,
#1092,#1093,#1094,#1095,#1096,#1097,#1098,#1099,#1100,#1101,#1102,#1103,
#1104,#1105,#1106,#1107),(#1108,#1109,#1110,#1111,#1112,#1113,#1114,#1115,
#1116,#1117,#1118,#1119,#1120,#1121,#1122,#1123,#1124,#1125,#1126,#1127,
#1128,#1129)),.UNSPECIFIED.,.F.,.F.,.F.,(4,1,1,1,1,1,2,1,1,1,1,1,1,1,1,
1,1,1,1,1,4),(4,1,1,1,2,1,1,1,2,1,1,1,2,1,1,1,4),(0.,0.11766984706243,0.23533969412486,
0.35300954118729,0.470679388249719,0.529514311780934,0.588349235312149,
0.598640504429345,0.608931773546542,0.629514311780934,0.670679388249719,
0.711844464718504,0.753009541187289,0.794174617656075,0.814757155890467,
0.825048425007663,0.83533969412486,0.876504770593645,0.91766984706243,0.958834923531215,
1.),(0.,0.0625072199190121,0.125013541762275,0.187519234901195,0.250024542188718,
0.312525319401843,0.37502662884033,0.437528464946955,0.500030598272988,
0.562529029261576,0.625027267833003,0.687524644817949,0.750020945699368,
0.812513496864337,0.875006286216095,0.937501150125253,1.),.UNSPECIFIED.);
#27=B_SPLINE_SURFACE_WITH_KNOTS('',3,3,((#1174,#1175,#1176,#1177,#1178,
#1179,#1180,#1181,#1182,#1183,#1184,#1185,#1186,#1187,#1188,#1189,#1190,
#1191,#1192,#1193,#1194,#1195),(#1196,#1197,#1198,#1199,#1200,#1201,#1202,
#1203,#1204,#1205,#1206,#1207,#1208,#1209,#1210,#1211,#1212,#1213,#1214,
#1215,#1216,#1217),(#1218,#1219,#1220,#1221,#1222,#1223,#1224,#1225,#1226,
#1227,#1228,#1229,#1230,#1231,#1232,#1233,#1234,#1235,#1236,#1237,#1238,
#1239),(#1240,#1241,#1242,#1243,#1244,#1245,#1246,#1247,#1248,#1249,#1250,
#1251,#1252,#1253,#1254,#1255,#1256,#1257,#1258,#1259,#1260,#1261),(#1262,
#1263,#1264,#1265,#1266,#1267,#1268,#1269,#1270,#1271,#1272,#1273,#1274,
#1275,#1276,#1277,#1278,#1279,#1280,#1281,#1282,#1283),(#1284,#1285,#1286,
#1287,#1288,#1289,#1290,#1291,#1292,#1293,#1294,#1295,#1296,#1297,#1298,
#1299,#1300,#1301,#1302,#1303,#1304,#1305),(#1306,#1307,#1308,#1309,#1310,
#1311,#1312,#1313,#1314,#1315,#1316,#1317,#1318,#1319,#1320,#1321,#1322,
#1323,#1324,#1325,#1326,#1327),(#1328,#1329,#1330,#1331,#1332,#1333,#1334,
#1335,#1336,#1337,#1338,#1339,#1340,#1341,#1342,#1343,#1344,#1345,#1346,
#1347,#1348,#1349),(#1350,#1351,#1352,#1353,#1354,#1355,#1356,#1357,#1358,
#1359,#1360,#1361,#1362,#1363,#1364,#1365,#1366,#1367,#1368,#1369,#1370,
#1371),(#1372,#1373,#1374,#1375,#1376,#1377,#1378,#1379,#1380,#1381,#1382,
#1383,#1384,#1385,#1386,#1387,#1388,#1389,#1390,#1391,#1392,#1393),(#1394,
#1395,#1396,#1397,#1398,#1399,#1400,#1401,#1402,#1403,#1404,#1405,#1406,
#1407,#1408,#1409,#1410,#1411,#1412,#1413,#1414,#1415),(#1416,#1417,#1418,
#1419,#1420,#1421,#1422,#1423,#1424,#1425,#1426,#1427,#1428,#1429,#1430,
#1431,#1432,#1433,#1434,#1435,#1436,#1437),(#1438,#1439,#1440,#1441,#1442,
#1443,#1444,#1445,#1446,#1447,#1448,#1449,#1450,#1451,#1452,#1453,#1454,
#1455,#1456,#1457,#1458,#1459)),.UNSPECIFIED.,.F.,.F.,.F.,(4,1,1,1,1,1,
1,1,1,1,4),(4,1,1,1,2,1,1,1,2,1,1,1,2,1,1,1,4),(0.,0.0714285714285714,0.142857142857143,
0.214285714285714,0.285714285714286,0.357142857142857,0.428571428571429,
0.571428571428571,0.714285714285714,0.857142857142857,1.),(0.,0.0625072199190121,
0.125013541762275,0.187519234901195,0.250024542188718,0.312525319401843,
0.37502662884033,0.437528464946955,0.500030598272988,0.562529029261576,
0.625027267833003,0.687524644817949,0.750020945699368,0.812513496864337,
0.875006286216095,0.937501150125253,1.),.UNSPECIFIED.);
#28=FACE_OUTER_BOUND('',#34,.T.);
#29=FACE_OUTER_BOUND('',#35,.T.);
#30=FACE_OUTER_BOUND('',#36,.T.);
#31=FACE_OUTER_BOUND('',#37,.T.);
#32=FACE_OUTER_BOUND('',#38,.T.);
#33=FACE_OUTER_BOUND('',#39,.T.);
#34=EDGE_LOOP('',(#60,#61));
#35=EDGE_LOOP('',(#62,#63,#64,#65,#66));
#36=EDGE_LOOP('',(#67,#68,#69,#70));
#37=EDGE_LOOP('',(#71,#72));
#38=EDGE_LOOP('',(#73,#74,#75,#76));
#39=EDGE_LOOP('',(#77,#78,#79,#80,#81));
#40=CIRCLE('',#105,50.);
#41=CIRCLE('',#106,50.);
#42=VERTEX_POINT('',#120);
#43=VERTEX_POINT('',#121);
#44=VERTEX_POINT('',#250);
#45=VERTEX_POINT('',#261);
#46=VERTEX_POINT('',#277);
#47=VERTEX_POINT('',#555);
#48=VERTEX_POINT('',#556);
#49=EDGE_CURVE('',#42,#43,#40,.T.);
#50=EDGE_CURVE('',#43,#42,#41,.T.);
#51=EDGE_CURVE('',#43,#44,#16,.T.);
#52=EDGE_CURVE('',#44,#45,#17,.T.);
#53=EDGE_CURVE('',#45,#46,#18,.T.);
#54=EDGE_CURVE('',#42,#46,#19,.T.);
#55=EDGE_CURVE('',#46,#44,#20,.T.);
#56=EDGE_CURVE('',#47,#48,#21,.T.);
#57=EDGE_CURVE('',#48,#47,#22,.T.);
#58=EDGE_CURVE('',#46,#47,#23,.T.);
#59=EDGE_CURVE('',#44,#48,#15,.T.);
#60=ORIENTED_EDGE('',*,*,#49,.F.);
#61=ORIENTED_EDGE('',*,*,#50,.F.);
#62=ORIENTED_EDGE('',*,*,#49,.T.);
#63=ORIENTED_EDGE('',*,*,#51,.T.);
#64=ORIENTED_EDGE('',*,*,#52,.T.);
#65=ORIENTED_EDGE('',*,*,#53,.T.);
#66=ORIENTED_EDGE('',*,*,#54,.F.);
#67=ORIENTED_EDGE('',*,*,#50,.T.);
#68=ORIENTED_EDGE('',*,*,#54,.T.);
#69=ORIENTED_EDGE('',*,*,#55,.T.);
#70=ORIENTED_EDGE('',*,*,#51,.F.);
#71=ORIENTED_EDGE('',*,*,#56,.F.);
#72=ORIENTED_EDGE('',*,*,#57,.F.);
#73=ORIENTED_EDGE('',*,*,#55,.F.);
#74=ORIENTED_EDGE('',*,*,#58,.T.);
#75=ORIENTED_EDGE('',*,*,#56,.T.);
#76=ORIENTED_EDGE('',*,*,#59,.F.);
#77=ORIENTED_EDGE('',*,*,#52,.F.);
#78=ORIENTED_EDGE('',*,*,#59,.T.);
#79=ORIENTED_EDGE('',*,*,#57,.T.);
#80=ORIENTED_EDGE('',*,*,#58,.F.);
#81=ORIENTED_EDGE('',*,*,#53,.F.);
#82=PLANE('',#104);
#83=PLANE('',#107);
#84=ADVANCED_FACE('',(#28),#82,.F.);
#85=ADVANCED_FACE('',(#29),#24,.T.);
#86=ADVANCED_FACE('',(#30),#25,.T.);
#87=ADVANCED_FACE('',(#31),#83,.T.);
#88=ADVANCED_FACE('',(#32),#26,.F.);
#89=ADVANCED_FACE('',(#33),#27,.F.);
#90=CLOSED_SHELL('',(#84,#85,#86,#87,#88,#89));
#91=DERIVED_UNIT_ELEMENT(#93,1.);
#92=DERIVED_UNIT_ELEMENT(#1465,-3.);
#93=(
MASS_UNIT()
NAMED_UNIT(*)
SI_UNIT(.KILO.,.GRAM.)
);
#94=DERIVED_UNIT((#91,#92));
#95=MEASURE_REPRESENTATION_ITEM('density measure',
POSITIVE_RATIO_MEASURE(7850.),#94);
#96=PROPERTY_DEFINITION_REPRESENTATION(#101,#98);
#97=PROPERTY_DEFINITION_REPRESENTATION(#102,#99);
#98=REPRESENTATION('material name',(#100),#1462);
#99=REPRESENTATION('density',(#95),#1462);
#100=DESCRIPTIVE_REPRESENTATION_ITEM('Steel','Steel');
#101=PROPERTY_DEFINITION('material property','material name',#1472);
#102=PROPERTY_DEFINITION('material property','density of part',#1472);
#103=AXIS2_PLACEMENT_3D('',#118,#108,#109);
#104=AXIS2_PLACEMENT_3D('',#119,#110,#111);
#105=AXIS2_PLACEMENT_3D('',#122,#112,#113);
#106=AXIS2_PLACEMENT_3D('',#123,#114,#115);
#107=AXIS2_PLACEMENT_3D('',#554,#116,#117);
#108=DIRECTION('axis',(0.,0.,1.));
#109=DIRECTION('refdir',(1.,0.,0.));
#110=DIRECTION('center_axis',(0.,1.,0.));
#111=DIRECTION('ref_axis',(0.,0.,1.));
#112=DIRECTION('center_axis',(0.,1.,0.));
#113=DIRECTION('ref_axis',(1.,0.,0.));
#114=DIRECTION('center_axis',(0.,1.,0.));
#115=DIRECTION('ref_axis',(1.,0.,0.));
#116=DIRECTION('center_axis',(-3.96860380706207E-16,1.,-5.58328212477568E-15));
#117=DIRECTION('ref_axis',(0.,5.58328212477568E-15,1.));
#118=CARTESIAN_POINT('',(0.,0.,0.));
#119=CARTESIAN_POINT('Origin',(46.9846310392954,-200.,17.1010071662834));
#120=CARTESIAN_POINT('',(93.9692620785908,-200.,34.2020143325669));
#121=CARTESIAN_POINT('',(0.,-200.,-6.66133814775094E-15));
#122=CARTESIAN_POINT('Origin',(46.9846310392954,-200.,17.1010071662834));
#123=CARTESIAN_POINT('Origin',(46.9846310392954,-200.,17.1010071662834));
#124=CARTESIAN_POINT('Ctrl Pts',(93.9692620785908,-200.,34.2020143325668));
#125=CARTESIAN_POINT('Ctrl Pts',(95.2407724007099,-191.658554293135,36.058140985851));
#126=CARTESIAN_POINT('Ctrl Pts',(98.6184372979196,-174.667580930446,39.7111264894894));
#127=CARTESIAN_POINT('Ctrl Pts',(106.31104233919,-148.211778110639,45.0041257356855));
#128=CARTESIAN_POINT('Ctrl Pts',(116.901424745406,-120.686354437439,50.0913548022776));
#129=CARTESIAN_POINT('Ctrl Pts',(135.16228361065,-82.4575135329776,56.58032212529));
#130=CARTESIAN_POINT('Ctrl Pts',(159.186654192336,-42.1012585647014,62.6600244524362));
#131=CARTESIAN_POINT('Ctrl Pts',(180.485371007459,-10.6231993557589,66.98685835488));
#132=CARTESIAN_POINT('Ctrl Pts',(187.938524157182,0.,68.4040286651337));
#133=CARTESIAN_POINT('Ctrl Pts',(96.5275667682376,-200.,27.1731299656774));
#134=CARTESIAN_POINT('Ctrl Pts',(97.6992186278907,-191.642843576227,29.3136911556138));
#135=CARTESIAN_POINT('Ctrl Pts',(100.67155272579,-174.614468647452,33.427316893636));
#136=CARTESIAN_POINT('Ctrl Pts',(107.242654396318,-148.098083106959,39.1572957939216));
#137=CARTESIAN_POINT('Ctrl Pts',(116.305688208715,-120.521056366769,44.4993437267643));
#138=CARTESIAN_POINT('Ctrl Pts',(132.130851015146,-82.2533309449139,51.1805226652379));
#139=CARTESIAN_POINT('Ctrl Pts',(153.335287601915,-41.9299908676398,57.374572062284));
#140=CARTESIAN_POINT('Ctrl Pts',(172.550342205729,-10.5708474589995,61.9433216116437));
#141=CARTESIAN_POINT('Ctrl Pts',(179.329907361679,0.,63.4703341550259));
#142=CARTESIAN_POINT('Ctrl Pts',(98.4356312954643,-200.,11.9543742334538));
#143=CARTESIAN_POINT('Ctrl Pts',(99.3980651854599,-191.572139947299,14.4658009790978));
#144=CARTESIAN_POINT('Ctrl Pts',(101.653849492865,-174.406389487996,19.2841037995617));
#145=CARTESIAN_POINT('Ctrl Pts',(106.379935809853,-147.717105132172,25.9645179017124));
#146=CARTESIAN_POINT('Ctrl Pts',(112.940638268497,-120.023665647373,32.1539116717484));
#147=CARTESIAN_POINT('Ctrl Pts',(124.70890774274,-81.7058440908436,39.8324215660554));
#148=CARTESIAN_POINT('Ctrl Pts',(141.042800381837,-41.5218116894108,46.8294701634658));
#149=CARTESIAN_POINT('Ctrl Pts',(156.413345109401,-10.4511859806924,51.8610498631768));
#150=CARTESIAN_POINT('Ctrl Pts',(161.911766727394,0.,53.5274269712338));
#151=CARTESIAN_POINT('Ctrl Pts',(91.1105657226662,-200.,-9.8671312091022));
#152=CARTESIAN_POINT('Ctrl Pts',(91.7573256903608,-191.38383213278,-7.27579557562514));
#153=CARTESIAN_POINT('Ctrl Pts',(93.2716166410463,-173.882514450523,-2.07258210296563));
#154=CARTESIAN_POINT('Ctrl Pts',(96.4689327355687,-146.830442934117,5.65777647948379));
#155=CARTESIAN_POINT('Ctrl Pts',(100.976094576153,-118.940403195388,13.1711665793328));
#156=CARTESIAN_POINT('Ctrl Pts',(109.174989385053,-80.6114978779908,22.7138100000662));
#157=CARTESIAN_POINT('Ctrl Pts',(120.623286084121,-40.7898492251544,31.3152613141316));
#158=CARTESIAN_POINT('Ctrl Pts',(131.293825004659,-10.2460520178801,36.7380457926558));
#159=CARTESIAN_POINT('Ctrl Pts',(135.100794431388,0.,38.4106381285825));
#160=CARTESIAN_POINT('Ctrl Pts',(76.8227240342558,-200.,-24.5019096641246));
#161=CARTESIAN_POINT('Ctrl Pts',(77.2109375808351,-191.174973491499,-22.1584490980548));
#162=CARTESIAN_POINT('Ctrl Pts',(78.3162551702443,-173.312004358393,-17.2203605596324));
#163=CARTESIAN_POINT('Ctrl Pts',(80.9917354970581,-145.891519585211,-9.37733088977205));
#164=CARTESIAN_POINT('Ctrl Pts',(84.8120870489153,-117.822864116628,-1.42385060707135));
#165=CARTESIAN_POINT('Ctrl Pts',(91.5473444848045,-79.5241973957518,8.89840145162178));
#166=CARTESIAN_POINT('Ctrl Pts',(100.373586082012,-40.1014772200295,18.1907887467192));
#167=CARTESIAN_POINT('Ctrl Pts',(107.768737181631,-10.058012551969,23.4955708212691));
#168=CARTESIAN_POINT('Ctrl Pts',(110.305463667303,0.,25.0272846632672));
#169=CARTESIAN_POINT('Ctrl Pts',(63.0270177251006,-200.,-30.713845450977));
#170=CARTESIAN_POINT('Ctrl Pts',(63.2499133252365,-191.012182875698,-28.6902618696872));
#171=CARTESIAN_POINT('Ctrl Pts',(64.1177137113502,-172.87070993704,-24.2947233980303));
#172=CARTESIAN_POINT('Ctrl Pts',(66.5498782287725,-145.173961571833,-17.0398290251592));
#173=CARTESIAN_POINT('Ctrl Pts',(70.0497075772169,-116.978731112921,-9.51147983663968));
#174=CARTESIAN_POINT('Ctrl Pts',(76.0142808341256,-78.7172677409699,0.376161642211865));
#175=CARTESIAN_POINT('Ctrl Pts',(83.3173395775767,-39.604521335017,9.29651635875214));
#176=CARTESIAN_POINT('Ctrl Pts',(88.7041949257137,-9.92410565957764,14.1607924768722));
#177=CARTESIAN_POINT('Ctrl Pts',(90.4519028997495,0.,15.5165277551262));
#178=CARTESIAN_POINT('Ctrl Pts',(50.7742710134095,-200.,-33.1930103958788));
#179=CARTESIAN_POINT('Ctrl Pts',(50.8786339199764,-190.880042232926,-31.4811946241915));
#180=CARTESIAN_POINT('Ctrl Pts',(51.5512179912364,-172.513630415732,-27.680986892474));
#181=CARTESIAN_POINT('Ctrl Pts',(53.7145898136564,-144.596270970282,-21.2402663944946));
#182=CARTESIAN_POINT('Ctrl Pts',(56.8518708334566,-116.302521181266,-14.4533197931784));
#183=CARTESIAN_POINT('Ctrl Pts',(62.0605713001145,-78.0758120121153,-5.46539478051549));
#184=CARTESIAN_POINT('Ctrl Pts',(68.0803348683594,-39.2143562597745,2.66830711375593));
#185=CARTESIAN_POINT('Ctrl Pts',(71.9742397750594,-9.81963928962701,6.99487631954181));
#186=CARTESIAN_POINT('Ctrl Pts',(73.1522207933108,0.,8.17586370461999));
#187=CARTESIAN_POINT('Ctrl Pts',(40.692457911418,-200.,-32.9421299174801));
#188=CARTESIAN_POINT('Ctrl Pts',(40.7193550034115,-190.779780890151,-31.507178643373));
#189=CARTESIAN_POINT('Ctrl Pts',(41.2273977936098,-172.24344816492,-28.2821166292163));
#190=CARTESIAN_POINT('Ctrl Pts',(43.0798570554757,-144.161120880898,-22.7356144303759));
#191=CARTESIAN_POINT('Ctrl Pts',(45.7912721236694,-115.795430060592,-16.8398520806007));
#192=CARTESIAN_POINT('Ctrl Pts',(50.2196112704052,-77.5981210678087,-8.99094702221152));
#193=CARTESIAN_POINT('Ctrl Pts',(55.1286596614716,-38.9271173705362,-1.8598731547797));
#194=CARTESIAN_POINT('Ctrl Pts',(57.9593022485735,-9.74318890070854,1.90799123803939));
#195=CARTESIAN_POINT('Ctrl Pts',(58.7541151280611,0.,2.92952533916975));
#196=CARTESIAN_POINT('Ctrl Pts',(29.789028958102,-200.,-30.1636424050144));
#197=CARTESIAN_POINT('Ctrl Pts',(29.7527500859113,-190.679051816437,-29.0514417039768));
#198=CARTESIAN_POINT('Ctrl Pts',(30.0638137317254,-171.972544250123,-26.5381778983693));
#199=CARTESIAN_POINT('Ctrl Pts',(31.4253446016584,-143.72621616558,-22.1857816563529));
#200=CARTESIAN_POINT('Ctrl Pts',(33.4568497102413,-115.290265204442,-17.5362692119146));
#201=CARTESIAN_POINT('Ctrl Pts',(36.7417173523284,-77.1246681161014,-11.320402916825));
#202=CARTESIAN_POINT('Ctrl Pts',(40.2551883795858,-38.6448513800354,-5.63748849170178));
#203=CARTESIAN_POINT('Ctrl Pts',(42.0369842664136,-9.66840047676661,-2.60705793420209));
#204=CARTESIAN_POINT('Ctrl Pts',(42.4877840550393,0.,-1.78066593716224));
#205=CARTESIAN_POINT('Ctrl Pts',(20.6930610989088,-200.,-25.9233515428627));
#206=CARTESIAN_POINT('Ctrl Pts',(20.6200290914486,-190.600649026042,-25.0991337618646));
#207=CARTESIAN_POINT('Ctrl Pts',(20.7537436221489,-171.762013664779,-23.2444343623526));
#208=CARTESIAN_POINT('Ctrl Pts',(21.5994494578673,-143.389093350069,-20.0426145108756));
#209=CARTESIAN_POINT('Ctrl Pts',(22.9108847927612,-114.899684049383,-16.6221659088176));
#210=CARTESIAN_POINT('Ctrl Pts',(25.0323006276799,-76.7600952102465,-12.0372088558002));
#211=CARTESIAN_POINT('Ctrl Pts',(27.2405108883582,-38.428995856017,-7.80975035778896));
#212=CARTESIAN_POINT('Ctrl Pts',(28.2116414978654,-9.61141882042986,-5.49478826595578));
#213=CARTESIAN_POINT('Ctrl Pts',(28.4231196841122,0.,-4.85117430157584));
#214=CARTESIAN_POINT('Ctrl Pts',(11.778705080925,-200.,-18.9934942550535));
#215=CARTESIAN_POINT('Ctrl Pts',(11.6938522414895,-190.531926285049,-18.480030875087));
#216=CARTESIAN_POINT('Ctrl Pts',(11.6653279621342,-171.577761099073,-17.3485244833615));
#217=CARTESIAN_POINT('Ctrl Pts',(11.9427139408512,-143.09479612336,-15.4379992755012));
#218=CARTESIAN_POINT('Ctrl Pts',(12.4468062031745,-114.559594438149,-13.4146787792102));
#219=CARTESIAN_POINT('Ctrl Pts',(13.2913250962785,-76.4439519480642,-10.7003813944175));
#220=CARTESIAN_POINT('Ctrl Pts',(14.1558972208609,-38.243127329598,-8.15867158981252));
#221=CARTESIAN_POINT('Ctrl Pts',(14.4410947610842,-9.56253924335355,-6.67686537518525));
#222=CARTESIAN_POINT('Ctrl Pts',(14.477088411341,0.,-6.24669050602955));
#223=CARTESIAN_POINT('Ctrl Pts',(4.62933007121481,-200.,-10.2549876589942));
#224=CARTESIAN_POINT('Ctrl Pts',(4.56551486580156,-190.487133219033,-10.0243496576636));
#225=CARTESIAN_POINT('Ctrl Pts',(4.46576703185296,-171.457828811438,-9.54059120341674));
#226=CARTESIAN_POINT('Ctrl Pts',(4.38020095429195,-142.903660920693,-8.76864459341612));
#227=CARTESIAN_POINT('Ctrl Pts',(4.33935418672349,-114.339219935281,-7.97206994753916));
#228=CARTESIAN_POINT('Ctrl Pts',(4.31834767493496,-76.2398410805467,-6.90581299525406));
#229=CARTESIAN_POINT('Ctrl Pts',(4.29895635399507,-38.123882448206,-5.87589237121553));
#230=CARTESIAN_POINT('Ctrl Pts',(4.20969667342186,-9.53128836620635,-5.19404807419396));
#231=CARTESIAN_POINT('Ctrl Pts',(4.16797877523777,0.,-4.9803600980439));
#232=CARTESIAN_POINT('Ctrl Pts',(1.27915234482339,-200.,-3.51444218344471));
#233=CARTESIAN_POINT('Ctrl Pts',(1.25348921995363,-190.47619047619,-3.4439333273524));
#234=CARTESIAN_POINT('Ctrl Pts',(1.20264667024763,-171.428571428572,-3.30276371376118));
#235=CARTESIAN_POINT('Ctrl Pts',(1.12548394478068,-142.857142857145,-3.09129158467652));
#236=CARTESIAN_POINT('Ctrl Pts',(1.04822879203627,-114.28571428572,-2.87984848150149));
#237=CARTESIAN_POINT('Ctrl Pts',(0.94496787183188,-76.190476190485,-2.59800412588894));
#238=CARTESIAN_POINT('Ctrl Pts',(0.842417352311997,-38.0952380952467,-2.31593667568104));
#239=CARTESIAN_POINT('Ctrl Pts',(0.765889847428241,-9.52380952381217,-2.10426506159863));
#240=CARTESIAN_POINT('Ctrl Pts',(0.740226722558484,0.,-2.03375620550633));
#241=CARTESIAN_POINT('Ctrl Pts',(0.,-200.,-6.66133814775094E-15));
#242=CARTESIAN_POINT('Ctrl Pts',(0.,-190.47619047619,-6.66133814775094E-15));
#243=CARTESIAN_POINT('Ctrl Pts',(0.,-171.428571428572,-6.38944679478151E-15));
#244=CARTESIAN_POINT('Ctrl Pts',(0.,-142.857142857145,-5.39898543753574E-15));
#245=CARTESIAN_POINT('Ctrl Pts',(0.,-114.28571428572,-4.058949483615E-15));
#246=CARTESIAN_POINT('Ctrl Pts',(0.,-76.190476190485,-2.11686839097625E-15));
#247=CARTESIAN_POINT('Ctrl Pts',(0.,-38.0952380952466,-4.0783702945414E-16));
#248=CARTESIAN_POINT('Ctrl Pts',(0.,-9.52380952381216,0.));
#249=CARTESIAN_POINT('Ctrl Pts',(0.,0.,0.));
#250=CARTESIAN_POINT('',(0.,0.,0.));
#251=CARTESIAN_POINT('Ctrl Pts',(0.,-200.,0.));
#252=CARTESIAN_POINT('Ctrl Pts',(0.,-192.,0.));
#253=CARTESIAN_POINT('Ctrl Pts',(0.,-176.,0.));
#254=CARTESIAN_POINT('Ctrl Pts',(0.,-152.000000000001,0.));
#255=CARTESIAN_POINT('Ctrl Pts',(0.,-120.000000000005,0.));
#256=CARTESIAN_POINT('Ctrl Pts',(0.,-80.0000000000089,0.));
#257=CARTESIAN_POINT('Ctrl Pts',(0.,-48.0000000000091,0.));
#258=CARTESIAN_POINT('Ctrl Pts',(0.,-24.0000000000058,0.));
#259=CARTESIAN_POINT('Ctrl Pts',(0.,-8.00000000000221,0.));
#260=CARTESIAN_POINT('Ctrl Pts',(0.,0.,0.));
#261=CARTESIAN_POINT('',(122.428395216004,0.,31.6239450929817));
#262=CARTESIAN_POINT('Ctrl Pts',(0.,0.,0.));
#263=CARTESIAN_POINT('Ctrl Pts',(0.414526964632751,0.,-1.13890347508355));
#264=CARTESIAN_POINT('Ctrl Pts',(1.7427072825903,0.,-3.12680622960831));
#265=CARTESIAN_POINT('Ctrl Pts',(5.2324489892174,0.,-5.23893520424372));
#266=CARTESIAN_POINT('Ctrl Pts',(12.6535788899868,0.,-6.38534473872269));
#267=CARTESIAN_POINT('Ctrl Pts',(25.3165609100725,0.,-5.426225825942));
#268=CARTESIAN_POINT('Ctrl Pts',(39.8964853633362,0.,-2.56836567602026));
#269=CARTESIAN_POINT('Ctrl Pts',(55.1460116909966,0.,1.71080021782888));
#270=CARTESIAN_POINT('Ctrl Pts',(70.325596264694,0.,7.0266934232251));
#271=CARTESIAN_POINT('Ctrl Pts',(85.0361733316899,0.,13.0670724946617));
#272=CARTESIAN_POINT('Ctrl Pts',(98.430515084637,0.,19.2572454796252));
#273=CARTESIAN_POINT('Ctrl Pts',(108.608106877213,0.,24.3506739690288));
#274=CARTESIAN_POINT('Ctrl Pts',(115.900851838757,0.,28.1492814730921));
#275=CARTESIAN_POINT('Ctrl Pts',(120.481084765501,0.,30.5819922858299));
#276=CARTESIAN_POINT('Ctrl Pts',(122.428395216004,0.,31.6239450929817));
#277=CARTESIAN_POINT('',(187.938524157182,0.,68.4040286651337));
#278=CARTESIAN_POINT('Ctrl Pts',(122.428395216004,0.,31.6239450929817));
#279=CARTESIAN_POINT('Ctrl Pts',(123.091623016328,0.,31.9788202327679));
#280=CARTESIAN_POINT('Ctrl Pts',(126.359913144457,0.,33.7320082282156));
#281=CARTESIAN_POINT('Ctrl Pts',(132.187147408358,0.,36.8953565156177));
#282=CARTESIAN_POINT('Ctrl Pts',(140.493754606845,0.,41.4811771057108));
#283=CARTESIAN_POINT('Ctrl Pts',(151.195158103311,0.,47.4809408489299));
#284=CARTESIAN_POINT('Ctrl Pts',(163.597732529892,0.,54.5049100090539));
#285=CARTESIAN_POINT('Ctrl Pts',(173.401839192391,0.,60.0888453644321));
#286=CARTESIAN_POINT('Ctrl Pts',(180.693794565314,0.,64.2548931525167));
#287=CARTESIAN_POINT('Ctrl Pts',(185.528111454441,0.,67.0225942023035));
#288=CARTESIAN_POINT('Ctrl Pts',(187.938524157182,0.,68.4040286651337));
#289=CARTESIAN_POINT('Ctrl Pts',(93.9692620785908,-200.,34.2020143325668));
#290=CARTESIAN_POINT('Ctrl Pts',(94.5032964138809,-196.496592803117,34.9815875269462));
#291=CARTESIAN_POINT('Ctrl Pts',(95.695073675159,-189.444115381552,36.5319494109913));
#292=CARTESIAN_POINT('Ctrl Pts',(97.8538804583363,-178.72840458506,38.8311376493118));
#293=CARTESIAN_POINT('Ctrl Pts',(101.486652375262,-164.162341517493,41.8431549174951));
#294=CARTESIAN_POINT('Ctrl Pts',(107.364091063862,-145.46144657954,45.5132739558242));
#295=CARTESIAN_POINT('Ctrl Pts',(114.674986679708,-126.231437348557,49.0816037080105));
#296=CARTESIAN_POINT('Ctrl Pts',(123.499288876878,-106.442802993868,52.542466976453));
#297=CARTESIAN_POINT('Ctrl Pts',(133.817159049557,-86.1028662956119,55.8972724937586));
#298=CARTESIAN_POINT('Ctrl Pts',(145.515450281602,-65.253391780806,59.1540547837409));
#299=CARTESIAN_POINT('Ctrl Pts',(158.463442537378,-43.9426305255335,62.3220962314194));
#300=CARTESIAN_POINT('Ctrl Pts',(169.727873804748,-26.5595870766129,64.7921919791889));
#301=CARTESIAN_POINT('Ctrl Pts',(178.651426758063,-13.3468888792002,66.6110179055458));
#302=CARTESIAN_POINT('Ctrl Pts',(184.808199834298,-4.46174372941872,67.8088171348271));
#303=CARTESIAN_POINT('Ctrl Pts',(187.938524157182,0.,68.4040286651337));
#304=CARTESIAN_POINT('Ctrl Pts',(0.,-200.,-6.66133814775094E-15));
#305=CARTESIAN_POINT('Ctrl Pts',(0.,-190.47619047619,-6.66133814775094E-15));
#306=CARTESIAN_POINT('Ctrl Pts',(0.,-171.428571428572,-6.38944679478151E-15));
#307=CARTESIAN_POINT('Ctrl Pts',(0.,-142.857142857145,-5.39898543753575E-15));
#308=CARTESIAN_POINT('Ctrl Pts',(0.,-114.28571428572,-4.058949483615E-15));
#309=CARTESIAN_POINT('Ctrl Pts',(0.,-76.190476190485,-2.11686839097625E-15));
#310=CARTESIAN_POINT('Ctrl Pts',(0.,-38.0952380952467,-4.07837029454139E-16));
#311=CARTESIAN_POINT('Ctrl Pts',(0.,-9.52380952381216,0.));
#312=CARTESIAN_POINT('Ctrl Pts',(0.,0.,0.));
#313=CARTESIAN_POINT('Ctrl Pts',(-1.27915234482339,-200.,3.51444218344469));
#314=CARTESIAN_POINT('Ctrl Pts',(-1.25348921995363,-190.47619047619,3.44393332735239));
#315=CARTESIAN_POINT('Ctrl Pts',(-1.20117371366305,-171.428571428572,3.30331705775237));
#316=CARTESIAN_POINT('Ctrl Pts',(-1.12454038563864,-142.857142857145,3.0916460049521));
#317=CARTESIAN_POINT('Ctrl Pts',(-1.04809396066215,-114.28571428572,2.87989910646495));
#318=CARTESIAN_POINT('Ctrl Pts',(-0.946684163997788,-76.190476190485,2.59735939043424));
#319=CARTESIAN_POINT('Ctrl Pts',(-0.843826417729866,-38.0952380952467,2.31540725568421));
#320=CARTESIAN_POINT('Ctrl Pts',(-0.765889847428241,-9.52380952381216,2.10426506159863));
#321=CARTESIAN_POINT('Ctrl Pts',(-0.740226722558483,0.,2.03375620550633));
#322=CARTESIAN_POINT('Ctrl Pts',(-2.60388102802952,-200.,9.00220459754007));
#323=CARTESIAN_POINT('Ctrl Pts',(-2.53374761700865,-190.485239178871,8.83869662891343));
#324=CARTESIAN_POINT('Ctrl Pts',(-2.36288635496489,-171.452558459475,8.5219259805115));
#325=CARTESIAN_POINT('Ctrl Pts',(-2.03820355829532,-142.894745280534,8.06707643753871));
#326=CARTESIAN_POINT('Ctrl Pts',(-1.6684000811609,-114.328402795153,7.62183762223797));
#327=CARTESIAN_POINT('Ctrl Pts',(-1.14645877541887,-76.2291659864361,7.02685660056618));
#328=CARTESIAN_POINT('Ctrl Pts',(-0.635161080006629,-38.1170820652879,6.40905938207692));
#329=CARTESIAN_POINT('Ctrl Pts',(-0.342864016796186,-9.5294186556078,5.89767191278896));
#330=CARTESIAN_POINT('Ctrl Pts',(-0.259763292295458,0.,5.72013906983531));
#331=CARTESIAN_POINT('Ctrl Pts',(-3.1158856009503,-200.,16.4763615220858));
#332=CARTESIAN_POINT('Ctrl Pts',(-2.97685652190576,-190.512816177517,16.2141796652396));
#333=CARTESIAN_POINT('Ctrl Pts',(-2.56299554225469,-171.525776263829,15.7415813057383));
#334=CARTESIAN_POINT('Ctrl Pts',(-1.64263613415604,-143.00982556033,15.1363580738527));
#335=CARTESIAN_POINT('Ctrl Pts',(-0.52434542861279,-114.45940053308,14.5833635546457));
#336=CARTESIAN_POINT('Ctrl Pts',(1.09184748793399,-76.3484023509928,13.8470766553021));
#337=CARTESIAN_POINT('Ctrl Pts',(2.66153529756343,-38.1849133573133,13.0115511950504));
#338=CARTESIAN_POINT('Ctrl Pts',(3.44020283823229,-9.54691380477995,12.1598161430579));
#339=CARTESIAN_POINT('Ctrl Pts',(3.63662454482118,0.,11.8423905826822));
#340=CARTESIAN_POINT('Ctrl Pts',(-2.73693029004989,-200.,25.2088542350977));
#341=CARTESIAN_POINT('Ctrl Pts',(-2.51096834095465,-190.556048868102,24.8511709028783));
#342=CARTESIAN_POINT('Ctrl Pts',(-1.76472398633267,-171.640648068547,24.2532739783045));
#343=CARTESIAN_POINT('Ctrl Pts',(0.00653350912924845,-143.190607225281,
23.5930306100027));
#344=CARTESIAN_POINT('Ctrl Pts',(2.20913079661208,-114.665455399569,23.0531878019966));
#345=CARTESIAN_POINT('Ctrl Pts',(5.42103470924265,-76.536344344406,22.3392832317138));
#346=CARTESIAN_POINT('Ctrl Pts',(8.53753945195604,-38.2922171086096,21.4065002210289));
#347=CARTESIAN_POINT('Ctrl Pts',(10.0159320752506,-9.57464784532509,20.2027948584022));
#348=CARTESIAN_POINT('Ctrl Pts',(10.3726886532543,0.,19.7264152612772));
#349=CARTESIAN_POINT('Ctrl Pts',(-0.715473229181752,-200.,33.1494120108847));
#350=CARTESIAN_POINT('Ctrl Pts',(-0.399184777305676,-190.61330944168,32.7363114823415));
#351=CARTESIAN_POINT('Ctrl Pts',(0.708467214531025,-171.792990177281,32.1095943896876));
#352=CARTESIAN_POINT('Ctrl Pts',(3.42642379905511,-143.430879705649,31.571197880952));
#353=CARTESIAN_POINT('Ctrl Pts',(6.84920221578944,-114.939920651609,31.2374866849834));
#354=CARTESIAN_POINT('Ctrl Pts',(11.8739596930233,-76.7875527408776,30.8031120543664));
#355=CARTESIAN_POINT('Ctrl Pts',(16.7721766229395,-38.436509456042,29.9985966963831));
#356=CARTESIAN_POINT('Ctrl Pts',(19.0807808516923,-9.61207173524206,28.5410964578437));
#357=CARTESIAN_POINT('Ctrl Pts',(19.633542556832,0.,27.9278857342234));
#358=CARTESIAN_POINT('Ctrl Pts',(2.18600610607422,-200.,39.3675115732759));
#359=CARTESIAN_POINT('Ctrl Pts',(2.58292136163703,-190.671415837554,38.9328300557099));
#360=CARTESIAN_POINT('Ctrl Pts',(3.95179458439666,-171.947878305617,38.3135675458931));
#361=CARTESIAN_POINT('Ctrl Pts',(7.29378210818486,-143.675947543321,37.8856187117266));
#362=CARTESIAN_POINT('Ctrl Pts',(11.5135169594263,-115.220763546182,37.707344647682));
#363=CARTESIAN_POINT('Ctrl Pts',(17.7477967637066,-77.0458935719425,37.4685840215002));
#364=CARTESIAN_POINT('Ctrl Pts',(23.9085097729955,-38.5861859580679,36.7373283652209));
#365=CARTESIAN_POINT('Ctrl Pts',(26.9337426355487,-9.65108339527052,35.0876110521668));
#366=CARTESIAN_POINT('Ctrl Pts',(27.6870436678257,0.,34.3741386849972));
#367=CARTESIAN_POINT('Ctrl Pts',(3.36480718213576,-200.,41.5650281333081));
#368=CARTESIAN_POINT('Ctrl Pts',(3.79141208663125,-190.693502970728,41.125252593287));
#369=CARTESIAN_POINT('Ctrl Pts',(5.24877604065898,-172.006786208297,40.5113938571559));
#370=CARTESIAN_POINT('Ctrl Pts',(8.79329928363718,-143.769238753762,40.1208968474674));
#371=CARTESIAN_POINT('Ctrl Pts',(13.2703675801917,-115.327771969486,39.9923622216477));
#372=CARTESIAN_POINT('Ctrl Pts',(19.8993199708306,-77.144469504711,39.8134552923071));
#373=CARTESIAN_POINT('Ctrl Pts',(26.4835875241171,-38.643438312703,39.0994564372556));
#374=CARTESIAN_POINT('Ctrl Pts',(29.7686593015413,-9.66602624108591,37.381559447127));
#375=CARTESIAN_POINT('Ctrl Pts',(30.5986254320909,0.,36.63351854095));
#376=CARTESIAN_POINT('Ctrl Pts',(5.255323222242,-200.,44.7927967510352));
#377=CARTESIAN_POINT('Ctrl Pts',(5.72678990683646,-190.727543328432,44.3481300203092));
#378=CARTESIAN_POINT('Ctrl Pts',(7.30975205047911,-172.097608213582,43.7444292806377));
#379=CARTESIAN_POINT('Ctrl Pts',(11.1315045995562,-143.913161181574,43.4064557206225));
#380=CARTESIAN_POINT('Ctrl Pts',(15.9591800848874,-115.492959129669,43.3445173549736));
#381=CARTESIAN_POINT('Ctrl Pts',(23.1307455562724,-77.2967870380605,43.2425356238684));
#382=CARTESIAN_POINT('Ctrl Pts',(30.3110732477861,-38.7320491221973,42.5433169479634));
#383=CARTESIAN_POINT('Ctrl Pts',(33.98422856577,-9.6891750389727,40.7243557540303));
#384=CARTESIAN_POINT('Ctrl Pts',(34.932912785338,0.,39.9264509341994));
#385=CARTESIAN_POINT('Ctrl Pts',(8.53908510942123,-200.,49.3607087848561));
#386=CARTESIAN_POINT('Ctrl Pts',(9.07890872230716,-190.781835544516,48.9190030532173));
#387=CARTESIAN_POINT('Ctrl Pts',(10.8215722588912,-172.242598805058,48.3375058185526));
#388=CARTESIAN_POINT('Ctrl Pts',(14.9504875047337,-144.143278290285,48.0587318437441));
#389=CARTESIAN_POINT('Ctrl Pts',(20.1592410498248,-115.757484805281,48.0587254172028));
#390=CARTESIAN_POINT('Ctrl Pts',(27.9416362968367,-77.5412887981329,48.0122537169847));
#391=CARTESIAN_POINT('Ctrl Pts',(35.8538854852376,-38.8748654090642,47.2848052996645));
#392=CARTESIAN_POINT('Ctrl Pts',(40.0997899543195,-9.72656925094368,45.3182127432328));
#393=CARTESIAN_POINT('Ctrl Pts',(41.2404232197884,0.,44.4533403626056));
#394=CARTESIAN_POINT('Ctrl Pts',(13.7767710564412,-200.,54.7300777768315));
#395=CARTESIAN_POINT('Ctrl Pts',(14.4086155128432,-190.859587360143,54.3141681102303));
#396=CARTESIAN_POINT('Ctrl Pts',(16.2987158893747,-172.45060897766,53.7697569506859));
#397=CARTESIAN_POINT('Ctrl Pts',(20.5999712275607,-144.474385160966,53.5036243949335));
#398=CARTESIAN_POINT('Ctrl Pts',(26.0019229608695,-116.139213542359,53.4728854699926));
#399=CARTESIAN_POINT('Ctrl Pts',(34.1574373840404,-77.8957130911036,53.3275737224905));
#400=CARTESIAN_POINT('Ctrl Pts',(42.6905049013803,-39.0834550182235,52.4183786510962));
#401=CARTESIAN_POINT('Ctrl Pts',(47.6756267265053,-9.78141409516777,50.2609876621602));
#402=CARTESIAN_POINT('Ctrl Pts',(49.1011049869858,0.,49.3266825350115));
#403=CARTESIAN_POINT('Ctrl Pts',(20.7521305493388,-200.,60.0146394305361));
#404=CARTESIAN_POINT('Ctrl Pts',(21.4907331386507,-190.954766306858,59.6541739513801));
#405=CARTESIAN_POINT('Ctrl Pts',(23.4915460177241,-172.705766089236,59.1612391723644));
#406=CARTESIAN_POINT('Ctrl Pts',(27.7761323407573,-144.881913796733,58.8309759089593));
#407=CARTESIAN_POINT('Ctrl Pts',(33.1173464930852,-116.610619070061,58.6310460516527));
#408=CARTESIAN_POINT('Ctrl Pts',(41.3107518695602,-78.3356403846016,58.168840248095));
#409=CARTESIAN_POINT('Ctrl Pts',(50.2574799154653,-39.3445611326053,56.8839812736082));
#410=CARTESIAN_POINT('Ctrl Pts',(56.1003952482913,-9.85038564169202,54.5200341199747));
#411=CARTESIAN_POINT('Ctrl Pts',(57.8911305332692,0.,53.5315741094854));
#412=CARTESIAN_POINT('Ctrl Pts',(29.7395010576844,-200.,64.4817303924254));
#413=CARTESIAN_POINT('Ctrl Pts',(30.5969362461482,-191.067372384663,64.2206413358336));
#414=CARTESIAN_POINT('Ctrl Pts',(32.6738527004484,-173.008544986924,63.8045953780233));
#415=CARTESIAN_POINT('Ctrl Pts',(36.7760789728048,-145.367865339088,63.3142649370138));
#416=CARTESIAN_POINT('Ctrl Pts',(41.8411178965513,-117.17543233017,62.7669252472411));
#417=CARTESIAN_POINT('Ctrl Pts',(49.8032039572273,-78.8665653383451,61.7101353665418));
#418=CARTESIAN_POINT('Ctrl Pts',(59.0350193719214,-39.6634070707075,59.8166364388499));
#419=CARTESIAN_POINT('Ctrl Pts',(65.910038381812,-9.93514585549288,57.2633135935868));
#420=CARTESIAN_POINT('Ctrl Pts',(68.1641302250568,0.,56.2565809805733));
#421=CARTESIAN_POINT('Ctrl Pts',(37.9711410294432,-200.,66.4687230360524));
#422=CARTESIAN_POINT('Ctrl Pts',(38.9221009523379,-191.16238376281,66.3276394963003));
#423=CARTESIAN_POINT('Ctrl Pts',(41.0683537046849,-173.265216638661,66.0197745636279));
#424=CARTESIAN_POINT('Ctrl Pts',(45.0704744441172,-145.782952342378,65.3979847024034));
#425=CARTESIAN_POINT('Ctrl Pts',(49.9927498133891,-117.661437464778,64.5273098903531));
#426=CARTESIAN_POINT('Ctrl Pts',(57.9158400981362,-79.3284416254778,62.9195043364477));
#427=CARTESIAN_POINT('Ctrl Pts',(67.5789493094148,-39.945654855928,60.5043392151497));
#428=CARTESIAN_POINT('Ctrl Pts',(75.4649370202551,-10.0108691347341,57.8971706112009));
#429=CARTESIAN_POINT('Ctrl Pts',(78.1547574547556,0.,56.927175421947));
#430=CARTESIAN_POINT('Ctrl Pts',(43.5572262421647,-200.,67.0096281011523));
#431=CARTESIAN_POINT('Ctrl Pts',(44.5662592638843,-191.224108841811,66.9634863802217));
#432=CARTESIAN_POINT('Ctrl Pts',(46.7705914236178,-173.432620035164,66.7591681639318));
#433=CARTESIAN_POINT('Ctrl Pts',(50.7710650994007,-146.055374382979,66.1021043361804));
#434=CARTESIAN_POINT('Ctrl Pts',(55.6948651188583,-117.982315057066,65.0729826874467));
#435=CARTESIAN_POINT('Ctrl Pts',(63.7428297041714,-79.6360732854377,63.1800654379351));
#436=CARTESIAN_POINT('Ctrl Pts',(73.8474690486431,-40.1362153013994,60.5076020346689));
#437=CARTESIAN_POINT('Ctrl Pts',(82.4820107226591,-10.0623529515727,57.9378269149516));
#438=CARTESIAN_POINT('Ctrl Pts',(85.4802539813756,0.,57.0173841489949));
#439=CARTESIAN_POINT('Ctrl Pts',(47.2955982093712,-200.,67.1613214094955));
#440=CARTESIAN_POINT('Ctrl Pts',(48.3421082853506,-191.264720281223,67.1824492630801));
#441=CARTESIAN_POINT('Ctrl Pts',(50.5884515263597,-173.542951899147,67.0565944301824));
#442=CARTESIAN_POINT('Ctrl Pts',(54.604815972187,-146.235414162032,66.3933853259498));
#443=CARTESIAN_POINT('Ctrl Pts',(59.554989129114,-118.194929176486,65.2785202843536));
#444=CARTESIAN_POINT('Ctrl Pts',(67.7256698993089,-79.8406794272178,63.2242619482501));
#445=CARTESIAN_POINT('Ctrl Pts',(78.1654259187236,-40.2636867522401,60.4107957335521));
#446=CARTESIAN_POINT('Ctrl Pts',(87.3190124604003,-10.096892516112,57.8875999761939));
#447=CARTESIAN_POINT('Ctrl Pts',(90.5276063148534,0.,57.0070970134727));
#448=CARTESIAN_POINT('Ctrl Pts',(51.9735095730841,-200.,66.9570725474543));
#449=CARTESIAN_POINT('Ctrl Pts',(53.0643605353648,-191.314272700665,67.0697246560981));
#450=CARTESIAN_POINT('Ctrl Pts',(55.3691948111375,-173.677958246801,67.0611354711547));
#451=CARTESIAN_POINT('Ctrl Pts',(59.4401628088976,-146.456709269922,66.4292269475159));
#452=CARTESIAN_POINT('Ctrl Pts',(64.4749593615802,-118.457368708257,65.2532676714429));
#453=CARTESIAN_POINT('Ctrl Pts',(72.8793248230899,-80.0947739186161,63.0642554804229));
#454=CARTESIAN_POINT('Ctrl Pts',(83.8189397095785,-40.4234452651023,60.1434636034873));
#455=CARTESIAN_POINT('Ctrl Pts',(93.6591220868512,-10.1403799813729,57.7225645752688));
#456=CARTESIAN_POINT('Ctrl Pts',(97.1394433110905,0.,56.9053491667539));
#457=CARTESIAN_POINT('Ctrl Pts',(57.5242137555541,-200.,66.0849725868562));
#458=CARTESIAN_POINT('Ctrl Pts',(58.6636777798245,-191.371150260372,66.3193026069559));
#459=CARTESIAN_POINT('Ctrl Pts',(61.0480971791945,-173.833627550932,66.4873354745596));
#460=CARTESIAN_POINT('Ctrl Pts',(65.2399590165208,-146.713690731033,65.9742373436664));
#461=CARTESIAN_POINT('Ctrl Pts',(70.4591598915829,-118.764146834997,64.8245784567523));
#462=CARTESIAN_POINT('Ctrl Pts',(79.2724799178622,-80.3945938054845,62.6190456777285));
#463=CARTESIAN_POINT('Ctrl Pts',(90.9419610915617,-40.6145807140737,59.714952295369));
#464=CARTESIAN_POINT('Ctrl Pts',(101.666572221472,-10.1927652658215,57.4986372960539));
#465=CARTESIAN_POINT('Ctrl Pts',(105.486741812455,0.,56.7800792671385));
#466=CARTESIAN_POINT('Ctrl Pts',(62.9424597530932,-200.,64.5969878561127));
#467=CARTESIAN_POINT('Ctrl Pts',(64.1253535266469,-191.42479614055,64.9647937393744));
#468=CARTESIAN_POINT('Ctrl Pts',(66.5972422939939,-173.981273800681,65.3495170029203));
#469=CARTESIAN_POINT('Ctrl Pts',(70.963354363553,-146.959534240914,65.0521026150609));
#470=CARTESIAN_POINT('Ctrl Pts',(76.4476353760559,-119.059951326974,64.0498400749101));
#471=CARTESIAN_POINT('Ctrl Pts',(85.7954119822595,-80.6868877840565,62.0047706973534));
#472=CARTESIAN_POINT('Ctrl Pts',(98.321545277097,-40.8038959112208,59.2923436304781));
#473=CARTESIAN_POINT('Ctrl Pts',(109.989552836605,-10.2450503872024,57.3722649673073));
#474=CARTESIAN_POINT('Ctrl Pts',(114.163059240147,0.,56.7764084668365));
#475=CARTESIAN_POINT('Ctrl Pts',(68.1598671151865,-200.,62.5114937494981));
#476=CARTESIAN_POINT('Ctrl Pts',(69.3804200141829,-191.474564005294,63.0245225939492));
#477=CARTESIAN_POINT('Ctrl Pts',(71.9464416117482,-174.119212254715,63.668978071256));
#478=CARTESIAN_POINT('Ctrl Pts',(76.537628437612,-147.191674516689,63.6956287212904));
#479=CARTESIAN_POINT('Ctrl Pts',(82.364758813242,-119.341957860808,62.9777761407026));
#480=CARTESIAN_POINT('Ctrl Pts',(92.3682290190077,-80.9692234488457,61.2939150434271));
#481=CARTESIAN_POINT('Ctrl Pts',(105.873982137319,-40.990145371182,58.9704524368029));
#482=CARTESIAN_POINT('Ctrl Pts',(118.543030107412,-10.2969348563121,57.446329888001));
#483=CARTESIAN_POINT('Ctrl Pts',(123.083074692144,0.,56.9985508991129));
#484=CARTESIAN_POINT('Ctrl Pts',(74.7617716721074,-200.,58.9700201925185));
#485=CARTESIAN_POINT('Ctrl Pts',(76.0240594917274,-191.534888689832,59.6922746443533));
#486=CARTESIAN_POINT('Ctrl Pts',(78.7232271752027,-174.287940144035,60.742476435561));
#487=CARTESIAN_POINT('Ctrl Pts',(83.6816807191867,-147.479503528416,61.3528001412115));
#488=CARTESIAN_POINT('Ctrl Pts',(90.0695389302751,-119.695803530559,61.2068659767581));
#489=CARTESIAN_POINT('Ctrl Pts',(101.10886688774,-81.3291500428715,60.2875727577447));
#490=CARTESIAN_POINT('Ctrl Pts',(116.084148083702,-41.232729687734,58.7615699804789));
#491=CARTESIAN_POINT('Ctrl Pts',(130.163767785526,-10.3651792931591,57.9060558810805));
#492=CARTESIAN_POINT('Ctrl Pts',(135.209749000439,0.,57.6913239975441));
#493=CARTESIAN_POINT('Ctrl Pts',(82.1908090041988,-200.,53.1962461431643));
#494=CARTESIAN_POINT('Ctrl Pts',(83.4879023593249,-191.59736782739,54.2091460809027));
#495=CARTESIAN_POINT('Ctrl Pts',(86.3667702461709,-174.466156809744,55.8785432375306));
#496=CARTESIAN_POINT('Ctrl Pts',(91.9118594650467,-147.792205293436,57.5073747234164));
#497=CARTESIAN_POINT('Ctrl Pts',(99.1983597214094,-120.089494105497,58.4448934118126));
#498=CARTESIAN_POINT('Ctrl Pts',(111.840511767634,-81.7420004735129,59.0241729584849));
#499=CARTESIAN_POINT('Ctrl Pts',(128.963046016707,-41.5220683136527,59.0319082292769));
#500=CARTESIAN_POINT('Ctrl Pts',(144.94788403288,-10.4479807625234,59.2859025147146));
#501=CARTESIAN_POINT('Ctrl Pts',(150.657854071172,0.,59.4325786421783));
#502=CARTESIAN_POINT('Ctrl Pts',(89.3399235288394,-200.,44.4568650287066));
#503=CARTESIAN_POINT('Ctrl Pts',(90.6463040530607,-191.646489356228,45.8647142827772));
#504=CARTESIAN_POINT('Ctrl Pts',(93.7616344285711,-174.614229764446,48.4449141902008));
#505=CARTESIAN_POINT('Ctrl Pts',(100.234123702947,-148.071589949042,51.7186295534773));
#506=CARTESIAN_POINT('Ctrl Pts',(108.945786556227,-120.461541788794,54.4951479167953));
#507=CARTESIAN_POINT('Ctrl Pts',(124.048432197902,-82.1586692473631,57.6727833016958));
#508=CARTESIAN_POINT('Ctrl Pts',(144.280877452326,-41.8370839502302,60.3322175640734));
#509=CARTESIAN_POINT('Ctrl Pts',(162.783381059398,-10.5409320894227,62.3668540584839));
#510=CARTESIAN_POINT('Ctrl Pts',(169.338349925311,0.,63.070033080389));
#511=CARTESIAN_POINT('Ctrl Pts',(92.6901097337675,-200.,37.7164565160116));
#512=CARTESIAN_POINT('Ctrl Pts',(93.9778963956608,-191.658554293135,39.4181172501816));
#513=CARTESIAN_POINT('Ctrl Pts',(97.265784502271,-174.660101751049,42.7009999313947));
#514=CARTESIAN_POINT('Ctrl Pts',(104.522185587795,-148.180259902502,47.2954629188721));
#515=CARTESIAN_POINT('Ctrl Pts',(114.440537222443,-120.627589848552,51.5810872479686));
#516=CARTESIAN_POINT('Ctrl Pts',(131.578403418139,-82.3709744387214,56.9175073214713));
#517=CARTESIAN_POINT('Ctrl Pts',(154.270764285263,-42.0189913096714,61.7996454110129));
#518=CARTESIAN_POINT('Ctrl Pts',(174.610605507919,-10.5970234073792,65.3153375855873));
#519=CARTESIAN_POINT('Ctrl Pts',(181.759517340304,0.,66.4784971741771));
#520=CARTESIAN_POINT('Ctrl Pts',(93.9692620785908,-200.,34.2020143325669));
#521=CARTESIAN_POINT('Ctrl Pts',(95.2407724007099,-191.658554293135,36.058140985851));
#522=CARTESIAN_POINT('Ctrl Pts',(98.618438210916,-174.667580593443,39.7111264246578));
#523=CARTESIAN_POINT('Ctrl Pts',(106.311042960876,-148.211777881164,45.0041256915398));
#524=CARTESIAN_POINT('Ctrl Pts',(116.901430856711,-120.686352181649,50.0913543683159));
#525=CARTESIAN_POINT('Ctrl Pts',(135.162278744166,-82.4575153292828,56.5803224708573));
#526=CARTESIAN_POINT('Ctrl Pts',(159.186654161706,-42.1012585760075,62.6600244546113));
#527=CARTESIAN_POINT('Ctrl Pts',(180.485371007459,-10.6231993557589,66.98685835488));
#528=CARTESIAN_POINT('Ctrl Pts',(187.938524157182,0.,68.4040286651337));
#529=CARTESIAN_POINT('Ctrl Pts',(187.938524157182,0.,68.4040286651337));
#530=CARTESIAN_POINT('Ctrl Pts',(185.343341294093,0.,67.5953054389319));
#531=CARTESIAN_POINT('Ctrl Pts',(180.168464541973,0.,66.0505374029802));
#532=CARTESIAN_POINT('Ctrl Pts',(172.452616138716,0.,63.9514203587799));
#533=CARTESIAN_POINT('Ctrl Pts',(162.258132280253,0.,61.5904493856978));
#534=CARTESIAN_POINT('Ctrl Pts',(149.680980837927,0.,59.3688661786672));
#535=CARTESIAN_POINT('Ctrl Pts',(137.297285780584,0.,57.8580729010427));
#536=CARTESIAN_POINT('Ctrl Pts',(125.159245134985,0.,57.0056494654318));
#537=CARTESIAN_POINT('Ctrl Pts',(113.351629463241,0.,56.7095905653855));
#538=CARTESIAN_POINT('Ctrl Pts',(101.999603119648,0.,56.8016172003524));
#539=CARTESIAN_POINT('Ctrl Pts',(91.2775827573813,0.,57.0281015843248));
#540=CARTESIAN_POINT('Ctrl Pts',(81.3478927529392,0.,57.0806936725656));
#541=CARTESIAN_POINT('Ctrl Pts',(72.2929624708696,0.,56.6271523830538));
#542=CARTESIAN_POINT('Ctrl Pts',(64.0562420103064,0.,55.3420478735271));
#543=CARTESIAN_POINT('Ctrl Pts',(56.3574401627333,0.,52.937058651477));
#544=CARTESIAN_POINT('Ctrl Pts',(48.6707797143343,0.,49.1950764779636));
#545=CARTESIAN_POINT('Ctrl Pts',(40.4695834898792,0.,44.0100808412728));
#546=CARTESIAN_POINT('Ctrl Pts',(31.4515996183673,0.,37.4351116795485));
#547=CARTESIAN_POINT('Ctrl Pts',(21.7365194779315,0.,29.7180417936982));
#548=CARTESIAN_POINT('Ctrl Pts',(12.1770755681795,0.,21.3793914621916));
#549=CARTESIAN_POINT('Ctrl Pts',(4.19565086063287,0.,13.1293680036452));
#550=CARTESIAN_POINT('Ctrl Pts',(0.291060965955987,0.,7.17148036533152));
#551=CARTESIAN_POINT('Ctrl Pts',(-0.680165282182745,0.,3.31809996569608));
#552=CARTESIAN_POINT('Ctrl Pts',(-0.38400707312598,0.,1.05505076232449));
#553=CARTESIAN_POINT('Ctrl Pts',(0.,0.,0.));
#554=CARTESIAN_POINT('Origin',(18.3523175527195,1800.,1.27350974900771));
#555=CARTESIAN_POINT('',(39.9756330807638,1800.,1.39597986810002));
#556=CARTESIAN_POINT('',(0.,1800.,0.));
#557=CARTESIAN_POINT('Ctrl Pts',(39.9756330807638,1800.,1.39597986810002));
#558=CARTESIAN_POINT('Ctrl Pts',(39.425603680484,1800.,1.40218012959103));
#559=CARTESIAN_POINT('Ctrl Pts',(38.3335736312348,1800.,1.42769948974019));
#560=CARTESIAN_POINT('Ctrl Pts',(36.719614815085,1800.,1.50533492547087));
#561=CARTESIAN_POINT('Ctrl Pts',(34.6160387254536,1800.,1.68788390301517));
#562=CARTESIAN_POINT('Ctrl Pts',(32.0692026746536,1800.,2.0470374686243));
#563=CARTESIAN_POINT('Ctrl Pts',(29.6090367832581,1800.,2.53155343745011));
#564=CARTESIAN_POINT('Ctrl Pts',(27.242066344084,1800.,3.12751463193876));
#565=CARTESIAN_POINT('Ctrl Pts',(24.9776880447891,1800.,3.80907064273971));
#566=CARTESIAN_POINT('Ctrl Pts',(22.8286354594845,1800.,4.53448720792088));
#567=CARTESIAN_POINT('Ctrl Pts',(20.8111039773125,1800.,5.24219209106833));
#568=CARTESIAN_POINT('Ctrl Pts',(18.9350949303488,1800.,5.86148481534877));
#569=CARTESIAN_POINT('Ctrl Pts',(17.1938084717367,1800.,6.3232647192975));
#570=CARTESIAN_POINT('Ctrl Pts',(15.5547803989406,1800.,6.57019725580551));
#571=CARTESIAN_POINT('Ctrl Pts',(13.9456045998687,1800.,6.56884056460223));
#572=CARTESIAN_POINT('Ctrl Pts',(12.2537460323599,1800.,6.31713813192337));
#573=CARTESIAN_POINT('Ctrl Pts',(10.3748476930398,1800.,5.8340395844279));
#574=CARTESIAN_POINT('Ctrl Pts',(8.25725015267854,1800.,5.15233142749999));
#575=CARTESIAN_POINT('Ctrl Pts',(5.94095732555192,1800.,4.31104692367693));
#576=CARTESIAN_POINT('Ctrl Pts',(3.62010407126617,1800.,3.34766005063654));
#577=CARTESIAN_POINT('Ctrl Pts',(1.60516661450185,1800.,2.29426062446378));
#578=CARTESIAN_POINT('Ctrl Pts',(0.500894165840933,1800.,1.39988675210343));
#579=CARTESIAN_POINT('Ctrl Pts',(0.0787479270421088,1800.,0.707583180910376));
#580=CARTESIAN_POINT('Ctrl Pts',(-0.00645729961676444,1800.,0.23731632044715));
#581=CARTESIAN_POINT('Ctrl Pts',(0.,1800.,0.));
#582=CARTESIAN_POINT('Ctrl Pts',(0.,1800.,0.));
#583=CARTESIAN_POINT('Ctrl Pts',(0.00673575757818234,1800.,-0.247550105887635));
#584=CARTESIAN_POINT('Ctrl Pts',(0.128425055727384,1800.,-0.705902510695871));
#585=CARTESIAN_POINT('Ctrl Pts',(0.63563030228341,1800.,-1.28318298372446));
#586=CARTESIAN_POINT('Ctrl Pts',(1.91866029368647,1800.,-1.84395415116353));
#587=CARTESIAN_POINT('Ctrl Pts',(4.30193417810231,1800.,-2.2591075243695));
#588=CARTESIAN_POINT('Ctrl Pts',(7.18396915241828,1800.,-2.46332618069137));
#589=CARTESIAN_POINT('Ctrl Pts',(10.3204600897375,1800.,-2.52060555143492));
#590=CARTESIAN_POINT('Ctrl Pts',(13.5523588374683,1800.,-2.47081898333175));
#591=CARTESIAN_POINT('Ctrl Pts',(16.7785867480238,1800.,-2.33737577038232));
#592=CARTESIAN_POINT('Ctrl Pts',(19.9457885393634,1800.,-2.13039346260215));
#593=CARTESIAN_POINT('Ctrl Pts',(23.0324659383897,1800.,-1.8516845169869));
#594=CARTESIAN_POINT('Ctrl Pts',(26.0373555492402,1800.,-1.49862880437005));
#595=CARTESIAN_POINT('Ctrl Pts',(28.9655587493642,1800.,-1.06937021589462));
#596=CARTESIAN_POINT('Ctrl Pts',(31.8213683396666,1800.,-0.564915627732963));
#597=CARTESIAN_POINT('Ctrl Pts',(34.6089950463954,1800.,0.0127464032570135));
#598=CARTESIAN_POINT('Ctrl Pts',(36.7870769602579,1800.,0.531575610765831));
#599=CARTESIAN_POINT('Ctrl Pts',(38.3922981901854,1800.,0.951779011227458));
#600=CARTESIAN_POINT('Ctrl Pts',(39.4499391382085,1800.,1.24562739308985));
#601=CARTESIAN_POINT('Ctrl Pts',(39.9756330807638,1800.,1.39597986810002));
#602=CARTESIAN_POINT('Ctrl Pts',(187.938524157182,0.,68.4040286651337));
#603=CARTESIAN_POINT('Ctrl Pts',(185.285416555033,37.4982952496471,65.8911926727636));
#604=CARTESIAN_POINT('Ctrl Pts',(179.915295420252,112.496356666075,60.9949720754648));
#605=CARTESIAN_POINT('Ctrl Pts',(171.666856744124,224.996956453004,54.042449419073));
#606=CARTESIAN_POINT('Ctrl Pts',(163.222400973624,337.498708359188,47.4892996977581));
#607=CARTESIAN_POINT('Ctrl Pts',(157.461137788983,412.49982148442,43.3916821409944));
#608=CARTESIAN_POINT('Ctrl Pts',(151.635366087481,487.497460102892,39.4305129693901));
#609=CARTESIAN_POINT('Ctrl Pts',(145.744880255468,562.494363866955,35.6056181540965));
#610=CARTESIAN_POINT('Ctrl Pts',(136.724993697357,674.993837424605,30.2696741492458));
#611=CARTESIAN_POINT('Ctrl Pts',(127.536760032625,787.496334843236,25.3259182423825));
#612=CARTESIAN_POINT('Ctrl Pts',(121.31140138845,862.498785348884,22.2894612608542));
#613=CARTESIAN_POINT('Ctrl Pts',(115.042641371025,937.498993660424,19.3862500672657));
#614=CARTESIAN_POINT('Ctrl Pts',(108.730381701512,1012.49828705887,16.6162261100309));
#615=CARTESIAN_POINT('Ctrl Pts',(99.1488422257174,1124.99937593478,12.8896677888047));
#616=CARTESIAN_POINT('Ctrl Pts',(89.4701557250809,1237.50046024999,9.63163523213923));
#617=CARTESIAN_POINT('Ctrl Pts',(82.9618813963908,1312.50053825417,7.79897148923538));
#618=CARTESIAN_POINT('Ctrl Pts',(76.4294579272925,1387.49721161211,6.14591469284888));
#619=CARTESIAN_POINT('Ctrl Pts',(69.8727100590453,1462.49252373034,4.67240233417463));
#620=CARTESIAN_POINT('Ctrl Pts',(59.9713309056379,1574.98901840645,3.00975399584115));
#621=CARTESIAN_POINT('Ctrl Pts',(50.0081056901221,1687.49145559002,1.89076056924583));
#622=CARTESIAN_POINT('Ctrl Pts',(43.3263667215813,1762.49612104499,1.50187780272252));
#623=CARTESIAN_POINT('Ctrl Pts',(39.9756330807638,1800.,1.39597986810002));
#624=CARTESIAN_POINT('Ctrl Pts',(178.590107964343,0.,65.4908307510757));
#625=CARTESIAN_POINT('Ctrl Pts',(176.073720278653,37.4984230430409,63.0979776396164));
#626=CARTESIAN_POINT('Ctrl Pts',(170.975696001628,112.496620066436,58.4399219009728));
#627=CARTESIAN_POINT('Ctrl Pts',(163.137267913547,224.997189515339,51.8300834066382));
#628=CARTESIAN_POINT('Ctrl Pts',(155.110576565406,337.498803519093,45.5958903382155));
#629=CARTESIAN_POINT('Ctrl Pts',(149.636920573639,412.499837117199,41.6889850994898));
#630=CARTESIAN_POINT('Ctrl Pts',(144.105257292016,487.497444471247,37.9045047466144));
#631=CARTESIAN_POINT('Ctrl Pts',(138.514850557211,562.494349316716,34.2398638219912));
#632=CARTESIAN_POINT('Ctrl Pts',(129.95780750744,674.993866341579,29.109859701628));
#633=CARTESIAN_POINT('Ctrl Pts',(121.23992628867,787.496393881937,24.3524493019114));
#634=CARTESIAN_POINT('Ctrl Pts',(115.3296624047,862.498818776466,21.4370570071148));
#635=CARTESIAN_POINT('Ctrl Pts',(109.375012025025,937.498960234822,18.6582730657007));
#636=CARTESIAN_POINT('Ctrl Pts',(103.376630705495,1012.49821875638,16.0153341904672));
#637=CARTESIAN_POINT('Ctrl Pts',(94.2670041881532,1124.99931690128,12.4729767617732));
#638=CARTESIAN_POINT('Ctrl Pts',(85.0630853976436,1237.500437731,9.37830688131675));
#639=CARTESIAN_POINT('Ctrl Pts',(78.8744020321047,1312.50053535073,7.63105370313916));
#640=CARTESIAN_POINT('Ctrl Pts',(72.6636852466858,1387.49721451537,6.04685318009891));
#641=CARTESIAN_POINT('Ctrl Pts',(66.4313324133358,1462.49256824936,4.62807914074123));
#642=CARTESIAN_POINT('Ctrl Pts',(57.0205270758303,1574.98914894399,3.01282360985384));
#643=CARTESIAN_POINT('Ctrl Pts',(47.5477509962823,1687.49161190467,1.91414057128867));
#644=CARTESIAN_POINT('Ctrl Pts',(41.1901461880607,1762.49619848017,1.52583056118118));
#645=CARTESIAN_POINT('Ctrl Pts',(38.0000886794423,1800.,1.41824939018205));
#646=CARTESIAN_POINT('Ctrl Pts',(160.127110519173,0.,60.7961762860967));
#647=CARTESIAN_POINT('Ctrl Pts',(157.895247079314,37.4987018605831,58.6108410544173));
#648=CARTESIAN_POINT('Ctrl Pts',(153.355235309296,112.497191563869,54.3744979672076));
#649=CARTESIAN_POINT('Ctrl Pts',(146.343388762722,224.997688098345,48.3852606654942));
#650=CARTESIAN_POINT('Ctrl Pts',(139.155540125573,337.498998160051,42.7274224550762));
#651=CARTESIAN_POINT('Ctrl Pts',(134.264373810111,412.499864028215,39.1537744013119));
#652=CARTESIAN_POINT('Ctrl Pts',(129.33429839879,487.497417618956,35.6664041673913));
#653=CARTESIAN_POINT('Ctrl Pts',(124.346108141278,562.494329872668,32.2879432701739));
#654=CARTESIAN_POINT('Ctrl Pts',(116.699015986265,674.993931853006,27.5510782033259));
#655=CARTESIAN_POINT('Ctrl Pts',(108.902169270908,787.496513978069,23.1474758250009));
#656=CARTESIAN_POINT('Ctrl Pts',(103.616152207757,862.498885745715,20.4394263175835));
#657=CARTESIAN_POINT('Ctrl Pts',(98.2921994379462,937.498893237943,17.8523483834725));
#658=CARTESIAN_POINT('Ctrl Pts',(92.9195802790273,1012.49807776896,15.4151723772551));
#659=CARTESIAN_POINT('Ctrl Pts',(84.7425278381334,1124.99918819077,12.1809492869476));
#660=CARTESIAN_POINT('Ctrl Pts',(76.4737536078982,1237.50038191587,9.35066403251995));
#661=CARTESIAN_POINT('Ctrl Pts',(70.916054815438,1312.50052465344,7.72164202993092));
#662=CARTESIAN_POINT('Ctrl Pts',(65.3430855709421,1387.49722523452,6.21239222692719));
#663=CARTESIAN_POINT('Ctrl Pts',(59.7489559699696,1462.49266465178,4.86302493102678));
#664=CARTESIAN_POINT('Ctrl Pts',(51.2942982581919,1574.98940957157,3.31656450076296));
#665=CARTESIAN_POINT('Ctrl Pts',(42.7741099941469,1687.49191655853,2.23323880257631));
#666=CARTESIAN_POINT('Ctrl Pts',(37.047692701641,1762.4963482963,1.80758909430543));
#667=CARTESIAN_POINT('Ctrl Pts',(34.1719013627742,1800.,1.66640659463787));
#668=CARTESIAN_POINT('Ctrl Pts',(133.225343374464,0.,57.1614379898653));
#669=CARTESIAN_POINT('Ctrl Pts',(131.428912691791,37.4991478173029,55.2151356778231));
#670=CARTESIAN_POINT('Ctrl Pts',(127.750646952599,112.498102802105,51.4605074103708));
#671=CARTESIAN_POINT('Ctrl Pts',(122.023567987667,224.998475989694,46.1705220369712));
#672=CARTESIAN_POINT('Ctrl Pts',(116.132173198597,337.499296201699,41.1536956193291));
#673=CARTESIAN_POINT('Ctrl Pts',(112.125986557555,412.499899139447,37.9453326331279));
#674=CARTESIAN_POINT('Ctrl Pts',(108.097460024067,487.497382623452,34.7809289959658));
#675=CARTESIAN_POINT('Ctrl Pts',(104.00400943793,562.494312758161,31.7373448019285));
#676=CARTESIAN_POINT('Ctrl Pts',(97.6934942679182,674.99403953029,27.4916642260723));
#677=CARTESIAN_POINT('Ctrl Pts',(91.2417572119102,787.496696294317,23.5217647094537));
#678=CARTESIAN_POINT('Ctrl Pts',(86.8671032430937,862.498986333624,21.0330582907589));
#679=CARTESIAN_POINT('Ctrl Pts',(82.466062702988,937.498792571763,18.6139825215885));
#680=CARTESIAN_POINT('Ctrl Pts',(78.014034566385,1012.49786002767,16.350422142631));
#681=CARTESIAN_POINT('Ctrl Pts',(71.2132329104611,1124.9989808717,13.352337544112));
#682=CARTESIAN_POINT('Ctrl Pts',(64.3181974108439,1237.50028469508,10.6909802979117));
#683=CARTESIAN_POINT('Ctrl Pts',(59.6763222696637,1312.50050273484,9.10103962739167));
#684=CARTESIAN_POINT('Ctrl Pts',(55.020270216616,1387.49724718894,7.58027269682791));
#685=CARTESIAN_POINT('Ctrl Pts',(50.3411534657944,1462.49281815634,6.2293406310788));
#686=CARTESIAN_POINT('Ctrl Pts',(43.2500620760337,1574.98979983775,4.6565982773702));
#687=CARTESIAN_POINT('Ctrl Pts',(36.0821330039378,1687.49236383287,3.47122435839498));
#688=CARTESIAN_POINT('Ctrl Pts',(31.2484260012534,1762.49656687334,2.89282893447375));
#689=CARTESIAN_POINT('Ctrl Pts',(28.8165131105333,1800.,2.64544154650607));
#690=CARTESIAN_POINT('Ctrl Pts',(107.500393788903,0.,56.5622044151783));
#691=CARTESIAN_POINT('Ctrl Pts',(106.123425412546,37.4995798761825,54.8078217739994));
#692=CARTESIAN_POINT('Ctrl Pts',(103.303044219237,112.498987843902,51.4072062621602));
#693=CARTESIAN_POINT('Ctrl Pts',(98.8952191743423,224.999246689126,46.5780783679949));
#694=CARTESIAN_POINT('Ctrl Pts',(94.3311044898188,337.499593449688,41.9704657980203));
#695=CARTESIAN_POINT('Ctrl Pts',(91.1986885595105,412.499936897627,39.0128907794334));
#696=CARTESIAN_POINT('Ctrl Pts',(88.0299325250686,487.497345010354,36.0948544240007));
#697=CARTESIAN_POINT('Ctrl Pts',(84.8003167981427,562.494290832884,33.3035515784018));
#698=CARTESIAN_POINT('Ctrl Pts',(79.7942064044338,674.994143009487,29.4178442131753));
#699=CARTESIAN_POINT('Ctrl Pts',(74.651025024838,787.496876880482,25.7538966256956));
#700=CARTESIAN_POINT('Ctrl Pts',(71.1479858794447,862.499086835097,23.4087557131637));
#701=CARTESIAN_POINT('Ctrl Pts',(67.6161554246963,937.498691974379,21.090014769656));
#702=CARTESIAN_POINT('Ctrl Pts',(64.0464632276976,1012.49764290769,18.8886459411478));
#703=CARTESIAN_POINT('Ctrl Pts',(58.5860492211145,1124.99877697383,15.8956127208985));
#704=CARTESIAN_POINT('Ctrl Pts',(53.0255704213229,1237.50019284409,13.1751455635035));
#705=CARTESIAN_POINT('Ctrl Pts',(49.2546720471894,1312.50048376106,11.5189346165755));
#706=CARTESIAN_POINT('Ctrl Pts',(45.4531267929513,1387.49726620976,9.92705550236057));
#707=CARTESIAN_POINT('Ctrl Pts',(41.6308289616062,1462.49296736718,8.49285211903872));
#708=CARTESIAN_POINT('Ctrl Pts',(35.8212454856281,1574.99019017954,6.74120180875054));
#709=CARTESIAN_POINT('Ctrl Pts',(29.9215091468258,1687.49281557078,5.30770696397614));
#710=CARTESIAN_POINT('Ctrl Pts',(25.9183663390885,1762.49678850534,4.50804847429818));
#711=CARTESIAN_POINT('Ctrl Pts',(23.8965456357746,1800.00000000001,4.13351277076722));
#712=CARTESIAN_POINT('Ctrl Pts',(88.1742030077899,0.,57.1825726569727));
#713=CARTESIAN_POINT('Ctrl Pts',(87.1129665489619,37.4998935505187,55.569794893523));
#714=CARTESIAN_POINT('Ctrl Pts',(84.9464575358237,112.499636752528,52.4083754608114));
#715=CARTESIAN_POINT('Ctrl Pts',(81.5561201456518,224.999826891967,47.8529003860505));
#716=CARTESIAN_POINT('Ctrl Pts',(78.0156685468881,337.499834763841,43.4801328147972));
#717=CARTESIAN_POINT('Ctrl Pts',(75.5493582030199,412.49997712478,40.6841810169769));
#718=CARTESIAN_POINT('Ctrl Pts',(73.0281409305267,487.497304885707,37.946035438136));
#719=CARTESIAN_POINT('Ctrl Pts',(70.45407401409,562.494254483799,35.3119995509117));
#720=CARTESIAN_POINT('Ctrl Pts',(66.4450923893546,674.994214399207,31.6077818011979));
#721=CARTESIAN_POINT('Ctrl Pts',(62.3019385655707,787.497022680994,28.0848101244312));
#722=CARTESIAN_POINT('Ctrl Pts',(59.4598773949637,862.499170334346,25.8154352576518));
#723=CARTESIAN_POINT('Ctrl Pts',(56.5821632110571,937.498608408449,23.5671582243019));
#724=CARTESIAN_POINT('Ctrl Pts',(53.6760262343446,1012.49746822845,21.3850449362172));
#725=CARTESIAN_POINT('Ctrl Pts',(49.2226421555359,1124.99862463954,18.3212959092096));
#726=CARTESIAN_POINT('Ctrl Pts',(44.6641110332988,1237.50013648899,15.4830453056821));
#727=CARTESIAN_POINT('Ctrl Pts',(41.5468173550416,1312.50047774567,13.7518544717836));
#728=CARTESIAN_POINT('Ctrl Pts',(38.3864303839857,1387.4972722583,12.1046743602209));
#729=CARTESIAN_POINT('Ctrl Pts',(35.2020267596954,1462.49307713666,10.5789986848635));
#730=CARTESIAN_POINT('Ctrl Pts',(30.3392789486792,1574.99051612712,8.60987153934442));
#731=CARTESIAN_POINT('Ctrl Pts',(25.3769069533398,1687.49320756249,6.90850551443436));
#732=CARTESIAN_POINT('Ctrl Pts',(21.9929788946741,1762.49698335496,5.91689992298985));
#733=CARTESIAN_POINT('Ctrl Pts',(20.279526493655,1800.00000000001,5.44801654299734));
#734=CARTESIAN_POINT('Ctrl Pts',(74.7395506589849,0.,56.7815717381065));
#735=CARTESIAN_POINT('Ctrl Pts',(73.8983011590447,37.500095799255,55.2836413339957));
#736=CARTESIAN_POINT('Ctrl Pts',(72.1743312682944,112.500062623483,52.3303606869063));
#737=CARTESIAN_POINT('Ctrl Pts',(69.4547192215164,225.000225198662,48.0402579012712));
#738=CARTESIAN_POINT('Ctrl Pts',(66.591147998985,337.500020541274,43.903590403229));
#739=CARTESIAN_POINT('Ctrl Pts',(64.5796319680657,412.500018500247,41.2572539521522));
#740=CARTESIAN_POINT('Ctrl Pts',(62.51461085923,487.497263559803,38.6708222158235));
#741=CARTESIAN_POINT('Ctrl Pts',(60.3991667562982,562.494206117955,36.1547589717028));
#742=CARTESIAN_POINT('Ctrl Pts',(57.0838466258248,674.994255798922,32.5624204659933));
#743=CARTESIAN_POINT('Ctrl Pts',(53.6381917451802,787.497134560358,29.1225924175368));
#744=CARTESIAN_POINT('Ctrl Pts',(51.2622532504712,862.499236874228,26.9134958186259));
#745=CARTESIAN_POINT('Ctrl Pts',(48.8504126337796,937.498541838784,24.7396454532746));
#746=CARTESIAN_POINT('Ctrl Pts',(46.4056103605155,1012.49733567913,22.6107422237594));
#747=CARTESIAN_POINT('Ctrl Pts',(42.6361282638427,1124.99852215814,19.5795884372399));
#748=CARTESIAN_POINT('Ctrl Pts',(38.7588252070313,1237.50011294595,16.7424330497408));
#749=CARTESIAN_POINT('Ctrl Pts',(36.0976204156347,1312.50048321683,15.0014057498281));
#750=CARTESIAN_POINT('Ctrl Pts',(33.3962484891656,1387.49726680303,13.3445334476172));
#751=CARTESIAN_POINT('Ctrl Pts',(30.6615945011175,1462.49314961158,11.7772159062733));
#752=CARTESIAN_POINT('Ctrl Pts',(26.4570896793641,1574.99077764539,9.67989274819913));
#753=CARTESIAN_POINT('Ctrl Pts',(22.1483369143058,1687.49353757463,7.81548111413819));
#754=CARTESIAN_POINT('Ctrl Pts',(19.2050315495636,1762.49714990082,6.71268496437983));
#755=CARTESIAN_POINT('Ctrl Pts',(17.7151161169733,1800.00000000001,6.19272568737286));
#756=CARTESIAN_POINT('Ctrl Pts',(68.6659056571233,0.,56.00145404713));
#757=CARTESIAN_POINT('Ctrl Pts',(67.9217315370503,37.5001772298305,54.5635633907077));
#758=CARTESIAN_POINT('Ctrl Pts',(66.3893179034423,112.500237789784,51.7285035270127));
#759=CARTESIAN_POINT('Ctrl Pts',(63.9550098462372,225.000397635205,47.6058951816006));
#760=CARTESIAN_POINT('Ctrl Pts',(61.3804793995099,337.50011043269,43.6225484130132));
#761=CARTESIAN_POINT('Ctrl Pts',(59.5679805352459,412.500042912625,41.0660960051417));
#762=CARTESIAN_POINT('Ctrl Pts',(57.7070338269905,487.497239163886,38.5619630883884));
#763=CARTESIAN_POINT('Ctrl Pts',(55.797494809163,562.494174101887,36.1104956626216));
#764=CARTESIAN_POINT('Ctrl Pts',(52.7951836091221,674.994270127634,32.5819886248318));
#765=CARTESIAN_POINT('Ctrl Pts',(49.6652717861075,787.49718858755,29.1930118898481));
#766=CARTESIAN_POINT('Ctrl Pts',(47.5006720352368,862.499270039083,27.0225075022394));
#767=CARTESIAN_POINT('Ctrl Pts',(45.300081074677,937.498508667843,24.8962131388432));
#768=CARTESIAN_POINT('Ctrl Pts',(43.0627916780536,1012.49727237585,22.8145503460827));
#769=CARTESIAN_POINT('Ctrl Pts',(39.5986789629274,1124.99847885228,19.8471974510426));
#770=CARTESIAN_POINT('Ctrl Pts',(36.026126205294,1237.50010992765,17.0605301878739));
#771=CARTESIAN_POINT('Ctrl Pts',(33.5712169566656,1312.50049011533,15.3401093962517));
#772=CARTESIAN_POINT('Ctrl Pts',(31.0794897947965,1387.49725991074,13.6952697004134));
#773=CARTESIAN_POINT('Ctrl Pts',(28.5510576142323,1462.49317963588,12.1255948947125));
#774=CARTESIAN_POINT('Ctrl Pts',(24.6502234420021,1574.99090872173,9.99537109491772));
#775=CARTESIAN_POINT('Ctrl Pts',(20.6441447189256,1687.4937092337,8.08263611840603));
#776=CARTESIAN_POINT('Ctrl Pts',(17.9050863583314,1762.49723749872,6.94667570098203));
#777=CARTESIAN_POINT('Ctrl Pts',(16.5186983476455,1800.00000000001,6.41221635132772));
#778=CARTESIAN_POINT('Ctrl Pts',(65.2360792316039,0.,55.3002776548812));
#779=CARTESIAN_POINT('Ctrl Pts',(64.5445365192628,37.5002182523501,53.8990402619909));
#780=CARTESIAN_POINT('Ctrl Pts',(63.1163958490912,112.500327639029,51.1397496606444));
#781=CARTESIAN_POINT('Ctrl Pts',(60.8382432780728,225.000489681819,47.1303792855452));
#782=CARTESIAN_POINT('Ctrl Pts',(58.4223309861675,337.500162191239,43.2520435662923));
#783=CARTESIAN_POINT('Ctrl Pts',(56.7190306808013,412.500058538261,40.7549089463461));
#784=CARTESIAN_POINT('Ctrl Pts',(54.9699105271208,487.497223540794,38.3021439515391));
#785=CARTESIAN_POINT('Ctrl Pts',(53.174884854049,562.494152578368,35.8934561723804));
#786=CARTESIAN_POINT('Ctrl Pts',(50.3493476418083,674.994276340214,32.4126533721709));
#787=CARTESIAN_POINT('Ctrl Pts',(47.3981463562146,787.497219669627,29.064210762192));
#788=CARTESIAN_POINT('Ctrl Pts',(45.3519321546879,862.499289486216,26.9221457140987));
#789=CARTESIAN_POINT('Ctrl Pts',(43.2683232607555,937.498489221477,24.828096573256));
#790=CARTESIAN_POINT('Ctrl Pts',(41.1473098943666,1012.49723622919,22.7817991283838));
#791=CARTESIAN_POINT('Ctrl Pts',(37.8565186799907,1124.99845617528,19.868680173357));
#792=CARTESIAN_POINT('Ctrl Pts',(34.4572091623203,1237.50011118631,17.1292553448067));
#793=CARTESIAN_POINT('Ctrl Pts',(32.1184206051495,1312.5004956059,15.4302175566517));
#794=CARTESIAN_POINT('Ctrl Pts',(29.743461072165,1387.49725442119,13.7989791329545));
#795=CARTESIAN_POINT('Ctrl Pts',(27.3321268030995,1462.49319512605,12.2354534170009));
#796=CARTESIAN_POINT('Ctrl Pts',(23.6073877982131,1574.99098583259,10.0990684530455));
#797=CARTESIAN_POINT('Ctrl Pts',(19.7773022094363,1687.49381237896,8.17175543429494));
#798=CARTESIAN_POINT('Ctrl Pts',(17.1551334045091,1762.4972904486,7.02511320939101));
#799=CARTESIAN_POINT('Ctrl Pts',(15.8269893215485,1800.00000000001,6.48623284770946));
#800=CARTESIAN_POINT('Ctrl Pts',(64.2019189311786,0.,55.0749117750525));
#801=CARTESIAN_POINT('Ctrl Pts',(63.5264856292632,37.5002298656878,53.685276906606));
#802=CARTESIAN_POINT('Ctrl Pts',(62.1294727162906,112.500355106179,50.9498925546281));
#803=CARTESIAN_POINT('Ctrl Pts',(59.8978473333934,225.000517659825,46.9744420402946));
#804=CARTESIAN_POINT('Ctrl Pts',(57.5291750358305,337.500178259265,43.1277900191288));
#805=CARTESIAN_POINT('Ctrl Pts',(55.8588209576098,412.500063478303,40.6494175808664));
#806=CARTESIAN_POINT('Ctrl Pts',(54.1438204747668,487.497218601311,38.2138937199844));
#807=CARTESIAN_POINT('Ctrl Pts',(52.3832947658324,562.494145676646,35.8188823062319));
#808=CARTESIAN_POINT('Ctrl Pts',(49.610432365942,674.994277954661,32.3521259944508));
#809=CARTESIAN_POINT('Ctrl Pts',(46.7125693657076,787.497229062666,29.0154940758898));
#810=CARTESIAN_POINT('Ctrl Pts',(44.70217928154,862.499295416348,26.8826184111566));
#811=CARTESIAN_POINT('Ctrl Pts',(42.6544598847292,937.498483291583,24.7998514747411));
#812=CARTESIAN_POINT('Ctrl Pts',(40.5685112133043,1012.49722529475,22.7651019786681));
#813=CARTESIAN_POINT('Ctrl Pts',(37.3291673672848,1124.99844955664,19.868618468523));
#814=CARTESIAN_POINT('Ctrl Pts',(33.9814099870935,1237.50011193645,17.1435784468573));
#815=CARTESIAN_POINT('Ctrl Pts',(31.6779032887911,1312.50049747298,15.4515862208614));
#816=CARTESIAN_POINT('Ctrl Pts',(29.3391090340551,1387.4972525543,13.8256288747706));
#817=CARTESIAN_POINT('Ctrl Pts',(26.9633506243907,1462.49319899758,12.2645877986232));
#818=CARTESIAN_POINT('Ctrl Pts',(23.2911665209541,1574.99100775302,10.1264253059344));
#819=CARTESIAN_POINT('Ctrl Pts',(19.5136574099651,1687.49384148265,8.19499414050202));
#820=CARTESIAN_POINT('Ctrl Pts',(16.9273412550365,1762.49730680667,7.04527504790523));
#821=CARTESIAN_POINT('Ctrl Pts',(15.6173063343702,1800.00000000001,6.5059133208257));
#822=CARTESIAN_POINT('Ctrl Pts',(62.0865332350813,0.,54.550360521821));
#823=CARTESIAN_POINT('Ctrl Pts',(61.4449237298341,37.5002507622659,53.1865519823343));
#824=CARTESIAN_POINT('Ctrl Pts',(60.1102927887728,112.50041265237,50.5043512209683));
#825=CARTESIAN_POINT('Ctrl Pts',(57.9714877450859,225.000575694123,46.5982744790841));
#826=CARTESIAN_POINT('Ctrl Pts',(55.6969870526608,337.500212850352,42.8173315392564));
#827=CARTESIAN_POINT('Ctrl Pts',(54.0939949656485,412.500074443457,40.3809159614939));
#828=CARTESIAN_POINT('Ctrl Pts',(52.4502492799261,487.497207637934,37.9872680750565));
#829=CARTESIAN_POINT('Ctrl Pts',(50.7601316472724,562.494130009364,35.6234399507847));
#830=CARTESIAN_POINT('Ctrl Pts',(48.0925662773993,674.994280278939,32.1849759928209));
#831=CARTESIAN_POINT('Ctrl Pts',(45.3016595162947,787.497248348884,28.8717897547839));
#832=CARTESIAN_POINT('Ctrl Pts',(43.3649807185574,862.499307792729,26.7603147175113));
#833=CARTESIAN_POINT('Ctrl Pts',(41.3929536939158,937.498470915332,24.7065204561629));
#834=CARTESIAN_POINT('Ctrl Pts',(39.3787492094434,1012.49720280249,22.6989863455634));
#835=CARTESIAN_POINT('Ctrl Pts',(36.2416456810541,1124.99843684988,19.8383555003574));
#836=CARTESIAN_POINT('Ctrl Pts',(32.9968262010527,1237.50011487018,17.1440358320921));
#837=CARTESIAN_POINT('Ctrl Pts',(30.7665018015365,1312.50050208959,15.4689871282241));
#838=CARTESIAN_POINT('Ctrl Pts',(28.5052457727239,1387.49724793833,13.8583195892962));
#839=CARTESIAN_POINT('Ctrl Pts',(26.2033070963745,1462.49320390868,12.3050338007628));
#840=CARTESIAN_POINT('Ctrl Pts',(22.6367662015749,1574.99104758715,10.164365951185));
#841=CARTESIAN_POINT('Ctrl Pts',(18.965144487118,1687.49389350792,8.22637698969096));
#842=CARTESIAN_POINT('Ctrl Pts',(16.4544960731124,1762.49734173898,7.07120160373408));
#843=CARTESIAN_POINT('Ctrl Pts',(15.1835471246888,1800.00000000001,6.53407447764676));
#844=CARTESIAN_POINT('Ctrl Pts',(58.2640027501443,0.,53.4187848119279));
#845=CARTESIAN_POINT('Ctrl Pts',(57.6854101004979,37.5002814016061,52.1066994938954));
#846=CARTESIAN_POINT('Ctrl Pts',(56.4600369554258,112.500519573562,49.5316308106454));
#847=CARTESIAN_POINT('Ctrl Pts',(54.4829133473956,225.00068216694,45.7528542083104));
#848=CARTESIAN_POINT('Ctrl Pts',(52.3722825748156,337.500279377472,42.0947985617393));
#849=CARTESIAN_POINT('Ctrl Pts',(50.8906209422913,412.500096308016,39.743517649032));
#850=CARTESIAN_POINT('Ctrl Pts',(49.3787610678611,487.497185777831,37.441535009085));
#851=CARTESIAN_POINT('Ctrl Pts',(47.8151880341269,562.494097981634,35.1427508895496));
#852=CARTESIAN_POINT('Ctrl Pts',(45.3317141112371,674.994282068143,31.7571545604064));
#853=CARTESIAN_POINT('Ctrl Pts',(42.7286347665732,787.497283274343,28.4874441440734));
#854=CARTESIAN_POINT('Ctrl Pts',(40.9259219571122,862.499330694637,26.4219276085015));
#855=CARTESIAN_POINT('Ctrl Pts',(39.0957956813671,937.498448012861,24.4348274456746));
#856=CARTESIAN_POINT('Ctrl Pts',(37.2112080530194,1012.49716197102,22.4857547626755));
#857=CARTESIAN_POINT('Ctrl Pts',(34.2519851622442,1124.99841599672,19.6959879791165));
#858=CARTESIAN_POINT('Ctrl Pts',(31.1874846090632,1237.50012358767,17.0620112250746));
#859=CARTESIAN_POINT('Ctrl Pts',(29.0917976825563,1312.50051236244,15.4243565613482));
#860=CARTESIAN_POINT('Ctrl Pts',(26.9789016310471,1387.49723766711,13.8523379287606));
#861=CARTESIAN_POINT('Ctrl Pts',(24.8129434271132,1462.49320541296,12.3203922019376));
#862=CARTESIAN_POINT('Ctrl Pts',(21.4335164428994,1574.99110717461,10.1802683887722));
#863=CARTESIAN_POINT('Ctrl Pts',(17.9499455925001,1687.49396898276,8.23729675175606));
#864=CARTESIAN_POINT('Ctrl Pts',(15.5817501478509,1762.49740828354,7.07514913211278));
#865=CARTESIAN_POINT('Ctrl Pts',(14.3862045734528,1800.00000000001,6.5499527484172));
#866=CARTESIAN_POINT('Ctrl Pts',(52.4726123606779,0.,51.0770416805989));
#867=CARTESIAN_POINT('Ctrl Pts',(51.9927554540927,37.5003093088949,49.8554759622165));
#868=CARTESIAN_POINT('Ctrl Pts',(50.9224038682262,112.500686411242,47.4734511523526));
#869=CARTESIAN_POINT('Ctrl Pts',(49.1735046905315,225.000845211332,43.9041954379667));
#870=CARTESIAN_POINT('Ctrl Pts',(47.2938307610553,337.500388957136,40.4543862989909));
#871=CARTESIAN_POINT('Ctrl Pts',(45.9930689588553,412.500134203386,38.2586573551175));
#872=CARTESIAN_POINT('Ctrl Pts',(44.6860135474711,487.497147895293,36.1342817105958));
#873=CARTESIAN_POINT('Ctrl Pts',(43.3106961329818,562.494040673001,33.9608134300505));
#874=CARTESIAN_POINT('Ctrl Pts',(41.089629245649,674.994278665724,30.6767673929761));
#875=CARTESIAN_POINT('Ctrl Pts',(38.7564445344939,787.49733573298,27.4930157112296));
#876=CARTESIAN_POINT('Ctrl Pts',(37.1568295071514,862.499366325864,25.5208301627632));
#877=CARTESIAN_POINT('Ctrl Pts',(35.5516245066663,937.498412377969,23.6699569338699));
#878=CARTESIAN_POINT('Ctrl Pts',(33.8628939361639,1012.49710039057,21.8354747893893));
#879=CARTESIAN_POINT('Ctrl Pts',(31.15890887144,1124.99839010822,19.1778303451963));
#880=CARTESIAN_POINT('Ctrl Pts',(28.3562445325898,1237.50014525558,16.6572147682679));
#881=CARTESIAN_POINT('Ctrl Pts',(26.4699924823034,1312.50053260548,15.0965610240062));
#882=CARTESIAN_POINT('Ctrl Pts',(24.5995076625651,1387.49721742912,13.6107699128974));
#883=CARTESIAN_POINT('Ctrl Pts',(22.6461213592516,1462.49318926843,12.1341492000265));
#884=CARTESIAN_POINT('Ctrl Pts',(19.5454335522023,1574.99116564091,10.021435113433));
#885=CARTESIAN_POINT('Ctrl Pts',(16.3432939486384,1687.49403608239,8.1019577633387));
#886=CARTESIAN_POINT('Ctrl Pts',(14.2052577260022,1762.49751650719,6.94151838314903));
#887=CARTESIAN_POINT('Ctrl Pts',(13.1344423647585,1800.00000000001,6.45414779801656));
#888=CARTESIAN_POINT('Ctrl Pts',(44.7870513845817,0.,46.779789954196));
#889=CARTESIAN_POINT('Ctrl Pts',(44.4325247561356,37.5003208231241,45.6869854793168));
#890=CARTESIAN_POINT('Ctrl Pts',(43.5500670174032,112.50089744958,43.5985965005949));
#891=CARTESIAN_POINT('Ctrl Pts',(42.0920909063599,225.001048441096,40.3552621007737));
#892=CARTESIAN_POINT('Ctrl Pts',(40.5063332476341,337.500535457338,37.2357056244075));
#893=CARTESIAN_POINT('Ctrl Pts',(39.4352594012124,412.500187172348,35.2809826798219));
#894=CARTESIAN_POINT('Ctrl Pts',(38.3869340077504,487.497094940984,33.4256216653345));
#895=CARTESIAN_POINT('Ctrl Pts',(37.2478092089136,562.493958580853,31.4671004422668));
#896=CARTESIAN_POINT('Ctrl Pts',(35.3550034239743,674.994266810522,28.4136246313684));
#897=CARTESIAN_POINT('Ctrl Pts',(33.3617775013155,787.497400259427,25.4396153094939));
#898=CARTESIAN_POINT('Ctrl Pts',(32.0215174895451,862.49941170651,23.6393142240055));
#899=CARTESIAN_POINT('Ctrl Pts',(30.7065059581555,937.49836699178,22.0022595567741));
#900=CARTESIAN_POINT('Ctrl Pts',(29.2734187728565,1012.49702433606,20.3514296345843));
#901=CARTESIAN_POINT('Ctrl Pts',(26.9100058760511,1124.99836512021,17.9144730973455));
#902=CARTESIAN_POINT('Ctrl Pts',(24.4596526490087,1237.50018271857,15.5881996827756));
#903=CARTESIAN_POINT('Ctrl Pts',(22.8531900775604,1312.5005635616,14.1583892467424));
#904=CARTESIAN_POINT('Ctrl Pts',(21.304025046363,1387.49718647834,12.8162163104688));
#905=CARTESIAN_POINT('Ctrl Pts',(19.6379113935801,1462.49314691079,11.4530692648403));
#906=CARTESIAN_POINT('Ctrl Pts',(16.925370627488,1574.99120037528,9.45265108464032));
#907=CARTESIAN_POINT('Ctrl Pts',(14.1164442584154,1687.49406349318,7.64557688008313));
#908=CARTESIAN_POINT('Ctrl Pts',(12.2972182097005,1762.49766003108,6.51850605900602));
#909=CARTESIAN_POINT('Ctrl Pts',(11.3937027841228,1800.00000000001,6.10296242243557));
#910=CARTESIAN_POINT('Ctrl Pts',(36.1082094282545,0.,40.86288361346));
#911=CARTESIAN_POINT('Ctrl Pts',(35.8787649480361,37.5003138101701,39.912514415366));
#912=CARTESIAN_POINT('Ctrl Pts',(35.1927830554891,112.501107594124,38.1725388395685));
#913=CARTESIAN_POINT('Ctrl Pts',(34.0736620589372,225.001249337504,35.3443056283027));
#914=CARTESIAN_POINT('Ctrl Pts',(32.8298162565322,337.500688702406,32.6478493981885));
#915=CARTESIAN_POINT('Ctrl Pts',(32.0046756592816,412.50024448537,30.9833468628077));
#916=CARTESIAN_POINT('Ctrl Pts',(31.2147762246215,487.497037648261,29.434121416351));
#917=CARTESIAN_POINT('Ctrl Pts',(30.32224993989,562.493868339446,27.7643840492709));
#918=CARTESIAN_POINT('Ctrl Pts',(28.7907752318569,674.994248945879,25.1068579516197));
#919=CARTESIAN_POINT('Ctrl Pts',(27.1725624492126,787.497463831614,22.5072146158142));
#920=CARTESIAN_POINT('Ctrl Pts',(26.1059826391206,862.4994576692,20.9508240870884));
#921=CARTESIAN_POINT('Ctrl Pts',(25.0862111222241,937.498321021001,19.5627612608254));
#922=CARTESIAN_POINT('Ctrl Pts',(23.9343197846912,1012.49694916447,18.1330900102963));
#923=CARTESIAN_POINT('Ctrl Pts',(21.9825374106912,1124.9983460454,15.9764979696225));
#924=CARTESIAN_POINT('Ctrl Pts',(19.9582107852618,1237.50022836555,13.9025488618935));
#925=CARTESIAN_POINT('Ctrl Pts',(18.6625470040508,1312.50059894075,12.6376749306264));
#926=CARTESIAN_POINT('Ctrl Pts',(17.4468045589815,1387.49715110695,11.4697880126415));
#927=CARTESIAN_POINT('Ctrl Pts',(16.1032101104412,1462.493087854,10.2693310015291));
#928=CARTESIAN_POINT('Ctrl Pts',(13.8683687362587,1574.99120692215,8.48179078134439));
#929=CARTESIAN_POINT('Ctrl Pts',(11.5437165959766,1687.49404983542,6.89093398939877));
#930=CARTESIAN_POINT('Ctrl Pts',(10.0860634950132,1762.49780982992,5.83600431931984));
#931=CARTESIAN_POINT('Ctrl Pts',(9.35788017378563,1800.00000000001,5.51189929108497));
#932=CARTESIAN_POINT('Ctrl Pts',(28.061044652775,0.,34.7225575929593));
#933=CARTESIAN_POINT('Ctrl Pts',(27.9297184337048,37.5002953740966,33.8968895768353));
#934=CARTESIAN_POINT('Ctrl Pts',(27.4155376663431,112.501272204207,32.4806982814825));
#935=CARTESIAN_POINT('Ctrl Pts',(26.6304579619645,225.001406537127,30.066309624632));
#936=CARTESIAN_POINT('Ctrl Pts',(25.723541824635,337.50081514353,27.791597292173));
#937=CARTESIAN_POINT('Ctrl Pts',(25.115243342485,412.500293233728,26.3994741203163));
#938=CARTESIAN_POINT('Ctrl Pts',(24.5293879007656,487.496988915951,25.1206585994663));
#939=CARTESIAN_POINT('Ctrl Pts',(23.8482071424237,562.493790653462,23.7495405446161));
#940=CARTESIAN_POINT('Ctrl Pts',(22.6530395208703,674.994230518813,21.5731488092268));
#941=CARTESIAN_POINT('Ctrl Pts',(21.3835822743446,787.497513905988,19.4371576146984));
#942=CARTESIAN_POINT('Ctrl Pts',(20.5529883201996,862.499494756511,18.1428748865654));
#943=CARTESIAN_POINT('Ctrl Pts',(19.7707543558618,937.498283926677,16.978972035406));
#944=CARTESIAN_POINT('Ctrl Pts',(18.8732030252609,1012.49688979182,15.7546555281141));
#945=CARTESIAN_POINT('Ctrl Pts',(17.3381095755068,1124.99833494016,13.8703711115663));
#946=CARTESIAN_POINT('Ctrl Pts',(15.7437136990307,1237.50027049096,12.0457323196193));
#947=CARTESIAN_POINT('Ctrl Pts',(14.7296099665293,1312.50063024,10.9400906593356));
#948=CARTESIAN_POINT('Ctrl Pts',(13.7865360064882,1387.49711981369,9.93510007610099));
#949=CARTESIAN_POINT('Ctrl Pts',(12.7358980536122,1462.49302996182,8.90631892630937));
#950=CARTESIAN_POINT('Ctrl Pts',(10.9804827704753,1574.99119491412,7.37756577495287));
#951=CARTESIAN_POINT('Ctrl Pts',(9.1417168220759,1687.49401426707,6.04966664478923));
#952=CARTESIAN_POINT('Ctrl Pts',(8.01339948232219,1762.49793372869,5.08667634213331));
#953=CARTESIAN_POINT('Ctrl Pts',(7.43002499390625,1800.00000000001,4.84943234133559));
#954=CARTESIAN_POINT('Ctrl Pts',(22.3359012615674,0.,30.0476023364935));
#955=CARTESIAN_POINT('Ctrl Pts',(22.266942872059,37.5002773597665,29.3095490948162));
#956=CARTESIAN_POINT('Ctrl Pts',(21.8695801111979,112.501376784564,28.126946604325));
#957=CARTESIAN_POINT('Ctrl Pts',(21.327112076951,225.00150687601,26.0219404395288));
#958=CARTESIAN_POINT('Ctrl Pts',(20.665161211974,337.500899375375,24.0618297883734));
#959=CARTESIAN_POINT('Ctrl Pts',(20.2058737633008,412.500326495858,22.866691276004));
#960=CARTESIAN_POINT('Ctrl Pts',(19.7511057132108,487.4969556646,21.776983930945));
#961=CARTESIAN_POINT('Ctrl Pts',(19.2142182784472,562.49373723065,20.6311892090971));
#962=CARTESIAN_POINT('Ctrl Pts',(18.2612499362945,674.994216532422,18.8411592908384));
#963=CARTESIAN_POINT('Ctrl Pts',(17.2429365409805,787.497546327597,17.0801520757309));
#964=CARTESIAN_POINT('Ctrl Pts',(16.5743451167801,862.499519187047,15.9873532602549));
#965=CARTESIAN_POINT('Ctrl Pts',(15.9472590161245,937.498259491251,14.9824742389769));
#966=CARTESIAN_POINT('Ctrl Pts',(15.2292092067202,1012.49685127842,13.907300455831));
#967=CARTESIAN_POINT('Ctrl Pts',(14.006953288848,1124.99832960935,12.2272116022558));
#968=CARTESIAN_POINT('Ctrl Pts',(12.7348095952552,1237.5003006895,10.5917996577479));
#969=CARTESIAN_POINT('Ctrl Pts',(11.9195530556844,1312.50065212224,9.60527407866511));
#970=CARTESIAN_POINT('Ctrl Pts',(11.1566091323229,1387.49709793546,8.71943485417878));
#971=CARTESIAN_POINT('Ctrl Pts',(10.3112782595797,1462.492987631,7.82234993527964));
#972=CARTESIAN_POINT('Ctrl Pts',(8.90846466486599,1574.99118050507,6.50165102661385));
#973=CARTESIAN_POINT('Ctrl Pts',(7.42719119462238,1687.49398193958,5.38476568476982));
#974=CARTESIAN_POINT('Ctrl Pts',(6.53038186003967,1762.49801673551,4.49773390323989));
#975=CARTESIAN_POINT('Ctrl Pts',(6.04349368793008,1800.00000000001,4.32390612786384));
#976=CARTESIAN_POINT('Ctrl Pts',(19.128553310769,0.,27.3246750871411));
#977=CARTESIAN_POINT('Ctrl Pts',(19.0929861179587,37.5002658200775,26.636375793025));
#978=CARTESIAN_POINT('Ctrl Pts',(18.759222131057,112.501432770329,25.5873164347872));
#979=CARTESIAN_POINT('Ctrl Pts',(18.3520584955473,225.0015608208,23.6612372859124));
#980=CARTESIAN_POINT('Ctrl Pts',(17.8268735132655,337.500945769598,21.8828106549619));
#981=CARTESIAN_POINT('Ctrl Pts',(17.4495787576463,412.500345059254,20.8002507944142));
#982=CARTESIAN_POINT('Ctrl Pts',(17.0655332147617,487.496937106984,19.8173813911026));
#983=CARTESIAN_POINT('Ctrl Pts',(16.6083553911927,562.493707299898,18.8014728488515));
#984=CARTESIAN_POINT('Ctrl Pts',(15.7918296855797,674.994208339615,17.2376144918294));
#985=CARTESIAN_POINT('Ctrl Pts',(14.9150904280195,787.497563944608,15.6966077700599));
#986=CARTESIAN_POINT('Ctrl Pts',(14.3363702765346,862.499532582531,14.7207429080084));
#987=CARTESIAN_POINT('Ctrl Pts',(13.7938079563583,937.498246093069,13.8063897117273));
#988=CARTESIAN_POINT('Ctrl Pts',(13.1762876625238,1012.49683033155,12.8172351489692));
#989=CARTESIAN_POINT('Ctrl Pts',(12.1328301427136,1124.99832725083,11.2569355869768));
#990=CARTESIAN_POINT('Ctrl Pts',(11.044833656853,1237.50031794389,9.73321568678031));
#991=CARTESIAN_POINT('Ctrl Pts',(10.3410950349459,1312.50066447842,8.81646472567099));
#992=CARTESIAN_POINT('Ctrl Pts',(9.67686938614155,1387.49708558142,7.99958358977172));
#993=CARTESIAN_POINT('Ctrl Pts',(8.94598750811567,1462.49296331871,7.17949572877832));
#994=CARTESIAN_POINT('Ctrl Pts',(7.74237644139196,1574.99117100809,5.98164400064465));
#995=CARTESIAN_POINT('Ctrl Pts',(6.4631843817524,1687.4939620967,4.98921021031573));
#996=CARTESIAN_POINT('Ctrl Pts',(5.69582349216232,1762.49806264246,4.14767933363794));
#997=CARTESIAN_POINT('Ctrl Pts',(5.26207652384985,1800.00000000001,4.01040997182076));
#998=CARTESIAN_POINT('Ctrl Pts',(14.422930542714,0.,23.2149589205007));
#999=CARTESIAN_POINT('Ctrl Pts',(14.434980813877,37.5002473726071,22.6007769469432));
#1000=CARTESIAN_POINT('Ctrl Pts',(14.1924857729327,112.501512608039,21.7511918053903));
#1001=CARTESIAN_POINT('Ctrl Pts',(13.9823587891432,225.001638036643,20.0940618598043));
#1002=CARTESIAN_POINT('Ctrl Pts',(13.6565302759797,337.50101336456,18.5884260304056));
#1003=CARTESIAN_POINT('Ctrl Pts',(13.3979971063163,412.500372362397,17.6739108043152));
#1004=CARTESIAN_POINT('Ctrl Pts',(13.1154361071346,487.496909812388,16.8494880201779));
#1005=CARTESIAN_POINT('Ctrl Pts',(12.7742744884559,562.493663162002,16.0278926577073));
#1006=CARTESIAN_POINT('Ctrl Pts',(12.1586465640205,674.994195904919,14.8046486828051));
#1007=CARTESIAN_POINT('Ctrl Pts',(11.4904998635547,787.497589381422,13.5953727806925));
#1008=CARTESIAN_POINT('Ctrl Pts',(11.0430357290265,862.499552047145,12.7951526724226));
#1009=CARTESIAN_POINT('Ctrl Pts',(10.6226506447375,937.498226624446,12.0157691252583));
#1010=CARTESIAN_POINT('Ctrl Pts',(10.1527116420063,1012.49680006705,11.1560626051237));
#1011=CARTESIAN_POINT('Ctrl Pts',(9.37466148247264,1124.99832439557,9.77815903395395));
#1012=CARTESIAN_POINT('Ctrl Pts',(8.56002830376824,1237.50034372114,8.42521237697646));
#1013=CARTESIAN_POINT('Ctrl Pts',(8.0202125168623,1312.50068279469,7.61459004336237));
#1014=CARTESIAN_POINT('Ctrl Pts',(7.49927849119887,1387.4970672683,6.90172147946292));
#1015=CARTESIAN_POINT('Ctrl Pts',(6.93588280079533,1462.49292692343,6.19814959519963));
#1016=CARTESIAN_POINT('Ctrl Pts',(6.02567205352762,1574.99115572559,5.18682449848703));
#1017=CARTESIAN_POINT('Ctrl Pts',(5.0442723087311,1687.49393133857,4.38318770338309));
#1018=CARTESIAN_POINT('Ctrl Pts',(4.46683285528142,1762.49812974676,3.61144877962502));
#1019=CARTESIAN_POINT('Ctrl Pts',(4.11050415153361,1800.00000000001,3.52912429245188));
#1020=CARTESIAN_POINT('Ctrl Pts',(7.95433694771301,0.,17.0710439888589));
#1021=CARTESIAN_POINT('Ctrl Pts',(8.02772124492574,37.5002158428706,16.5653552616096));
#1022=CARTESIAN_POINT('Ctrl Pts',(7.90194307490351,112.501615460555,16.008008459684));
#1023=CARTESIAN_POINT('Ctrl Pts',(7.95232071746147,225.001738821189,14.7491912525504));
#1024=CARTESIAN_POINT('Ctrl Pts',(7.89099703761847,337.501106302796,13.6462707521605));
#1025=CARTESIAN_POINT('Ctrl Pts',(7.7896900034856,412.500410916931,12.9771583759189));
#1026=CARTESIAN_POINT('Ctrl Pts',(7.6405539065907,487.496871272981,12.3814177370615));
#1027=CARTESIAN_POINT('Ctrl Pts',(7.45647263818799,562.493600405466,11.84190169402));
#1028=CARTESIAN_POINT('Ctrl Pts',(7.11941977192772,674.99417691407,11.1156846715797));
#1029=CARTESIAN_POINT('Ctrl Pts',(6.74129549590614,787.497623532225,10.3916686349805));
#1030=CARTESIAN_POINT('Ctrl Pts',(6.47359336763791,862.499578647388,9.84871078944032));
#1031=CARTESIAN_POINT('Ctrl Pts',(6.21740642138357,937.498200017596,9.26693208865648));
#1032=CARTESIAN_POINT('Ctrl Pts',(5.95148166141224,1012.49675936085,8.60161583205957));
#1033=CARTESIAN_POINT('Ctrl Pts',(5.54772573051918,1124.99832265268,7.50616272817474));
#1034=CARTESIAN_POINT('Ctrl Pts',(5.11893243166513,1237.50038161214,6.42044474011243));
#1035=CARTESIAN_POINT('Ctrl Pts',(4.80683385505414,1312.50070918921,5.77366414251253));
#1036=CARTESIAN_POINT('Ctrl Pts',(4.48074320189012,1387.49704087966,5.21786188379454));
#1037=CARTESIAN_POINT('Ctrl Pts',(4.14670110774334,1462.49287334133,4.68972456051946));
#1038=CARTESIAN_POINT('Ctrl Pts',(3.64093707232555,1574.99112976209,3.95888448798434));
#1039=CARTESIAN_POINT('Ctrl Pts',(3.07080919047279,1687.493882885,3.43844095618044));
#1040=CARTESIAN_POINT('Ctrl Pts',(2.75579289457241,1762.49822295498,2.77462633583764));
#1041=CARTESIAN_POINT('Ctrl Pts',(2.50586727737688,1800.00000000001,2.77432030742592));
#1042=CARTESIAN_POINT('Ctrl Pts',(1.98182057966289,0.,9.79082611207243));
#1043=CARTESIAN_POINT('Ctrl Pts',(2.10836310177638,37.500168978246,9.41760232753212));
#1044=CARTESIAN_POINT('Ctrl Pts',(2.06250194028033,112.501704819413,9.20634774900722));
#1045=CARTESIAN_POINT('Ctrl Pts',(2.29828330455074,225.001831188803,8.41793619007775));
#1046=CARTESIAN_POINT('Ctrl Pts',(2.42915336292713,337.501203923942,7.78620577574179));
#1047=CARTESIAN_POINT('Ctrl Pts',(2.45715160000818,412.500454040647,7.40346564532961));
#1048=CARTESIAN_POINT('Ctrl Pts',(2.43253532693967,487.496828163271,7.07469628502031));
#1049=CARTESIAN_POINT('Ctrl Pts',(2.39360967420684,562.493529256526,6.83467664684872));
#1050=CARTESIAN_POINT('Ctrl Pts',(2.314333240848,674.994152631352,6.60065441033588));
#1051=CARTESIAN_POINT('Ctrl Pts',(2.20831696493935,787.497657995763,6.35782633973459));
#1052=CARTESIAN_POINT('Ctrl Pts',(2.11419930768917,862.499606535252,6.09093993149683));
#1053=CARTESIAN_POINT('Ctrl Pts',(2.02102388826688,937.498172123131,5.74711525456667));
#1054=CARTESIAN_POINT('Ctrl Pts',(1.94823856009959,1012.49671813414,5.32982949377325));
#1055=CARTESIAN_POINT('Ctrl Pts',(1.88914307559471,1124.99832558297,4.61845083168146));
#1056=CARTESIAN_POINT('Ctrl Pts',(1.8184160351149,1237.50042719898,3.90336888254972));
#1057=CARTESIAN_POINT('Ctrl Pts',(1.72694072449466,1312.50073983453,3.4776278092012));
#1058=CARTESIAN_POINT('Ctrl Pts',(1.59945086590922,1387.49701023968,3.12400318911664));
#1059=CARTESIAN_POINT('Ctrl Pts',(1.48236882026519,1462.49281034035,2.80760960561723));
#1060=CARTESIAN_POINT('Ctrl Pts',(1.33998738095403,1574.99109588822,2.39626303208687));
#1061=CARTESIAN_POINT('Ctrl Pts',(1.14250833507965,1687.49382538423,2.19586932950187));
#1062=CARTESIAN_POINT('Ctrl Pts',(1.08438129446232,1762.49832394327,1.66458105438287));
#1063=CARTESIAN_POINT('Ctrl Pts',(0.945986433128974,1800.00000000001,1.76596811634151));
#1064=CARTESIAN_POINT('Ctrl Pts',(-0.655677861882687,0.,3.98249691206231));
#1065=CARTESIAN_POINT('Ctrl Pts',(-0.511693112670205,37.5001207325451,3.72308140176559));
#1066=CARTESIAN_POINT('Ctrl Pts',(-0.567372144559522,112.501734674456,3.79378515115661));
#1067=CARTESIAN_POINT('Ctrl Pts',(-0.339473691637129,225.001871633247,3.38967625492041));
#1068=CARTESIAN_POINT('Ctrl Pts',(-0.207889612587602,337.501266988745,3.13575547569673));
#1069=CARTESIAN_POINT('Ctrl Pts',(-0.148020921097251,412.500485730602,2.98005770860433));
#1070=CARTESIAN_POINT('Ctrl Pts',(-0.114766129022439,487.496796486063,2.86155611755066));
#1071=CARTESIAN_POINT('Ctrl Pts',(-0.0898562201876452,562.493475805986,
2.80969185013007));
#1072=CARTESIAN_POINT('Ctrl Pts',(-0.0567821588792245,674.994131149755,
2.82202336036185));
#1073=CARTESIAN_POINT('Ctrl Pts',(-0.037776931730304,787.497678858272,2.82058500967026));
#1074=CARTESIAN_POINT('Ctrl Pts',(-0.0428766473163152,862.499624802977,
2.73096191674021));
#1075=CARTESIAN_POINT('Ctrl Pts',(-0.044201270207925,937.498153849993,2.58439919323946));
#1076=CARTESIAN_POINT('Ctrl Pts',(-0.0286208619917406,1012.49669299658,
2.39186072791416));
#1077=CARTESIAN_POINT('Ctrl Pts',(0.0468232257542668,1124.99833360242,2.05909728114184));
#1078=CARTESIAN_POINT('Ctrl Pts',(0.120891596797451,1237.50046457346,1.71818760410064));
#1079=CARTESIAN_POINT('Ctrl Pts',(0.138751653166111,1312.50076369083,1.50823158591284));
#1080=CARTESIAN_POINT('Ctrl Pts',(0.130348688918998,1387.49698638856,1.34006315471185));
#1081=CARTESIAN_POINT('Ctrl Pts',(0.121411972847459,1462.49276206626,1.19761006743332));
#1082=CARTESIAN_POINT('Ctrl Pts',(0.133333038908117,1574.99106999526,1.0191454519476));
#1083=CARTESIAN_POINT('Ctrl Pts',(0.0992572290661245,1687.49378702819,1.04755858215647));
#1084=CARTESIAN_POINT('Ctrl Pts',(0.18212059390752,1762.49839425963,0.62710747264163));
#1085=CARTESIAN_POINT('Ctrl Pts',(0.115325086035636,1800.,0.815698726008462));
#1086=CARTESIAN_POINT('Ctrl Pts',(-0.426600854937012,0.,1.17207621605947));
#1087=CARTESIAN_POINT('Ctrl Pts',(-0.299527228853365,37.5000899309993,0.971783865291072));
#1088=CARTESIAN_POINT('Ctrl Pts',(-0.413387251331413,112.5017070948,1.18112777412328));
#1089=CARTESIAN_POINT('Ctrl Pts',(-0.287874213737746,225.001857367367,0.980281130489656));
#1090=CARTESIAN_POINT('Ctrl Pts',(-0.251508994030658,337.501280487471,0.918982915690125));
#1091=CARTESIAN_POINT('Ctrl Pts',(-0.229211225755821,412.500497130131,0.869898406393018));
#1092=CARTESIAN_POINT('Ctrl Pts',(-0.210654240910736,487.496785091916,0.841263144676866));
#1093=CARTESIAN_POINT('Ctrl Pts',(-0.196622322746704,562.493455417055,0.839487999091804));
#1094=CARTESIAN_POINT('Ctrl Pts',(-0.170372189220251,674.99411987072,0.868042794216458));
#1095=CARTESIAN_POINT('Ctrl Pts',(-0.151335995196865,787.497682013201,0.884454363330482));
#1096=CARTESIAN_POINT('Ctrl Pts',(-0.153644718638654,862.499629207871,0.847927720655452));
#1097=CARTESIAN_POINT('Ctrl Pts',(-0.151336944611689,937.49814944317,0.795629515850388));
#1098=CARTESIAN_POINT('Ctrl Pts',(-0.145959406066086,1012.49668899188,0.728860669734372));
#1099=CARTESIAN_POINT('Ctrl Pts',(-0.104056378553836,1124.99834223166,0.634879568892886));
#1100=CARTESIAN_POINT('Ctrl Pts',(-0.059567338299302,1237.5004818284,0.537212566034504));
#1101=CARTESIAN_POINT('Ctrl Pts',(-0.0438704225599188,1312.50077357393,
0.461929464333243));
#1102=CARTESIAN_POINT('Ctrl Pts',(-0.0381069063987469,1387.49697650787,
0.399932173289477));
#1103=CARTESIAN_POINT('Ctrl Pts',(-0.041387130618351,1462.49274389164,0.34494432169152));
#1104=CARTESIAN_POINT('Ctrl Pts',(-0.0298666852974628,1574.99106287569,
0.263962975333197));
#1105=CARTESIAN_POINT('Ctrl Pts',(-0.0586047725010597,1687.49378224951,
0.383009155857702));
#1106=CARTESIAN_POINT('Ctrl Pts',(0.0451470412392763,1762.49841576154,0.0222382261116528));
#1107=CARTESIAN_POINT('Ctrl Pts',(-0.00693194939452722,1800.,0.254760475968006));
#1108=CARTESIAN_POINT('Ctrl Pts',(4.26333494203381E-15,0.,-1.17134164848097E-14));
#1109=CARTESIAN_POINT('Ctrl Pts',(0.110301471568905,37.500075438867,-0.175996249219992));
#1110=CARTESIAN_POINT('Ctrl Pts',(-0.0404441000490992,112.501679481489,
0.0898987547712501));
#1111=CARTESIAN_POINT('Ctrl Pts',(0.0267281472532419,225.001838272673,-0.0178137591873723));
#1112=CARTESIAN_POINT('Ctrl Pts',(0.00875172585235503,337.501278723914,
0.00676012646782608));
#1113=CARTESIAN_POINT('Ctrl Pts',(0.00216163691823305,412.500499871215,
-0.000296236648835546));
#1114=CARTESIAN_POINT('Ctrl Pts',(-0.00216145856791175,487.49678235103,
0.000296229524985805));
#1115=CARTESIAN_POINT('Ctrl Pts',(-0.00421828110598555,562.493449894798,
0.00853674451004117));
#1116=CARTESIAN_POINT('Ctrl Pts',(0.00953874988959623,674.994115285254,
0.0244351992206198));
#1117=CARTESIAN_POINT('Ctrl Pts',(0.0189899468967352,787.497680480944,0.0304647244048442));
#1118=CARTESIAN_POINT('Ctrl Pts',(0.00640851273106141,862.499629126984,
0.00850315178974076));
#1119=CARTESIAN_POINT('Ctrl Pts',(-0.00640813554678823,937.498149524053,
-0.00850252704563177));
#1120=CARTESIAN_POINT('Ctrl Pts',(-0.0194611767836858,1012.49669068489,
-0.0205543392858894));
#1121=CARTESIAN_POINT('Ctrl Pts',(-0.00963001239490768,1124.99834733958,
-0.00110042476356668));
#1122=CARTESIAN_POINT('Ctrl Pts',(0.00385504193220166,1237.50048799364,
0.019109626349396));
#1123=CARTESIAN_POINT('Ctrl Pts',(0.00325668555668068,1312.50077663629,
0.00742949314502099));
#1124=CARTESIAN_POINT('Ctrl Pts',(-0.00325659440957324,1387.4969734457,
-0.00742857585010719));
#1125=CARTESIAN_POINT('Ctrl Pts',(-0.0156847244158015,1462.49273935392,
-0.0254651026594782));
#1126=CARTESIAN_POINT('Ctrl Pts',(-0.0118270137841907,1574.99106305641,
-0.068658846683807));
#1127=CARTESIAN_POINT('Ctrl Pts',(-0.0454951583083862,1687.49378706572,
0.0834560767617263));
#1128=CARTESIAN_POINT('Ctrl Pts',(0.0545739574217899,1762.49841893545,-0.249800746692004));
#1129=CARTESIAN_POINT('Ctrl Pts',(7.16904271143533E-17,1800.,-2.63474043079747E-15));
#1130=CARTESIAN_POINT('Ctrl Pts',(187.938524157182,0.,68.4040286651337));
#1131=CARTESIAN_POINT('Ctrl Pts',(186.665250216361,17.9961046916802,67.1980735866254));
#1132=CARTESIAN_POINT('Ctrl Pts',(184.106423439238,53.9885377279415,64.8110499370761));
#1133=CARTESIAN_POINT('Ctrl Pts',(180.231346659095,107.977858239721,61.3051738389345));
#1134=CARTESIAN_POINT('Ctrl Pts',(174.99060315711,179.96496632374,56.7806016419639));
#1135=CARTESIAN_POINT('Ctrl Pts',(168.314889728408,269.951122937506,51.3782385144174));
#1136=CARTESIAN_POINT('Ctrl Pts',(161.513010067421,359.939572139943,46.2333646761272));
#1137=CARTESIAN_POINT('Ctrl Pts',(154.584644608562,449.930311510698,41.3493152151252));
#1138=CARTESIAN_POINT('Ctrl Pts',(147.531598298069,539.92329433585,36.7269452594083));
#1139=CARTESIAN_POINT('Ctrl Pts',(140.358989247817,629.918406438506,32.3627133603397));
#1140=CARTESIAN_POINT('Ctrl Pts',(133.074271013061,719.915493919928,28.2515953243748));
#1141=CARTESIAN_POINT('Ctrl Pts',(125.686375453545,809.914388780286,24.3897804763786));
#1142=CARTESIAN_POINT('Ctrl Pts',(118.204961528994,899.91493281946,20.7771845365726));
#1143=CARTESIAN_POINT('Ctrl Pts',(110.639753499581,989.917000234145,17.4198109741872));
#1144=CARTESIAN_POINT('Ctrl Pts',(102.999952833784,1079.92051935015,14.3319963091542));
#1145=CARTESIAN_POINT('Ctrl Pts',(95.294003342884,1169.92545951049,11.5332865947678));
#1146=CARTESIAN_POINT('Ctrl Pts',(87.5294057145795,1259.93181730198,9.04516287021623));
#1147=CARTESIAN_POINT('Ctrl Pts',(79.7125722742671,1349.93960200512,6.88756430375972));
#1148=CARTESIAN_POINT('Ctrl Pts',(71.8487145396784,1439.94882009319,5.07515148218299));
#1149=CARTESIAN_POINT('Ctrl Pts',(63.9417569556975,1529.95945856149,3.61324158087337));
#1150=CARTESIAN_POINT('Ctrl Pts',(55.994462669111,1619.97149436223,2.50113237952181));
#1151=CARTESIAN_POINT('Ctrl Pts',(49.6057558070409,1691.98222096644,1.88829235132128));
#1152=CARTESIAN_POINT('Ctrl Pts',(44.7972638498803,1745.99087469944,1.58253888317229));
#1153=CARTESIAN_POINT('Ctrl Pts',(41.5840946546534,1781.99691332188,1.44681433507156));
#1154=CARTESIAN_POINT('Ctrl Pts',(39.9756330807638,1800.,1.39597986810002));
#1155=CARTESIAN_POINT('Ctrl Pts',(4.37180523315546E-15,0.,0.));
#1156=CARTESIAN_POINT('Ctrl Pts',(0.110301471568905,37.500075438867,-0.17599624921998));
#1157=CARTESIAN_POINT('Ctrl Pts',(-0.0404441016952586,112.5016794815,0.0898987534633512));
#1158=CARTESIAN_POINT('Ctrl Pts',(0.0267281448716561,225.001838272693,-0.0178137622140405));
#1159=CARTESIAN_POINT('Ctrl Pts',(0.00875172005490009,337.501278723952,
0.00676012202387464));
#1160=CARTESIAN_POINT('Ctrl Pts',(-0.0011332698953655,449.998490081717,
-0.00382427486018521));
#1161=CARTESIAN_POINT('Ctrl Pts',(-0.00421806928017486,562.496049551618,
0.00853714152793236));
#1162=CARTESIAN_POINT('Ctrl Pts',(0.0095388917513087,674.995155179088,0.0244352195592495));
#1163=CARTESIAN_POINT('Ctrl Pts',(0.0189898817657677,787.497160549861,0.0304646705285739));
#1164=CARTESIAN_POINT('Ctrl Pts',(0.000118281819434368,899.998288925918,
-0.00247696782061604));
#1165=CARTESIAN_POINT('Ctrl Pts',(-0.019461170927057,1012.49889966515,-0.0205542531975145));
#1166=CARTESIAN_POINT('Ctrl Pts',(-0.0096297994334103,1124.99923089806,
-0.00110028984479836));
#1167=CARTESIAN_POINT('Ctrl Pts',(0.00385498102538052,1237.5000461963,0.0191093578202991));
#1168=CARTESIAN_POINT('Ctrl Pts',(0.00295769349751591,1349.99805863398,
0.0015897675983904));
#1169=CARTESIAN_POINT('Ctrl Pts',(-0.0156847609504462,1462.494327762,-0.0254658659088813));
#1170=CARTESIAN_POINT('Ctrl Pts',(-0.0118267312737026,1574.99169848637,
-0.0686597244399826));
#1171=CARTESIAN_POINT('Ctrl Pts',(-0.0454954042118304,1687.49346938711,
0.0834569397683426));
#1172=CARTESIAN_POINT('Ctrl Pts',(0.0545744197867533,1762.49810121216,-0.249802863069823));
#1173=CARTESIAN_POINT('Ctrl Pts',(0.,1800.,0.));
#1174=CARTESIAN_POINT('Ctrl Pts',(0.,0.,0.));
#1175=CARTESIAN_POINT('Ctrl Pts',(0.110301471568901,37.500075438867,-0.17599624921998));
#1176=CARTESIAN_POINT('Ctrl Pts',(-0.0404441000491026,112.501679481489,
0.0898987547712593));
#1177=CARTESIAN_POINT('Ctrl Pts',(0.0267281472532408,225.001838272673,-0.0178137591873707));
#1178=CARTESIAN_POINT('Ctrl Pts',(0.00875172585235639,337.501278723914,
0.0067601264678201));
#1179=CARTESIAN_POINT('Ctrl Pts',(0.00216163691823523,412.500499871215,
-0.000296236648844051));
#1180=CARTESIAN_POINT('Ctrl Pts',(-0.00216145856790956,487.49678235103,
0.000296229524977302));
#1181=CARTESIAN_POINT('Ctrl Pts',(-0.00421828110598365,562.493449894798,
0.00853674451003373));
#1182=CARTESIAN_POINT('Ctrl Pts',(0.00953874988959732,674.994115285254,
0.0244351992206155));
#1183=CARTESIAN_POINT('Ctrl Pts',(0.0189899468967355,787.497680480944,0.0304647244048431));
#1184=CARTESIAN_POINT('Ctrl Pts',(0.00640851273106141,862.499629126984,
0.00850315178974075));
#1185=CARTESIAN_POINT('Ctrl Pts',(-0.00640813554678823,937.498149524053,
-0.00850252704563177));
#1186=CARTESIAN_POINT('Ctrl Pts',(-0.0194611767836858,1012.49669068489,
-0.0205543392858894));
#1187=CARTESIAN_POINT('Ctrl Pts',(-0.00963001239490768,1124.99834733958,
-0.00110042476356668));
#1188=CARTESIAN_POINT('Ctrl Pts',(0.00385504193220166,1237.50048799364,
0.019109626349396));
#1189=CARTESIAN_POINT('Ctrl Pts',(0.00325668555668068,1312.50077663629,
0.007429493145021));
#1190=CARTESIAN_POINT('Ctrl Pts',(-0.00325659440957325,1387.4969734457,
-0.00742857585010719));
#1191=CARTESIAN_POINT('Ctrl Pts',(-0.0156847244158015,1462.49273935392,
-0.0254651026594778));
#1192=CARTESIAN_POINT('Ctrl Pts',(-0.0118270137841907,1574.99106305641,
-0.0686588466838057));
#1193=CARTESIAN_POINT('Ctrl Pts',(-0.0454951583083863,1687.49378706572,
0.0834560767617286));
#1194=CARTESIAN_POINT('Ctrl Pts',(0.0545739574217898,1762.49841893545,-0.249800746692001));
#1195=CARTESIAN_POINT('Ctrl Pts',(0.,1800.,0.));
#1196=CARTESIAN_POINT('Ctrl Pts',(0.740226722558484,0.,-2.03375620550633));
#1197=CARTESIAN_POINT('Ctrl Pts',(0.821425587268972,37.5000502924954,-2.16759449040908));
#1198=CARTESIAN_POINT('Ctrl Pts',(0.606677168882949,112.501631567589,-1.80357349500875));
#1199=CARTESIAN_POINT('Ctrl Pts',(0.57261799226985,225.001805140055,-1.749682086308));
#1200=CARTESIAN_POINT('Ctrl Pts',(0.460349366738845,337.501275663835,-1.57610516246574));
#1201=CARTESIAN_POINT('Ctrl Pts',(0.403633818335866,412.500504627473,-1.51023537800834));
#1202=CARTESIAN_POINT('Ctrl Pts',(0.359609801767505,487.496777595117,-1.45892771758808));
#1203=CARTESIAN_POINT('Ctrl Pts',(0.329636214267084,562.493440312719,-1.43330828853786));
#1204=CARTESIAN_POINT('Ctrl Pts',(0.321715538258588,674.994107328673,-1.4393707869662));
#1205=CARTESIAN_POINT('Ctrl Pts',(0.314535097412781,787.497677822211,-1.45135591473607));
#1206=CARTESIAN_POINT('Ctrl Pts',(0.284128722431985,862.499628986629,-1.44804455610989));
#1207=CARTESIAN_POINT('Ctrl Pts',(0.245068569426663,937.498149664399,-1.40381156060363));
#1208=CARTESIAN_POINT('Ctrl Pts',(0.200035264884225,1012.49669362257,-1.3209197969339));
#1209=CARTESIAN_POINT('Ctrl Pts',(0.154216165445613,1124.99835620273,-1.10463639021912));
#1210=CARTESIAN_POINT('Ctrl Pts',(0.113903908717877,1237.50049869142,-0.879889136903546));
#1211=CARTESIAN_POINT('Ctrl Pts',(0.0850304194371579,1312.50078195001,-0.781207051254912));
#1212=CARTESIAN_POINT('Ctrl Pts',(0.0572147617195402,1387.49696813229,-0.714270366589332));
#1213=CARTESIAN_POINT('Ctrl Pts',(0.0289134232085947,1462.49273148018,-0.668189914433701));
#1214=CARTESIAN_POINT('Ctrl Pts',(0.0194749556463894,1574.99106336997,-0.645815592418484));
#1215=CARTESIAN_POINT('Ctrl Pts',(-0.0227476962825996,1687.49379542269,
-0.436320645214731));
#1216=CARTESIAN_POINT('Ctrl Pts',(0.0709312975181791,1762.49842444273,-0.721835706107071));
#1217=CARTESIAN_POINT('Ctrl Pts',(0.0120281385324685,1800.,-0.442053760513634));
#1218=CARTESIAN_POINT('Ctrl Pts',(4.16749531392693,0.,-4.98040701347834));
#1219=CARTESIAN_POINT('Ctrl Pts',(4.17864522227623,37.4999950591613,-5.055162043086));
#1220=CARTESIAN_POINT('Ctrl Pts',(3.80060405758322,112.501508382389,-4.57924124497592));
#1221=CARTESIAN_POINT('Ctrl Pts',(3.48349268587565,225.001712107284,-4.36193741939178));
#1222=CARTESIAN_POINT('Ctrl Pts',(3.09972679415048,337.50125182969,-4.0455598201262));
#1223=CARTESIAN_POINT('Ctrl Pts',(2.89962893806723,412.500508160928,-3.90353465168139));
#1224=CARTESIAN_POINT('Ctrl Pts',(2.74632753680152,487.496774049437,-3.78903141594586));
#1225=CARTESIAN_POINT('Ctrl Pts',(2.59800454638312,562.493430032754,-3.74307875622365));
#1226=CARTESIAN_POINT('Ctrl Pts',(2.40283065498189,674.994091769926,-3.77824845975269));
#1227=CARTESIAN_POINT('Ctrl Pts',(2.21653807132935,787.497664122421,-3.81005806084539));
#1228=CARTESIAN_POINT('Ctrl Pts',(2.08410351214542,862.499623007317,-3.76769754708182));
#1229=CARTESIAN_POINT('Ctrl Pts',(1.95750979267067,937.498155649295,-3.63548269945396));
#1230=CARTESIAN_POINT('Ctrl Pts',(1.79179850148382,1012.49670961259,-3.41881516858421));
#1231=CARTESIAN_POINT('Ctrl Pts',(1.51616295577155,1124.99837854522,-2.92508357491286));
#1232=CARTESIAN_POINT('Ctrl Pts',(1.24842764038007,1237.50051693157,-2.40599144174767));
#1233=CARTESIAN_POINT('Ctrl Pts',(1.10358965462933,1312.50078943641,-2.13972055128929));
#1234=CARTESIAN_POINT('Ctrl Pts',(0.994605349188696,1387.4969606411,-1.93973697831968));
#1235=CARTESIAN_POINT('Ctrl Pts',(0.874659422159342,1462.49271806881,-1.78493690536898));
#1236=CARTESIAN_POINT('Ctrl Pts',(0.715371911224269,1574.99105442272,-1.64068220696851));
#1237=CARTESIAN_POINT('Ctrl Pts',(0.530963893952113,1687.49380118643,-1.32108292434544));
#1238=CARTESIAN_POINT('Ctrl Pts',(0.546402838025395,1762.49841824375,-1.51426438053604));
#1239=CARTESIAN_POINT('Ctrl Pts',(0.45712986465304,1800.,-1.18367175076291));
#1240=CARTESIAN_POINT('Ctrl Pts',(14.4785249550479,0.,-6.24644800497186));
#1241=CARTESIAN_POINT('Ctrl Pts',(14.3533116370768,37.4998990293985,-6.30103132805102));
#1242=CARTESIAN_POINT('Ctrl Pts',(13.6374426866862,112.501251867421,-5.88365088142949));
#1243=CARTESIAN_POINT('Ctrl Pts',(12.6843630171512,225.001501853471,-5.84945599229423));
#1244=CARTESIAN_POINT('Ctrl Pts',(11.6756078336284,337.501168986141,-5.7345499184336));
#1245=CARTESIAN_POINT('Ctrl Pts',(11.146609017161,412.500497461281,-5.66547147230159));
#1246=CARTESIAN_POINT('Ctrl Pts',(10.7498877464373,487.496784719982,-5.55962087324799));
#1247=CARTESIAN_POINT('Ctrl Pts',(10.2606572875645,562.493438440727,-5.53140563320911));
#1248=CARTESIAN_POINT('Ctrl Pts',(9.41051538224873,674.994069392404,-5.59777988492221));
#1249=CARTESIAN_POINT('Ctrl Pts',(8.57604520161169,787.497621113556,-5.64307601153251));
#1250=CARTESIAN_POINT('Ctrl Pts',(8.11644424388752,862.499598771991,-5.58241330317446));
#1251=CARTESIAN_POINT('Ctrl Pts',(7.76467155117949,937.498179901234,-5.41147121706067));
#1252=CARTESIAN_POINT('Ctrl Pts',(7.26759619404691,1012.49676065932,-5.14752049230945));
#1253=CARTESIAN_POINT('Ctrl Pts',(6.33455892604732,1124.99842437474,-4.55691252649522));
#1254=CARTESIAN_POINT('Ctrl Pts',(5.40952778007643,1237.50053581595,-3.91179163677126));
#1255=CARTESIAN_POINT('Ctrl Pts',(4.93324377521386,1312.50079225558,-3.53987072996212));
#1256=CARTESIAN_POINT('Ctrl Pts',(4.59929264473049,1387.49695781178,-3.22340290929842));
#1257=CARTESIAN_POINT('Ctrl Pts',(4.18105632924633,1462.49270370952,-2.96292800587077));
#1258=CARTESIAN_POINT('Ctrl Pts',(3.46567370267375,1574.99101394587,-2.67423067250663));
#1259=CARTESIAN_POINT('Ctrl Pts',(2.73188765303812,1687.49377814829,-2.21550554338759));
#1260=CARTESIAN_POINT('Ctrl Pts',(2.45464110387764,1762.49836286655,-2.28444170907863));
#1261=CARTESIAN_POINT('Ctrl Pts',(2.26182745784358,1800.,-1.90274392277333));
#1262=CARTESIAN_POINT('Ctrl Pts',(28.4208214600936,0.,-4.85149808738476));
#1263=CARTESIAN_POINT('Ctrl Pts',(28.1321995190398,37.4997914070046,-4.94712384576426));
#1264=CARTESIAN_POINT('Ctrl Pts',(27.0146116734186,112.5009339652,-4.76168882259159));
#1265=CARTESIAN_POINT('Ctrl Pts',(25.2926393564838,225.001230468371,-5.20874381768971));
#1266=CARTESIAN_POINT('Ctrl Pts',(23.520230065078,337.501045098361,-5.58210515043792));
#1267=CARTESIAN_POINT('Ctrl Pts',(22.5800980592468,412.500472683705,-5.72493407847505));
#1268=CARTESIAN_POINT('Ctrl Pts',(21.870575692074,487.496809462087,-5.71992275826827));
#1269=CARTESIAN_POINT('Ctrl Pts',(20.9293306786686,562.493467842865,-5.7720549938847));
#1270=CARTESIAN_POINT('Ctrl Pts',(19.1920749476373,674.994047870539,-5.91739171981377));
#1271=CARTESIAN_POINT('Ctrl Pts',(17.4722932969363,787.497558336272,-6.02051599353454));
#1272=CARTESIAN_POINT('Ctrl Pts',(16.5645259214147,862.499561101804,-5.99701299297419));
#1273=CARTESIAN_POINT('Ctrl Pts',(15.9049564819638,937.498217594132,-5.87034845762491));
#1274=CARTESIAN_POINT('Ctrl Pts',(14.9685832570285,1012.49683548636,-5.68169818858659));
#1275=CARTESIAN_POINT('Ctrl Pts',(13.1761602733458,1124.9984809877,-5.23664522884877));
#1276=CARTESIAN_POINT('Ctrl Pts',(11.3888171475306,1237.50054720927,-4.70475759892375));
#1277=CARTESIAN_POINT('Ctrl Pts',(10.466937664064,1312.50078767401,-4.3434037593967));
#1278=CARTESIAN_POINT('Ctrl Pts',(9.81728379929227,1387.49696238199,-3.98499719032373));
#1279=CARTESIAN_POINT('Ctrl Pts',(8.97999020939175,1462.49269385789,-3.67784549974838));
#1280=CARTESIAN_POINT('Ctrl Pts',(7.47919909927115,1574.990948067,-3.30190016773702));
#1281=CARTESIAN_POINT('Ctrl Pts',(5.96262716908583,1687.49372460121,-2.75034004870237));
#1282=CARTESIAN_POINT('Ctrl Pts',(5.25961401617583,1762.49826694304,-2.71683697020738));
#1283=CARTESIAN_POINT('Ctrl Pts',(4.91242123168298,1800.,-2.30679187260214));
#1284=CARTESIAN_POINT('Ctrl Pts',(44.2513255927743,0.,-1.39512113851376));
#1285=CARTESIAN_POINT('Ctrl Pts',(43.7764953915486,37.4996737537992,-1.58576711861423));
#1286=CARTESIAN_POINT('Ctrl Pts',(42.225917086681,112.500565032505,-1.74653214876581));
#1287=CARTESIAN_POINT('Ctrl Pts',(39.6914653290884,225.00090751402,-2.82440739580693));
#1288=CARTESIAN_POINT('Ctrl Pts',(37.1066858729843,337.50088621374,-3.82546867470577));
#1289=CARTESIAN_POINT('Ctrl Pts',(35.7084075311568,412.500435742977,-4.26478546439076));
#1290=CARTESIAN_POINT('Ctrl Pts',(34.6268252815458,487.4968463545,-4.44154028449397));
#1291=CARTESIAN_POINT('Ctrl Pts',(33.180449951116,562.493515401212,-4.6503798191456));
#1292=CARTESIAN_POINT('Ctrl Pts',(30.4830223375423,674.994027098334,-4.98078113750601));
#1293=CARTESIAN_POINT('Ctrl Pts',(27.8003164272893,787.497478482704,-5.24479730387878));
#1294=CARTESIAN_POINT('Ctrl Pts',(26.3822220937404,862.499511829198,-5.32848290241255));
#1295=CARTESIAN_POINT('Ctrl Pts',(25.3434988929703,937.498266896372,-5.31886004866314));
#1296=CARTESIAN_POINT('Ctrl Pts',(23.9084144319914,1012.49693081283,-5.29274950985446));
#1297=CARTESIAN_POINT('Ctrl Pts',(21.1836356667281,1124.99854685194,-5.14517618920018));
#1298=CARTESIAN_POINT('Ctrl Pts',(18.4584300619289,1237.50055209372,-4.87591557659675));
#1299=CARTESIAN_POINT('Ctrl Pts',(17.0262621208469,1312.5007767,-4.60728238081883));
#1300=CARTESIAN_POINT('Ctrl Pts',(15.9826476125648,1387.49697333992,-4.27294252451428));
#1301=CARTESIAN_POINT('Ctrl Pts',(14.6502708707285,1462.49268726399,-3.97902376037561));
#1302=CARTESIAN_POINT('Ctrl Pts',(12.2508201044815,1574.99085843398,-3.5898011142838));
#1303=CARTESIAN_POINT('Ctrl Pts',(9.83480113706921,1687.49364172364,-3.00991169353384));
#1304=CARTESIAN_POINT('Ctrl Pts',(8.61987028015297,1762.49813599207,-2.90265057710025));
#1305=CARTESIAN_POINT('Ctrl Pts',(8.07460700891543,1800.,-2.4846589517796));
#1306=CARTESIAN_POINT('Ctrl Pts',(60.5784820956212,0.,3.5597072401149));
#1307=CARTESIAN_POINT('Ctrl Pts',(59.8988883747066,37.4995476572363,3.22730232070522));
#1308=CARTESIAN_POINT('Ctrl Pts',(57.909925971553,112.500155419164,2.65462353687398));
#1309=CARTESIAN_POINT('Ctrl Pts',(54.5885148307007,225.000542563932,0.913112516472424));
#1310=CARTESIAN_POINT('Ctrl Pts',(51.2123691342562,337.500698380385,-0.739536126552126));
#1311=CARTESIAN_POINT('Ctrl Pts',(49.337407081159,412.500388561089,-1.51614589393062));
#1312=CARTESIAN_POINT('Ctrl Pts',(47.8346287301319,487.496893479764,-1.94433436372683));
#1313=CARTESIAN_POINT('Ctrl Pts',(45.8749566661464,562.493578282065,-2.39073040240617));
#1314=CARTESIAN_POINT('Ctrl Pts',(42.2642604264446,674.99400697086,-3.04286203918023));
#1315=CARTESIAN_POINT('Ctrl Pts',(38.6614115872512,787.497384243598,-3.60177462999729));
#1316=CARTESIAN_POINT('Ctrl Pts',(36.7166266555091,862.499452785656,-3.8679843154346));
#1317=CARTESIAN_POINT('Ctrl Pts',(35.2386535300272,937.498325974292,-4.037926522498));
#1318=CARTESIAN_POINT('Ctrl Pts',(33.2855012513457,1012.49704335734,-4.2310243788698));
#1319=CARTESIAN_POINT('Ctrl Pts',(29.659020299223,1124.99862043512,-4.45666938090023));
#1320=CARTESIAN_POINT('Ctrl Pts',(26.0244775741866,1237.50055145409,-4.52388155875612));
#1321=CARTESIAN_POINT('Ctrl Pts',(24.0583216522233,1312.50076034324,-4.40083266182592));
#1322=CARTESIAN_POINT('Ctrl Pts',(22.5549665347082,1387.49698967768,-4.14802438699352));
#1323=CARTESIAN_POINT('Ctrl Pts',(20.6877271925377,1462.49268267769,-3.92451758829255));
#1324=CARTESIAN_POINT('Ctrl Pts',(17.3669428561308,1574.99074670086,-3.60183221368315));
#1325=CARTESIAN_POINT('Ctrl Pts',(14.0260761450269,1687.49353069032,-3.06540576172014));
#1326=CARTESIAN_POINT('Ctrl Pts',(12.2515099553185,1762.49797554625,-2.91629382241541));
#1327=CARTESIAN_POINT('Ctrl Pts',(11.4716323390361,1800.,-2.50840348006426));
#1328=CARTESIAN_POINT('Ctrl Pts',(82.0431322323735,0.,11.5882596006464));
#1329=CARTESIAN_POINT('Ctrl Pts',(81.0714382157666,37.4993704075639,11.0141787106715));
#1330=CARTESIAN_POINT('Ctrl Pts',(78.5088259630893,112.499568821448,9.84245446227818));
#1331=CARTESIAN_POINT('Ctrl Pts',(74.2149505330465,225.000012743268,7.24723568036744));
#1332=CARTESIAN_POINT('Ctrl Pts',(69.8552629387782,337.500417402311,4.76723415830126));
#1333=CARTESIAN_POINT('Ctrl Pts',(67.341522927673,412.500314565395,3.51793534075806));
#1334=CARTESIAN_POINT('Ctrl Pts',(65.2251316718336,487.496967403645,2.6766241225097));
#1335=CARTESIAN_POINT('Ctrl Pts',(62.5990905922542,562.493678778302,1.81762457693053));
#1336=CARTESIAN_POINT('Ctrl Pts',(57.9001359502889,674.993980854818,0.567316515236057));
#1337=CARTESIAN_POINT('Ctrl Pts',(53.19494281692,787.497242997297,-0.550947555610737));
#1338=CARTESIAN_POINT('Ctrl Pts',(50.5561295873747,862.499363474244,-1.15012179399474));
#1339=CARTESIAN_POINT('Ctrl Pts',(48.4273762189876,937.498415332591,-1.62919417851702));
#1340=CARTESIAN_POINT('Ctrl Pts',(45.7849325790693,1012.49721199857,-2.16320116733684));
#1341=CARTESIAN_POINT('Ctrl Pts',(41.0568160223637,1124.99872679459,-2.92737506301851));
#1342=CARTESIAN_POINT('Ctrl Pts',(36.3082247991734,1237.50054455095,-3.48244771466158));
#1343=CARTESIAN_POINT('Ctrl Pts',(33.6270105552275,1312.50073270463,-3.59877600054741));
#1344=CARTESIAN_POINT('Ctrl Pts',(31.4395985510482,1387.49701729381,-3.51990843070377));
#1345=CARTESIAN_POINT('Ctrl Pts',(28.8358524043316,1462.49267757247,-3.45655103497665));
#1346=CARTESIAN_POINT('Ctrl Pts',(24.321221130745,1574.99057046685,-3.31779586796794));
#1347=CARTESIAN_POINT('Ctrl Pts',(19.7790936842423,1687.49334666831,-2.9257634314258));
#1348=CARTESIAN_POINT('Ctrl Pts',(17.2273186447313,1762.49772967972,-2.76135769278132));
#1349=CARTESIAN_POINT('Ctrl Pts',(16.095427038671,1800.,-2.3878654131112));
#1350=CARTESIAN_POINT('Ctrl Pts',(107.220564392641,0.,23.3618667972648));
#1351=CARTESIAN_POINT('Ctrl Pts',(105.858581857565,37.4991356166291,22.4050333844562));
#1352=CARTESIAN_POINT('Ctrl Pts',(102.619591813824,112.498785637478,20.4398624744299));
#1353=CARTESIAN_POINT('Ctrl Pts',(97.2938254440065,224.999293319822,16.910042846158));
#1354=CARTESIAN_POINT('Ctrl Pts',(91.8801764015041,337.500024046809,13.5446702914353));
#1355=CARTESIAN_POINT('Ctrl Pts',(88.5887867652464,412.500206061592,11.6983108570468));
#1356=CARTESIAN_POINT('Ctrl Pts',(85.6331513822679,487.497075794795,10.2227251553039));
#1357=CARTESIAN_POINT('Ctrl Pts',(82.2368517946522,562.493828526771,8.70472800910029));
#1358=CARTESIAN_POINT('Ctrl Pts',(76.4697499370932,674.993949294548,6.45620221872065));
#1359=CARTESIAN_POINT('Ctrl Pts',(70.6706550443534,787.497043932426,4.39302152277281));
#1360=CARTESIAN_POINT('Ctrl Pts',(67.2107489837368,862.499236567217,3.24410033587008));
#1361=CARTESIAN_POINT('Ctrl Pts',(64.1745839514351,937.498542305961,2.273510329729));
#1362=CARTESIAN_POINT('Ctrl Pts',(60.7026605329774,1012.49744943943,1.26113661794403));
#1363=CARTESIAN_POINT('Ctrl Pts',(54.8329813353063,1124.99887137995,-0.174848752590498));
#1364=CARTESIAN_POINT('Ctrl Pts',(48.9242603965939,1237.50052702997,-1.33685088713718));
#1365=CARTESIAN_POINT('Ctrl Pts',(45.3751903172675,1312.50068974484,-1.80151797746003));
#1366=CARTESIAN_POINT('Ctrl Pts',(42.230647135223,1387.49706021528,-2.04103674650989));
#1367=CARTESIAN_POINT('Ctrl Pts',(38.7028365824903,1462.49266995979,-2.27846789313445));
#1368=CARTESIAN_POINT('Ctrl Pts',(32.8364480678464,1574.99030318037,-2.51231229930354));
#1369=CARTESIAN_POINT('Ctrl Pts',(26.9298770444852,1687.49305213352,-2.43060061133343));
#1370=CARTESIAN_POINT('Ctrl Pts',(23.3942367075896,1762.49737624147,-2.31429240451869));
#1371=CARTESIAN_POINT('Ctrl Pts',(21.7667045797844,1800.,-2.017143158778));
#1372=CARTESIAN_POINT('Ctrl Pts',(135.099010727204,0.,38.4064546982099));
#1373=CARTESIAN_POINT('Ctrl Pts',(133.262373905863,37.4988454389485,36.9191827311009));
#1374=CARTESIAN_POINT('Ctrl Pts',(129.272803183384,112.497848706113,33.9718407691824));
#1375=CARTESIAN_POINT('Ctrl Pts',(122.922389889931,224.998415180619,29.425813629255));
#1376=CARTESIAN_POINT('Ctrl Pts',(116.449371898751,337.499532993473,25.1197060318568));
#1377=CARTESIAN_POINT('Ctrl Pts',(112.274887172689,412.500065628965,22.5502430342765));
#1378=CARTESIAN_POINT('Ctrl Pts',(108.27757476602,487.49721610822,20.2150084576223));
#1379=CARTESIAN_POINT('Ctrl Pts',(104.025366274694,562.494024166679,17.8446721921818));
#1380=CARTESIAN_POINT('Ctrl Pts',(97.2290914501279,674.993912320051,14.363673483374));
#1381=CARTESIAN_POINT('Ctrl Pts',(90.3603278485332,787.496790567291,11.136605165435));
#1382=CARTESIAN_POINT('Ctrl Pts',(85.9642612042851,862.499074500832,9.27543804671136));
#1383=CARTESIAN_POINT('Ctrl Pts',(81.7789909449031,937.498704442471,7.62878520594991));
#1384=CARTESIAN_POINT('Ctrl Pts',(77.3491714879212,1012.49775073976,6.01714619488307));
#1385=CARTESIAN_POINT('Ctrl Pts',(70.312221563244,1124.99905124076,3.82797675836921));
#1386=CARTESIAN_POINT('Ctrl Pts',(63.212708681445,1237.50049965978,1.98803288507589));
#1387=CARTESIAN_POINT('Ctrl Pts',(58.6573364735531,1312.50063281439,1.07487992234265));
#1388=CARTESIAN_POINT('Ctrl Pts',(54.300763231111,1387.49711710612,0.360086375027151));
#1389=CARTESIAN_POINT('Ctrl Pts',(49.7036715399995,1462.49264885349,-0.308119073997845));
#1390=CARTESIAN_POINT('Ctrl Pts',(42.4299942322906,1574.98992048777,-1.05625144789996));
#1391=CARTESIAN_POINT('Ctrl Pts',(35.1008571131969,1687.49260487262,-1.40505376388909));
#1392=CARTESIAN_POINT('Ctrl Pts',(30.427351690565,1762.49692262866,-1.41050410236111));
#1393=CARTESIAN_POINT('Ctrl Pts',(28.1732345528494,1800.,-1.23950149738987));
#1394=CARTESIAN_POINT('Ctrl Pts',(161.918887082893,0.,53.5302244194679));
#1395=CARTESIAN_POINT('Ctrl Pts',(159.635245783852,37.4985594794434,51.4992853224243));
#1396=CARTESIAN_POINT('Ctrl Pts',(154.934637399852,112.49699747711,47.5552388412029));
#1397=CARTESIAN_POINT('Ctrl Pts',(147.640420195134,224.997598774779,41.9138738355069));
#1398=CARTESIAN_POINT('Ctrl Pts',(140.18555473147,337.499071296783,36.5946489803421));
#1399=CARTESIAN_POINT('Ctrl Pts',(135.177328329994,412.499930329325,33.2728390847176));
#1400=CARTESIAN_POINT('Ctrl Pts',(130.184735104571,487.497351318204,30.0695118395746));
#1401=CARTESIAN_POINT('Ctrl Pts',(125.098504718147,562.494213069931,26.9069657832957));
#1402=CARTESIAN_POINT('Ctrl Pts',(117.267009063942,674.993875401754,22.3871404659458));
#1403=CARTESIAN_POINT('Ctrl Pts',(109.316382954122,787.496544243692,18.1914436517453));
#1404=CARTESIAN_POINT('Ctrl Pts',(103.993557998476,862.498917310347,15.6806210969948));
#1405=CARTESIAN_POINT('Ctrl Pts',(98.6890579007344,937.498861682372,13.3535895535729));
#1406=CARTESIAN_POINT('Ctrl Pts',(93.3081605374114,1012.49804216139,11.1443224660433));
#1407=CARTESIAN_POINT('Ctrl Pts',(85.0821986199488,1124.99922520152,8.2113465863017));
#1408=CARTESIAN_POINT('Ctrl Pts',(76.7725541958243,1237.5004738176,5.69513366278029));
#1409=CARTESIAN_POINT('Ctrl Pts',(71.2228566224525,1312.50057857995,4.31964530038851));
#1410=CARTESIAN_POINT('Ctrl Pts',(65.6906043372899,1387.49717131091,3.10468939902018));
#1411=CARTESIAN_POINT('Ctrl Pts',(60.0739281836946,1462.49260577555,2.00673526579399));
#1412=CARTESIAN_POINT('Ctrl Pts',(51.4927627211184,1574.98948906592,0.777414652372942));
#1413=CARTESIAN_POINT('Ctrl Pts',(42.8462148072126,1687.49207319822,0.0287154058570729));
#1414=CARTESIAN_POINT('Ctrl Pts',(37.1051685779429,1762.4964837614,-0.139339343421731));
#1415=CARTESIAN_POINT('Ctrl Pts',(34.2498291977521,1800.,-0.110186158579703));
#1416=CARTESIAN_POINT('Ctrl Pts',(179.329907361679,0.,63.4703341550259));
#1417=CARTESIAN_POINT('Ctrl Pts',(176.789338233807,37.4983800205624,61.1067292745831));
#1418=CARTESIAN_POINT('Ctrl Pts',(171.638282952181,112.496542351606,56.5189547343504));
#1419=CARTESIAN_POINT('Ctrl Pts',(163.714961430148,224.997146674764,50.0319060611493));
#1420=CARTESIAN_POINT('Ctrl Pts',(155.606687768789,337.498815323931,43.919884079904));
#1421=CARTESIAN_POINT('Ctrl Pts',(150.086622164813,412.499853774663,40.0820240158706));
#1422=CARTESIAN_POINT('Ctrl Pts',(144.515425740408,487.49742781499,36.3543906415246));
#1423=CARTESIAN_POINT('Ctrl Pts',(138.888818767634,562.494319385028,32.7355283907701));
#1424=CARTESIAN_POINT('Ctrl Pts',(130.286879474376,674.993850263325,27.6562916093245));
#1425=CARTESIAN_POINT('Ctrl Pts',(121.532915500591,787.496399078253,22.9470468222711));
#1426=CARTESIAN_POINT('Ctrl Pts',(115.604078502957,862.498825538851,20.0722299280969));
#1427=CARTESIAN_POINT('Ctrl Pts',(109.633399626667,937.498953472838,17.3433523241106));
#1428=CARTESIAN_POINT('Ctrl Pts',(103.628083167692,1012.49821235782,14.7545688323042));
#1429=CARTESIAN_POINT('Ctrl Pts',(94.5219721653118,1124.99932907025,11.3026058276712));
#1430=CARTESIAN_POINT('Ctrl Pts',(85.3221268299646,1237.50046285047,8.30390105470235));
#1431=CARTESIAN_POINT('Ctrl Pts',(79.127624776242,1312.50054960068,6.62194536539587));
#1432=CARTESIAN_POINT('Ctrl Pts',(72.902369721918,1387.49720026628,5.10250389009115));
#1433=CARTESIAN_POINT('Ctrl Pts',(66.6497971428618,1462.49255574259,3.74616246888404));
#1434=CARTESIAN_POINT('Ctrl Pts',(57.1987138038795,1574.9891777632,2.22552512446017));
#1435=CARTESIAN_POINT('Ctrl Pts',(47.682808079817,1687.49166875241,1.23037419813428));
#1436=CARTESIAN_POINT('Ctrl Pts',(41.2992818851032,1762.49623046835,0.922323577923904));
#1437=CARTESIAN_POINT('Ctrl Pts',(38.0981547144949,1800.,0.859006743063693));
#1438=CARTESIAN_POINT('Ctrl Pts',(187.938524157182,0.,68.4040286651337));
#1439=CARTESIAN_POINT('Ctrl Pts',(185.285416555033,37.4982952496471,65.8911926727636));
#1440=CARTESIAN_POINT('Ctrl Pts',(179.915295420252,112.496356666075,60.9949720754648));
#1441=CARTESIAN_POINT('Ctrl Pts',(171.666856744124,224.996956453004,54.042449419073));
#1442=CARTESIAN_POINT('Ctrl Pts',(163.222400973624,337.498708359188,47.4892996977581));
#1443=CARTESIAN_POINT('Ctrl Pts',(157.461137788983,412.49982148442,43.3916821409944));
#1444=CARTESIAN_POINT('Ctrl Pts',(151.635366087481,487.497460102892,39.4305129693901));
#1445=CARTESIAN_POINT('Ctrl Pts',(145.744880255468,562.494363866955,35.6056181540965));
#1446=CARTESIAN_POINT('Ctrl Pts',(136.724993697357,674.993837424605,30.2696741492458));
#1447=CARTESIAN_POINT('Ctrl Pts',(127.536760032625,787.496334843236,25.3259182423825));
#1448=CARTESIAN_POINT('Ctrl Pts',(121.31140138845,862.498785348884,22.2894612608542));
#1449=CARTESIAN_POINT('Ctrl Pts',(115.042641371025,937.498993660424,19.3862500672657));
#1450=CARTESIAN_POINT('Ctrl Pts',(108.730381701512,1012.49828705887,16.6162261100309));
#1451=CARTESIAN_POINT('Ctrl Pts',(99.1488422257174,1124.99937593478,12.8896677888047));
#1452=CARTESIAN_POINT('Ctrl Pts',(89.4701557250809,1237.50046024999,9.63163523213923));
#1453=CARTESIAN_POINT('Ctrl Pts',(82.9618813963908,1312.50053825417,7.79897148923538));
#1454=CARTESIAN_POINT('Ctrl Pts',(76.4294579272925,1387.49721161211,6.14591469284888));
#1455=CARTESIAN_POINT('Ctrl Pts',(69.8727100590453,1462.49252373034,4.67240233417463));
#1456=CARTESIAN_POINT('Ctrl Pts',(59.9713309056379,1574.98901840645,3.00975399584115));
#1457=CARTESIAN_POINT('Ctrl Pts',(50.0081056901221,1687.49145559002,1.89076056924583));
#1458=CARTESIAN_POINT('Ctrl Pts',(43.3263667215813,1762.49612104499,1.50187780272252));
#1459=CARTESIAN_POINT('Ctrl Pts',(39.9756330807638,1800.,1.39597986810002));
#1460=UNCERTAINTY_MEASURE_WITH_UNIT(LENGTH_MEASURE(0.01),#1464,
'DISTANCE_ACCURACY_VALUE',
'Maximum model space distance between geometric entities at asserted c
onnectivities');
#1461=UNCERTAINTY_MEASURE_WITH_UNIT(LENGTH_MEASURE(0.01),#1464,
'DISTANCE_ACCURACY_VALUE',
'Maximum model space distance between geometric entities at asserted c
onnectivities');
#1462=(
GEOMETRIC_REPRESENTATION_CONTEXT(3)
GLOBAL_UNCERTAINTY_ASSIGNED_CONTEXT((#1460))
GLOBAL_UNIT_ASSIGNED_CONTEXT((#1464,#1466,#1467))
REPRESENTATION_CONTEXT('','3D')
);
#1463=(
GEOMETRIC_REPRESENTATION_CONTEXT(3)
GLOBAL_UNCERTAINTY_ASSIGNED_CONTEXT((#1461))
GLOBAL_UNIT_ASSIGNED_CONTEXT((#1464,#1466,#1467))
REPRESENTATION_CONTEXT('','3D')
);
#1464=(
LENGTH_UNIT()
NAMED_UNIT(*)
SI_UNIT(.MILLI.,.METRE.)
);
#1465=(
LENGTH_UNIT()
NAMED_UNIT(*)
SI_UNIT($,.METRE.)
);
#1466=(
NAMED_UNIT(*)
PLANE_ANGLE_UNIT()
SI_UNIT($,.RADIAN.)
);
#1467=(
NAMED_UNIT(*)
SI_UNIT($,.STERADIAN.)
SOLID_ANGLE_UNIT()
);
#1468=SHAPE_DEFINITION_REPRESENTATION(#1469,#1470);
#1469=PRODUCT_DEFINITION_SHAPE('',$,#1472);
#1470=SHAPE_REPRESENTATION('',(#103),#1462);
#1471=PRODUCT_DEFINITION_CONTEXT('part definition',#1476,'design');
#1472=PRODUCT_DEFINITION('2026-05-15-01-16-16-612',
'experimenting_blade_rough',#1473,#1471);
#1473=PRODUCT_DEFINITION_FORMATION('',$,#1478);
#1474=PRODUCT_RELATED_PRODUCT_CATEGORY('experimenting_blade_rough',
'experimenting_blade_rough',(#1478));
#1475=APPLICATION_PROTOCOL_DEFINITION('international standard',
'automotive_design',2009,#1476);
#1476=APPLICATION_CONTEXT(
'Core Data for Automotive Mechanical Design Process');
#1477=PRODUCT_CONTEXT('part definition',#1476,'mechanical');
#1478=PRODUCT('2026-05-15-01-16-16-612','experimenting_blade_rough',$,(#1477));
#1479=PRESENTATION_STYLE_ASSIGNMENT((#1480));
#1480=SURFACE_STYLE_USAGE(.BOTH.,#1481);
#1481=SURFACE_SIDE_STYLE('',(#1482));
#1482=SURFACE_STYLE_FILL_AREA(#1483);
#1483=FILL_AREA_STYLE('Steel - Satin',(#1484));
#1484=FILL_AREA_STYLE_COLOUR('Steel - Satin',#1485);
#1485=COLOUR_RGB('Steel - Satin',0.627450980392157,0.627450980392157,0.627450980392157);
ENDSEC;
END-ISO-10303-21;
