ISO-10303-21;
HEADER;
/* Generated by software containing ST-Developer
 * from STEP Tools, Inc. (www.steptools.com) 
 */

FILE_DESCRIPTION(
/* description */ (''),
/* implementation_level */ '2;1');

FILE_NAME(
/* name */ 'blade_rough.step',
/* time_stamp */ '2026-05-22T18:24:00+08:00',
/* author */ (''),
/* organization */ (''),
/* preprocessor_version */ 'ST-DEVELOPER v20.1',
/* originating_system */ 'Autodesk Translation Framework v15.8.0.0',
/* authorisation */ '');

FILE_SCHEMA (('AUTOMOTIVE_DESIGN { 1 0 10303 214 3 1 1 }'));
ENDSEC;

DATA;
#10=MECHANICAL_DESIGN_GEOMETRIC_PRESENTATION_REPRESENTATION('',(#13),#1551);
#11=SHAPE_REPRESENTATION_RELATIONSHIP('SRR','None',#1558,#12);
#12=ADVANCED_BREP_SHAPE_REPRESENTATION('',(#14),#1550);
#13=STYLED_ITEM('',(#1567),#14);
#14=MANIFOLD_SOLID_BREP('Body3',#90);
#15=B_SPLINE_CURVE_WITH_KNOTS('',3,(#1221,#1222,#1223,#1224,#1225,#1226,
#1227,#1228,#1229,#1230,#1231,#1232,#1233,#1234,#1235,#1236,#1237,#1238,
#1239),.UNSPECIFIED.,.F.,.F.,(4,1,1,1,1,1,1,1,1,1,1,1,1,1,1,1,4),(0.,7.50028918268416,
15.0003376182545,22.5002190569831,30.0000001640128,37.4991070294526,44.999128757079,
52.4996013247101,60.0000009487838,67.4996351090163,74.999874642748,82.5001470553146,
90.0000016732247,97.4989845293842,104.998503845889,112.49876740039,120.000003030894),
 .UNSPECIFIED.);
#16=(
BOUNDED_CURVE()
B_SPLINE_CURVE(5,(#251,#252,#253,#254,#255,#256,#257,#258,#259,#260),
 .UNSPECIFIED.,.F.,.F.)
B_SPLINE_CURVE_WITH_KNOTS((6,1,1,1,1,6),(0.,0.2,0.4,0.6,0.8,1.),
 .UNSPECIFIED.)
CURVE()
GEOMETRIC_REPRESENTATION_ITEM()
RATIONAL_B_SPLINE_CURVE((1.,1.,1.,1.,1.,1.,1.,1.,1.,1.))
REPRESENTATION_ITEM('')
);
#17=(
BOUNDED_CURVE()
B_SPLINE_CURVE(5,(#262,#263,#264,#265,#266,#267,#268,#269,#270,#271,#272,
#273,#274,#275,#276),.UNSPECIFIED.,.F.,.F.)
B_SPLINE_CURVE_WITH_KNOTS((6,1,1,1,1,1,1,1,1,1,6),(0.,0.0666666666666667,
0.133333333333333,0.2,0.266666666666667,0.333333333333333,0.4,0.466666666666667,
0.533333333333333,0.6,0.660346264999812),.UNSPECIFIED.)
CURVE()
GEOMETRIC_REPRESENTATION_ITEM()
RATIONAL_B_SPLINE_CURVE((1.,1.,1.,1.,1.,1.,1.,1.,1.,1.,1.,1.,1.,1.,1.))
REPRESENTATION_ITEM('')
);
#18=(
BOUNDED_CURVE()
B_SPLINE_CURVE(5,(#278,#279,#280,#281,#282,#283,#284,#285,#286,#287,#288),
 .UNSPECIFIED.,.F.,.F.)
B_SPLINE_CURVE_WITH_KNOTS((6,1,1,1,1,1,6),(0.660346264999812,0.666666666666667,
0.733333333333333,0.8,0.866666666666667,0.933333333333333,1.),
 .UNSPECIFIED.)
CURVE()
GEOMETRIC_REPRESENTATION_ITEM()
RATIONAL_B_SPLINE_CURVE((1.,1.,1.,1.,1.,1.,1.,1.,1.,1.,1.))
REPRESENTATION_ITEM('')
);
#19=(
BOUNDED_CURVE()
B_SPLINE_CURVE(5,(#289,#290,#291,#292,#293,#294,#295,#296,#297,#298,#299,
#300,#301,#302,#303),.UNSPECIFIED.,.F.,.F.)
B_SPLINE_CURVE_WITH_KNOTS((6,1,1,1,1,1,1,1,1,1,6),(0.,0.1,0.2,0.3,0.4,0.5,
0.6,0.7,0.8,0.9,1.),.UNSPECIFIED.)
CURVE()
GEOMETRIC_REPRESENTATION_ITEM()
RATIONAL_B_SPLINE_CURVE((1.,1.,1.,1.,1.,1.,1.,1.,1.,1.,1.,1.,1.,1.,1.))
REPRESENTATION_ITEM('')
);
#20=(
BOUNDED_CURVE()
B_SPLINE_CURVE(5,(#529,#530,#531,#532,#533,#534,#535,#536,#537,#538,#539,
#540,#541,#542,#543,#544,#545,#546,#547,#548,#549,#550,#551,#552,#553),
 .UNSPECIFIED.,.F.,.F.)
B_SPLINE_CURVE_WITH_KNOTS((6,1,1,1,1,1,1,1,1,1,1,1,1,1,1,1,1,1,1,1,6),(-1.,
-0.95,-0.9,-0.85,-0.8,-0.75,-0.7,-0.65,-0.6,-0.55,-0.5,-0.45,-0.4,-0.35,
-0.3,-0.25,-0.2,-0.15,-0.1,-0.05,0.),.UNSPECIFIED.)
CURVE()
GEOMETRIC_REPRESENTATION_ITEM()
RATIONAL_B_SPLINE_CURVE((1.,1.,1.,1.,1.,1.,1.,1.,1.,1.,1.,1.,1.,1.,1.,1.,
1.,1.,1.,1.,1.,1.,1.,1.,1.))
REPRESENTATION_ITEM('')
);
#21=(
BOUNDED_CURVE()
B_SPLINE_CURVE(5,(#557,#558,#559,#560,#561,#562,#563,#564,#565,#566,#567,
#568,#569,#570,#571,#572,#573,#574,#575,#576,#577,#578,#579,#580,#581),
 .UNSPECIFIED.,.F.,.F.)
B_SPLINE_CURVE_WITH_KNOTS((6,1,1,1,1,1,1,1,1,1,1,1,1,1,1,1,1,1,1,1,6),(-1.,
-0.95,-0.9,-0.85,-0.8,-0.75,-0.7,-0.65,-0.6,-0.55,-0.5,-0.45,-0.4,-0.35,
-0.3,-0.25,-0.2,-0.15,-0.1,-0.05,0.),.UNSPECIFIED.)
CURVE()
GEOMETRIC_REPRESENTATION_ITEM()
RATIONAL_B_SPLINE_CURVE((1.,1.,1.,1.,1.,1.,1.,1.,1.,1.,1.,1.,1.,1.,1.,1.,
1.,1.,1.,1.,1.,1.,1.,1.,1.))
REPRESENTATION_ITEM('')
);
#22=(
BOUNDED_CURVE()
B_SPLINE_CURVE(5,(#582,#583,#584,#585,#586,#587,#588,#589,#590,#591,#592,
#593,#594,#595,#596,#597,#598,#599,#600,#601),.UNSPECIFIED.,.F.,.F.)
B_SPLINE_CURVE_WITH_KNOTS((6,1,1,1,1,1,1,1,1,1,1,1,1,1,1,6),(0.,0.0666666666666667,
0.133333333333333,0.2,0.266666666666667,0.333333333333333,0.4,0.466666666666667,
0.533333333333333,0.6,0.666666666666667,0.733333333333333,0.8,0.866666666666667,
0.933333333333333,1.),.UNSPECIFIED.)
CURVE()
GEOMETRIC_REPRESENTATION_ITEM()
RATIONAL_B_SPLINE_CURVE((1.,1.,1.,1.,1.,1.,1.,1.,1.,1.,1.,1.,1.,1.,1.,1.,
1.,1.,1.,1.))
REPRESENTATION_ITEM('')
);
#23=(
BOUNDED_CURVE()
B_SPLINE_CURVE(5,(#1196,#1197,#1198,#1199,#1200,#1201,#1202,#1203,#1204,
#1205,#1206,#1207,#1208,#1209,#1210,#1211,#1212,#1213,#1214,#1215,#1216,
#1217,#1218,#1219,#1220),.UNSPECIFIED.,.F.,.F.)
B_SPLINE_CURVE_WITH_KNOTS((6,1,1,1,1,1,1,1,1,1,1,1,1,1,1,1,1,1,1,1,6),(0.,
0.05,0.1,0.15,0.2,0.25,0.3,0.35,0.4,0.45,0.5,0.55,0.6,0.65,0.7,0.75,0.8,
0.85,0.9,0.95,1.),.UNSPECIFIED.)
CURVE()
GEOMETRIC_REPRESENTATION_ITEM()
RATIONAL_B_SPLINE_CURVE((1.,1.,1.,1.,1.,1.,1.,1.,1.,1.,1.,1.,1.,1.,1.,1.,
1.,1.,1.,1.,1.,1.,1.,1.,1.))
REPRESENTATION_ITEM('')
);
#24=B_SPLINE_SURFACE_WITH_KNOTS('',3,3,((#124,#125,#126,#127,#128,#129,
#130,#131,#132),(#133,#134,#135,#136,#137,#138,#139,#140,#141),(#142,#143,
#144,#145,#146,#147,#148,#149,#150),(#151,#152,#153,#154,#155,#156,#157,
#158,#159),(#160,#161,#162,#163,#164,#165,#166,#167,#168),(#169,#170,#171,
#172,#173,#174,#175,#176,#177),(#178,#179,#180,#181,#182,#183,#184,#185,
#186),(#187,#188,#189,#190,#191,#192,#193,#194,#195),(#196,#197,#198,#199,
#200,#201,#202,#203,#204),(#205,#206,#207,#208,#209,#210,#211,#212,#213),
(#214,#215,#216,#217,#218,#219,#220,#221,#222),(#223,#224,#225,#226,#227,
#228,#229,#230,#231),(#232,#233,#234,#235,#236,#237,#238,#239,#240),(#241,
#242,#243,#244,#245,#246,#247,#248,#249)),.UNSPECIFIED.,.F.,.F.,.F.,(4,
1,1,1,1,1,1,1,1,1,1,4),(4,1,1,1,1,1,4),(0.,0.142857142857143,0.285714285714286,
0.428571428571429,0.523809523809524,0.571428571428571,0.666666666666667,
0.714285714285714,0.785714285714286,0.857142857142857,0.928571428571429,
1.),(0.,0.142857142857143,0.285714285714286,0.428571428571429,0.571428571428571,
0.857142857142857,1.),.UNSPECIFIED.);
#25=B_SPLINE_SURFACE_WITH_KNOTS('',3,3,((#304,#305,#306,#307,#308,#309,
#310,#311,#312),(#313,#314,#315,#316,#317,#318,#319,#320,#321),(#322,#323,
#324,#325,#326,#327,#328,#329,#330),(#331,#332,#333,#334,#335,#336,#337,
#338,#339),(#340,#341,#342,#343,#344,#345,#346,#347,#348),(#349,#350,#351,
#352,#353,#354,#355,#356,#357),(#358,#359,#360,#361,#362,#363,#364,#365,
#366),(#367,#368,#369,#370,#371,#372,#373,#374,#375),(#376,#377,#378,#379,
#380,#381,#382,#383,#384),(#385,#386,#387,#388,#389,#390,#391,#392,#393),
(#394,#395,#396,#397,#398,#399,#400,#401,#402),(#403,#404,#405,#406,#407,
#408,#409,#410,#411),(#412,#413,#414,#415,#416,#417,#418,#419,#420),(#421,
#422,#423,#424,#425,#426,#427,#428,#429),(#430,#431,#432,#433,#434,#435,
#436,#437,#438),(#439,#440,#441,#442,#443,#444,#445,#446,#447),(#448,#449,
#450,#451,#452,#453,#454,#455,#456),(#457,#458,#459,#460,#461,#462,#463,
#464,#465),(#466,#467,#468,#469,#470,#471,#472,#473,#474),(#475,#476,#477,
#478,#479,#480,#481,#482,#483),(#484,#485,#486,#487,#488,#489,#490,#491,
#492),(#493,#494,#495,#496,#497,#498,#499,#500,#501),(#502,#503,#504,#505,
#506,#507,#508,#509,#510),(#511,#512,#513,#514,#515,#516,#517,#518,#519),
(#520,#521,#522,#523,#524,#525,#526,#527,#528)),.UNSPECIFIED.,.F.,.F.,.F.,
(4,1,1,1,1,1,1,1,1,1,1,1,1,1,1,1,1,1,1,1,1,1,4),(4,1,1,1,1,1,4),(0.,0.0714285714285714,
0.107142857142857,0.142857142857143,0.238095238095238,0.261904761904762,
0.273809523809524,0.285714285714286,0.333333333333333,0.380952380952381,
0.428571428571429,0.5,0.571428571428571,0.589285714285714,0.607142857142857,
0.642857142857143,0.678571428571428,0.714285714285714,0.75,0.785714285714286,
0.857142857142857,0.928571428571429,1.),(0.,0.142857142857143,0.285714285714286,
0.428571428571429,0.571428571428571,0.857142857142857,1.),.UNSPECIFIED.);
#26=B_SPLINE_SURFACE_WITH_KNOTS('',3,3,((#602,#603,#604,#605,#606,#607,
#608,#609,#610,#611,#612,#613,#614,#615,#616,#617,#618,#619,#620,#621,#622,
#623),(#624,#625,#626,#627,#628,#629,#630,#631,#632,#633,#634,#635,#636,
#637,#638,#639,#640,#641,#642,#643,#644,#645),(#646,#647,#648,#649,#650,
#651,#652,#653,#654,#655,#656,#657,#658,#659,#660,#661,#662,#663,#664,#665,
#666,#667),(#668,#669,#670,#671,#672,#673,#674,#675,#676,#677,#678,#679,
#680,#681,#682,#683,#684,#685,#686,#687,#688,#689),(#690,#691,#692,#693,
#694,#695,#696,#697,#698,#699,#700,#701,#702,#703,#704,#705,#706,#707,#708,
#709,#710,#711),(#712,#713,#714,#715,#716,#717,#718,#719,#720,#721,#722,
#723,#724,#725,#726,#727,#728,#729,#730,#731,#732,#733),(#734,#735,#736,
#737,#738,#739,#740,#741,#742,#743,#744,#745,#746,#747,#748,#749,#750,#751,
#752,#753,#754,#755),(#756,#757,#758,#759,#760,#761,#762,#763,#764,#765,
#766,#767,#768,#769,#770,#771,#772,#773,#774,#775,#776,#777),(#778,#779,
#780,#781,#782,#783,#784,#785,#786,#787,#788,#789,#790,#791,#792,#793,#794,
#795,#796,#797,#798,#799),(#800,#801,#802,#803,#804,#805,#806,#807,#808,
#809,#810,#811,#812,#813,#814,#815,#816,#817,#818,#819,#820,#821),(#822,
#823,#824,#825,#826,#827,#828,#829,#830,#831,#832,#833,#834,#835,#836,#837,
#838,#839,#840,#841,#842,#843),(#844,#845,#846,#847,#848,#849,#850,#851,
#852,#853,#854,#855,#856,#857,#858,#859,#860,#861,#862,#863,#864,#865),
(#866,#867,#868,#869,#870,#871,#872,#873,#874,#875,#876,#877,#878,#879,
#880,#881,#882,#883,#884,#885,#886,#887),(#888,#889,#890,#891,#892,#893,
#894,#895,#896,#897,#898,#899,#900,#901,#902,#903,#904,#905,#906,#907,#908,
#909),(#910,#911,#912,#913,#914,#915,#916,#917,#918,#919,#920,#921,#922,
#923,#924,#925,#926,#927,#928,#929,#930,#931),(#932,#933,#934,#935,#936,
#937,#938,#939,#940,#941,#942,#943,#944,#945,#946,#947,#948,#949,#950,#951,
#952,#953),(#954,#955,#956,#957,#958,#959,#960,#961,#962,#963,#964,#965,
#966,#967,#968,#969,#970,#971,#972,#973,#974,#975),(#976,#977,#978,#979,
#980,#981,#982,#983,#984,#985,#986,#987,#988,#989,#990,#991,#992,#993,#994,
#995,#996,#997),(#998,#999,#1000,#1001,#1002,#1003,#1004,#1005,#1006,#1007,
#1008,#1009,#1010,#1011,#1012,#1013,#1014,#1015,#1016,#1017,#1018,#1019),
(#1020,#1021,#1022,#1023,#1024,#1025,#1026,#1027,#1028,#1029,#1030,#1031,
#1032,#1033,#1034,#1035,#1036,#1037,#1038,#1039,#1040,#1041),(#1042,#1043,
#1044,#1045,#1046,#1047,#1048,#1049,#1050,#1051,#1052,#1053,#1054,#1055,
#1056,#1057,#1058,#1059,#1060,#1061,#1062,#1063),(#1064,#1065,#1066,#1067,
#1068,#1069,#1070,#1071,#1072,#1073,#1074,#1075,#1076,#1077,#1078,#1079,
#1080,#1081,#1082,#1083,#1084,#1085),(#1086,#1087,#1088,#1089,#1090,#1091,
#1092,#1093,#1094,#1095,#1096,#1097,#1098,#1099,#1100,#1101,#1102,#1103,
#1104,#1105,#1106,#1107),(#1108,#1109,#1110,#1111,#1112,#1113,#1114,#1115,
#1116,#1117,#1118,#1119,#1120,#1121,#1122,#1123,#1124,#1125,#1126,#1127,
#1128,#1129),(#1130,#1131,#1132,#1133,#1134,#1135,#1136,#1137,#1138,#1139,
#1140,#1141,#1142,#1143,#1144,#1145,#1146,#1147,#1148,#1149,#1150,#1151),
(#1152,#1153,#1154,#1155,#1156,#1157,#1158,#1159,#1160,#1161,#1162,#1163,
#1164,#1165,#1166,#1167,#1168,#1169,#1170,#1171,#1172,#1173),(#1174,#1175,
#1176,#1177,#1178,#1179,#1180,#1181,#1182,#1183,#1184,#1185,#1186,#1187,
#1188,#1189,#1190,#1191,#1192,#1193,#1194,#1195)),.UNSPECIFIED.,.F.,.F.,
 .F.,(4,1,1,1,1,1,1,2,1,1,1,1,1,1,1,1,1,1,1,1,1,1,1,4),(4,1,1,1,2,1,1,1,
2,1,1,1,2,1,1,1,4),(0.,0.1176698857953,0.235339771590601,0.353009657385901,
0.411844600283551,0.470679543181202,0.529514486078852,0.588349428976502,
0.629514486078852,0.670679543181201,0.680970807456789,0.691262071732376,
0.701553336007964,0.711844600283551,0.753009657385901,0.794174714488251,
0.804465978763838,0.814757243039426,0.825048507315013,0.835339771590601,
0.876504828692951,0.9176698857953,0.95883494289765,1.),(0.,0.0625161455437398,
0.125030284420638,0.187543031351357,0.250054942000843,0.312556706199658,
0.375059629128832,0.437563722821123,0.500068501704792,0.562564994924545,
0.625061038721824,0.687555159225465,0.750046897251636,0.812530252590916,
0.875014125592693,0.937502618167292,1.),.UNSPECIFIED.);
#27=B_SPLINE_SURFACE_WITH_KNOTS('',3,3,((#1240,#1241,#1242,#1243,#1244,
#1245,#1246,#1247,#1248,#1249,#1250,#1251,#1252,#1253,#1254,#1255,#1256,
#1257,#1258,#1259,#1260,#1261),(#1262,#1263,#1264,#1265,#1266,#1267,#1268,
#1269,#1270,#1271,#1272,#1273,#1274,#1275,#1276,#1277,#1278,#1279,#1280,
#1281,#1282,#1283),(#1284,#1285,#1286,#1287,#1288,#1289,#1290,#1291,#1292,
#1293,#1294,#1295,#1296,#1297,#1298,#1299,#1300,#1301,#1302,#1303,#1304,
#1305),(#1306,#1307,#1308,#1309,#1310,#1311,#1312,#1313,#1314,#1315,#1316,
#1317,#1318,#1319,#1320,#1321,#1322,#1323,#1324,#1325,#1326,#1327),(#1328,
#1329,#1330,#1331,#1332,#1333,#1334,#1335,#1336,#1337,#1338,#1339,#1340,
#1341,#1342,#1343,#1344,#1345,#1346,#1347,#1348,#1349),(#1350,#1351,#1352,
#1353,#1354,#1355,#1356,#1357,#1358,#1359,#1360,#1361,#1362,#1363,#1364,
#1365,#1366,#1367,#1368,#1369,#1370,#1371),(#1372,#1373,#1374,#1375,#1376,
#1377,#1378,#1379,#1380,#1381,#1382,#1383,#1384,#1385,#1386,#1387,#1388,
#1389,#1390,#1391,#1392,#1393),(#1394,#1395,#1396,#1397,#1398,#1399,#1400,
#1401,#1402,#1403,#1404,#1405,#1406,#1407,#1408,#1409,#1410,#1411,#1412,
#1413,#1414,#1415),(#1416,#1417,#1418,#1419,#1420,#1421,#1422,#1423,#1424,
#1425,#1426,#1427,#1428,#1429,#1430,#1431,#1432,#1433,#1434,#1435,#1436,
#1437),(#1438,#1439,#1440,#1441,#1442,#1443,#1444,#1445,#1446,#1447,#1448,
#1449,#1450,#1451,#1452,#1453,#1454,#1455,#1456,#1457,#1458,#1459),(#1460,
#1461,#1462,#1463,#1464,#1465,#1466,#1467,#1468,#1469,#1470,#1471,#1472,
#1473,#1474,#1475,#1476,#1477,#1478,#1479,#1480,#1481),(#1482,#1483,#1484,
#1485,#1486,#1487,#1488,#1489,#1490,#1491,#1492,#1493,#1494,#1495,#1496,
#1497,#1498,#1499,#1500,#1501,#1502,#1503),(#1504,#1505,#1506,#1507,#1508,
#1509,#1510,#1511,#1512,#1513,#1514,#1515,#1516,#1517,#1518,#1519,#1520,
#1521,#1522,#1523,#1524,#1525),(#1526,#1527,#1528,#1529,#1530,#1531,#1532,
#1533,#1534,#1535,#1536,#1537,#1538,#1539,#1540,#1541,#1542,#1543,#1544,
#1545,#1546,#1547)),.UNSPECIFIED.,.F.,.F.,.F.,(4,1,1,1,1,1,1,1,1,1,1,4),
(4,1,1,1,2,1,1,1,2,1,1,1,2,1,1,1,4),(0.,0.0714285714285714,0.142857142857143,
0.214285714285714,0.285714285714286,0.357142857142857,0.428571428571429,
0.571428571428571,0.714285714285714,0.857142857142857,0.928571428571429,
1.),(0.,0.0625161455437398,0.125030284420638,0.187543031351357,0.250054942000843,
0.312556706199658,0.375059629128832,0.437563722821123,0.500068501704792,
0.562564994924545,0.625061038721824,0.687555159225465,0.750046897251636,
0.812530252590916,0.875014125592693,0.937502618167292,1.),.UNSPECIFIED.);
#28=FACE_OUTER_BOUND('',#34,.T.);
#29=FACE_OUTER_BOUND('',#35,.T.);
#30=FACE_OUTER_BOUND('',#36,.T.);
#31=FACE_OUTER_BOUND('',#37,.T.);
#32=FACE_OUTER_BOUND('',#38,.T.);
#33=FACE_OUTER_BOUND('',#39,.T.);
#34=EDGE_LOOP('',(#60,#61));
#35=EDGE_LOOP('',(#62,#63,#64,#65,#66));
#36=EDGE_LOOP('',(#67,#68,#69,#70));
#37=EDGE_LOOP('',(#71,#72));
#38=EDGE_LOOP('',(#73,#74,#75,#76));
#39=EDGE_LOOP('',(#77,#78,#79,#80,#81));
#40=CIRCLE('',#105,50.);
#41=CIRCLE('',#106,50.);
#42=VERTEX_POINT('',#120);
#43=VERTEX_POINT('',#121);
#44=VERTEX_POINT('',#250);
#45=VERTEX_POINT('',#261);
#46=VERTEX_POINT('',#277);
#47=VERTEX_POINT('',#555);
#48=VERTEX_POINT('',#556);
#49=EDGE_CURVE('',#42,#43,#40,.T.);
#50=EDGE_CURVE('',#43,#42,#41,.T.);
#51=EDGE_CURVE('',#43,#44,#16,.T.);
#52=EDGE_CURVE('',#44,#45,#17,.T.);
#53=EDGE_CURVE('',#45,#46,#18,.T.);
#54=EDGE_CURVE('',#42,#46,#19,.T.);
#55=EDGE_CURVE('',#46,#44,#20,.T.);
#56=EDGE_CURVE('',#47,#48,#21,.T.);
#57=EDGE_CURVE('',#48,#47,#22,.T.);
#58=EDGE_CURVE('',#46,#47,#23,.T.);
#59=EDGE_CURVE('',#44,#48,#15,.T.);
#60=ORIENTED_EDGE('',*,*,#49,.F.);
#61=ORIENTED_EDGE('',*,*,#50,.F.);
#62=ORIENTED_EDGE('',*,*,#49,.T.);
#63=ORIENTED_EDGE('',*,*,#51,.T.);
#64=ORIENTED_EDGE('',*,*,#52,.T.);
#65=ORIENTED_EDGE('',*,*,#53,.T.);
#66=ORIENTED_EDGE('',*,*,#54,.F.);
#67=ORIENTED_EDGE('',*,*,#50,.T.);
#68=ORIENTED_EDGE('',*,*,#54,.T.);
#69=ORIENTED_EDGE('',*,*,#55,.T.);
#70=ORIENTED_EDGE('',*,*,#51,.F.);
#71=ORIENTED_EDGE('',*,*,#56,.F.);
#72=ORIENTED_EDGE('',*,*,#57,.F.);
#73=ORIENTED_EDGE('',*,*,#55,.F.);
#74=ORIENTED_EDGE('',*,*,#58,.T.);
#75=ORIENTED_EDGE('',*,*,#56,.T.);
#76=ORIENTED_EDGE('',*,*,#59,.F.);
#77=ORIENTED_EDGE('',*,*,#52,.F.);
#78=ORIENTED_EDGE('',*,*,#59,.T.);
#79=ORIENTED_EDGE('',*,*,#57,.T.);
#80=ORIENTED_EDGE('',*,*,#58,.F.);
#81=ORIENTED_EDGE('',*,*,#53,.F.);
#82=PLANE('',#104);
#83=PLANE('',#107);
#84=ADVANCED_FACE('',(#28),#82,.F.);
#85=ADVANCED_FACE('',(#29),#24,.T.);
#86=ADVANCED_FACE('',(#30),#25,.T.);
#87=ADVANCED_FACE('',(#31),#83,.T.);
#88=ADVANCED_FACE('',(#32),#26,.F.);
#89=ADVANCED_FACE('',(#33),#27,.F.);
#90=CLOSED_SHELL('',(#84,#85,#86,#87,#88,#89));
#91=DERIVED_UNIT_ELEMENT(#93,1.);
#92=DERIVED_UNIT_ELEMENT(#1553,-3.);
#93=(
MASS_UNIT()
NAMED_UNIT(*)
SI_UNIT(.KILO.,.GRAM.)
);
#94=DERIVED_UNIT((#91,#92));
#95=MEASURE_REPRESENTATION_ITEM('density measure',
POSITIVE_RATIO_MEASURE(7850.),#94);
#96=PROPERTY_DEFINITION_REPRESENTATION(#101,#98);
#97=PROPERTY_DEFINITION_REPRESENTATION(#102,#99);
#98=REPRESENTATION('material name',(#100),#1550);
#99=REPRESENTATION('density',(#95),#1550);
#100=DESCRIPTIVE_REPRESENTATION_ITEM('Steel','Steel');
#101=PROPERTY_DEFINITION('material property','material name',#1560);
#102=PROPERTY_DEFINITION('material property','density of part',#1560);
#103=AXIS2_PLACEMENT_3D('',#118,#108,#109);
#104=AXIS2_PLACEMENT_3D('',#119,#110,#111);
#105=AXIS2_PLACEMENT_3D('',#122,#112,#113);
#106=AXIS2_PLACEMENT_3D('',#123,#114,#115);
#107=AXIS2_PLACEMENT_3D('',#554,#116,#117);
#108=DIRECTION('axis',(0.,0.,1.));
#109=DIRECTION('refdir',(1.,0.,0.));
#110=DIRECTION('center_axis',(0.,1.,0.));
#111=DIRECTION('ref_axis',(0.,0.,1.));
#112=DIRECTION('center_axis',(0.,1.,0.));
#113=DIRECTION('ref_axis',(1.,0.,0.));
#114=DIRECTION('center_axis',(0.,1.,0.));
#115=DIRECTION('ref_axis',(1.,0.,0.));
#116=DIRECTION('center_axis',(-3.93575081194753E-16,1.,1.26027168594976E-15));
#117=DIRECTION('ref_axis',(0.,-1.26027168594976E-15,1.));
#118=CARTESIAN_POINT('',(0.,0.,0.));
#119=CARTESIAN_POINT('Origin',(46.9846310392954,-200.,17.1010071662834));
#120=CARTESIAN_POINT('',(93.9692620785908,-200.,34.2020143325669));
#121=CARTESIAN_POINT('',(0.,-200.,-6.66133814775094E-15));
#122=CARTESIAN_POINT('Origin',(46.9846310392954,-200.,17.1010071662834));
#123=CARTESIAN_POINT('Origin',(46.9846310392954,-200.,17.1010071662834));
#124=CARTESIAN_POINT('Ctrl Pts',(93.9692620785908,-200.,34.2020143325668));
#125=CARTESIAN_POINT('Ctrl Pts',(95.2407724007099,-191.658554293135,36.058140985851));
#126=CARTESIAN_POINT('Ctrl Pts',(98.6184372979196,-174.667580930446,39.7111264894894));
#127=CARTESIAN_POINT('Ctrl Pts',(106.31104233919,-148.211778110639,45.0041257356855));
#128=CARTESIAN_POINT('Ctrl Pts',(116.901424745406,-120.686354437439,50.0913548022776));
#129=CARTESIAN_POINT('Ctrl Pts',(135.16228361065,-82.4575135329776,56.58032212529));
#130=CARTESIAN_POINT('Ctrl Pts',(159.186654192336,-42.1012585647014,62.6600244524362));
#131=CARTESIAN_POINT('Ctrl Pts',(180.485371007459,-10.6231993557589,66.98685835488));
#132=CARTESIAN_POINT('Ctrl Pts',(187.938524157182,0.,68.4040286651337));
#133=CARTESIAN_POINT('Ctrl Pts',(96.5275667682376,-200.,27.1731299656774));
#134=CARTESIAN_POINT('Ctrl Pts',(97.6992186278907,-191.642843576227,29.3136911556138));
#135=CARTESIAN_POINT('Ctrl Pts',(100.67155272579,-174.614468647452,33.427316893636));
#136=CARTESIAN_POINT('Ctrl Pts',(107.242654396318,-148.098083106959,39.1572957939216));
#137=CARTESIAN_POINT('Ctrl Pts',(116.305688208715,-120.521056366769,44.4993437267643));
#138=CARTESIAN_POINT('Ctrl Pts',(132.130851015146,-82.2533309449139,51.1805226652379));
#139=CARTESIAN_POINT('Ctrl Pts',(153.335287601915,-41.9299908676398,57.374572062284));
#140=CARTESIAN_POINT('Ctrl Pts',(172.550342205729,-10.5708474589995,61.9433216116437));
#141=CARTESIAN_POINT('Ctrl Pts',(179.329907361679,0.,63.4703341550259));
#142=CARTESIAN_POINT('Ctrl Pts',(98.4356312954643,-200.,11.9543742334538));
#143=CARTESIAN_POINT('Ctrl Pts',(99.3980651854599,-191.572139947299,14.4658009790978));
#144=CARTESIAN_POINT('Ctrl Pts',(101.653849492865,-174.406389487996,19.2841037995617));
#145=CARTESIAN_POINT('Ctrl Pts',(106.379935809853,-147.717105132172,25.9645179017124));
#146=CARTESIAN_POINT('Ctrl Pts',(112.940638268497,-120.023665647373,32.1539116717484));
#147=CARTESIAN_POINT('Ctrl Pts',(124.70890774274,-81.7058440908436,39.8324215660554));
#148=CARTESIAN_POINT('Ctrl Pts',(141.042800381837,-41.5218116894108,46.8294701634658));
#149=CARTESIAN_POINT('Ctrl Pts',(156.413345109401,-10.4511859806924,51.8610498631768));
#150=CARTESIAN_POINT('Ctrl Pts',(161.911766727394,0.,53.5274269712338));
#151=CARTESIAN_POINT('Ctrl Pts',(91.1105657226662,-200.,-9.8671312091022));
#152=CARTESIAN_POINT('Ctrl Pts',(91.7573256903608,-191.38383213278,-7.27579557562514));
#153=CARTESIAN_POINT('Ctrl Pts',(93.2716166410463,-173.882514450523,-2.07258210296563));
#154=CARTESIAN_POINT('Ctrl Pts',(96.4689327355687,-146.830442934117,5.65777647948379));
#155=CARTESIAN_POINT('Ctrl Pts',(100.976094576153,-118.940403195388,13.1711665793328));
#156=CARTESIAN_POINT('Ctrl Pts',(109.174989385053,-80.6114978779908,22.7138100000662));
#157=CARTESIAN_POINT('Ctrl Pts',(120.623286084121,-40.7898492251544,31.3152613141316));
#158=CARTESIAN_POINT('Ctrl Pts',(131.293825004659,-10.2460520178801,36.7380457926558));
#159=CARTESIAN_POINT('Ctrl Pts',(135.100794431388,0.,38.4106381285825));
#160=CARTESIAN_POINT('Ctrl Pts',(76.8227240342558,-200.,-24.5019096641246));
#161=CARTESIAN_POINT('Ctrl Pts',(77.2109375808351,-191.174973491499,-22.1584490980548));
#162=CARTESIAN_POINT('Ctrl Pts',(78.3162551702443,-173.312004358393,-17.2203605596324));
#163=CARTESIAN_POINT('Ctrl Pts',(80.9917354970581,-145.891519585211,-9.37733088977205));
#164=CARTESIAN_POINT('Ctrl Pts',(84.8120870489153,-117.822864116628,-1.42385060707135));
#165=CARTESIAN_POINT('Ctrl Pts',(91.5473444848045,-79.5241973957518,8.89840145162178));
#166=CARTESIAN_POINT('Ctrl Pts',(100.373586082012,-40.1014772200295,18.1907887467192));
#167=CARTESIAN_POINT('Ctrl Pts',(107.768737181631,-10.058012551969,23.4955708212691));
#168=CARTESIAN_POINT('Ctrl Pts',(110.305463667303,0.,25.0272846632672));
#169=CARTESIAN_POINT('Ctrl Pts',(63.0270177251006,-200.,-30.713845450977));
#170=CARTESIAN_POINT('Ctrl Pts',(63.2499133252365,-191.012182875698,-28.6902618696872));
#171=CARTESIAN_POINT('Ctrl Pts',(64.1177137113502,-172.87070993704,-24.2947233980303));
#172=CARTESIAN_POINT('Ctrl Pts',(66.5498782287725,-145.173961571833,-17.0398290251592));
#173=CARTESIAN_POINT('Ctrl Pts',(70.0497075772169,-116.978731112921,-9.51147983663968));
#174=CARTESIAN_POINT('Ctrl Pts',(76.0142808341256,-78.7172677409699,0.376161642211865));
#175=CARTESIAN_POINT('Ctrl Pts',(83.3173395775767,-39.604521335017,9.29651635875214));
#176=CARTESIAN_POINT('Ctrl Pts',(88.7041949257137,-9.92410565957764,14.1607924768722));
#177=CARTESIAN_POINT('Ctrl Pts',(90.4519028997495,0.,15.5165277551262));
#178=CARTESIAN_POINT('Ctrl Pts',(50.7742710134095,-200.,-33.1930103958788));
#179=CARTESIAN_POINT('Ctrl Pts',(50.8786339199764,-190.880042232926,-31.4811946241915));
#180=CARTESIAN_POINT('Ctrl Pts',(51.5512179912364,-172.513630415732,-27.680986892474));
#181=CARTESIAN_POINT('Ctrl Pts',(53.7145898136564,-144.596270970282,-21.2402663944946));
#182=CARTESIAN_POINT('Ctrl Pts',(56.8518708334566,-116.302521181266,-14.4533197931784));
#183=CARTESIAN_POINT('Ctrl Pts',(62.0605713001145,-78.0758120121153,-5.46539478051549));
#184=CARTESIAN_POINT('Ctrl Pts',(68.0803348683594,-39.2143562597745,2.66830711375593));
#185=CARTESIAN_POINT('Ctrl Pts',(71.9742397750594,-9.81963928962701,6.99487631954181));
#186=CARTESIAN_POINT('Ctrl Pts',(73.1522207933108,0.,8.17586370461999));
#187=CARTESIAN_POINT('Ctrl Pts',(40.692457911418,-200.,-32.9421299174801));
#188=CARTESIAN_POINT('Ctrl Pts',(40.7193550034115,-190.779780890151,-31.507178643373));
#189=CARTESIAN_POINT('Ctrl Pts',(41.2273977936098,-172.24344816492,-28.2821166292163));
#190=CARTESIAN_POINT('Ctrl Pts',(43.0798570554757,-144.161120880898,-22.7356144303759));
#191=CARTESIAN_POINT('Ctrl Pts',(45.7912721236694,-115.795430060592,-16.8398520806007));
#192=CARTESIAN_POINT('Ctrl Pts',(50.2196112704052,-77.5981210678087,-8.99094702221152));
#193=CARTESIAN_POINT('Ctrl Pts',(55.1286596614716,-38.9271173705362,-1.8598731547797));
#194=CARTESIAN_POINT('Ctrl Pts',(57.9593022485735,-9.74318890070854,1.90799123803939));
#195=CARTESIAN_POINT('Ctrl Pts',(58.7541151280611,0.,2.92952533916975));
#196=CARTESIAN_POINT('Ctrl Pts',(29.789028958102,-200.,-30.1636424050144));
#197=CARTESIAN_POINT('Ctrl Pts',(29.7527500859113,-190.679051816437,-29.0514417039768));
#198=CARTESIAN_POINT('Ctrl Pts',(30.0638137317254,-171.972544250123,-26.5381778983693));
#199=CARTESIAN_POINT('Ctrl Pts',(31.4253446016584,-143.72621616558,-22.1857816563529));
#200=CARTESIAN_POINT('Ctrl Pts',(33.4568497102413,-115.290265204442,-17.5362692119146));
#201=CARTESIAN_POINT('Ctrl Pts',(36.7417173523284,-77.1246681161014,-11.320402916825));
#202=CARTESIAN_POINT('Ctrl Pts',(40.2551883795858,-38.6448513800354,-5.63748849170178));
#203=CARTESIAN_POINT('Ctrl Pts',(42.0369842664136,-9.66840047676661,-2.60705793420209));
#204=CARTESIAN_POINT('Ctrl Pts',(42.4877840550393,0.,-1.78066593716224));
#205=CARTESIAN_POINT('Ctrl Pts',(20.6930610989088,-200.,-25.9233515428627));
#206=CARTESIAN_POINT('Ctrl Pts',(20.6200290914486,-190.600649026042,-25.0991337618646));
#207=CARTESIAN_POINT('Ctrl Pts',(20.7537436221489,-171.762013664779,-23.2444343623526));
#208=CARTESIAN_POINT('Ctrl Pts',(21.5994494578673,-143.389093350069,-20.0426145108756));
#209=CARTESIAN_POINT('Ctrl Pts',(22.9108847927612,-114.899684049383,-16.6221659088176));
#210=CARTESIAN_POINT('Ctrl Pts',(25.0323006276799,-76.7600952102465,-12.0372088558002));
#211=CARTESIAN_POINT('Ctrl Pts',(27.2405108883582,-38.428995856017,-7.80975035778896));
#212=CARTESIAN_POINT('Ctrl Pts',(28.2116414978654,-9.61141882042986,-5.49478826595578));
#213=CARTESIAN_POINT('Ctrl Pts',(28.4231196841122,0.,-4.85117430157584));
#214=CARTESIAN_POINT('Ctrl Pts',(11.778705080925,-200.,-18.9934942550535));
#215=CARTESIAN_POINT('Ctrl Pts',(11.6938522414895,-190.531926285049,-18.480030875087));
#216=CARTESIAN_POINT('Ctrl Pts',(11.6653279621342,-171.577761099073,-17.3485244833615));
#217=CARTESIAN_POINT('Ctrl Pts',(11.9427139408512,-143.09479612336,-15.4379992755012));
#218=CARTESIAN_POINT('Ctrl Pts',(12.4468062031745,-114.559594438149,-13.4146787792102));
#219=CARTESIAN_POINT('Ctrl Pts',(13.2913250962785,-76.4439519480642,-10.7003813944175));
#220=CARTESIAN_POINT('Ctrl Pts',(14.1558972208609,-38.243127329598,-8.15867158981252));
#221=CARTESIAN_POINT('Ctrl Pts',(14.4410947610842,-9.56253924335355,-6.67686537518525));
#222=CARTESIAN_POINT('Ctrl Pts',(14.477088411341,0.,-6.24669050602955));
#223=CARTESIAN_POINT('Ctrl Pts',(4.62933007121481,-200.,-10.2549876589942));
#224=CARTESIAN_POINT('Ctrl Pts',(4.56551486580156,-190.487133219033,-10.0243496576636));
#225=CARTESIAN_POINT('Ctrl Pts',(4.46576703185296,-171.457828811438,-9.54059120341674));
#226=CARTESIAN_POINT('Ctrl Pts',(4.38020095429195,-142.903660920693,-8.76864459341612));
#227=CARTESIAN_POINT('Ctrl Pts',(4.33935418672349,-114.339219935281,-7.97206994753916));
#228=CARTESIAN_POINT('Ctrl Pts',(4.31834767493496,-76.2398410805467,-6.90581299525406));
#229=CARTESIAN_POINT('Ctrl Pts',(4.29895635399507,-38.123882448206,-5.87589237121553));
#230=CARTESIAN_POINT('Ctrl Pts',(4.20969667342186,-9.53128836620635,-5.19404807419396));
#231=CARTESIAN_POINT('Ctrl Pts',(4.16797877523777,0.,-4.9803600980439));
#232=CARTESIAN_POINT('Ctrl Pts',(1.27915234482339,-200.,-3.51444218344471));
#233=CARTESIAN_POINT('Ctrl Pts',(1.25348921995363,-190.47619047619,-3.4439333273524));
#234=CARTESIAN_POINT('Ctrl Pts',(1.20264667024763,-171.428571428572,-3.30276371376118));
#235=CARTESIAN_POINT('Ctrl Pts',(1.12548394478068,-142.857142857145,-3.09129158467652));
#236=CARTESIAN_POINT('Ctrl Pts',(1.04822879203627,-114.28571428572,-2.87984848150149));
#237=CARTESIAN_POINT('Ctrl Pts',(0.94496787183188,-76.190476190485,-2.59800412588894));
#238=CARTESIAN_POINT('Ctrl Pts',(0.842417352311997,-38.0952380952467,-2.31593667568104));
#239=CARTESIAN_POINT('Ctrl Pts',(0.765889847428241,-9.52380952381217,-2.10426506159863));
#240=CARTESIAN_POINT('Ctrl Pts',(0.740226722558484,0.,-2.03375620550633));
#241=CARTESIAN_POINT('Ctrl Pts',(0.,-200.,-6.66133814775094E-15));
#242=CARTESIAN_POINT('Ctrl Pts',(0.,-190.47619047619,-6.66133814775094E-15));
#243=CARTESIAN_POINT('Ctrl Pts',(0.,-171.428571428572,-6.38944679478151E-15));
#244=CARTESIAN_POINT('Ctrl Pts',(0.,-142.857142857145,-5.39898543753574E-15));
#245=CARTESIAN_POINT('Ctrl Pts',(0.,-114.28571428572,-4.058949483615E-15));
#246=CARTESIAN_POINT('Ctrl Pts',(0.,-76.190476190485,-2.11686839097625E-15));
#247=CARTESIAN_POINT('Ctrl Pts',(0.,-38.0952380952466,-4.0783702945414E-16));
#248=CARTESIAN_POINT('Ctrl Pts',(0.,-9.52380952381216,0.));
#249=CARTESIAN_POINT('Ctrl Pts',(0.,0.,0.));
#250=CARTESIAN_POINT('',(0.,0.,0.));
#251=CARTESIAN_POINT('Ctrl Pts',(0.,-200.,0.));
#252=CARTESIAN_POINT('Ctrl Pts',(0.,-192.,0.));
#253=CARTESIAN_POINT('Ctrl Pts',(0.,-176.,0.));
#254=CARTESIAN_POINT('Ctrl Pts',(0.,-152.000000000001,0.));
#255=CARTESIAN_POINT('Ctrl Pts',(0.,-120.000000000005,0.));
#256=CARTESIAN_POINT('Ctrl Pts',(0.,-80.0000000000089,0.));
#257=CARTESIAN_POINT('Ctrl Pts',(0.,-48.0000000000091,0.));
#258=CARTESIAN_POINT('Ctrl Pts',(0.,-24.0000000000058,0.));
#259=CARTESIAN_POINT('Ctrl Pts',(0.,-8.00000000000221,0.));
#260=CARTESIAN_POINT('Ctrl Pts',(0.,0.,0.));
#261=CARTESIAN_POINT('',(124.502776859266,0.,32.7373075023436));
#262=CARTESIAN_POINT('Ctrl Pts',(0.,0.,0.));
#263=CARTESIAN_POINT('Ctrl Pts',(0.414526964632751,0.,-1.13890347508355));
#264=CARTESIAN_POINT('Ctrl Pts',(1.7427072825903,0.,-3.12680622960831));
#265=CARTESIAN_POINT('Ctrl Pts',(5.2324489892174,0.,-5.23893520424372));
#266=CARTESIAN_POINT('Ctrl Pts',(12.6535788899868,0.,-6.38534473872269));
#267=CARTESIAN_POINT('Ctrl Pts',(25.3165609100725,0.,-5.426225825942));
#268=CARTESIAN_POINT('Ctrl Pts',(39.8964853633362,0.,-2.56836567602026));
#269=CARTESIAN_POINT('Ctrl Pts',(55.1460116909966,0.,1.71080021782888));
#270=CARTESIAN_POINT('Ctrl Pts',(70.325596264694,0.,7.0266934232251));
#271=CARTESIAN_POINT('Ctrl Pts',(85.0361733316899,0.,13.0670724946617));
#272=CARTESIAN_POINT('Ctrl Pts',(98.8799671946603,0.,19.4649590321699));
#273=CARTESIAN_POINT('Ctrl Pts',(109.472757157852,0.,24.7841246298289));
#274=CARTESIAN_POINT('Ctrl Pts',(117.168002135691,0.,28.8108318332563));
#275=CARTESIAN_POINT('Ctrl Pts',(122.149388111815,0.,31.4704123692956));
#276=CARTESIAN_POINT('Ctrl Pts',(124.502776859266,0.,32.7373075023436));
#277=CARTESIAN_POINT('',(187.938524157182,0.,68.4040286651337));
#278=CARTESIAN_POINT('Ctrl Pts',(124.502776859266,0.,32.7373075023436));
#279=CARTESIAN_POINT('Ctrl Pts',(124.749260418144,0.,32.8699965115253));
#280=CARTESIAN_POINT('Ctrl Pts',(127.593923569318,0.,34.4026848673801));
#281=CARTESIAN_POINT('Ctrl Pts',(132.999899950129,0.,37.3442202995642));
#282=CARTESIAN_POINT('Ctrl Pts',(140.894364648674,0.,41.7057799444813));
#283=CARTESIAN_POINT('Ctrl Pts',(151.195158103311,0.,47.4809408489299));
#284=CARTESIAN_POINT('Ctrl Pts',(163.597732529892,0.,54.5049100090539));
#285=CARTESIAN_POINT('Ctrl Pts',(173.401839192391,0.,60.0888453644321));
#286=CARTESIAN_POINT('Ctrl Pts',(180.693794565314,0.,64.2548931525167));
#287=CARTESIAN_POINT('Ctrl Pts',(185.528111454441,0.,67.0225942023035));
#288=CARTESIAN_POINT('Ctrl Pts',(187.938524157182,0.,68.4040286651337));
#289=CARTESIAN_POINT('Ctrl Pts',(93.9692620785908,-200.,34.2020143325668));
#290=CARTESIAN_POINT('Ctrl Pts',(94.5032964138809,-196.496592803117,34.9815875269462));
#291=CARTESIAN_POINT('Ctrl Pts',(95.695073675159,-189.444115381552,36.5319494109913));
#292=CARTESIAN_POINT('Ctrl Pts',(97.8538804583363,-178.72840458506,38.8311376493118));
#293=CARTESIAN_POINT('Ctrl Pts',(101.486652375262,-164.162341517493,41.8431549174951));
#294=CARTESIAN_POINT('Ctrl Pts',(107.364091063862,-145.46144657954,45.5132739558242));
#295=CARTESIAN_POINT('Ctrl Pts',(114.674986679708,-126.231437348557,49.0816037080105));
#296=CARTESIAN_POINT('Ctrl Pts',(123.499288876878,-106.442802993868,52.542466976453));
#297=CARTESIAN_POINT('Ctrl Pts',(133.817159049557,-86.1028662956119,55.8972724937586));
#298=CARTESIAN_POINT('Ctrl Pts',(145.515450281602,-65.253391780806,59.1540547837409));
#299=CARTESIAN_POINT('Ctrl Pts',(158.463442537378,-43.9426305255335,62.3220962314194));
#300=CARTESIAN_POINT('Ctrl Pts',(169.727873804748,-26.5595870766129,64.7921919791889));
#301=CARTESIAN_POINT('Ctrl Pts',(178.651426758063,-13.3468888792002,66.6110179055458));
#302=CARTESIAN_POINT('Ctrl Pts',(184.808199834298,-4.46174372941872,67.8088171348271));
#303=CARTESIAN_POINT('Ctrl Pts',(187.938524157182,0.,68.4040286651337));
#304=CARTESIAN_POINT('Ctrl Pts',(0.,-200.,-6.66133814775094E-15));
#305=CARTESIAN_POINT('Ctrl Pts',(0.,-190.47619047619,-6.66133814775094E-15));
#306=CARTESIAN_POINT('Ctrl Pts',(0.,-171.428571428572,-6.38944679478151E-15));
#307=CARTESIAN_POINT('Ctrl Pts',(0.,-142.857142857145,-5.39898543753575E-15));
#308=CARTESIAN_POINT('Ctrl Pts',(0.,-114.28571428572,-4.058949483615E-15));
#309=CARTESIAN_POINT('Ctrl Pts',(0.,-76.190476190485,-2.11686839097625E-15));
#310=CARTESIAN_POINT('Ctrl Pts',(0.,-38.0952380952467,-4.07837029454139E-16));
#311=CARTESIAN_POINT('Ctrl Pts',(0.,-9.52380952381216,0.));
#312=CARTESIAN_POINT('Ctrl Pts',(0.,0.,0.));
#313=CARTESIAN_POINT('Ctrl Pts',(-1.27915234482339,-200.,3.51444218344469));
#314=CARTESIAN_POINT('Ctrl Pts',(-1.25348921995363,-190.47619047619,3.44393332735239));
#315=CARTESIAN_POINT('Ctrl Pts',(-1.20117371366305,-171.428571428572,3.30331705775237));
#316=CARTESIAN_POINT('Ctrl Pts',(-1.12454038563864,-142.857142857145,3.0916460049521));
#317=CARTESIAN_POINT('Ctrl Pts',(-1.04809396066215,-114.28571428572,2.87989910646495));
#318=CARTESIAN_POINT('Ctrl Pts',(-0.946684163997788,-76.190476190485,2.59735939043424));
#319=CARTESIAN_POINT('Ctrl Pts',(-0.843826417729866,-38.0952380952467,2.31540725568421));
#320=CARTESIAN_POINT('Ctrl Pts',(-0.765889847428241,-9.52380952381216,2.10426506159863));
#321=CARTESIAN_POINT('Ctrl Pts',(-0.740226722558483,0.,2.03375620550633));
#322=CARTESIAN_POINT('Ctrl Pts',(-2.60388102802952,-200.,9.00220459754007));
#323=CARTESIAN_POINT('Ctrl Pts',(-2.53374761700865,-190.485239178871,8.83869662891343));
#324=CARTESIAN_POINT('Ctrl Pts',(-2.36288635496489,-171.452558459475,8.5219259805115));
#325=CARTESIAN_POINT('Ctrl Pts',(-2.03820355829532,-142.894745280534,8.06707643753871));
#326=CARTESIAN_POINT('Ctrl Pts',(-1.6684000811609,-114.328402795153,7.62183762223797));
#327=CARTESIAN_POINT('Ctrl Pts',(-1.14645877541887,-76.2291659864361,7.02685660056618));
#328=CARTESIAN_POINT('Ctrl Pts',(-0.635161080006629,-38.1170820652879,6.40905938207692));
#329=CARTESIAN_POINT('Ctrl Pts',(-0.342864016796186,-9.5294186556078,5.89767191278896));
#330=CARTESIAN_POINT('Ctrl Pts',(-0.259763292295458,0.,5.72013906983531));
#331=CARTESIAN_POINT('Ctrl Pts',(-3.1158856009503,-200.,16.4763615220858));
#332=CARTESIAN_POINT('Ctrl Pts',(-2.97685652190576,-190.512816177517,16.2141796652396));
#333=CARTESIAN_POINT('Ctrl Pts',(-2.56299554225469,-171.525776263829,15.7415813057383));
#334=CARTESIAN_POINT('Ctrl Pts',(-1.64263613415604,-143.00982556033,15.1363580738527));
#335=CARTESIAN_POINT('Ctrl Pts',(-0.52434542861279,-114.45940053308,14.5833635546457));
#336=CARTESIAN_POINT('Ctrl Pts',(1.09184748793399,-76.3484023509928,13.8470766553021));
#337=CARTESIAN_POINT('Ctrl Pts',(2.66153529756343,-38.1849133573133,13.0115511950504));
#338=CARTESIAN_POINT('Ctrl Pts',(3.44020283823229,-9.54691380477995,12.1598161430579));
#339=CARTESIAN_POINT('Ctrl Pts',(3.63662454482118,0.,11.8423905826822));
#340=CARTESIAN_POINT('Ctrl Pts',(-2.73693029004989,-200.,25.2088542350977));
#341=CARTESIAN_POINT('Ctrl Pts',(-2.51096834095465,-190.556048868102,24.8511709028783));
#342=CARTESIAN_POINT('Ctrl Pts',(-1.76472398633267,-171.640648068547,24.2532739783045));
#343=CARTESIAN_POINT('Ctrl Pts',(0.00653350912924845,-143.190607225281,
23.5930306100027));
#344=CARTESIAN_POINT('Ctrl Pts',(2.20913079661208,-114.665455399569,23.0531878019966));
#345=CARTESIAN_POINT('Ctrl Pts',(5.42103470924265,-76.536344344406,22.3392832317138));
#346=CARTESIAN_POINT('Ctrl Pts',(8.53753945195604,-38.2922171086096,21.4065002210289));
#347=CARTESIAN_POINT('Ctrl Pts',(10.0159320752506,-9.57464784532509,20.2027948584022));
#348=CARTESIAN_POINT('Ctrl Pts',(10.3726886532543,0.,19.7264152612772));
#349=CARTESIAN_POINT('Ctrl Pts',(-0.715473229181752,-200.,33.1494120108847));
#350=CARTESIAN_POINT('Ctrl Pts',(-0.399184777305676,-190.61330944168,32.7363114823415));
#351=CARTESIAN_POINT('Ctrl Pts',(0.708467214531025,-171.792990177281,32.1095943896876));
#352=CARTESIAN_POINT('Ctrl Pts',(3.42642379905511,-143.430879705649,31.571197880952));
#353=CARTESIAN_POINT('Ctrl Pts',(6.84920221578944,-114.939920651609,31.2374866849834));
#354=CARTESIAN_POINT('Ctrl Pts',(11.8739596930233,-76.7875527408776,30.8031120543664));
#355=CARTESIAN_POINT('Ctrl Pts',(16.7721766229395,-38.436509456042,29.9985966963831));
#356=CARTESIAN_POINT('Ctrl Pts',(19.0807808516923,-9.61207173524206,28.5410964578437));
#357=CARTESIAN_POINT('Ctrl Pts',(19.633542556832,0.,27.9278857342234));
#358=CARTESIAN_POINT('Ctrl Pts',(2.18600610607422,-200.,39.3675115732759));
#359=CARTESIAN_POINT('Ctrl Pts',(2.58292136163703,-190.671415837554,38.9328300557099));
#360=CARTESIAN_POINT('Ctrl Pts',(3.95179458439666,-171.947878305617,38.3135675458931));
#361=CARTESIAN_POINT('Ctrl Pts',(7.29378210818486,-143.675947543321,37.8856187117266));
#362=CARTESIAN_POINT('Ctrl Pts',(11.5135169594263,-115.220763546182,37.707344647682));
#363=CARTESIAN_POINT('Ctrl Pts',(17.7477967637066,-77.0458935719425,37.4685840215002));
#364=CARTESIAN_POINT('Ctrl Pts',(23.9085097729955,-38.5861859580679,36.7373283652209));
#365=CARTESIAN_POINT('Ctrl Pts',(26.9337426355487,-9.65108339527052,35.0876110521668));
#366=CARTESIAN_POINT('Ctrl Pts',(27.6870436678257,0.,34.3741386849972));
#367=CARTESIAN_POINT('Ctrl Pts',(3.36480718213576,-200.,41.5650281333081));
#368=CARTESIAN_POINT('Ctrl Pts',(3.79141208663125,-190.693502970728,41.125252593287));
#369=CARTESIAN_POINT('Ctrl Pts',(5.24877604065898,-172.006786208297,40.5113938571559));
#370=CARTESIAN_POINT('Ctrl Pts',(8.79329928363718,-143.769238753762,40.1208968474674));
#371=CARTESIAN_POINT('Ctrl Pts',(13.2703675801917,-115.327771969486,39.9923622216477));
#372=CARTESIAN_POINT('Ctrl Pts',(19.8993199708306,-77.144469504711,39.8134552923071));
#373=CARTESIAN_POINT('Ctrl Pts',(26.4835875241171,-38.643438312703,39.0994564372556));
#374=CARTESIAN_POINT('Ctrl Pts',(29.7686593015413,-9.66602624108591,37.381559447127));
#375=CARTESIAN_POINT('Ctrl Pts',(30.5986254320909,0.,36.63351854095));
#376=CARTESIAN_POINT('Ctrl Pts',(5.255323222242,-200.,44.7927967510352));
#377=CARTESIAN_POINT('Ctrl Pts',(5.72678990683646,-190.727543328432,44.3481300203092));
#378=CARTESIAN_POINT('Ctrl Pts',(7.30975205047911,-172.097608213582,43.7444292806377));
#379=CARTESIAN_POINT('Ctrl Pts',(11.1315045995562,-143.913161181574,43.4064557206225));
#380=CARTESIAN_POINT('Ctrl Pts',(15.9591800848874,-115.492959129669,43.3445173549736));
#381=CARTESIAN_POINT('Ctrl Pts',(23.1307455562724,-77.2967870380605,43.2425356238684));
#382=CARTESIAN_POINT('Ctrl Pts',(30.3110732477861,-38.7320491221973,42.5433169479634));
#383=CARTESIAN_POINT('Ctrl Pts',(33.98422856577,-9.6891750389727,40.7243557540303));
#384=CARTESIAN_POINT('Ctrl Pts',(34.932912785338,0.,39.9264509341994));
#385=CARTESIAN_POINT('Ctrl Pts',(8.53908510942123,-200.,49.3607087848561));
#386=CARTESIAN_POINT('Ctrl Pts',(9.07890872230716,-190.781835544516,48.9190030532173));
#387=CARTESIAN_POINT('Ctrl Pts',(10.8215722588912,-172.242598805058,48.3375058185526));
#388=CARTESIAN_POINT('Ctrl Pts',(14.9504875047337,-144.143278290285,48.0587318437441));
#389=CARTESIAN_POINT('Ctrl Pts',(20.1592410498248,-115.757484805281,48.0587254172028));
#390=CARTESIAN_POINT('Ctrl Pts',(27.9416362968367,-77.5412887981329,48.0122537169847));
#391=CARTESIAN_POINT('Ctrl Pts',(35.8538854852376,-38.8748654090642,47.2848052996645));
#392=CARTESIAN_POINT('Ctrl Pts',(40.0997899543195,-9.72656925094368,45.3182127432328));
#393=CARTESIAN_POINT('Ctrl Pts',(41.2404232197884,0.,44.4533403626056));
#394=CARTESIAN_POINT('Ctrl Pts',(13.7767710564412,-200.,54.7300777768315));
#395=CARTESIAN_POINT('Ctrl Pts',(14.4086155128432,-190.859587360143,54.3141681102303));
#396=CARTESIAN_POINT('Ctrl Pts',(16.2987158893747,-172.45060897766,53.7697569506859));
#397=CARTESIAN_POINT('Ctrl Pts',(20.5999712275607,-144.474385160966,53.5036243949335));
#398=CARTESIAN_POINT('Ctrl Pts',(26.0019229608695,-116.139213542359,53.4728854699926));
#399=CARTESIAN_POINT('Ctrl Pts',(34.1574373840404,-77.8957130911036,53.3275737224905));
#400=CARTESIAN_POINT('Ctrl Pts',(42.6905049013803,-39.0834550182235,52.4183786510962));
#401=CARTESIAN_POINT('Ctrl Pts',(47.6756267265053,-9.78141409516777,50.2609876621602));
#402=CARTESIAN_POINT('Ctrl Pts',(49.1011049869858,0.,49.3266825350115));
#403=CARTESIAN_POINT('Ctrl Pts',(20.7521305493388,-200.,60.0146394305361));
#404=CARTESIAN_POINT('Ctrl Pts',(21.4907331386507,-190.954766306858,59.6541739513801));
#405=CARTESIAN_POINT('Ctrl Pts',(23.4915460177241,-172.705766089236,59.1612391723644));
#406=CARTESIAN_POINT('Ctrl Pts',(27.7761323407573,-144.881913796733,58.8309759089593));
#407=CARTESIAN_POINT('Ctrl Pts',(33.1173464930852,-116.610619070061,58.6310460516527));
#408=CARTESIAN_POINT('Ctrl Pts',(41.3107518695602,-78.3356403846016,58.168840248095));
#409=CARTESIAN_POINT('Ctrl Pts',(50.2574799154653,-39.3445611326053,56.8839812736082));
#410=CARTESIAN_POINT('Ctrl Pts',(56.1003952482913,-9.85038564169202,54.5200341199747));
#411=CARTESIAN_POINT('Ctrl Pts',(57.8911305332692,0.,53.5315741094854));
#412=CARTESIAN_POINT('Ctrl Pts',(29.7395010576844,-200.,64.4817303924254));
#413=CARTESIAN_POINT('Ctrl Pts',(30.5969362461482,-191.067372384663,64.2206413358336));
#414=CARTESIAN_POINT('Ctrl Pts',(32.6738527004484,-173.008544986924,63.8045953780233));
#415=CARTESIAN_POINT('Ctrl Pts',(36.7760789728048,-145.367865339088,63.3142649370138));
#416=CARTESIAN_POINT('Ctrl Pts',(41.8411178965513,-117.17543233017,62.7669252472411));
#417=CARTESIAN_POINT('Ctrl Pts',(49.8032039572273,-78.8665653383451,61.7101353665418));
#418=CARTESIAN_POINT('Ctrl Pts',(59.0350193719214,-39.6634070707075,59.8166364388499));
#419=CARTESIAN_POINT('Ctrl Pts',(65.910038381812,-9.93514585549288,57.2633135935868));
#420=CARTESIAN_POINT('Ctrl Pts',(68.1641302250568,0.,56.2565809805733));
#421=CARTESIAN_POINT('Ctrl Pts',(37.9711410294432,-200.,66.4687230360524));
#422=CARTESIAN_POINT('Ctrl Pts',(38.9221009523379,-191.16238376281,66.3276394963003));
#423=CARTESIAN_POINT('Ctrl Pts',(41.0683537046849,-173.265216638661,66.0197745636279));
#424=CARTESIAN_POINT('Ctrl Pts',(45.0704744441172,-145.782952342378,65.3979847024034));
#425=CARTESIAN_POINT('Ctrl Pts',(49.9927498133891,-117.661437464778,64.5273098903531));
#426=CARTESIAN_POINT('Ctrl Pts',(57.9158400981362,-79.3284416254778,62.9195043364477));
#427=CARTESIAN_POINT('Ctrl Pts',(67.5789493094148,-39.945654855928,60.5043392151497));
#428=CARTESIAN_POINT('Ctrl Pts',(75.4649370202551,-10.0108691347341,57.8971706112009));
#429=CARTESIAN_POINT('Ctrl Pts',(78.1547574547556,0.,56.927175421947));
#430=CARTESIAN_POINT('Ctrl Pts',(43.5572262421647,-200.,67.0096281011523));
#431=CARTESIAN_POINT('Ctrl Pts',(44.5662592638843,-191.224108841811,66.9634863802217));
#432=CARTESIAN_POINT('Ctrl Pts',(46.7705914236178,-173.432620035164,66.7591681639318));
#433=CARTESIAN_POINT('Ctrl Pts',(50.7710650994007,-146.055374382979,66.1021043361804));
#434=CARTESIAN_POINT('Ctrl Pts',(55.6948651188583,-117.982315057066,65.0729826874467));
#435=CARTESIAN_POINT('Ctrl Pts',(63.7428297041714,-79.6360732854377,63.1800654379351));
#436=CARTESIAN_POINT('Ctrl Pts',(73.8474690486431,-40.1362153013994,60.5076020346689));
#437=CARTESIAN_POINT('Ctrl Pts',(82.4820107226591,-10.0623529515727,57.9378269149516));
#438=CARTESIAN_POINT('Ctrl Pts',(85.4802539813756,0.,57.0173841489949));
#439=CARTESIAN_POINT('Ctrl Pts',(47.2955982093712,-200.,67.1613214094955));
#440=CARTESIAN_POINT('Ctrl Pts',(48.3421082853506,-191.264720281223,67.1824492630801));
#441=CARTESIAN_POINT('Ctrl Pts',(50.5884515263597,-173.542951899147,67.0565944301824));
#442=CARTESIAN_POINT('Ctrl Pts',(54.604815972187,-146.235414162032,66.3933853259498));
#443=CARTESIAN_POINT('Ctrl Pts',(59.554989129114,-118.194929176486,65.2785202843536));
#444=CARTESIAN_POINT('Ctrl Pts',(67.7256698993089,-79.8406794272178,63.2242619482501));
#445=CARTESIAN_POINT('Ctrl Pts',(78.1654259187236,-40.2636867522401,60.4107957335521));
#446=CARTESIAN_POINT('Ctrl Pts',(87.3190124604003,-10.096892516112,57.8875999761939));
#447=CARTESIAN_POINT('Ctrl Pts',(90.5276063148534,0.,57.0070970134727));
#448=CARTESIAN_POINT('Ctrl Pts',(51.9735095730841,-200.,66.9570725474543));
#449=CARTESIAN_POINT('Ctrl Pts',(53.0643605353648,-191.314272700665,67.0697246560981));
#450=CARTESIAN_POINT('Ctrl Pts',(55.3691948111375,-173.677958246801,67.0611354711547));
#451=CARTESIAN_POINT('Ctrl Pts',(59.4401628088976,-146.456709269922,66.4292269475159));
#452=CARTESIAN_POINT('Ctrl Pts',(64.4749593615802,-118.457368708257,65.2532676714429));
#453=CARTESIAN_POINT('Ctrl Pts',(72.8793248230899,-80.0947739186161,63.0642554804229));
#454=CARTESIAN_POINT('Ctrl Pts',(83.8189397095785,-40.4234452651023,60.1434636034873));
#455=CARTESIAN_POINT('Ctrl Pts',(93.6591220868512,-10.1403799813729,57.7225645752688));
#456=CARTESIAN_POINT('Ctrl Pts',(97.1394433110905,0.,56.9053491667539));
#457=CARTESIAN_POINT('Ctrl Pts',(57.5242137555541,-200.,66.0849725868562));
#458=CARTESIAN_POINT('Ctrl Pts',(58.6636777798245,-191.371150260372,66.3193026069559));
#459=CARTESIAN_POINT('Ctrl Pts',(61.0480971791945,-173.833627550932,66.4873354745596));
#460=CARTESIAN_POINT('Ctrl Pts',(65.2399590165208,-146.713690731033,65.9742373436664));
#461=CARTESIAN_POINT('Ctrl Pts',(70.4591598915829,-118.764146834997,64.8245784567523));
#462=CARTESIAN_POINT('Ctrl Pts',(79.2724799178622,-80.3945938054845,62.6190456777285));
#463=CARTESIAN_POINT('Ctrl Pts',(90.9419610915617,-40.6145807140737,59.714952295369));
#464=CARTESIAN_POINT('Ctrl Pts',(101.666572221472,-10.1927652658215,57.4986372960539));
#465=CARTESIAN_POINT('Ctrl Pts',(105.486741812455,0.,56.7800792671385));
#466=CARTESIAN_POINT('Ctrl Pts',(62.9424597530932,-200.,64.5969878561127));
#467=CARTESIAN_POINT('Ctrl Pts',(64.1253535266469,-191.42479614055,64.9647937393744));
#468=CARTESIAN_POINT('Ctrl Pts',(66.5972422939939,-173.981273800681,65.3495170029203));
#469=CARTESIAN_POINT('Ctrl Pts',(70.963354363553,-146.959534240914,65.0521026150609));
#470=CARTESIAN_POINT('Ctrl Pts',(76.4476353760559,-119.059951326974,64.0498400749101));
#471=CARTESIAN_POINT('Ctrl Pts',(85.7954119822595,-80.6868877840565,62.0047706973534));
#472=CARTESIAN_POINT('Ctrl Pts',(98.321545277097,-40.8038959112208,59.2923436304781));
#473=CARTESIAN_POINT('Ctrl Pts',(109.989552836605,-10.2450503872024,57.3722649673073));
#474=CARTESIAN_POINT('Ctrl Pts',(114.163059240147,0.,56.7764084668365));
#475=CARTESIAN_POINT('Ctrl Pts',(68.1598671151865,-200.,62.5114937494981));
#476=CARTESIAN_POINT('Ctrl Pts',(69.3804200141829,-191.474564005294,63.0245225939492));
#477=CARTESIAN_POINT('Ctrl Pts',(71.9464416117482,-174.119212254715,63.668978071256));
#478=CARTESIAN_POINT('Ctrl Pts',(76.537628437612,-147.191674516689,63.6956287212904));
#479=CARTESIAN_POINT('Ctrl Pts',(82.364758813242,-119.341957860808,62.9777761407026));
#480=CARTESIAN_POINT('Ctrl Pts',(92.3682290190077,-80.9692234488457,61.2939150434271));
#481=CARTESIAN_POINT('Ctrl Pts',(105.873982137319,-40.990145371182,58.9704524368029));
#482=CARTESIAN_POINT('Ctrl Pts',(118.543030107412,-10.2969348563121,57.446329888001));
#483=CARTESIAN_POINT('Ctrl Pts',(123.083074692144,0.,56.9985508991129));
#484=CARTESIAN_POINT('Ctrl Pts',(74.7617716721074,-200.,58.9700201925185));
#485=CARTESIAN_POINT('Ctrl Pts',(76.0240594917274,-191.534888689832,59.6922746443533));
#486=CARTESIAN_POINT('Ctrl Pts',(78.7232271752027,-174.287940144035,60.742476435561));
#487=CARTESIAN_POINT('Ctrl Pts',(83.6816807191867,-147.479503528416,61.3528001412115));
#488=CARTESIAN_POINT('Ctrl Pts',(90.0695389302751,-119.695803530559,61.2068659767581));
#489=CARTESIAN_POINT('Ctrl Pts',(101.10886688774,-81.3291500428715,60.2875727577447));
#490=CARTESIAN_POINT('Ctrl Pts',(116.084148083702,-41.232729687734,58.7615699804789));
#491=CARTESIAN_POINT('Ctrl Pts',(130.163767785526,-10.3651792931591,57.9060558810805));
#492=CARTESIAN_POINT('Ctrl Pts',(135.209749000439,0.,57.6913239975441));
#493=CARTESIAN_POINT('Ctrl Pts',(82.1908090041988,-200.,53.1962461431643));
#494=CARTESIAN_POINT('Ctrl Pts',(83.4879023593249,-191.59736782739,54.2091460809027));
#495=CARTESIAN_POINT('Ctrl Pts',(86.3667702461709,-174.466156809744,55.8785432375306));
#496=CARTESIAN_POINT('Ctrl Pts',(91.9118594650467,-147.792205293436,57.5073747234164));
#497=CARTESIAN_POINT('Ctrl Pts',(99.1983597214094,-120.089494105497,58.4448934118126));
#498=CARTESIAN_POINT('Ctrl Pts',(111.840511767634,-81.7420004735129,59.0241729584849));
#499=CARTESIAN_POINT('Ctrl Pts',(128.963046016707,-41.5220683136527,59.0319082292769));
#500=CARTESIAN_POINT('Ctrl Pts',(144.94788403288,-10.4479807625234,59.2859025147146));
#501=CARTESIAN_POINT('Ctrl Pts',(150.657854071172,0.,59.4325786421783));
#502=CARTESIAN_POINT('Ctrl Pts',(89.3399235288394,-200.,44.4568650287066));
#503=CARTESIAN_POINT('Ctrl Pts',(90.6463040530607,-191.646489356228,45.8647142827772));
#504=CARTESIAN_POINT('Ctrl Pts',(93.7616344285711,-174.614229764446,48.4449141902008));
#505=CARTESIAN_POINT('Ctrl Pts',(100.234123702947,-148.071589949042,51.7186295534773));
#506=CARTESIAN_POINT('Ctrl Pts',(108.945786556227,-120.461541788794,54.4951479167953));
#507=CARTESIAN_POINT('Ctrl Pts',(124.048432197902,-82.1586692473631,57.6727833016958));
#508=CARTESIAN_POINT('Ctrl Pts',(144.280877452326,-41.8370839502302,60.3322175640734));
#509=CARTESIAN_POINT('Ctrl Pts',(162.783381059398,-10.5409320894227,62.3668540584839));
#510=CARTESIAN_POINT('Ctrl Pts',(169.338349925311,0.,63.070033080389));
#511=CARTESIAN_POINT('Ctrl Pts',(92.6901097337675,-200.,37.7164565160116));
#512=CARTESIAN_POINT('Ctrl Pts',(93.9778963956608,-191.658554293135,39.4181172501816));
#513=CARTESIAN_POINT('Ctrl Pts',(97.265784502271,-174.660101751049,42.7009999313947));
#514=CARTESIAN_POINT('Ctrl Pts',(104.522185587795,-148.180259902502,47.2954629188721));
#515=CARTESIAN_POINT('Ctrl Pts',(114.440537222443,-120.627589848552,51.5810872479686));
#516=CARTESIAN_POINT('Ctrl Pts',(131.578403418139,-82.3709744387214,56.9175073214713));
#517=CARTESIAN_POINT('Ctrl Pts',(154.270764285263,-42.0189913096714,61.7996454110129));
#518=CARTESIAN_POINT('Ctrl Pts',(174.610605507919,-10.5970234073792,65.3153375855873));
#519=CARTESIAN_POINT('Ctrl Pts',(181.759517340304,0.,66.4784971741771));
#520=CARTESIAN_POINT('Ctrl Pts',(93.9692620785908,-200.,34.2020143325669));
#521=CARTESIAN_POINT('Ctrl Pts',(95.2407724007099,-191.658554293135,36.058140985851));
#522=CARTESIAN_POINT('Ctrl Pts',(98.618438210916,-174.667580593443,39.7111264246578));
#523=CARTESIAN_POINT('Ctrl Pts',(106.311042960876,-148.211777881164,45.0041256915398));
#524=CARTESIAN_POINT('Ctrl Pts',(116.901430856711,-120.686352181649,50.0913543683159));
#525=CARTESIAN_POINT('Ctrl Pts',(135.162278744166,-82.4575153292828,56.5803224708573));
#526=CARTESIAN_POINT('Ctrl Pts',(159.186654161706,-42.1012585760075,62.6600244546113));
#527=CARTESIAN_POINT('Ctrl Pts',(180.485371007459,-10.6231993557589,66.98685835488));
#528=CARTESIAN_POINT('Ctrl Pts',(187.938524157182,0.,68.4040286651337));
#529=CARTESIAN_POINT('Ctrl Pts',(187.938524157182,0.,68.4040286651337));
#530=CARTESIAN_POINT('Ctrl Pts',(185.343341294093,0.,67.5953054389319));
#531=CARTESIAN_POINT('Ctrl Pts',(180.168464541973,0.,66.0505374029802));
#532=CARTESIAN_POINT('Ctrl Pts',(172.452616138716,0.,63.9514203587799));
#533=CARTESIAN_POINT('Ctrl Pts',(162.258132280253,0.,61.5904493856978));
#534=CARTESIAN_POINT('Ctrl Pts',(149.680980837927,0.,59.3688661786672));
#535=CARTESIAN_POINT('Ctrl Pts',(137.297285780584,0.,57.8580729010427));
#536=CARTESIAN_POINT('Ctrl Pts',(125.159245134985,0.,57.0056494654318));
#537=CARTESIAN_POINT('Ctrl Pts',(113.351629463241,0.,56.7095905653855));
#538=CARTESIAN_POINT('Ctrl Pts',(101.999603119648,0.,56.8016172003524));
#539=CARTESIAN_POINT('Ctrl Pts',(91.2775827573813,0.,57.0281015843248));
#540=CARTESIAN_POINT('Ctrl Pts',(81.3478927529392,0.,57.0806936725656));
#541=CARTESIAN_POINT('Ctrl Pts',(72.2929624708696,0.,56.6271523830538));
#542=CARTESIAN_POINT('Ctrl Pts',(64.0562420103064,0.,55.3420478735271));
#543=CARTESIAN_POINT('Ctrl Pts',(56.3574401627333,0.,52.937058651477));
#544=CARTESIAN_POINT('Ctrl Pts',(48.6707797143343,0.,49.1950764779636));
#545=CARTESIAN_POINT('Ctrl Pts',(40.4695834898792,0.,44.0100808412728));
#546=CARTESIAN_POINT('Ctrl Pts',(31.4515996183673,0.,37.4351116795485));
#547=CARTESIAN_POINT('Ctrl Pts',(21.7365194779315,0.,29.7180417936982));
#548=CARTESIAN_POINT('Ctrl Pts',(12.1770755681795,0.,21.3793914621916));
#549=CARTESIAN_POINT('Ctrl Pts',(4.19565086063287,0.,13.1293680036452));
#550=CARTESIAN_POINT('Ctrl Pts',(0.291060965955987,0.,7.17148036533152));
#551=CARTESIAN_POINT('Ctrl Pts',(-0.680165282182745,0.,3.31809996569608));
#552=CARTESIAN_POINT('Ctrl Pts',(-0.38400707312598,0.,1.05505076232449));
#553=CARTESIAN_POINT('Ctrl Pts',(0.,0.,0.));
#554=CARTESIAN_POINT('Origin',(18.3523175527195,1200.,1.27350974900772));
#555=CARTESIAN_POINT('',(39.9756330807638,1200.,1.39597986810002));
#556=CARTESIAN_POINT('',(0.,1200.,0.));
#557=CARTESIAN_POINT('Ctrl Pts',(39.9756330807638,1200.,1.39597986810002));
#558=CARTESIAN_POINT('Ctrl Pts',(39.425603680484,1200.,1.40218012959104));
#559=CARTESIAN_POINT('Ctrl Pts',(38.3335736312348,1200.,1.4276994897402));
#560=CARTESIAN_POINT('Ctrl Pts',(36.719614815085,1200.,1.50533492547088));
#561=CARTESIAN_POINT('Ctrl Pts',(34.6160387254536,1200.,1.68788390301518));
#562=CARTESIAN_POINT('Ctrl Pts',(32.0692026746536,1200.,2.04703746862431));
#563=CARTESIAN_POINT('Ctrl Pts',(29.6090367832581,1200.,2.53155343745011));
#564=CARTESIAN_POINT('Ctrl Pts',(27.242066344084,1200.,3.12751463193876));
#565=CARTESIAN_POINT('Ctrl Pts',(24.9776880447891,1200.,3.80907064273972));
#566=CARTESIAN_POINT('Ctrl Pts',(22.8286354594845,1200.,4.53448720792088));
#567=CARTESIAN_POINT('Ctrl Pts',(20.8111039773125,1200.,5.24219209106834));
#568=CARTESIAN_POINT('Ctrl Pts',(18.9350949303488,1200.,5.86148481534878));
#569=CARTESIAN_POINT('Ctrl Pts',(17.1938084717367,1200.,6.32326471929751));
#570=CARTESIAN_POINT('Ctrl Pts',(15.5547803989406,1200.,6.57019725580552));
#571=CARTESIAN_POINT('Ctrl Pts',(13.9456045998687,1200.,6.56884056460224));
#572=CARTESIAN_POINT('Ctrl Pts',(12.2537460323599,1200.,6.31713813192337));
#573=CARTESIAN_POINT('Ctrl Pts',(10.3748476930398,1200.,5.8340395844279));
#574=CARTESIAN_POINT('Ctrl Pts',(8.25725015267855,1200.,5.1523314275));
#575=CARTESIAN_POINT('Ctrl Pts',(5.94095732555192,1200.,4.31104692367694));
#576=CARTESIAN_POINT('Ctrl Pts',(3.62010407126617,1200.,3.34766005063654));
#577=CARTESIAN_POINT('Ctrl Pts',(1.60516661450185,1200.,2.29426062446379));
#578=CARTESIAN_POINT('Ctrl Pts',(0.500894165840933,1200.,1.39988675210344));
#579=CARTESIAN_POINT('Ctrl Pts',(0.0787479270421088,1200.,0.707583180910376));
#580=CARTESIAN_POINT('Ctrl Pts',(-0.00645729961676444,1200.,0.237316320447158));
#581=CARTESIAN_POINT('Ctrl Pts',(0.,1200.,0.));
#582=CARTESIAN_POINT('Ctrl Pts',(0.,1200.,0.));
#583=CARTESIAN_POINT('Ctrl Pts',(0.00673575757818234,1200.,-0.247550105887631));
#584=CARTESIAN_POINT('Ctrl Pts',(0.128425055727384,1200.,-0.705902510695862));
#585=CARTESIAN_POINT('Ctrl Pts',(0.63563030228341,1200.,-1.28318298372445));
#586=CARTESIAN_POINT('Ctrl Pts',(1.91866029368647,1200.,-1.84395415116352));
#587=CARTESIAN_POINT('Ctrl Pts',(4.30193417810232,1200.,-2.2591075243695));
#588=CARTESIAN_POINT('Ctrl Pts',(7.18396915241828,1200.,-2.46332618069136));
#589=CARTESIAN_POINT('Ctrl Pts',(10.3204600897375,1200.,-2.52060555143491));
#590=CARTESIAN_POINT('Ctrl Pts',(13.5523588374683,1200.,-2.47081898333174));
#591=CARTESIAN_POINT('Ctrl Pts',(16.7785867480238,1200.,-2.33737577038232));
#592=CARTESIAN_POINT('Ctrl Pts',(19.9457885393635,1200.,-2.13039346260214));
#593=CARTESIAN_POINT('Ctrl Pts',(23.0324659383897,1200.,-1.8516845169869));
#594=CARTESIAN_POINT('Ctrl Pts',(26.0373555492402,1200.,-1.49862880437004));
#595=CARTESIAN_POINT('Ctrl Pts',(28.9655587493642,1200.,-1.06937021589461));
#596=CARTESIAN_POINT('Ctrl Pts',(31.8213683396665,1200.,-0.564915627732958));
#597=CARTESIAN_POINT('Ctrl Pts',(34.6089950463954,1200.,0.0127464032570135));
#598=CARTESIAN_POINT('Ctrl Pts',(36.7870769602579,1200.,0.531575610765831));
#599=CARTESIAN_POINT('Ctrl Pts',(38.3922981901854,1200.,0.951779011227458));
#600=CARTESIAN_POINT('Ctrl Pts',(39.4499391382085,1200.,1.24562739308985));
#601=CARTESIAN_POINT('Ctrl Pts',(39.9756330807638,1200.,1.39597986810002));
#602=CARTESIAN_POINT('Ctrl Pts',(187.938524157182,0.,68.4040286651337));
#603=CARTESIAN_POINT('Ctrl Pts',(185.2855880404,24.9974713727421,65.8912804973118));
#604=CARTESIAN_POINT('Ctrl Pts',(179.915670819366,74.9945785184456,60.9951457575794));
#605=CARTESIAN_POINT('Ctrl Pts',(171.667189775208,149.995431469732,54.0425630688961));
#606=CARTESIAN_POINT('Ctrl Pts',(163.222555921792,224.998020285904,47.4893291188684));
#607=CARTESIAN_POINT('Ctrl Pts',(157.461166299332,274.999702196777,43.3916772771033));
#608=CARTESIAN_POINT('Ctrl Pts',(151.635599190819,324.996239083665,39.4306960659595));
#609=CARTESIAN_POINT('Ctrl Pts',(145.745406664183,374.991637991144,35.6060138393144));
#610=CARTESIAN_POINT('Ctrl Pts',(136.725585826466,449.990829364224,30.2700855077975));
#611=CARTESIAN_POINT('Ctrl Pts',(127.537123475851,524.994519590243,25.3261496274218));
#612=CARTESIAN_POINT('Ctrl Pts',(121.311524719467,574.998173583173,22.2895348839139));
#613=CARTESIAN_POINT('Ctrl Pts',(115.042747847216,624.998512767208,19.386282953026));
#614=CARTESIAN_POINT('Ctrl Pts',(108.73057055152,674.997460203467,16.6162558888331));
#615=CARTESIAN_POINT('Ctrl Pts',(99.1489238487702,749.99905807672,12.8896271060505));
#616=CARTESIAN_POINT('Ctrl Pts',(89.470119417046,825.000655411905,9.63157297119912));
#617=CARTESIAN_POINT('Ctrl Pts',(82.961828910896,875.000782782898,7.7989403967406));
#618=CARTESIAN_POINT('Ctrl Pts',(76.429752579464,924.995863504803,6.14600743744244));
#619=CARTESIAN_POINT('Ctrl Pts',(69.8735041483657,974.988904604427,4.67262779806491));
#620=CARTESIAN_POINT('Ctrl Pts',(59.9725060224847,1049.98369793352,3.01002217862413));
#621=CARTESIAN_POINT('Ctrl Pts',(50.0090255547412,1124.98731304629,1.89092458968443));
#622=CARTESIAN_POINT('Ctrl Pts',(43.3267865146721,1174.99423881572,1.50193555228576));
#623=CARTESIAN_POINT('Ctrl Pts',(39.9756330807638,1200.,1.39597986810002));
#624=CARTESIAN_POINT('Ctrl Pts',(178.590107964343,0.,65.4908307510757));
#625=CARTESIAN_POINT('Ctrl Pts',(176.073880376435,24.9976604761393,63.098059744172));
#626=CARTESIAN_POINT('Ctrl Pts',(170.976046755732,74.994968981124,58.4400832951714));
#627=CARTESIAN_POINT('Ctrl Pts',(163.1375787661,149.995778607374,51.8301865473327));
#628=CARTESIAN_POINT('Ctrl Pts',(155.110720959179,224.99816389036,45.5959147942909));
#629=CARTESIAN_POINT('Ctrl Pts',(149.636946827923,274.999726726982,41.6889792348712));
#630=CARTESIAN_POINT('Ctrl Pts',(144.10547943963,324.996214557442,37.9046809068432));
#631=CARTESIAN_POINT('Ctrl Pts',(138.515351491829,374.991614259054,34.2402435321872));
#632=CARTESIAN_POINT('Ctrl Pts',(129.958369104863,449.990871803569,29.1102520645526));
#633=CARTESIAN_POINT('Ctrl Pts',(121.240269231481,524.994608616401,24.352667541852));
#634=CARTESIAN_POINT('Ctrl Pts',(115.329778191722,574.998224228907,21.4371256313836));
#635=CARTESIAN_POINT('Ctrl Pts',(109.375114527806,624.998462128187,18.6583063876331));
#636=CARTESIAN_POINT('Ctrl Pts',(103.376812670656,674.997357171268,16.0153657993766));
#637=CARTESIAN_POINT('Ctrl Pts',(94.2670833306172,749.998970086435,12.4729396044273));
#638=CARTESIAN_POINT('Ctrl Pts',(85.0630507993581,825.000623071997,9.3782471967849));
#639=CARTESIAN_POINT('Ctrl Pts',(78.8743517514597,875.000779271512,7.63102364656087));
#640=CARTESIAN_POINT('Ctrl Pts',(72.6639657680039,924.995867015718,6.0469423362775));
#641=CARTESIAN_POINT('Ctrl Pts',(66.4320870784225,974.988968970458,4.6282959057786));
#642=CARTESIAN_POINT('Ctrl Pts',(57.0216416175286,1049.983890021,3.01308152840243));
#643=CARTESIAN_POINT('Ctrl Pts',(47.5486220924895,1124.98754422164,1.91429783442453));
#644=CARTESIAN_POINT('Ctrl Pts',(41.1905437057587,1174.99435353784,1.52588569364515));
#645=CARTESIAN_POINT('Ctrl Pts',(38.0000886794424,1200.,1.41824939018207));
#646=CARTESIAN_POINT('Ctrl Pts',(160.129770132201,0.,60.7967609946215));
#647=CARTESIAN_POINT('Ctrl Pts',(157.898046555969,24.9980730117189,58.6114801911885));
#648=CARTESIAN_POINT('Ctrl Pts',(153.358127518684,74.9958160178634,54.375178023187));
#649=CARTESIAN_POINT('Ctrl Pts',(146.34602721234,149.996521043338,48.3858613855977));
#650=CARTESIAN_POINT('Ctrl Pts',(139.157816525931,224.998457712817,42.7279413730697));
#651=CARTESIAN_POINT('Ctrl Pts',(134.266476851258,274.999769461039,39.1542676522683));
#652=CARTESIAN_POINT('Ctrl Pts',(129.336580514918,324.996171914025,35.6670706701766));
#653=CARTESIAN_POINT('Ctrl Pts',(124.348589844367,374.991580901603,32.2887204556704));
#654=CARTESIAN_POINT('Ctrl Pts',(116.701396875938,449.990968027148,27.5516296034265));
#655=CARTESIAN_POINT('Ctrl Pts',(108.904199297161,524.994789812362,23.1476307231392));
#656=CARTESIAN_POINT('Ctrl Pts',(103.617929754606,574.998325795673,20.4393687790271));
#657=CARTESIAN_POINT('Ctrl Pts',(98.2939704211174,624.998360527827,17.8522665929911));
#658=CARTESIAN_POINT('Ctrl Pts',(92.9213501355188,674.997144448591,15.4151118728938));
#659=CARTESIAN_POINT('Ctrl Pts',(84.7439802613653,749.998778295929,12.1808777039494));
#660=CARTESIAN_POINT('Ctrl Pts',(76.4748778864449,825.000542515411,9.35061929407507));
#661=CARTESIAN_POINT('Ctrl Pts',(70.9170907631262,875.000765068582,7.72163968366125));
#662=CARTESIAN_POINT('Ctrl Pts',(65.3444210095322,924.995881249898,6.21250217261202));
#663=CARTESIAN_POINT('Ctrl Pts',(59.7506478513152,974.98910840205,4.86323125542618));
#664=CARTESIAN_POINT('Ctrl Pts',(51.2961032219782,1049.98427316926,3.31674619004133));
#665=CARTESIAN_POINT('Ctrl Pts',(42.7754877082612,1124.98799440585,2.23327756797118));
#666=CARTESIAN_POINT('Ctrl Pts',(37.0485796279667,1174.99457533542,1.80753494184535));
#667=CARTESIAN_POINT('Ctrl Pts',(34.1724341503948,1200.,1.66631596055783));
#668=CARTESIAN_POINT('Ctrl Pts',(133.2206934819,0.,57.1612034537458));
#669=CARTESIAN_POINT('Ctrl Pts',(131.424374703018,24.9987327898352,55.2148940420275));
#670=CARTESIAN_POINT('Ctrl Pts',(127.74637146216,74.9971664413511,51.4602531494437));
#671=CARTESIAN_POINT('Ctrl Pts',(122.019659380648,149.997694080122,46.1702324670815));
#672=CARTESIAN_POINT('Ctrl Pts',(116.128550345228,224.998907713521,41.1534082178233));
#673=CARTESIAN_POINT('Ctrl Pts',(112.12242204842,274.999825926669,37.9450570041564));
#674=CARTESIAN_POINT('Ctrl Pts',(108.094050441871,324.996115624499,34.7808178951074));
#675=CARTESIAN_POINT('Ctrl Pts',(104.000899127535,374.991548480464,31.7375213660914));
#676=CARTESIAN_POINT('Ctrl Pts',(97.6906939473387,449.991126269979,27.4921907989846));
#677=CARTESIAN_POINT('Ctrl Pts',(91.239058842243,524.995065010263,23.5224905734779));
#678=CARTESIAN_POINT('Ctrl Pts',(86.86433010525,574.998478472083,21.0337842862088));
#679=CARTESIAN_POINT('Ctrl Pts',(82.4632921816262,624.998207747143,18.6147003848467));
#680=CARTESIAN_POINT('Ctrl Pts',(78.011457839354,674.996815900284,16.35109965806));
#681=CARTESIAN_POINT('Ctrl Pts',(71.2109634215668,749.998469459956,13.3527929079813));
#682=CARTESIAN_POINT('Ctrl Pts',(64.3162241627638,825.000401798114,10.6912363522778));
#683=CARTESIAN_POINT('Ctrl Pts',(59.6744672602725,875.000735142383,9.10125572835391));
#684=CARTESIAN_POINT('Ctrl Pts',(55.0186704119692,924.995911226823,7.58059513329823));
#685=CARTESIAN_POINT('Ctrl Pts',(50.3400252782553,974.989330483679,6.22975189078585));
#686=CARTESIAN_POINT('Ctrl Pts',(43.2495435730628,1049.98484645405,4.65699757008431));
#687=CARTESIAN_POINT('Ctrl Pts',(36.0817738736806,1124.98865488175,3.47153892650198));
#688=CARTESIAN_POINT('Ctrl Pts',(31.2478345629677,1174.9948987322,2.89312395279893));
#689=CARTESIAN_POINT('Ctrl Pts',(28.8156302190604,1200.,2.64574230751237));
#690=CARTESIAN_POINT('Ctrl Pts',(111.798044842448,0.,56.6638731799346));
#691=CARTESIAN_POINT('Ctrl Pts',(110.351253123997,24.9992655118503,54.8774536493383));
#692=CARTESIAN_POINT('Ctrl Pts',(107.387709002843,74.9982595097801,51.4177552350994));
#693=CARTESIAN_POINT('Ctrl Pts',(102.759135588089,149.998650374682,46.5117304220231));
#694=CARTESIAN_POINT('Ctrl Pts',(97.9728759736459,224.999281635731,41.8358930171394));
#695=CARTESIAN_POINT('Ctrl Pts',(94.6944964237517,274.999876192152,38.8365294024271));
#696=CARTESIAN_POINT('Ctrl Pts',(91.3825802119468,324.996065550655,35.8775887846946));
#697=CARTESIAN_POINT('Ctrl Pts',(88.0089725084572,374.991515625361,33.0441101524765));
#698=CARTESIAN_POINT('Ctrl Pts',(82.784905301449,449.991252973602,29.0975395722362));
#699=CARTESIAN_POINT('Ctrl Pts',(77.4229011678181,524.995292131408,25.3815955944018));
#700=CARTESIAN_POINT('Ctrl Pts',(73.7742618031656,574.998605541809,23.0121354789827));
#701=CARTESIAN_POINT('Ctrl Pts',(70.0975728965183,624.998080566258,20.6766760429996));
#702=CARTESIAN_POINT('Ctrl Pts',(66.3805982962948,674.996542974029,18.4650458878144));
#703=CARTESIAN_POINT('Ctrl Pts',(60.695863338595,749.998216366588,15.471359260206));
#704=CARTESIAN_POINT('Ctrl Pts',(54.9120224127672,825.00029113293,12.7609449174873));
#705=CARTESIAN_POINT('Ctrl Pts',(50.9956663919802,875.000713807901,11.1158669684215));
#706=CARTESIAN_POINT('Ctrl Pts',(47.0519228883737,924.995932621876,9.53594310794445));
#707=CARTESIAN_POINT('Ctrl Pts',(43.0868609774558,974.989510355477,8.11563711065807));
#708=CARTESIAN_POINT('Ctrl Pts',(37.0631255688781,1049.98532447128,6.39360295060393));
#709=CARTESIAN_POINT('Ctrl Pts',(30.9510779636335,1124.98921096084,5.00120914592531));
#710=CARTESIAN_POINT('Ctrl Pts',(26.8089583505543,1174.99517209229,4.23838802670764));
#711=CARTESIAN_POINT('Ctrl Pts',(24.7185473919043,1200.,3.88507375211128));
#712=CARTESIAN_POINT('Ctrl Pts',(95.8952109168735,0.,56.9322802205855));
#713=CARTESIAN_POINT('Ctrl Pts',(94.7077466600797,24.9996505353435,55.2627916623935));
#714=CARTESIAN_POINT('Ctrl Pts',(92.2800168226804,74.9990553314697,52.0056642566565));
#715=CARTESIAN_POINT('Ctrl Pts',(88.483429151593,149.999360166795,47.340844602297));
#716=CARTESIAN_POINT('Ctrl Pts',(84.5342161060185,224.99957484223,42.8743314902789));
#717=CARTESIAN_POINT('Ctrl Pts',(81.8016823074848,274.999924032465,40.0138114701532));
#718=CARTESIAN_POINT('Ctrl Pts',(79.0215680166853,324.996017832011,37.2038583937155));
#719=CARTESIAN_POINT('Ctrl Pts',(76.1856096960005,374.991473503642,34.5073398775067));
#720=CARTESIAN_POINT('Ctrl Pts',(71.7783334690028,449.991341178005,30.7313458858687));
#721=CARTESIAN_POINT('Ctrl Pts',(67.2355774298735,524.99546948253,27.152676759355));
#722=CARTESIAN_POINT('Ctrl Pts',(64.12918974873,574.998706847433,24.8531763140461));
#723=CARTESIAN_POINT('Ctrl Pts',(60.989844615855,624.997979187949,22.5767259643643));
#724=CARTESIAN_POINT('Ctrl Pts',(57.8186027556987,674.996330404751,20.386874304618));
#725=CARTESIAN_POINT('Ctrl Pts',(52.9631357192722,749.998029592529,17.35116487521));
#726=CARTESIAN_POINT('Ctrl Pts',(48.0045391390932,825.000220445212,14.5597873227328));
#727=CARTESIAN_POINT('Ctrl Pts',(44.6260556786976,875.000705367763,12.8585254984962));
#728=CARTESIAN_POINT('Ctrl Pts',(41.2093964842501,924.995941097697,11.2335657664735));
#729=CARTESIAN_POINT('Ctrl Pts',(37.7703368822924,974.989641551902,9.74459595713409));
#730=CARTESIAN_POINT('Ctrl Pts',(32.5297683313437,1049.98570790092,7.86255579597805));
#731=CARTESIAN_POINT('Ctrl Pts',(27.1930407958246,1124.98967006692,6.26838732092919));
#732=CARTESIAN_POINT('Ctrl Pts',(23.5614289273757,1174.99539997812,5.35362279155121));
#733=CARTESIAN_POINT('Ctrl Pts',(21.7244266692584,1200.,4.92251286564157));
#734=CARTESIAN_POINT('Ctrl Pts',(84.8199398807414,0.,57.0808635339656));
#735=CARTESIAN_POINT('Ctrl Pts',(83.8137465674674,24.9999110428652,55.4967278854571));
#736=CARTESIAN_POINT('Ctrl Pts',(81.757779066462,74.9995980542327,52.3873265411025));
#737=CARTESIAN_POINT('Ctrl Pts',(78.534674852118,149.999854282072,47.898346377381));
#738=CARTESIAN_POINT('Ctrl Pts',(75.1629687035192,224.999790461404,43.5848297493433));
#739=CARTESIAN_POINT('Ctrl Pts',(72.8101888345639,274.999965163474,40.8263716686394));
#740=CARTESIAN_POINT('Ctrl Pts',(70.4031264705182,324.995976779319,38.1262954193879));
#741=CARTESIAN_POINT('Ctrl Pts',(67.9437533301202,374.991430916483,35.5218180327019));
#742=CARTESIAN_POINT('Ctrl Pts',(64.1079248391694,449.991398238934,31.8453364510409));
#743=CARTESIAN_POINT('Ctrl Pts',(60.1387542187357,524.995599565759,28.3427976887258));
#744=CARTESIAN_POINT('Ctrl Pts',(57.4130331726512,574.998782586603,26.0883291824101));
#745=CARTESIAN_POINT('Ctrl Pts',(54.6518072215416,624.997903405165,23.8586764513716));
#746=CARTESIAN_POINT('Ctrl Pts',(51.860930703317,674.996175176255,21.6899941588492));
#747=CARTESIAN_POINT('Ctrl Pts',(47.5780943405033,749.997900646551,18.6346319613873));
#748=CARTESIAN_POINT('Ctrl Pts',(43.1894251527748,825.000179827134,15.7968955403883));
#749=CARTESIAN_POINT('Ctrl Pts',(40.1860168206126,875.000704969875,14.0633402077644));
#750=CARTESIAN_POINT('Ctrl Pts',(37.1405532656393,924.995941518881,12.4138341959898));
#751=CARTESIAN_POINT('Ctrl Pts',(34.0687108646093,974.989731202472,10.8778488459261));
#752=CARTESIAN_POINT('Ctrl Pts',(29.3703716317997,1049.9859962036,8.87671952555228));
#753=CARTESIAN_POINT('Ctrl Pts',(24.5709681923734,1124.99002421982,7.13458348341115));
#754=CARTESIAN_POINT('Ctrl Pts',(21.2968848687532,1174.99557723517,6.11521044350445));
#755=CARTESIAN_POINT('Ctrl Pts',(19.6391427404951,1200.,5.63358300683715));
#756=CARTESIAN_POINT('Ctrl Pts',(74.7344836399182,0.,56.7805142929253));
#757=CARTESIAN_POINT('Ctrl Pts',(73.893258952187,25.0001355884829,55.282530474014));
#758=CARTESIAN_POINT('Ctrl Pts',(72.1694538473278,75.0000718116587,52.329219039072));
#759=CARTESIAN_POINT('Ctrl Pts',(69.45024409008,150.000299553171,48.0391715297782));
#760=CARTESIAN_POINT('Ctrl Pts',(66.587065148862,225.000000474357,43.9026176787598));
#761=CARTESIAN_POINT('Ctrl Pts',(64.575674872758,275.000012976901,41.2563286297433));
#762=CARTESIAN_POINT('Ctrl Pts',(62.5107466529157,324.995929026226,38.6700272954054));
#763=CARTESIAN_POINT('Ctrl Pts',(60.395510420264,374.991374253353,36.1542404112433));
#764=CARTESIAN_POINT('Ctrl Pts',(57.0804867645272,449.991443693586,32.5623278541558));
#765=CARTESIAN_POINT('Ctrl Pts',(53.6350170967449,524.995725962708,29.1228141337626));
#766=CARTESIAN_POINT('Ctrl Pts',(51.2590912821968,574.998858021421,26.9137810327829));
#767=CARTESIAN_POINT('Ctrl Pts',(48.8472748804246,624.997827942599,24.7399527583641));
#768=CARTESIAN_POINT('Ctrl Pts',(46.4026625271513,674.996025459117,22.6110461481581));
#769=CARTESIAN_POINT('Ctrl Pts',(42.6335548870602,749.997786119551,19.5797283686601));
#770=CARTESIAN_POINT('Ctrl Pts',(38.7566068618715,825.000155080253,16.7424078050159));
#771=CARTESIAN_POINT('Ctrl Pts',(36.0955284977592,875.000712121639,15.0013372821065));
#772=CARTESIAN_POINT('Ctrl Pts',(33.3943044941722,924.995934385656,13.3445587228289));
#773=CARTESIAN_POINT('Ctrl Pts',(30.6599760518358,974.989809710239,11.7773475115214));
#774=CARTESIAN_POINT('Ctrl Pts',(26.4559903995768,1049.98628545406,9.68008443017011));
#775=CARTESIAN_POINT('Ctrl Pts',(22.1475105570872,1124.99039090111,7.81565572907464));
#776=CARTESIAN_POINT('Ctrl Pts',(19.2041589168068,1174.99576256686,6.71285853417523));
#777=CARTESIAN_POINT('Ctrl Pts',(17.714097742236,1200.,6.19289765387765));
#778=CARTESIAN_POINT('Ctrl Pts',(68.664532108863,0.,56.0001924776181));
#779=CARTESIAN_POINT('Ctrl Pts',(67.9203665038596,25.0002561824266,54.5622723001633));
#780=CARTESIAN_POINT('Ctrl Pts',(66.3879905891514,75.0003317901831,51.7272203503159));
#781=CARTESIAN_POINT('Ctrl Pts',(63.9537611112452,150.000556763539,47.6047019957158));
#782=CARTESIAN_POINT('Ctrl Pts',(61.3793111193041,225.000135865309,43.6214827317512));
#783=CARTESIAN_POINT('Ctrl Pts',(59.5668366588991,275.000050263548,41.0650764027898));
#784=CARTESIAN_POINT('Ctrl Pts',(57.7059738253005,324.995891766986,38.5610649713076));
#785=CARTESIAN_POINT('Ctrl Pts',(55.7965574381538,374.991325041528,36.1097823686733));
#786=CARTESIAN_POINT('Ctrl Pts',(52.7943186723737,449.991464583482,32.5814479082256));
#787=CARTESIAN_POINT('Ctrl Pts',(49.6643795312457,524.995807265375,29.1925378398495));
#788=CARTESIAN_POINT('Ctrl Pts',(47.499728574471,574.998908065315,27.0220171812099));
#789=CARTESIAN_POINT('Ctrl Pts',(45.2991648115431,624.997777893394,24.895747131423));
#790=CARTESIAN_POINT('Ctrl Pts',(43.0619611033647,674.995930197094,22.8141357282905));
#791=CARTESIAN_POINT('Ctrl Pts',(39.597917231486,749.997721570421,19.8467809946546));
#792=CARTESIAN_POINT('Ctrl Pts',(36.0254121956307,825.000151479422,17.0601085008839));
#793=CARTESIAN_POINT('Ctrl Pts',(33.5705240746322,875.000723001206,15.3396960944502));
#794=CARTESIAN_POINT('Ctrl Pts',(31.0789300701151,924.995923515738,13.6949471186927));
#795=CARTESIAN_POINT('Ctrl Pts',(28.5507131639207,974.989853022786,12.1253958535267));
#796=CARTESIAN_POINT('Ctrl Pts',(24.6501107482272,1049.98647906604,9.99527856950847));
#797=CARTESIAN_POINT('Ctrl Pts',(20.6440421851247,1124.99064550995,8.08255013482545));
#798=CARTESIAN_POINT('Ctrl Pts',(17.9048687273536,1174.99589266271,6.94656313069123));
#799=CARTESIAN_POINT('Ctrl Pts',(16.5183534035862,1200.00000000001,6.41207221384814));
#800=CARTESIAN_POINT('Ctrl Pts',(63.7023858078405,0.,54.9857293449646));
#801=CARTESIAN_POINT('Ctrl Pts',(63.0343432940334,25.00034410405,53.6008600667252));
#802=CARTESIAN_POINT('Ctrl Pts',(61.6528092178472,75.0005247987195,50.8754482793185));
#803=CARTESIAN_POINT('Ctrl Pts',(59.4445222770551,150.000755493638,46.9167435331424));
#804=CARTESIAN_POINT('Ctrl Pts',(57.0995879605138,225.000248588727,43.0854131745382));
#805=CARTESIAN_POINT('Ctrl Pts',(55.4451030658019,275.00008465166,40.6148038221984));
#806=CARTESIAN_POINT('Ctrl Pts',(53.7460039690525,324.995857388909,38.1850940938038));
#807=CARTESIAN_POINT('Ctrl Pts',(52.0022447077764,374.991277485084,35.7957051455744));
#808=CARTESIAN_POINT('Ctrl Pts',(49.2557551670419,449.991477623879,32.3364230800645));
#809=CARTESIAN_POINT('Ctrl Pts',(46.384376398586,524.995874887297,29.0061983340972));
#810=CARTESIAN_POINT('Ctrl Pts',(44.3910020227678,574.998950472216,26.8768370628795));
#811=CARTESIAN_POINT('Ctrl Pts',(42.3596705228848,624.997735490828,24.7972154457436));
#812=CARTESIAN_POINT('Ctrl Pts',(40.2906874891653,674.99585154543,22.7667622115696));
#813=CARTESIAN_POINT('Ctrl Pts',(37.0774178960088,749.997672659858,19.8778561483927));
#814=CARTESIAN_POINT('Ctrl Pts',(33.7555720436267,825.000154882012,17.1595165006049));
#815=CARTESIAN_POINT('Ctrl Pts',(31.4686781826277,875.000735301451,15.4700328023869));
#816=CARTESIAN_POINT('Ctrl Pts',(29.1459909161534,924.995911219203,13.8449569143278));
#817=CARTESIAN_POINT('Ctrl Pts',(26.787166325311,974.989885317427,12.2843185193913));
#818=CARTESIAN_POINT('Ctrl Pts',(23.1413303833306,1049.98664399329,10.1453354977949));
#819=CARTESIAN_POINT('Ctrl Pts',(19.3899022740954,1124.99086696871,8.21154129587373));
#820=CARTESIAN_POINT('Ctrl Pts',(16.8198553052191,1174.99600648559,7.06007464068877));
#821=CARTESIAN_POINT('Ctrl Pts',(15.5176129219128,1200.00000000001,6.51915609059586));
#822=CARTESIAN_POINT('Ctrl Pts',(59.4210577568716,0.,53.8863986992803));
#823=CARTESIAN_POINT('Ctrl Pts',(58.8226961957836,25.0004023114156,52.5562420636452));
#824=CARTESIAN_POINT('Ctrl Pts',(57.5663431303829,75.0007008878225,49.9425812583916));
#825=CARTESIAN_POINT('Ctrl Pts',(55.5436588364115,150.000932823915,46.1219504169785));
#826=CARTESIAN_POINT('Ctrl Pts',(53.3869445054235,225.000357015116,42.4222810928352));
#827=CARTESIAN_POINT('Ctrl Pts',(51.8691384028086,275.000119778217,40.0398952163104));
#828=CARTESIAN_POINT('Ctrl Pts',(50.3163859791438,324.995822274256,37.702494316336));
#829=CARTESIAN_POINT('Ctrl Pts',(48.7152655587557,374.991226656897,35.3788011849915));
#830=CARTESIAN_POINT('Ctrl Pts',(46.1793770441659,449.991482780571,31.973019586116));
#831=CARTESIAN_POINT('Ctrl Pts',(43.5223046250449,524.9959338268,28.6861477215217));
#832=CARTESIAN_POINT('Ctrl Pts',(41.6789368647737,574.998988689878,26.6019415074952));
#833=CARTESIAN_POINT('Ctrl Pts',(39.803858675633,624.9976972751,24.5876229024595));
#834=CARTESIAN_POINT('Ctrl Pts',(37.8801819637136,674.995782735999,22.6156733706439));
#835=CARTESIAN_POINT('Ctrl Pts',(34.869979141545,749.997635570085,19.7994520924734));
#836=CARTESIAN_POINT('Ctrl Pts',(31.7531541688067,825.000166589949,17.1427675891659));
#837=CARTESIAN_POINT('Ctrl Pts',(29.6155940972275,875.000750937488,15.4897091709851));
#838=CARTESIAN_POINT('Ctrl Pts',(27.4543235599168,924.995895587746,13.9005295674008));
#839=CARTESIAN_POINT('Ctrl Pts',(25.2460265726974,974.98989434093,12.3576494061214));
#840=CARTESIAN_POINT('Ctrl Pts',(21.811035272886,1049.98675515946,10.2121711533425));
#841=CARTESIAN_POINT('Ctrl Pts',(18.2711795098186,1124.99101112612,8.26447332792562));
#842=CARTESIAN_POINT('Ctrl Pts',(15.8568646841384,1174.99611436824,7.10192654003034));
#843=CARTESIAN_POINT('Ctrl Pts',(14.6362761085331,1200.00000000001,6.56906292866397));
#844=CARTESIAN_POINT('Ctrl Pts',(54.2073775085013,0.,51.7774072220264));
#845=CARTESIAN_POINT('Ctrl Pts',(53.6978574670023,25.0004396837708,50.5287780796803));
#846=CARTESIAN_POINT('Ctrl Pts',(52.5810793983029,75.0009245071948,48.0888357265711));
#847=CARTESIAN_POINT('Ctrl Pts',(50.763877471975,150.001152053845,44.4569043220956));
#848=CARTESIAN_POINT('Ctrl Pts',(48.8151200253589,225.000504901339,40.9447406559349));
#849=CARTESIAN_POINT('Ctrl Pts',(47.4601543512832,275.000171105219,38.7023764201027));
#850=CARTESIAN_POINT('Ctrl Pts',(46.091715331445,324.995770968265,36.524806750258));
#851=CARTESIAN_POINT('Ctrl Pts',(44.6600333991381,374.991148979178,34.313953012974));
#852=CARTESIAN_POINT('Ctrl Pts',(42.3603681373713,449.991477992504,30.9997743929136));
#853=CARTESIAN_POINT('Ctrl Pts',(39.9462700003892,524.996004653892,27.7904829727225));
#854=CARTESIAN_POINT('Ctrl Pts',(38.2857214808698,574.999036837906,25.7903513482819));
#855=CARTESIAN_POINT('Ctrl Pts',(36.6130763195765,624.99764912585,23.8986378198858));
#856=CARTESIAN_POINT('Ctrl Pts',(34.865708838022,674.995699600445,22.0298331468464));
#857=CARTESIAN_POINT('Ctrl Pts',(32.0853355361324,749.997600813524,19.3325705531512));
#858=CARTESIAN_POINT('Ctrl Pts',(29.2042758666137,825.000196139286,16.7779603680981));
#859=CARTESIAN_POINT('Ctrl Pts',(27.2552405842458,875.000778419236,15.1942200807998));
#860=CARTESIAN_POINT('Ctrl Pts',(25.3121226009183,924.995868114312,13.6826395718047));
#861=CARTESIAN_POINT('Ctrl Pts',(23.2951659912345,974.989871981018,12.1895885409107));
#862=CARTESIAN_POINT('Ctrl Pts',(20.111161547804,1049.98683287538,10.0689085296759));
#863=CARTESIAN_POINT('Ctrl Pts',(16.8247360481774,1124.99110082579,8.14243605087069));
#864=CARTESIAN_POINT('Ctrl Pts',(14.6176314181611,1174.99625935445,6.98154570831868));
#865=CARTESIAN_POINT('Ctrl Pts',(13.5093194981701,1200.00000000001,6.48266371388828));
#866=CARTESIAN_POINT('Ctrl Pts',(50.503747440583,0.,49.9087512206941));
#867=CARTESIAN_POINT('Ctrl Pts',(50.0555937606832,25.0004544562881,48.7207733514841));
#868=CARTESIAN_POINT('Ctrl Pts',(49.0324121650417,75.001078744308,46.4159471794735));
#869=CARTESIAN_POINT('Ctrl Pts',(47.3573896952018,150.001301789249,42.9329505993421));
#870=CARTESIAN_POINT('Ctrl Pts',(45.5523728081528,225.000610435971,39.5707522321329));
#871=CARTESIAN_POINT('Ctrl Pts',(44.3098610449777,275.00020877321,37.4386685805697));
#872=CARTESIAN_POINT('Ctrl Pts',(43.0683485491004,324.995733313411,35.3851162221593));
#873=CARTESIAN_POINT('Ctrl Pts',(41.7528093200405,374.991091057794,33.2695646968716));
#874=CARTESIAN_POINT('Ctrl Pts',(39.6147144084861,449.991471206422,30.0501267691224));
#875=CARTESIAN_POINT('Ctrl Pts',(37.3675356196562,524.996052577113,26.9255672199487));
#876=CARTESIAN_POINT('Ctrl Pts',(35.8337238409861,574.999070133743,25.0001011200033));
#877=CARTESIAN_POINT('Ctrl Pts',(34.3023742959543,624.997615829025,23.2058573821289));
#878=CARTESIAN_POINT('Ctrl Pts',(32.6789352316006,674.995643208129,21.4202127997591));
#879=CARTESIAN_POINT('Ctrl Pts',(30.0623355966064,749.997580470775,18.8216077051759));
#880=CARTESIAN_POINT('Ctrl Pts',(27.350200206131,825.000221136367,16.3532013425352));
#881=CARTESIAN_POINT('Ctrl Pts',(25.5356901030683,875.000799817754,14.8276643007052));
#882=CARTESIAN_POINT('Ctrl Pts',(23.7475144407259,924.995846720924,13.3803612730432));
#883=CARTESIAN_POINT('Ctrl Pts',(21.8681074751574,974.989846448632,11.9351853598757));
#884=CARTESIAN_POINT('Ctrl Pts',(18.8679919851519,1049.98686830932,9.85568272118637));
#885=CARTESIAN_POINT('Ctrl Pts',(15.7676592492409,1124.991136013,7.96950404092125));
#886=CARTESIAN_POINT('Ctrl Pts',(13.7119467278777,1174.99636240391,6.81947195087142));
#887=CARTESIAN_POINT('Ctrl Pts',(12.6839940866682,1200.00000000001,6.3514998227706));
#888=CARTESIAN_POINT('Ctrl Pts',(48.6014306627526,0.,48.8795342133545));
#889=CARTESIAN_POINT('Ctrl Pts',(48.1842769870385,25.0004598944924,47.7230408899195));
#890=CARTESIAN_POINT('Ctrl Pts',(47.2081324003074,75.0011566200783,45.4895270951341));
#891=CARTESIAN_POINT('Ctrl Pts',(45.6057941570988,150.00137714221,42.0858722275086));
#892=CARTESIAN_POINT('Ctrl Pts',(43.8742298296319,225.000664399566,38.8038617749591));
#893=CARTESIAN_POINT('Ctrl Pts',(42.6888051628304,275.000228224194,36.7302307981504));
#894=CARTESIAN_POINT('Ctrl Pts',(41.5113588109309,324.995713869417,34.7418865284305));
#895=CARTESIAN_POINT('Ctrl Pts',(40.254544983365,374.991060990349,32.6781743449456));
#896=CARTESIAN_POINT('Ctrl Pts',(38.1984069282007,449.991467135557,29.5138112022292));
#897=CARTESIAN_POINT('Ctrl Pts',(36.0360177725257,524.996076620735,26.4392112343136));
#898=CARTESIAN_POINT('Ctrl Pts',(34.5665407157023,574.999086973517,24.5550189129849));
#899=CARTESIAN_POINT('Ctrl Pts',(33.1068688801087,624.997598988551,22.8124196110814));
#900=CARTESIAN_POINT('Ctrl Pts',(31.546771948436,674.995614889044,21.0710952266123));
#901=CARTESIAN_POINT('Ctrl Pts',(29.0148134685121,749.997570861249,18.5256379110047));
#902=CARTESIAN_POINT('Ctrl Pts',(26.3901150146494,825.000234618255,16.1039464077005));
#903=CARTESIAN_POINT('Ctrl Pts',(24.6446985959376,875.000811080373,14.6098369817531));
#904=CARTESIAN_POINT('Ctrl Pts',(22.9356092623646,924.995835461046,13.1970335941022));
#905=CARTESIAN_POINT('Ctrl Pts',(21.1270487692491,974.989831703293,11.7787671350701));
#906=CARTESIAN_POINT('Ctrl Pts',(18.2228292460196,1049.98688291884,9.72513557141321));
#907=CARTESIAN_POINT('Ctrl Pts',(15.2196043613172,1124.99114896319,7.86466118223964));
#908=CARTESIAN_POINT('Ctrl Pts',(13.2422664363454,1174.99641503534,6.72213282691708));
#909=CARTESIAN_POINT('Ctrl Pts',(12.255445228025,1200.00000000001,6.27116001363326));
#910=CARTESIAN_POINT('Ctrl Pts',(46.6445209991884,0.,47.7520662518683));
#911=CARTESIAN_POINT('Ctrl Pts',(46.2585734132045,25.0004634627759,46.6281151569488));
#912=CARTESIAN_POINT('Ctrl Pts',(45.3298004379858,75.0012349793979,44.4695896931257));
#913=CARTESIAN_POINT('Ctrl Pts',(43.8021970275473,150.001452748251,41.1504816001043));
#914=CARTESIAN_POINT('Ctrl Pts',(42.1461289529413,225.000719366903,37.9541610328439));
#915=CARTESIAN_POINT('Ctrl Pts',(41.0186995578292,275.000248218523,35.9422487532771));
#916=CARTESIAN_POINT('Ctrl Pts',(39.9057149100714,324.995693882133,34.0220188417267));
#917=CARTESIAN_POINT('Ctrl Pts',(38.7082777754194,374.991029936277,32.0145114644866));
#918=CARTESIAN_POINT('Ctrl Pts',(36.7355620867815,449.991462427761,28.9139102049861));
#919=CARTESIAN_POINT('Ctrl Pts',(34.6595749690183,524.996100687479,25.8978673939046));
#920=CARTESIAN_POINT('Ctrl Pts',(33.2553738218452,574.999103957662,24.0591119369854));
#921=CARTESIAN_POINT('Ctrl Pts',(31.8681714421737,624.99758200361,22.3708295305769));
#922=CARTESIAN_POINT('Ctrl Pts',(30.3728722890379,674.995586517882,20.6764592937722));
#923=CARTESIAN_POINT('Ctrl Pts',(27.9288855443017,749.997561809797,18.1880164895039));
#924=CARTESIAN_POINT('Ctrl Pts',(25.3951568904983,825.000249007127,15.8167338791323));
#925=CARTESIAN_POINT('Ctrl Pts',(23.720705521991,875.000822854137,14.3563388432799));
#926=CARTESIAN_POINT('Ctrl Pts',(22.0920314149588,924.995823690051,12.9802478922121));
#927=CARTESIAN_POINT('Ctrl Pts',(20.3564466675891,974.989815124845,11.5919307837624));
#928=CARTESIAN_POINT('Ctrl Pts',(17.5526649071954,1049.98689458841,9.56988731166627));
#929=CARTESIAN_POINT('Ctrl Pts',(14.6511945090763,1124.99115754931,7.74108504089392));
#930=CARTESIAN_POINT('Ctrl Pts',(12.7549218974055,1174.99646860094,6.60828548046881));
#931=CARTESIAN_POINT('Ctrl Pts',(11.8100339506703,1200.00000000001,6.17575007142766));
#932=CARTESIAN_POINT('Ctrl Pts',(42.6154393374689,0.,45.2995197321167));
#933=CARTESIAN_POINT('Ctrl Pts',(42.2920942592568,25.0004670198964,44.2425664197596));
#934=CARTESIAN_POINT('Ctrl Pts',(41.4589096494924,75.0013921166739,42.2410676661024));
#935=CARTESIAN_POINT('Ctrl Pts',(40.0857405108109,150.001604003965,39.1016910728154));
#936=CARTESIAN_POINT('Ctrl Pts',(38.5856267460304,225.000830924078,36.0879134700359));
#937=CARTESIAN_POINT('Ctrl Pts',(37.5760840423852,275.000289147728,34.2057333741769));
#938=CARTESIAN_POINT('Ctrl Pts',(36.5923993217502,324.995652968127,32.4269583219725));
#939=CARTESIAN_POINT('Ctrl Pts',(35.5150019945671,374.990966095792,30.5407638267843));
#940=CARTESIAN_POINT('Ctrl Pts',(33.7126178229643,449.991451820257,27.5864793250827));
#941=CARTESIAN_POINT('Ctrl Pts',(31.8131925770913,524.996148749195,24.7062073561867));
#942=CARTESIAN_POINT('Ctrl Pts',(30.541364651556,574.999138119559,22.9669137476147));
#943=CARTESIAN_POINT('Ctrl Pts',(29.3002083719765,624.997547839638,21.3921359036888));
#944=CARTESIAN_POINT('Ctrl Pts',(27.9375272142679,674.995529812999,19.796626511692));
#945=CARTESIAN_POINT('Ctrl Pts',(25.6771647636147,749.997544815426,17.4297328299141));
#946=CARTESIAN_POINT('Ctrl Pts',(23.3334246948209,825.000279446475,15.1665095231652));
#947=CARTESIAN_POINT('Ctrl Pts',(21.8046824355923,875.000847319704,13.7779354300189));
#948=CARTESIAN_POINT('Ctrl Pts',(20.3389239954779,924.995799230483,12.4793988424057));
#949=CARTESIAN_POINT('Ctrl Pts',(18.7535702532536,974.989778593754,11.1570453300659));
#950=CARTESIAN_POINT('Ctrl Pts',(16.1606450469956,1049.98691238329,9.21002951660712));
#951=CARTESIAN_POINT('Ctrl Pts',(13.4728643156671,1124.99116655167,7.4568751980509));
#952=CARTESIAN_POINT('Ctrl Pts',(11.744033388189,1174.99657725676,6.34813453985491));
#953=CARTESIAN_POINT('Ctrl Pts',(10.884315968671,1200.00000000001,5.95513669567913));
#954=CARTESIAN_POINT('Ctrl Pts',(36.1040535260808,0.,40.861169343057));
#955=CARTESIAN_POINT('Ctrl Pts',(35.8744945419796,25.0004595288022,39.911129471504));
#956=CARTESIAN_POINT('Ctrl Pts',(35.188785838894,75.0016273372081,38.1708355574664));
#957=CARTESIAN_POINT('Ctrl Pts',(34.0699183114919,150.001829314316,35.3428775282235));
#958=CARTESIAN_POINT('Ctrl Pts',(32.8264164378165,225.001002900424,32.6464487946903));
#959=CARTESIAN_POINT('Ctrl Pts',(32.0013786143607,275.000353519073,30.981940888894));
#960=CARTESIAN_POINT('Ctrl Pts',(31.2115009149222,324.99558862525,29.4327472703513));
#961=CARTESIAN_POINT('Ctrl Pts',(30.3190779851129,374.990864741368,27.7631913778993));
#962=CARTESIAN_POINT('Ctrl Pts',(28.7878042246414,449.991431746421,25.106083703374));
#963=CARTESIAN_POINT('Ctrl Pts',(27.1697658333735,524.996220130372,22.5068176183866));
#964=CARTESIAN_POINT('Ctrl Pts',(26.1032505701653,574.99918973189,20.9505404096928));
#965=CARTESIAN_POINT('Ctrl Pts',(25.0835292482839,624.997496221947,19.5625067289639));
#966=CARTESIAN_POINT('Ctrl Pts',(23.9318079457167,674.995445427202,18.1328503095115));
#967=CARTESIAN_POINT('Ctrl Pts',(21.9803544512503,749.997523452394,15.9761971013278));
#968=CARTESIAN_POINT('Ctrl Pts',(19.9563138538556,825.000330764673,13.9021853419473));
#969=CARTESIAN_POINT('Ctrl Pts',(18.6607244272833,875.000887069542,12.6373052828009));
#970=CARTESIAN_POINT('Ctrl Pts',(17.4450119163424,924.995759492013,11.469475303797));
#971=CARTESIAN_POINT('Ctrl Pts',(16.1015848093228,974.989712239037,10.2691413669714));
#972=CARTESIAN_POINT('Ctrl Pts',(13.8670992033417,1049.98691954249,8.48183438918331));
#973=CARTESIAN_POINT('Ctrl Pts',(11.5427186951318,1124.99115151226,6.89083150736783));
#974=CARTESIAN_POINT('Ctrl Pts',(10.0851569347474,1174.99674466729,5.83638623130857));
#975=CARTESIAN_POINT('Ctrl Pts',(9.3569612248652,1200.00000000001,5.51188088190081));
#976=CARTESIAN_POINT('Ctrl Pts',(28.8659271820942,0.,35.3365838096169));
#977=CARTESIAN_POINT('Ctrl Pts',(28.7246483193201,25.0004352886735,34.4988677895802));
#978=CARTESIAN_POINT('Ctrl Pts',(28.1935157573979,75.0018486388176,33.0498140465255));
#979=CARTESIAN_POINT('Ctrl Pts',(27.37492654673,150.002040973264,30.5942722282666));
#980=CARTESIAN_POINT('Ctrl Pts',(26.4343194077408,225.001173060443,28.2772944043819));
#981=CARTESIAN_POINT('Ctrl Pts',(25.8043198992304,275.000419126097,26.8578879736782));
#982=CARTESIAN_POINT('Ctrl Pts',(25.1980694489348,324.995523048004,25.5520421589695));
#983=CARTESIAN_POINT('Ctrl Pts',(24.4957687452631,374.990760206813,24.1510752667581));
#984=CARTESIAN_POINT('Ctrl Pts',(23.2669404662107,449.991406976301,21.9265505620892));
#985=CARTESIAN_POINT('Ctrl Pts',(21.9625667406242,524.996287545285,19.7441533511345));
#986=CARTESIAN_POINT('Ctrl Pts',(21.1083773461161,574.999239655234,18.4236409100461));
#987=CARTESIAN_POINT('Ctrl Pts',(20.3024448665667,624.997446292084,17.2373512970912));
#988=CARTESIAN_POINT('Ctrl Pts',(19.379518038935,674.995365516041,15.9925213556327));
#989=CARTESIAN_POINT('Ctrl Pts',(17.8027447438969,749.997508513419,14.0809834320525));
#990=CARTESIAN_POINT('Ctrl Pts',(16.1652927949916,825.000387474173,12.2313905103703));
#991=CARTESIAN_POINT('Ctrl Pts',(15.1229841073928,875.000929196446,11.1098351018033));
#992=CARTESIAN_POINT('Ctrl Pts',(14.1526521649778,924.995717377085,10.0886035194246));
#993=CARTESIAN_POINT('Ctrl Pts',(13.0727413956013,974.989634400833,9.04271463572083));
#994=CARTESIAN_POINT('Ctrl Pts',(11.2693608757447,1049.98690349179,7.48817856785493));
#995=CARTESIAN_POINT('Ctrl Pts',(9.38193542581897,1124.99110421066,6.13363830086383));
#996=CARTESIAN_POINT('Ctrl Pts',(8.22068790668386,1174.99691088573,5.16208873162403));
#997=CARTESIAN_POINT('Ctrl Pts',(7.62284285044476,1200.,4.91566658884991));
#998=CARTESIAN_POINT('Ctrl Pts',(23.9714461515175,0.,31.383152637866));
#999=CARTESIAN_POINT('Ctrl Pts',(23.8845109510531,25.0004137223033,30.6205499573961));
#1000=CARTESIAN_POINT('Ctrl Pts',(23.4540542150393,75.0019848976903,29.370640234497));
#1001=CARTESIAN_POINT('Ctrl Pts',(22.8421768420886,150.002171751903,27.1775194109475));
#1002=CARTESIAN_POINT('Ctrl Pts',(22.1102614095233,225.00128189313,25.1274311041357));
#1003=CARTESIAN_POINT('Ctrl Pts',(21.608386653077,275.000461908835,23.8759653348613));
#1004=CARTESIAN_POINT('Ctrl Pts',(21.1161664563499,324.995480282458,22.7322239467712));
#1005=CARTESIAN_POINT('Ctrl Pts',(20.5380647632165,374.990691596143,21.5220619804291));
#1006=CARTESIAN_POINT('Ctrl Pts',(19.5158826743159,449.99138932438,19.6216619400366));
#1007=CARTESIAN_POINT('Ctrl Pts',(18.425799262641,524.996329657605,17.7535279064596));
#1008=CARTESIAN_POINT('Ctrl Pts',(17.7109400613998,574.999271283658,16.6031656367066));
#1009=CARTESIAN_POINT('Ctrl Pts',(17.0395845111668,624.997414659854,15.55288043966));
#1010=CARTESIAN_POINT('Ctrl Pts',(16.2703210308695,674.995315523123,14.4351120781754));
#1011=CARTESIAN_POINT('Ctrl Pts',(14.958709650021,749.997501155143,12.6966569338494));
#1012=CARTESIAN_POINT('Ctrl Pts',(13.594461706502,825.000426000507,11.007155726256));
#1013=CARTESIAN_POINT('Ctrl Pts',(12.7223481429212,875.00095722763,9.98660769763572));
#1014=CARTESIAN_POINT('Ctrl Pts',(11.9079338440825,924.995689352892,9.06676814065478));
#1015=CARTESIAN_POINT('Ctrl Pts',(11.0039590465871,974.989580644514,8.13210570809277));
#1016=CARTESIAN_POINT('Ctrl Pts',(9.50039333853206,1049.986886472,6.75206345153098));
#1017=CARTESIAN_POINT('Ctrl Pts',(7.91694670603937,1124.99106481968,5.5745096353482));
#1018=CARTESIAN_POINT('Ctrl Pts',(6.95402658147534,1174.9970177538,4.66654255997929));
#1019=CARTESIAN_POINT('Ctrl Pts',(6.43959534722791,1200.00000000001,4.47404423702242));
#1020=CARTESIAN_POINT('Ctrl Pts',(21.53516859775,0.,29.3672909405196));
#1021=CARTESIAN_POINT('Ctrl Pts',(21.4743924119246,25.0004019373297,28.6421899965355));
#1022=CARTESIAN_POINT('Ctrl Pts',(21.0932006984377,75.0020504979891,27.4923507507867));
#1023=CARTESIAN_POINT('Ctrl Pts',(20.5843589150976,150.002234844169,25.4323406242614));
#1024=CARTESIAN_POINT('Ctrl Pts',(19.9565216675074,225.001335195502,23.5175188591106));
#1025=CARTESIAN_POINT('Ctrl Pts',(19.5176833154233,275.000483035875,22.3504652779013));
#1026=CARTESIAN_POINT('Ctrl Pts',(19.0805933560759,324.995459163676,21.2874574277563));
#1027=CARTESIAN_POINT('Ctrl Pts',(18.5636187903888,374.990657626955,20.1740919732925));
#1028=CARTESIAN_POINT('Ctrl Pts',(17.6446774028848,449.991380311663,18.4404870875264));
#1029=CARTESIAN_POINT('Ctrl Pts',(16.6616782557077,524.996350088607,16.7343615597626));
#1030=CARTESIAN_POINT('Ctrl Pts',(16.0155550816675,574.999286719569,15.6707587659897));
#1031=CARTESIAN_POINT('Ctrl Pts',(15.4096600495711,624.997399222091,14.688540374942));
#1032=CARTESIAN_POINT('Ctrl Pts',(14.7167815940863,674.995291253717,13.6348898571532));
#1033=CARTESIAN_POINT('Ctrl Pts',(13.5391491961155,749.997497992415,11.9847317609659));
#1034=CARTESIAN_POINT('Ctrl Pts',(12.3129038215453,825.000445331424,10.3772267880897));
#1035=CARTESIAN_POINT('Ctrl Pts',(11.5254453468417,875.000971180381,9.40815922814751));
#1036=CARTESIAN_POINT('Ctrl Pts',(10.7871697042378,924.995675403512,8.53959956823375));
#1037=CARTESIAN_POINT('Ctrl Pts',(9.97042134361681,974.989553539538,7.66179241222227));
#1038=CARTESIAN_POINT('Ctrl Pts',(8.61728278011405,1049.98687686593,6.37185884659585));
#1039=CARTESIAN_POINT('Ctrl Pts',(7.18639268957936,1124.9910438321,5.28564161682012));
#1040=CARTESIAN_POINT('Ctrl Pts',(6.32195402954276,1174.99707022687,4.41080165855498));
#1041=CARTESIAN_POINT('Ctrl Pts',(5.84838251815045,1200.00000000001,4.24553233598056));
#1042=CARTESIAN_POINT('Ctrl Pts',(19.1289473569282,0.,27.3247893378068));
#1043=CARTESIAN_POINT('Ctrl Pts',(19.0932064375307,25.0003892307878,26.6370341838392));
#1044=CARTESIAN_POINT('Ctrl Pts',(18.7597541519545,75.0021132949134,25.5873161675045));
#1045=CARTESIAN_POINT('Ctrl Pts',(18.352437326069,150.00229540813,23.6615405616964));
#1046=CARTESIAN_POINT('Ctrl Pts',(17.8272258888765,225.001387191411,21.8829964906163));
#1047=CARTESIAN_POINT('Ctrl Pts',(17.4498972407746,275.000503825521,20.8003815859216));
#1048=CARTESIAN_POINT('Ctrl Pts',(17.0658453300098,324.995438382458,19.8174953990958));
#1049=CARTESIAN_POINT('Ctrl Pts',(16.6086610227825,374.990624114376,18.8015617420669));
#1050=CARTESIAN_POINT('Ctrl Pts',(15.7920865662317,449.991371153161,17.2376593580831));
#1051=CARTESIAN_POINT('Ctrl Pts',(14.9153079900058,524.996369835442,15.6966149871428));
#1052=CARTESIAN_POINT('Ctrl Pts',(14.3366048478725,574.999301729611,14.7207420295687));
#1053=CARTESIAN_POINT('Ctrl Pts',(13.7941042349054,624.997384210096,13.8064179691228));
#1054=CARTESIAN_POINT('Ctrl Pts',(13.1766440470912,674.995267782161,12.8172789008958));
#1055=CARTESIAN_POINT('Ctrl Pts',(12.1331714938229,749.99749534229,11.256959514739));
#1056=CARTESIAN_POINT('Ctrl Pts',(11.0450939769638,825.000464653908,9.73322057159148));
#1057=CARTESIAN_POINT('Ctrl Pts',(10.3412906501277,875.000985018165,8.81648379765901));
#1058=CARTESIAN_POINT('Ctrl Pts',(9.67704720585996,924.995661569174,7.99963986982005));
#1059=CARTESIAN_POINT('Ctrl Pts',(8.94614643133706,974.989526353757,7.17958143012542));
#1060=CARTESIAN_POINT('Ctrl Pts',(7.74245997042068,1049.9868663315,5.98180352548467));
#1061=CARTESIAN_POINT('Ctrl Pts',(6.46319348882295,1124.99102183154,4.9889265638879));
#1062=CARTESIAN_POINT('Ctrl Pts',(5.69587082972616,1174.9971215671,4.14828392628865));
#1063=CARTESIAN_POINT('Ctrl Pts',(5.26216203661297,1200.00000000001,4.01040396484691));
#1064=CARTESIAN_POINT('Ctrl Pts',(14.4236945256143,0.,23.2152347644756));
#1065=CARTESIAN_POINT('Ctrl Pts',(14.4355551871738,25.0003621306798,22.6016568256423));
#1066=CARTESIAN_POINT('Ctrl Pts',(14.1934063623829,75.0022327347261,21.7513261720221));
#1067=CARTESIAN_POINT('Ctrl Pts',(13.9830830531131,150.00241101501,20.0945289844709));
#1068=CARTESIAN_POINT('Ctrl Pts',(13.6571941203265,225.001488185227,18.5887563535698));
#1069=CARTESIAN_POINT('Ctrl Pts',(13.39861186071,275.000544582695,17.6741791842967));
#1070=CARTESIAN_POINT('Ctrl Pts',(13.1160370233977,324.995397641683,16.849726251163));
#1071=CARTESIAN_POINT('Ctrl Pts',(12.7748542424855,374.99055824266,16.028078081665));
#1072=CARTESIAN_POINT('Ctrl Pts',(12.1591544818543,449.991352626377,14.804751136548));
#1073=CARTESIAN_POINT('Ctrl Pts',(11.4909551812322,524.996407843009,13.595412443464));
#1074=CARTESIAN_POINT('Ctrl Pts',(11.0435099755037,574.999330802995,12.7951807047918));
#1075=CARTESIAN_POINT('Ctrl Pts',(10.6231896930666,624.997355132852,12.0158261916296));
#1076=CARTESIAN_POINT('Ctrl Pts',(10.153304496419,674.995222576452,11.15613269909));
#1077=CARTESIAN_POINT('Ctrl Pts',(9.37521557814497,749.997491059696,9.77821308418427));
#1078=CARTESIAN_POINT('Ctrl Pts',(8.56047042516491,825.000503129276,8.42525160510325));
#1079=CARTESIAN_POINT('Ctrl Pts',(8.02057477172113,875.001012359364,7.61464649086483));
#1080=CARTESIAN_POINT('Ctrl Pts',(7.49961026982803,924.995634234703,6.90180948662389));
#1081=CARTESIAN_POINT('Ctrl Pts',(6.93616878547686,974.989472112659,6.19824924584211));
#1082=CARTESIAN_POINT('Ctrl Pts',(6.0258364763952,1049.98684374089,5.1869792798208));
#1083=CARTESIAN_POINT('Ctrl Pts',(5.04434036372601,1124.99097636323,4.38284414332515));
#1084=CARTESIAN_POINT('Ctrl Pts',(4.46694913287752,1174.99722163676,3.61211493488931));
#1085=CARTESIAN_POINT('Ctrl Pts',(4.1106718204401,1200.,3.52912187499153));
#1086=CARTESIAN_POINT('Ctrl Pts',(7.95457264870537,0.,17.0711076563645));
#1087=CARTESIAN_POINT('Ctrl Pts',(8.02774477417102,25.0003157583804,16.5661093958574));
#1088=CARTESIAN_POINT('Ctrl Pts',(7.90238952055581,75.0023867593326,16.0079035911706));
#1089=CARTESIAN_POINT('Ctrl Pts',(7.95259045422292,150.00256198816,14.7494877088008));
#1090=CARTESIAN_POINT('Ctrl Pts',(7.89123907046807,225.001626989821,13.6464287130617));
#1091=CARTESIAN_POINT('Ctrl Pts',(7.78988809611646,275.000602088235,12.9772531381016));
#1092=CARTESIAN_POINT('Ctrl Pts',(7.64072782734295,324.99534016391,12.3814632613719));
#1093=CARTESIAN_POINT('Ctrl Pts',(7.45662312749461,374.990464664365,11.8418912944998));
#1094=CARTESIAN_POINT('Ctrl Pts',(7.11952027036594,449.991324356908,11.1156451178561));
#1095=CARTESIAN_POINT('Ctrl Pts',(6.7413788434651,524.996458838749,10.391640007276));
#1096=CARTESIAN_POINT('Ctrl Pts',(6.47371625422925,574.999370506062,9.8487020967586));
#1097=CARTESIAN_POINT('Ctrl Pts',(6.21759842073348,624.997315422694,9.26695218945511));
#1098=CARTESIAN_POINT('Ctrl Pts',(5.95174728285147,674.99516181405,8.60164281557583));
#1099=CARTESIAN_POINT('Ctrl Pts',(5.54800452871128,749.997488423401,7.50617147076497));
#1100=CARTESIAN_POINT('Ctrl Pts',(5.11914057836984,825.000559635134,6.42043687105736));
#1101=CARTESIAN_POINT('Ctrl Pts',(4.80696894470604,875.001051726439,5.77367516855922));
#1102=CARTESIAN_POINT('Ctrl Pts',(4.48083016615322,924.995594878975,5.21789623827884));
#1103=CARTESIAN_POINT('Ctrl Pts',(4.1467336215979,974.989392335307,4.68975650634016));
#1104=CARTESIAN_POINT('Ctrl Pts',(3.64086937226872,1049.98680540726,3.9589800952264));
#1105=CARTESIAN_POINT('Ctrl Pts',(3.07070032693323,1124.99090475207,3.43799437591565));
#1106=CARTESIAN_POINT('Ctrl Pts',(2.75577429057509,1174.99736066221,2.77537408426568));
#1107=CARTESIAN_POINT('Ctrl Pts',(2.50591854173307,1200.,2.77431585149644));
#1108=CARTESIAN_POINT('Ctrl Pts',(1.98219241235221,0.,9.79095390102799));
#1109=CARTESIAN_POINT('Ctrl Pts',(2.10849778705816,25.0002467367894,9.41852085143038));
#1110=CARTESIAN_POINT('Ctrl Pts',(2.06312456945646,75.0025209853065,9.20628144711861));
#1111=CARTESIAN_POINT('Ctrl Pts',(2.29869536236094,150.002700566797,8.41832640285591));
#1112=CARTESIAN_POINT('Ctrl Pts',(2.42951966793741,225.001772676828,7.78643147800039));
#1113=CARTESIAN_POINT('Ctrl Pts',(2.4574615780622,275.000666308764,7.40361801210596));
#1114=CARTESIAN_POINT('Ctrl Pts',(2.43281000650786,324.995275969972,7.07477765606692));
#1115=CARTESIAN_POINT('Ctrl Pts',(2.39384697121907,374.990358739522,6.83467373665977));
#1116=CARTESIAN_POINT('Ctrl Pts',(2.31450774408608,449.991288259667,6.60060815086818));
#1117=CARTESIAN_POINT('Ctrl Pts',(2.20847537097473,524.996510230025,6.35779806879496));
#1118=CARTESIAN_POINT('Ctrl Pts',(2.11440674229349,574.999412069042,6.09094172328024));
#1119=CARTESIAN_POINT('Ctrl Pts',(2.02130512451072,624.997273852878,5.74714540874973));
#1120=CARTESIAN_POINT('Ctrl Pts',(1.94859571515369,674.995100363401,5.32986150724691));
#1121=CARTESIAN_POINT('Ctrl Pts',(1.88951167501957,749.997492746757,4.61846848659205));
#1122=CARTESIAN_POINT('Ctrl Pts',(1.81870160164383,825.000627515184,3.90337344004827));
#1123=CARTESIAN_POINT('Ctrl Pts',(1.72714161719537,875.001097366094,3.4776548284023));
#1124=CARTESIAN_POINT('Ctrl Pts',(1.5995846727902,924.995549250545,3.1240434437481));
#1125=CARTESIAN_POINT('Ctrl Pts',(1.48242155422577,974.989298691456,2.80762604760351));
#1126=CARTESIAN_POINT('Ctrl Pts',(1.33990812677698,1049.98675552976,2.39633514713999));
#1127=CARTESIAN_POINT('Ctrl Pts',(1.14238693249379,1124.99081987533,2.19533011540759));
#1128=CARTESIAN_POINT('Ctrl Pts',(1.08437373286983,1174.99751135764,1.66542635047502));
#1129=CARTESIAN_POINT('Ctrl Pts',(0.94606811495626,1200.,1.76596579284569));
#1130=CARTESIAN_POINT('Ctrl Pts',(-0.655580546746884,0.,3.98252412354487));
#1131=CARTESIAN_POINT('Ctrl Pts',(-0.511851443489467,25.0001755963075,3.72397761029505));
#1132=CARTESIAN_POINT('Ctrl Pts',(-0.566990050043144,75.0025665367109,3.79362278936516));
#1133=CARTESIAN_POINT('Ctrl Pts',(-0.33929660018767,150.002761599178,3.39001357252404));
#1134=CARTESIAN_POINT('Ctrl Pts',(-0.207739014567376,225.001866657301,3.13590824606982));
#1135=CARTESIAN_POINT('Ctrl Pts',(-0.147924800382354,275.000713382674,2.98012814291783));
#1136=CARTESIAN_POINT('Ctrl Pts',(-0.114712860143937,324.99522891915,2.86153902604821));
#1137=CARTESIAN_POINT('Ctrl Pts',(-0.0898426202438402,374.990279360579,
2.8095830342312));
#1138=CARTESIAN_POINT('Ctrl Pts',(-0.0568208585475552,449.991256377806,
2.82190022018063));
#1139=CARTESIAN_POINT('Ctrl Pts',(-0.037813076387667,524.996541245167,2.82052257388459));
#1140=CARTESIAN_POINT('Ctrl Pts',(-0.042851845922813,574.999439215641,2.73094930636124));
#1141=CARTESIAN_POINT('Ctrl Pts',(-0.0440994621750388,624.997246700089,
2.58441444862266));
#1142=CARTESIAN_POINT('Ctrl Pts',(-0.0284319854417551,674.995063011164,
2.39187292153487));
#1143=CARTESIAN_POINT('Ctrl Pts',(0.0470508761635467,749.997504665737,2.05909499937117));
#1144=CARTESIAN_POINT('Ctrl Pts',(0.121057971967874,825.000683053118,1.71817064019974));
#1145=CARTESIAN_POINT('Ctrl Pts',(0.138835737166027,875.001132817317,1.5082379353675));
#1146=CARTESIAN_POINT('Ctrl Pts',(0.130352728751443,924.995513809219,1.34007418948942));
#1147=CARTESIAN_POINT('Ctrl Pts',(0.121329557792903,974.989227119005,1.19758985198011));
#1148=CARTESIAN_POINT('Ctrl Pts',(0.133131058273683,1049.98671761668,1.01919862562011));
#1149=CARTESIAN_POINT('Ctrl Pts',(0.0990399541336669,1124.9907634746,1.04696801558424));
#1150=CARTESIAN_POINT('Ctrl Pts',(0.182039679233454,1174.99761636118,0.628026894372497));
#1151=CARTESIAN_POINT('Ctrl Pts',(0.115346519068814,1200.,0.815697026962874));
#1152=CARTESIAN_POINT('Ctrl Pts',(-0.426600654239272,0.,1.17207566464696));
#1153=CARTESIAN_POINT('Ctrl Pts',(-0.29978941532638,25.0001301187424,0.972684898128045));
#1154=CARTESIAN_POINT('Ctrl Pts',(-0.413096545054182,75.0025261038115,1.18096405241794));
#1155=CARTESIAN_POINT('Ctrl Pts',(-0.287783589466351,150.002740696159,0.98062408331778));
#1156=CARTESIAN_POINT('Ctrl Pts',(-0.25143424540678,225.001886625645,0.919121611152022));
#1157=CARTESIAN_POINT('Ctrl Pts',(-0.229189055915473,275.000730199941,0.869945656717448));
#1158=CARTESIAN_POINT('Ctrl Pts',(-0.210677006517738,324.995212111198,0.841216395762065));
#1159=CARTESIAN_POINT('Ctrl Pts',(-0.196684323622816,374.990249268461,0.839347000812032));
#1160=CARTESIAN_POINT('Ctrl Pts',(-0.170482647908209,449.991239679416,0.867898066042948));
#1161=CARTESIAN_POINT('Ctrl Pts',(-0.151438674013412,524.996545823605,0.884384652393219));
#1162=CARTESIAN_POINT('Ctrl Pts',(-0.153683639419759,574.999445675342,0.847914592323944));
#1163=CARTESIAN_POINT('Ctrl Pts',(-0.151297969516978,624.997240237929,0.795643919598603));
#1164=CARTESIAN_POINT('Ctrl Pts',(-0.145829765949301,674.995057197502,0.728870045648905));
#1165=CARTESIAN_POINT('Ctrl Pts',(-0.103879659585561,749.997517513961,0.634874440150257));
#1166=CARTESIAN_POINT('Ctrl Pts',(-0.0594443908153262,825.00070859468,0.537190879639358));
#1167=CARTESIAN_POINT('Ctrl Pts',(-0.0438287401294833,875.001147432585,
0.461930506611524));
#1168=CARTESIAN_POINT('Ctrl Pts',(-0.038148877924362,924.995499198214,0.399933568762488));
#1169=CARTESIAN_POINT('Ctrl Pts',(-0.0415151841209122,974.989200348837,
0.344916737196278));
#1170=CARTESIAN_POINT('Ctrl Pts',(-0.0301074801096991,1049.98670746843,
0.26402804328215));
#1171=CARTESIAN_POINT('Ctrl Pts',(-0.0588524047626468,1124.99075677416,
0.38242814719223));
#1172=CARTESIAN_POINT('Ctrl Pts',(0.0450412904173299,1174.99764854985,0.0231886426789249));
#1173=CARTESIAN_POINT('Ctrl Pts',(-0.00693194613333611,1200.,0.254760356113927));
#1174=CARTESIAN_POINT('Ctrl Pts',(4.26333494203381E-15,0.,-1.17134164848097E-14));
#1175=CARTESIAN_POINT('Ctrl Pts',(0.110037463507283,25.0001087040997,-0.175084502554281));
#1176=CARTESIAN_POINT('Ctrl Pts',(-0.0401566047032668,75.0024852672264,
0.0897562552444014));
#1177=CARTESIAN_POINT('Ctrl Pts',(0.0268166434569182,150.002712371737,-0.017452706871876));
#1178=CARTESIAN_POINT('Ctrl Pts',(0.00882665018003165,225.001883884838,
0.00690507677046366));
#1179=CARTESIAN_POINT('Ctrl Pts',(0.00218430012945275,275.000734182643,
-0.000248323355530861));
#1180=CARTESIAN_POINT('Ctrl Pts',(-0.00218389660787647,324.995208129142,
0.00024830979573317));
#1181=CARTESIAN_POINT('Ctrl Pts',(-0.00427955692640487,374.990241211077,
0.00839321226210025));
#1182=CARTESIAN_POINT('Ctrl Pts',(0.00942901645485198,449.991232905612,
0.0242883365108141));
#1183=CARTESIAN_POINT('Ctrl Pts',(0.0188877488114309,524.996543459902,0.0303939167006615));
#1184=CARTESIAN_POINT('Ctrl Pts',(0.00636976046753021,574.999445489067,
0.0084898395857405));
#1185=CARTESIAN_POINT('Ctrl Pts',(-0.00636891790241505,624.99724042418,
-0.00848846022934732));
#1186=CARTESIAN_POINT('Ctrl Pts',(-0.0193309124702314,674.995059818285,
-0.0205455063759242));
#1187=CARTESIAN_POINT('Ctrl Pts',(-0.00945255329737994,749.99752512332,
-0.00110499723579713));
#1188=CARTESIAN_POINT('Ctrl Pts',(0.00397873239237389,825.000717680314,
0.0190884167151334));
#1189=CARTESIAN_POINT('Ctrl Pts',(0.00329871621284067,875.001151928698,
0.00743073922184554));
#1190=CARTESIAN_POINT('Ctrl Pts',(-0.00329849755341137,924.995494702703,
-0.00742872625064026));
#1191=CARTESIAN_POINT('Ctrl Pts',(-0.0158127536778502,974.989193757629,
-0.0254911430746932));
#1192=CARTESIAN_POINT('Ctrl Pts',(-0.0120680580046579,1049.98670796332,
-0.0685811406766445));
#1193=CARTESIAN_POINT('Ctrl Pts',(-0.0457430710946957,1124.99076412831,
0.082892504642038));
#1194=CARTESIAN_POINT('Ctrl Pts',(0.0544681873279466,1174.99765335166,-0.248841785664255));
#1195=CARTESIAN_POINT('Ctrl Pts',(0.,1200.,0.));
#1196=CARTESIAN_POINT('Ctrl Pts',(187.938524157182,0.,68.4040286651337));
#1197=CARTESIAN_POINT('Ctrl Pts',(186.665599024407,11.9942238205057,67.1983681613163));
#1198=CARTESIAN_POINT('Ctrl Pts',(184.107453034277,35.98300295421,64.8119105689165));
#1199=CARTESIAN_POINT('Ctrl Pts',(180.233346948125,71.9671661308723,61.306814278377));
#1200=CARTESIAN_POINT('Ctrl Pts',(174.993796312922,119.948047451329,56.7831427156073));
#1201=CARTESIAN_POINT('Ctrl Pts',(168.319402375694,179.92751590228,51.3816717560148));
#1202=CARTESIAN_POINT('Ctrl Pts',(161.518666923618,239.910382483467,46.237457223393));
#1203=CARTESIAN_POINT('Ctrl Pts',(154.591266537673,299.896643773207,41.3538399244441));
#1204=CARTESIAN_POINT('Ctrl Pts',(147.539002471087,359.886230826604,36.7316899596793));
#1205=CARTESIAN_POINT('Ctrl Pts',(140.366991726372,419.878974815775,32.3674903299104));
#1206=CARTESIAN_POINT('Ctrl Pts',(133.082689529449,479.87464806473,28.2562449275818));
#1207=CARTESIAN_POINT('Ctrl Pts',(125.69503062434,539.873002004708,24.3941730904794));
#1208=CARTESIAN_POINT('Ctrl Pts',(118.21367733816,599.873802562668,20.7812201889887));
#1209=CARTESIAN_POINT('Ctrl Pts',(110.648357002189,659.876863606576,17.4234154114037));
#1210=CARTESIAN_POINT('Ctrl Pts',(103.008273042579,719.882079154549,14.3351187561527));
#1211=CARTESIAN_POINT('Ctrl Pts',(95.3018702039569,779.889403985806,11.5359007809936));
#1212=CARTESIAN_POINT('Ctrl Pts',(87.5366496351709,839.89883321666,9.04726621725664));
#1213=CARTESIAN_POINT('Ctrl Pts',(79.7190241838019,899.910380737886,6.88917644450021));
#1214=CARTESIAN_POINT('Ctrl Pts',(71.8542067211496,959.924056242224,5.07631334217466));
#1215=CARTESIAN_POINT('Ctrl Pts',(63.9461246298146,1019.93984048883,3.61400966150783));
#1216=CARTESIAN_POINT('Ctrl Pts',(55.9975445483946,1079.95769929504,2.5015709215663));
#1217=CARTESIAN_POINT('Ctrl Pts',(49.607682649443,1127.97361645477,1.88852142601061));
#1218=CARTESIAN_POINT('Ctrl Pts',(44.7982543913601,1163.98645816499,1.58264153417457));
#1219=CARTESIAN_POINT('Ctrl Pts',(41.5844300009271,1187.99541937634,1.44684628820094));
#1220=CARTESIAN_POINT('Ctrl Pts',(39.9756330807638,1200.,1.39597986810002));
#1221=CARTESIAN_POINT('Ctrl Pts',(-2.24117210885386E-14,-2.73237827072216E-16,
-1.38173730690341E-16));
#1222=CARTESIAN_POINT('Ctrl Pts',(0.110037463507257,25.0001087040997,-0.17508450255427));
#1223=CARTESIAN_POINT('Ctrl Pts',(-0.0401566083742143,75.00248526726,0.0897562528304698));
#1224=CARTESIAN_POINT('Ctrl Pts',(0.026816638116077,150.002712371801,-0.0174527125838904));
#1225=CARTESIAN_POINT('Ctrl Pts',(0.00882663716511425,225.001883884955,
0.00690506851024184));
#1226=CARTESIAN_POINT('Ctrl Pts',(-0.00113656492490364,299.997744641449,
-0.00382469546418886));
#1227=CARTESIAN_POINT('Ctrl Pts',(-0.00427908620386795,374.994120350542,
0.0083941018223777));
#1228=CARTESIAN_POINT('Ctrl Pts',(0.00942933297138541,449.992784664015,
0.0242883895361619));
#1229=CARTESIAN_POINT('Ctrl Pts',(0.0188876020455573,524.995767633036,0.0303938016231929));
#1230=CARTESIAN_POINT('Ctrl Pts',(0.000111846103875202,599.997447489446,
-0.00246070315893011));
#1231=CARTESIAN_POINT('Ctrl Pts',(-0.0193308980204051,674.99835635387,-0.0205453037704959));
#1232=CARTESIAN_POINT('Ctrl Pts',(-0.00945208101563456,749.998843625079,
-0.00110468173184629));
#1233=CARTESIAN_POINT('Ctrl Pts',(0.00397859250134418,825.000058368875,
0.0190878319405413));
#1234=CARTESIAN_POINT('Ctrl Pts',(0.00295912705737931,899.997107665902,
0.00160268023023254));
#1235=CARTESIAN_POINT('Ctrl Pts',(-0.0158128452905763,974.991565417032,
-0.0254928283884778));
#1236=CARTESIAN_POINT('Ctrl Pts',(-0.0120674306373555,1049.9876568488,-0.0685830803343169));
#1237=CARTESIAN_POINT('Ctrl Pts',(-0.0457436258934266,1124.99028980632,
0.082894445986515));
#1238=CARTESIAN_POINT('Ctrl Pts',(0.0544692209728576,1174.99717888115,-0.248846507944507));
#1239=CARTESIAN_POINT('Ctrl Pts',(0.,1200.,0.));
#1240=CARTESIAN_POINT('Ctrl Pts',(0.,0.,0.));
#1241=CARTESIAN_POINT('Ctrl Pts',(0.110037463507279,25.0001087040997,-0.17508450255427));
#1242=CARTESIAN_POINT('Ctrl Pts',(-0.0401566047032703,75.0024852672264,
0.0897562552444106));
#1243=CARTESIAN_POINT('Ctrl Pts',(0.0268166434569171,150.002712371737,-0.0174527068718744));
#1244=CARTESIAN_POINT('Ctrl Pts',(0.00882665018003304,225.001883884838,
0.00690507677045767));
#1245=CARTESIAN_POINT('Ctrl Pts',(0.00218430012945494,275.000734182643,
-0.000248323355539366));
#1246=CARTESIAN_POINT('Ctrl Pts',(-0.00218389660787428,324.995208129142,
0.000248309795724666));
#1247=CARTESIAN_POINT('Ctrl Pts',(-0.00427955692640296,374.990241211077,
0.00839321226209281));
#1248=CARTESIAN_POINT('Ctrl Pts',(0.00942901645485307,449.991232905612,
0.0242883365108098));
#1249=CARTESIAN_POINT('Ctrl Pts',(0.0188877488114312,524.996543459902,0.0303939167006604));
#1250=CARTESIAN_POINT('Ctrl Pts',(0.00636976046753021,574.999445489067,
0.0084898395857405));
#1251=CARTESIAN_POINT('Ctrl Pts',(-0.00636891790241505,624.99724042418,
-0.00848846022934732));
#1252=CARTESIAN_POINT('Ctrl Pts',(-0.0193309124702314,674.995059818285,
-0.0205455063759242));
#1253=CARTESIAN_POINT('Ctrl Pts',(-0.00945255329737994,749.99752512332,
-0.00110499723579713));
#1254=CARTESIAN_POINT('Ctrl Pts',(0.00397873239237389,825.000717680314,
0.0190884167151334));
#1255=CARTESIAN_POINT('Ctrl Pts',(0.00329871621284067,875.001151928698,
0.00743073922184554));
#1256=CARTESIAN_POINT('Ctrl Pts',(-0.00329849755341137,924.995494702703,
-0.00742872625064026));
#1257=CARTESIAN_POINT('Ctrl Pts',(-0.0158127536778502,974.989193757629,
-0.0254911430746932));
#1258=CARTESIAN_POINT('Ctrl Pts',(-0.0120680580046579,1049.98670796332,
-0.0685811406766445));
#1259=CARTESIAN_POINT('Ctrl Pts',(-0.0457430710946957,1124.99076412831,
0.082892504642038));
#1260=CARTESIAN_POINT('Ctrl Pts',(0.0544681873279466,1174.99765335166,-0.248841785664255));
#1261=CARTESIAN_POINT('Ctrl Pts',(0.,1200.,0.));
#1262=CARTESIAN_POINT('Ctrl Pts',(0.740226722558484,0.,-2.03375620550633));
#1263=CARTESIAN_POINT('Ctrl Pts',(0.821158752986739,25.0000715459505,-2.16666509034085));
#1264=CARTESIAN_POINT('Ctrl Pts',(0.606959397144853,75.0024144086113,-1.80368006114478));
#1265=CARTESIAN_POINT('Ctrl Pts',(0.572703052722269,150.002663223913,-1.74929044298889));
#1266=CARTESIAN_POINT('Ctrl Pts',(0.460424808401108,225.001879129058,-1.57595010359263));
#1267=CARTESIAN_POINT('Ctrl Pts',(0.403657526507657,275.000741093328,-1.51018702471125));
#1268=CARTESIAN_POINT('Ctrl Pts',(0.359588102311848,324.995201219578,-1.45897835538887));
#1269=CARTESIAN_POINT('Ctrl Pts',(0.329576353609617,374.990227230107,-1.43345689599131));
#1270=CARTESIAN_POINT('Ctrl Pts',(0.321607210131077,449.991221151878,-1.43952204212909));
#1271=CARTESIAN_POINT('Ctrl Pts',(0.314433872521848,524.996539358464,-1.45142932265717));
#1272=CARTESIAN_POINT('Ctrl Pts',(0.284090393231636,574.999445165846,-1.44805887260951));
#1273=CARTESIAN_POINT('Ctrl Pts',(0.245108326246364,624.997240747358,-1.40379873485761));
#1274=CARTESIAN_POINT('Ctrl Pts',(0.200166715551921,674.995064365802,-1.32091251799928));
#1275=CARTESIAN_POINT('Ctrl Pts',(0.154394985879573,749.997538326889,-1.1046405166324));
#1276=CARTESIAN_POINT('Ctrl Pts',(0.114028940145048,825.000733445479,-0.879909942215582));
#1277=CARTESIAN_POINT('Ctrl Pts',(0.0850730927969658,875.001159730241,-0.781205822572444));
#1278=CARTESIAN_POINT('Ctrl Pts',(0.057173005679296,924.995486902206,-0.714273531890203));
#1279=CARTESIAN_POINT('Ctrl Pts',(0.028785456989647,974.989182320731,-0.668213577975202));
#1280=CARTESIAN_POINT('Ctrl Pts',(0.0192334933853083,1049.98670882204,-0.645716228698748));
#1281=CARTESIAN_POINT('Ctrl Pts',(-0.0229960851266184,1124.99077688903,
-0.436854206412033));
#1282=CARTESIAN_POINT('Ctrl Pts',(0.0708255016796704,1174.99766168363,-0.720862141019151));
#1283=CARTESIAN_POINT('Ctrl Pts',(0.0120281385324685,1200.,-0.442053760513626));
#1284=CARTESIAN_POINT('Ctrl Pts',(4.16741070730552,0.,-4.98045049121787));
#1285=CARTESIAN_POINT('Ctrl Pts',(4.17829190354006,24.9999898819098,-5.05425146694408));
#1286=CARTESIAN_POINT('Ctrl Pts',(3.80079145192871,75.0022319570309,-4.57931894291132));
#1287=CARTESIAN_POINT('Ctrl Pts',(3.48349230848077,150.002524943331,-4.3615258334609));
#1288=CARTESIAN_POINT('Ctrl Pts',(3.0997287996364,225.001843053628,-4.04541304691332));
#1289=CARTESIAN_POINT('Ctrl Pts',(2.89958212540403,275.000745912003,-3.90350880180781));
#1290=CARTESIAN_POINT('Ctrl Pts',(2.7462365158067,324.995196383045,-3.78910808615995));
#1291=CARTESIAN_POINT('Ctrl Pts',(2.59788193678901,374.990212658939,-3.74325548380594));
#1292=CARTESIAN_POINT('Ctrl Pts',(2.40266840919594,449.991198214536,-3.77842640680736));
#1293=CARTESIAN_POINT('Ctrl Pts',(2.21638698820085,524.996518577273,-3.81015592608446));
#1294=CARTESIAN_POINT('Ctrl Pts',(2.0840140397074,574.999435961287,-3.76773452882989));
#1295=CARTESIAN_POINT('Ctrl Pts',(1.95749796434214,624.997249959695,-3.63549336105045));
#1296=CARTESIAN_POINT('Ctrl Pts',(1.79188069661473,674.995088630079,-3.41883046756587));
#1297=CARTESIAN_POINT('Ctrl Pts',(1.5162969460114,749.997571613377,-2.92510224770578));
#1298=CARTESIAN_POINT('Ctrl Pts',(1.24851465458114,825.000760180904,-2.4060207103967));
#1299=CARTESIAN_POINT('Ctrl Pts',(1.10359663425048,875.001170591414,-2.13972606057253));
#1300=CARTESIAN_POINT('Ctrl Pts',(0.994530000192801,924.995476034832,-1.93975133552096));
#1301=CARTESIAN_POINT('Ctrl Pts',(0.874505579160971,974.989163059706,-1.78496003541594));
#1302=CARTESIAN_POINT('Ctrl Pts',(0.715116713529727,1049.98669640338,-1.64054656114868));
#1303=CARTESIAN_POINT('Ctrl Pts',(0.530704687995487,1124.99078615067,-1.32155734324833));
#1304=CARTESIAN_POINT('Ctrl Pts',(0.54628248753573,1174.9976527272,-1.51327700145397));
#1305=CARTESIAN_POINT('Ctrl Pts',(0.457111684030078,1200.,-1.18367642446841));
#1306=CARTESIAN_POINT('Ctrl Pts',(14.4783773255238,0.,-6.24653168806075));
#1307=CARTESIAN_POINT('Ctrl Pts',(14.3529025182126,24.9998477864854,-6.30015238588602));
#1308=CARTESIAN_POINT('Ctrl Pts',(13.6375482360143,75.001851461138,-5.88367009535804));
#1309=CARTESIAN_POINT('Ctrl Pts',(12.6842940920393,150.0022118986,-5.84902025091932));
#1310=CARTESIAN_POINT('Ctrl Pts',(11.6755541193266,225.001718316057,-5.73441308211168));
#1311=CARTESIAN_POINT('Ctrl Pts',(11.1465103786437,275.000729048782,-5.665471623248));
#1312=CARTESIAN_POINT('Ctrl Pts',(10.7497515354921,324.995213201162,-5.55972135434117));
#1313=CARTESIAN_POINT('Ctrl Pts',(10.2605047237839,374.990226716374,-5.53160205276264));
#1314=CARTESIAN_POINT('Ctrl Pts',(9.41033449216862,449.991165352394,-5.59797492481783));
#1315=CARTESIAN_POINT('Ctrl Pts',(8.5758693318268,524.996453703674,-5.64319143734061));
#1316=CARTESIAN_POINT('Ctrl Pts',(8.1163191577735,574.99939922745,-5.58246907472607));
#1317=CARTESIAN_POINT('Ctrl Pts',(7.76462162402451,624.997286715687,-5.41150288142864));
#1318=CARTESIAN_POINT('Ctrl Pts',(7.26763940750273,674.995165612108,-5.1475576288717));
#1319=CARTESIAN_POINT('Ctrl Pts',(6.33464986783671,749.997639897201,-4.55694913612821));
#1320=CARTESIAN_POINT('Ctrl Pts',(5.40957852017515,825.000787405078,-3.91183192605859));
#1321=CARTESIAN_POINT('Ctrl Pts',(4.93322062743891,875.001174185943,-3.53988400734299));
#1322=CARTESIAN_POINT('Ctrl Pts',(4.59919856815468,924.995472425491,-3.22342744991049));
#1323=CARTESIAN_POINT('Ctrl Pts',(4.18090888950177,974.989143101268,-2.96294203444493));
#1324=CARTESIAN_POINT('Ctrl Pts',(3.46545526458192,1049.98663781077,-2.67404152151459));
#1325=CARTESIAN_POINT('Ctrl Pts',(2.73165482092407,1124.99075298802,-2.2158793029942));
#1326=CARTESIAN_POINT('Ctrl Pts',(2.45452120338454,1174.99757070764,-2.28345780352468));
#1327=CARTESIAN_POINT('Ctrl Pts',(2.26179462669788,1200.,-1.90275197312064));
#1328=CARTESIAN_POINT('Ctrl Pts',(28.4206384535073,0.,-4.85160391652138));
#1329=CARTESIAN_POINT('Ctrl Pts',(28.1317710676488,24.9996884524933,-4.94628345472261));
#1330=CARTESIAN_POINT('Ctrl Pts',(27.0146620332594,75.0013795540297,-4.76164068065842));
#1331=CARTESIAN_POINT('Ctrl Pts',(25.2925294807663,150.001807524083,-5.20828844017907));
#1332=CARTESIAN_POINT('Ctrl Pts',(23.5201440730455,225.001532019287,-5.58197254003534));
#1333=CARTESIAN_POINT('Ctrl Pts',(22.5799704294436,275.000690988251,-5.72494913858031));
#1334=CARTESIAN_POINT('Ctrl Pts',(21.870421373886,324.995251205263,-5.72002936007738));
#1335=CARTESIAN_POINT('Ctrl Pts',(20.9291803399826,374.99027241642,-5.77224756219765));
#1336=CARTESIAN_POINT('Ctrl Pts',(19.1919084413463,449.991133864324,-5.91758232423556));
#1337=CARTESIAN_POINT('Ctrl Pts',(17.4721192341941,524.996359166092,-6.02063427430659));
#1338=CARTESIAN_POINT('Ctrl Pts',(16.5643858388846,574.999342317131,-5.9970777024359));
#1339=CARTESIAN_POINT('Ctrl Pts',(15.9048874687861,624.997343655575,-5.87039215156448));
#1340=CARTESIAN_POINT('Ctrl Pts',(14.9686042882454,674.995278259288,-5.68174924792352));
#1341=CARTESIAN_POINT('Ctrl Pts',(13.1762192208094,749.997724252142,-5.23669706085506));
#1342=CARTESIAN_POINT('Ctrl Pts',(11.3888411627275,825.000803247923,-4.70480734976515));
#1343=CARTESIAN_POINT('Ctrl Pts',(10.4668961226613,875.001166607549,-4.34342275323258));
#1344=CARTESIAN_POINT('Ctrl Pts',(9.81718998063366,924.99547998636,-3.98502604384616));
#1345=CARTESIAN_POINT('Ctrl Pts',(8.97987893582119,974.989130171592,-3.67784334905883));
#1346=CARTESIAN_POINT('Ctrl Pts',(7.47905665135864,1049.9865416786,-3.30165956172389));
#1347=CARTESIAN_POINT('Ctrl Pts',(5.96245085480481,1124.99067450619,-2.75060689589174));
#1348=CARTESIAN_POINT('Ctrl Pts',(5.25950991699578,1174.9974283378,-2.71588009359271));
#1349=CARTESIAN_POINT('Ctrl Pts',(4.91238063725412,1200.,-2.30680255327499));
#1350=CARTESIAN_POINT('Ctrl Pts',(44.2510890399485,0.,-1.39526158293184));
#1351=CARTESIAN_POINT('Ctrl Pts',(43.7760371233626,24.9995142010391,-1.58499944368425));
#1352=CARTESIAN_POINT('Ctrl Pts',(42.225895967275,75.0008316538967,-1.74643761579916));
#1353=CARTESIAN_POINT('Ctrl Pts',(39.6913019198605,150.00132609624,-2.82395969724831));
#1354=CARTESIAN_POINT('Ctrl Pts',(37.106552557851,225.001293227609,-3.82535618837665));
#1355=CARTESIAN_POINT('Ctrl Pts',(35.7082353210602,275.000634613378,-4.26482624890506));
#1356=CARTESIAN_POINT('Ctrl Pts',(34.6266409269004,324.995307502656,-4.4416580967392));
#1357=CARTESIAN_POINT('Ctrl Pts',(33.1802941678352,374.990345481078,-4.65056696069628));
#1358=CARTESIAN_POINT('Ctrl Pts',(30.4828647773614,449.99110357895,-4.98096353794506));
#1359=CARTESIAN_POINT('Ctrl Pts',(27.8001370015292,524.996239004604,-5.24491778758958));
#1360=CARTESIAN_POINT('Ctrl Pts',(26.3820564970442,574.99926798236,-5.32855945107137));
#1361=CARTESIAN_POINT('Ctrl Pts',(25.3433988945748,624.997418029051,-5.31891943745505));
#1362=CARTESIAN_POINT('Ctrl Pts',(23.9084014132148,674.995421651951,-5.29281745016419));
#1363=CARTESIAN_POINT('Ctrl Pts',(21.1836499172048,749.997822395702,-5.14524675898176));
#1364=CARTESIAN_POINT('Ctrl Pts',(18.4584145167194,825.000809203194,-4.87597713687313));
#1365=CARTESIAN_POINT('Ctrl Pts',(17.026190693933,875.001149378526,-4.60730878721497));
#1366=CARTESIAN_POINT('Ctrl Pts',(15.9825488312875,924.995497190009,-4.27297407719429));
#1367=CARTESIAN_POINT('Ctrl Pts',(14.6501988015534,974.989122366757,-3.97900230695986));
#1368=CARTESIAN_POINT('Ctrl Pts',(12.2507648790456,1049.98641042296,-3.58951303930002));
#1369=CARTESIAN_POINT('Ctrl Pts',(9.83469162136455,1124.99055244661,-3.01006920964902));
#1370=CARTESIAN_POINT('Ctrl Pts',(8.61978435660221,1174.99723383243,-2.9017416237371));
#1371=CARTESIAN_POINT('Ctrl Pts',(8.07455366286792,1200.,-2.48467185159095));
#1372=CARTESIAN_POINT('Ctrl Pts',(60.5781594432753,0.,3.55952337098195));
#1373=CARTESIAN_POINT('Ctrl Pts',(59.8983742704044,24.9993273915629,3.22797007629059));
#1374=CARTESIAN_POINT('Ctrl Pts',(57.9098044483279,75.0002231684177,2.6547477534331));
#1375=CARTESIAN_POINT('Ctrl Pts',(54.5882724904547,150.000781908544,0.913536989843277));
#1376=CARTESIAN_POINT('Ctrl Pts',(51.2121598956817,225.001011006216,-0.739445470297563));
#1377=CARTESIAN_POINT('Ctrl Pts',(49.3371605012152,275.000562817713,-1.51620874861154));
#1378=CARTESIAN_POINT('Ctrl Pts',(47.8343876146243,324.995379206212,-1.94445487128788));
#1379=CARTESIAN_POINT('Ctrl Pts',(45.8747726736839,374.990441638555,-2.39089989064695));
#1380=CARTESIAN_POINT('Ctrl Pts',(42.2640936856385,449.991074326419,-3.04302847740933));
#1381=CARTESIAN_POINT('Ctrl Pts',(38.6612119569322,524.996097257119,-3.60189934848968));
#1382=CARTESIAN_POINT('Ctrl Pts',(36.7164199355115,574.999178973709,-3.86808032155847));
#1383=CARTESIAN_POINT('Ctrl Pts',(35.2385057695639,624.997507082638,-4.03800989112673));
#1384=CARTESIAN_POINT('Ctrl Pts',(33.285439480671,674.995590869662,-4.23111596007057));
#1385=CARTESIAN_POINT('Ctrl Pts',(29.6589790092835,749.997932044924,-4.45676402987377));
#1386=CARTESIAN_POINT('Ctrl Pts',(26.0244133753585,825.000806768393,-4.5239590102067));
#1387=CARTESIAN_POINT('Ctrl Pts',(24.0582121550413,875.001124023112,-4.4008703834473));
#1388=CARTESIAN_POINT('Ctrl Pts',(22.5548598836739,924.995522514725,-4.14805970618628));
#1389=CARTESIAN_POINT('Ctrl Pts',(20.6876962319603,974.989117782441,-3.92447742687441));
#1390=CARTESIAN_POINT('Ctrl Pts',(17.3669798687323,1049.98624646857,-3.60150568358395));
#1391=CARTESIAN_POINT('Ctrl Pts',(14.0260397987084,1124.99038854541,-3.06546121545698));
#1392=CARTESIAN_POINT('Ctrl Pts',(12.2514447728833,1174.9969954255,-2.91545701278677));
#1393=CARTESIAN_POINT('Ctrl Pts',(11.4715626211473,1200.,-2.50842483310766));
#1394=CARTESIAN_POINT('Ctrl Pts',(82.0427364614946,0.,11.5880458642293));
#1395=CARTESIAN_POINT('Ctrl Pts',(81.070898132536,24.9990647548563,11.014721907129));
#1396=CARTESIAN_POINT('Ctrl Pts',(78.5086181530927,74.9993516063939,9.84262862627743));
#1397=CARTESIAN_POINT('Ctrl Pts',(74.2146516988265,149.999991721171,7.24763027668156));
#1398=CARTESIAN_POINT('Ctrl Pts',(69.8549943009457,225.000588892627,4.76729876737816));
#1399=CARTESIAN_POINT('Ctrl Pts',(67.3412161414602,275.000450398404,3.5178477831322));
#1400=CARTESIAN_POINT('Ctrl Pts',(65.2248571501202,324.995491508914,2.67650996629401));
#1401=CARTESIAN_POINT('Ctrl Pts',(62.5989112800858,374.990594949808,1.81749681848704));
#1402=CARTESIAN_POINT('Ctrl Pts',(57.8999926725481,449.991036475312,0.567196989353147));
#1403=CARTESIAN_POINT('Ctrl Pts',(53.1947453750162,524.995884860712,-0.551050913937686));
#1404=CARTESIAN_POINT('Ctrl Pts',(50.5558932907144,574.999044396208,-1.15021892589692));
#1405=CARTESIAN_POINT('Ctrl Pts',(48.4271887733012,624.997641719562,-1.62928545528419));
#1406=CARTESIAN_POINT('Ctrl Pts',(45.7848293958676,674.995844365285,-2.16330019751352));
#1407=CARTESIAN_POINT('Ctrl Pts',(41.0567192932808,749.998090540341,-2.92748188275521));
#1408=CARTESIAN_POINT('Ctrl Pts',(36.3081050312298,825.000794335872,-3.4825320094323));
#1409=CARTESIAN_POINT('Ctrl Pts',(33.6268562392224,875.001081415081,-3.59881703682964));
#1410=CARTESIAN_POINT('Ctrl Pts',(31.4394930309251,924.995565086213,-3.51993366534167));
#1411=CARTESIAN_POINT('Ctrl Pts',(28.8358907143277,974.989113424514,-3.456471161555));
#1412=CARTESIAN_POINT('Ctrl Pts',(24.3213937353456,1049.98598750652,-3.31741272451711));
#1413=CARTESIAN_POINT('Ctrl Pts',(19.7791687537732,1124.99011653077,-2.92567784602931));
#1414=CARTESIAN_POINT('Ctrl Pts',(17.2272922874869,1174.99663001315,-2.76062236170357));
#1415=CARTESIAN_POINT('Ctrl Pts',(16.0953401646453,1200.,-2.38788521684889));
#1416=CARTESIAN_POINT('Ctrl Pts',(107.219805246869,0.,23.3615194813605));
#1417=CARTESIAN_POINT('Ctrl Pts',(105.857748065338,24.9987167712456,22.4052948603839));
#1418=CARTESIAN_POINT('Ctrl Pts',(102.61902195675,74.9981877535372,20.4399840300669));
#1419=CARTESIAN_POINT('Ctrl Pts',(97.2932148715387,149.998918514796,16.9103270375136));
#1420=CARTESIAN_POINT('Ctrl Pts',(91.8795912429602,224.999998000211,13.5446869881439));
#1421=CARTESIAN_POINT('Ctrl Pts',(88.58816094251,275.000285765229,11.6981972539117));
#1422=CARTESIAN_POINT('Ctrl Pts',(85.6325960168398,324.995655954013,10.2226316206246));
#1423=CARTESIAN_POINT('Ctrl Pts',(82.2364526859954,374.990822947402,8.70466306975239));
#1424=CARTESIAN_POINT('Ctrl Pts',(76.4694428586516,449.990990890701,6.45612153757705));
#1425=CARTESIAN_POINT('Ctrl Pts',(70.6703017278769,524.99558559483,4.39288565232523));
#1426=CARTESIAN_POINT('Ctrl Pts',(67.2103267694986,574.998853245902,3.24392556666195));
#1427=CARTESIAN_POINT('Ctrl Pts',(64.1741961150379,624.997832956037,2.27333178950184));
#1428=CARTESIAN_POINT('Ctrl Pts',(60.7023685550345,674.996201197058,1.26095971243055));
#1429=CARTESIAN_POINT('Ctrl Pts',(54.8327121105358,749.998306010056,-0.175020098819932));
#1430=CARTESIAN_POINT('Ctrl Pts',(48.923992825219,825.000765298766,-1.33697821942001));
#1431=CARTESIAN_POINT('Ctrl Pts',(45.3749086272695,875.001015455699,-1.80159404128711));
#1432=CARTESIAN_POINT('Ctrl Pts',(42.2304799402128,924.99563098127,-2.04107567632663));
#1433=CARTESIAN_POINT('Ctrl Pts',(38.7029044263454,974.989106507727,-2.27836913085721));
#1434=CARTESIAN_POINT('Ctrl Pts',(32.8367399360027,1049.98559416051,-2.51191599317168));
#1435=CARTESIAN_POINT('Ctrl Pts',(26.930059272372,1124.98968060146,-2.43040622690286));
#1436=CARTESIAN_POINT('Ctrl Pts',(23.394231761026,1174.99610461854,-2.31375817556978));
#1437=CARTESIAN_POINT('Ctrl Pts',(21.7665593486273,1200.,-2.01720577319164));
#1438=CARTESIAN_POINT('Ctrl Pts',(135.097284328132,0.,38.4058506355366));
#1439=CARTESIAN_POINT('Ctrl Pts',(133.260662247925,24.9982866823957,36.9189927449535));
#1440=CARTESIAN_POINT('Ctrl Pts',(129.271310434472,74.9967953191163,33.9717401258363));
#1441=CARTESIAN_POINT('Ctrl Pts',(122.92094787578,149.997608311098,29.4258510384601));
#1442=CARTESIAN_POINT('Ctrl Pts',(116.447971445162,224.999260252922,25.1196009580613));
#1443=CARTESIAN_POINT('Ctrl Pts',(112.27344778815,275.000072811458,22.5500548648724));
#1444=CARTESIAN_POINT('Ctrl Pts',(108.276254598045,324.995868714764,20.2149013579123));
#1445=CARTESIAN_POINT('Ctrl Pts',(104.024289030919,374.991120562628,17.8446543573872));
#1446=CARTESIAN_POINT('Ctrl Pts',(97.2282102441753,449.99093760179,14.3636274704342));
#1447=CARTESIAN_POINT('Ctrl Pts',(90.3594497022384,524.995204739849,11.1364317544158));
#1448=CARTESIAN_POINT('Ctrl Pts',(85.9632907258721,574.998609180175,9.27517368329751));
#1449=CARTESIAN_POINT('Ctrl Pts',(81.7780363616868,624.998077106872,7.62850455316943));
#1450=CARTESIAN_POINT('Ctrl Pts',(77.3483401207719,674.996653968987,6.01688739924125));
#1451=CARTESIAN_POINT('Ctrl Pts',(70.3114657841179,749.998574069383,3.82776023665258));
#1452=CARTESIAN_POINT('Ctrl Pts',(63.2120092708763,825.000720851282,1.9879011466477));
#1453=CARTESIAN_POINT('Ctrl Pts',(58.656654372479,875.000928185276,1.07481243799076));
#1454=CARTESIAN_POINT('Ctrl Pts',(54.300279604899,924.99571818807,0.360086126336466));
#1455=CARTESIAN_POINT('Ctrl Pts',(49.7035463588364,974.989080620762,-0.307959723818304));
#1456=CARTESIAN_POINT('Ctrl Pts',(42.4302385021186,1049.98503013973,-1.05584419002209));
#1457=CARTESIAN_POINT('Ctrl Pts',(35.1010325344327,1124.98901790134,-1.40476718412767));
#1458=CARTESIAN_POINT('Ctrl Pts',(30.4272581425153,1174.99543026824,-1.41018597775229));
#1459=CARTESIAN_POINT('Ctrl Pts',(28.1728995563838,1200.,-1.23957694098868));
#1460=CARTESIAN_POINT('Ctrl Pts',(157.447631182476,0.,51.0090470881347));
#1461=CARTESIAN_POINT('Ctrl Pts',(155.238578901858,24.9979334636924,49.0689751924052));
#1462=CARTESIAN_POINT('Ctrl Pts',(150.656660614127,74.9957411979247,45.2912293278854));
#1463=CARTESIAN_POINT('Ctrl Pts',(143.519773677606,149.996593082457,39.8325061216068));
#1464=CARTESIAN_POINT('Ctrl Pts',(136.228507816216,224.998681998392,34.682061506652));
#1465=CARTESIAN_POINT('Ctrl Pts',(131.35916736957,274.999901779672,31.4855907279006));
#1466=CARTESIAN_POINT('Ctrl Pts',(126.5326124563,324.996039606385,28.4270764487263));
#1467=CARTESIAN_POINT('Ctrl Pts',(121.585666412469,374.991360092817,25.3966948025222));
#1468=CARTESIAN_POINT('Ctrl Pts',(113.926891226014,449.990893234541,21.0499477342098));
#1469=CARTESIAN_POINT('Ctrl Pts',(106.156522108023,524.994896173441,17.0154846348613));
#1470=CARTESIAN_POINT('Ctrl Pts',(100.988014037699,574.998411895863,14.6127991023329));
#1471=CARTESIAN_POINT('Ctrl Pts',(95.8700531401939,624.998274441625,12.3991370594009));
#1472=CARTESIAN_POINT('Ctrl Pts',(90.6477887850772,674.997018956539,10.2894971529682));
#1473=CARTESIAN_POINT('Ctrl Pts',(82.620035146777,749.998790146898,7.48051324610494));
#1474=CARTESIAN_POINT('Ctrl Pts',(74.5121011194199,825.000685781142,5.07707995860871));
#1475=CARTESIAN_POINT('Ctrl Pts',(69.1281407292087,875.000858849597,3.77870629099695));
#1476=CARTESIAN_POINT('Ctrl Pts',(63.7921011848742,924.995787475451,2.64720284469276));
#1477=CARTESIAN_POINT('Ctrl Pts',(58.3457783182717,974.989031698346,1.62103674083711));
#1478=CARTESIAN_POINT('Ctrl Pts',(49.9829084317511,1049.98449958959,0.47209353851154));
#1479=CARTESIAN_POINT('Ctrl Pts',(41.5557898621532,1124.98836092082,-0.210033699296086));
#1480=CARTESIAN_POINT('Ctrl Pts',(35.9923005089401,1174.99488658002,-0.351112316628491));
#1481=CARTESIAN_POINT('Ctrl Pts',(33.2368416664303,1200.,-0.298546304493633));
#1482=CARTESIAN_POINT('Ctrl Pts',(174.974060615236,0.,60.9844318849306));
#1483=CARTESIAN_POINT('Ctrl Pts',(172.49786153888,24.997663436152,58.7041462472639));
#1484=CARTESIAN_POINT('Ctrl Pts',(167.459656128361,74.9950232771526,54.2775144442574));
#1485=CARTESIAN_POINT('Ctrl Pts',(159.693762113475,149.995884036528,48.0020508346213));
#1486=CARTESIAN_POINT('Ctrl Pts',(151.748881174591,224.99827757639,42.0883144120195));
#1487=CARTESIAN_POINT('Ctrl Pts',(146.356726279182,274.999780385279,38.3794795835297));
#1488=CARTESIAN_POINT('Ctrl Pts',(140.930366964106,324.996160925257,34.7830881486401));
#1489=CARTESIAN_POINT('Ctrl Pts',(135.439217076788,374.991529539719,31.2784783738746));
#1490=CARTESIAN_POINT('Ctrl Pts',(127.030226372997,449.990857085294,26.3390595938482));
#1491=CARTESIAN_POINT('Ctrl Pts',(118.477163967776,524.994670759791,21.7579912590266));
#1492=CARTESIAN_POINT('Ctrl Pts',(112.699704005116,574.998268733106,18.9740156913575));
#1493=CARTESIAN_POINT('Ctrl Pts',(106.895560067816,624.998417621244,16.34556463558));
#1494=CARTESIAN_POINT('Ctrl Pts',(101.04650895466,674.997283871484,13.851707090229));
#1495=CARTESIAN_POINT('Ctrl Pts',(92.1605767746264,749.998949493974,10.5295762716539));
#1496=CARTESIAN_POINT('Ctrl Pts',(83.1834083631523,825.000664896348,7.65162604565296));
#1497=CARTESIAN_POINT('Ctrl Pts',(77.1501668966853,875.00081151163,6.04636775424841));
#1498=CARTESIAN_POINT('Ctrl Pts',(71.0984775106937,924.995834786998,4.60315907503781));
#1499=CARTESIAN_POINT('Ctrl Pts',(65.0054122722226,974.98896853319,3.31155658898024));
#1500=CARTESIAN_POINT('Ctrl Pts',(55.772385186396,1049.98404852789,1.86383227349221));
#1501=CARTESIAN_POINT('Ctrl Pts',(46.4738105048492,1124.98777944309,0.930188444367936));
#1502=CARTESIAN_POINT('Ctrl Pts',(40.2505251487398,1174.99449552571,0.656981118067282));
#1503=CARTESIAN_POINT('Ctrl Pts',(37.1354636604862,1200.,0.616657601323461));
#1504=CARTESIAN_POINT('Ctrl Pts',(183.63421575943,0.,65.9371814100798));
#1505=CARTESIAN_POINT('Ctrl Pts',(181.037538308906,24.9975341663459,63.4990688177854));
#1506=CARTESIAN_POINT('Ctrl Pts',(175.777143045699,74.994716383758,58.7571775489396));
#1507=CARTESIAN_POINT('Ctrl Pts',(167.691224782167,149.995573416449,52.0373260556862));
#1508=CARTESIAN_POINT('Ctrl Pts',(159.414693861479,224.998100802455,45.7046332589241));
#1509=CARTESIAN_POINT('Ctrl Pts',(153.773908515693,274.999726757628,41.7368491397468));
#1510=CARTESIAN_POINT('Ctrl Pts',(148.075623271049,324.996214526801,37.8926287317285));
#1511=CARTESIAN_POINT('Ctrl Pts',(142.317362579392,374.991604021033,34.1709556908462));
#1512=CARTESIAN_POINT('Ctrl Pts',(133.506512859691,449.990838678496,28.9633805095416));
#1513=CARTESIAN_POINT('Ctrl Pts',(124.535190627561,524.994567892045,24.136706031957));
#1514=CARTESIAN_POINT('Ctrl Pts',(118.457859415001,574.998203874108,21.1809166746357));
#1515=CARTESIAN_POINT('Ctrl Pts',(112.338125371874,624.998482480288,18.3648334281589));
#1516=CARTESIAN_POINT('Ctrl Pts',(106.17941932369,674.997404023863,15.6854265496259));
#1517=CARTESIAN_POINT('Ctrl Pts',(96.8354904094927,749.999023140698,12.0960969281707));
#1518=CARTESIAN_POINT('Ctrl Pts',(87.3961085123206,825.000657841602,8.96770713416816));
#1519=CARTESIAN_POINT('Ctrl Pts',(81.0447028551917,875.000791568414,7.21042806462327));
#1520=CARTESIAN_POINT('Ctrl Pts',(74.6662005290403,924.995854720466,5.62429882966771));
#1521=CARTESIAN_POINT('Ctrl Pts',(68.2620258323473,974.988927672108,4.20951191391933));
#1522=CARTESIAN_POINT('Ctrl Pts',(58.5861644873841,1049.98381573708,2.61793633976162));
#1523=CARTESIAN_POINT('Ctrl Pts',(48.846349924967,1124.98747123213,1.5607715975707));
#1524=CARTESIAN_POINT('Ctrl Pts',(42.313231878393,1174.99432011419,1.21217886729536));
#1525=CARTESIAN_POINT('Ctrl Pts',(39.0368938976294,1200.,1.12749330558185));
#1526=CARTESIAN_POINT('Ctrl Pts',(187.938524157182,0.,68.4040286651337));
#1527=CARTESIAN_POINT('Ctrl Pts',(185.2855880404,24.9974713727421,65.8912804973118));
#1528=CARTESIAN_POINT('Ctrl Pts',(179.915670819366,74.9945785184456,60.9951457575794));
#1529=CARTESIAN_POINT('Ctrl Pts',(171.667189775208,149.995431469732,54.0425630688961));
#1530=CARTESIAN_POINT('Ctrl Pts',(163.222555921792,224.998020285904,47.4893291188684));
#1531=CARTESIAN_POINT('Ctrl Pts',(157.461166299332,274.999702196777,43.3916772771033));
#1532=CARTESIAN_POINT('Ctrl Pts',(151.635599190819,324.996239083665,39.4306960659595));
#1533=CARTESIAN_POINT('Ctrl Pts',(145.745406664183,374.991637991144,35.6060138393144));
#1534=CARTESIAN_POINT('Ctrl Pts',(136.725585826466,449.990829364224,30.2700855077975));
#1535=CARTESIAN_POINT('Ctrl Pts',(127.537123475851,524.994519590243,25.3261496274218));
#1536=CARTESIAN_POINT('Ctrl Pts',(121.311524719467,574.998173583173,22.2895348839139));
#1537=CARTESIAN_POINT('Ctrl Pts',(115.042747847216,624.998512767208,19.386282953026));
#1538=CARTESIAN_POINT('Ctrl Pts',(108.73057055152,674.997460203467,16.6162558888331));
#1539=CARTESIAN_POINT('Ctrl Pts',(99.1489238487702,749.99905807672,12.8896271060505));
#1540=CARTESIAN_POINT('Ctrl Pts',(89.470119417046,825.000655411905,9.63157297119912));
#1541=CARTESIAN_POINT('Ctrl Pts',(82.961828910896,875.000782782898,7.7989403967406));
#1542=CARTESIAN_POINT('Ctrl Pts',(76.429752579464,924.995863504803,6.14600743744244));
#1543=CARTESIAN_POINT('Ctrl Pts',(69.8735041483657,974.988904604427,4.67262779806491));
#1544=CARTESIAN_POINT('Ctrl Pts',(59.9725060224847,1049.98369793352,3.01002217862413));
#1545=CARTESIAN_POINT('Ctrl Pts',(50.0090255547412,1124.98731304629,1.89092458968443));
#1546=CARTESIAN_POINT('Ctrl Pts',(43.3267865146721,1174.99423881572,1.50193555228576));
#1547=CARTESIAN_POINT('Ctrl Pts',(39.9756330807638,1200.,1.39597986810002));
#1548=UNCERTAINTY_MEASURE_WITH_UNIT(LENGTH_MEASURE(0.01),#1552,
'DISTANCE_ACCURACY_VALUE',
'Maximum model space distance between geometric entities at asserted c
onnectivities');
#1549=UNCERTAINTY_MEASURE_WITH_UNIT(LENGTH_MEASURE(0.01),#1552,
'DISTANCE_ACCURACY_VALUE',
'Maximum model space distance between geometric entities at asserted c
onnectivities');
#1550=(
GEOMETRIC_REPRESENTATION_CONTEXT(3)
GLOBAL_UNCERTAINTY_ASSIGNED_CONTEXT((#1548))
GLOBAL_UNIT_ASSIGNED_CONTEXT((#1552,#1554,#1555))
REPRESENTATION_CONTEXT('','3D')
);
#1551=(
GEOMETRIC_REPRESENTATION_CONTEXT(3)
GLOBAL_UNCERTAINTY_ASSIGNED_CONTEXT((#1549))
GLOBAL_UNIT_ASSIGNED_CONTEXT((#1552,#1554,#1555))
REPRESENTATION_CONTEXT('','3D')
);
#1552=(
LENGTH_UNIT()
NAMED_UNIT(*)
SI_UNIT(.MILLI.,.METRE.)
);
#1553=(
LENGTH_UNIT()
NAMED_UNIT(*)
SI_UNIT($,.METRE.)
);
#1554=(
NAMED_UNIT(*)
PLANE_ANGLE_UNIT()
SI_UNIT($,.RADIAN.)
);
#1555=(
NAMED_UNIT(*)
SI_UNIT($,.STERADIAN.)
SOLID_ANGLE_UNIT()
);
#1556=SHAPE_DEFINITION_REPRESENTATION(#1557,#1558);
#1557=PRODUCT_DEFINITION_SHAPE('',$,#1560);
#1558=SHAPE_REPRESENTATION('',(#103),#1550);
#1559=PRODUCT_DEFINITION_CONTEXT('part definition',#1564,'design');
#1560=PRODUCT_DEFINITION('2026-05-15-01-16-16-612','blade_rough',#1561,
#1559);
#1561=PRODUCT_DEFINITION_FORMATION('',$,#1566);
#1562=PRODUCT_RELATED_PRODUCT_CATEGORY('blade_rough','blade_rough',(#1566));
#1563=APPLICATION_PROTOCOL_DEFINITION('international standard',
'automotive_design',2009,#1564);
#1564=APPLICATION_CONTEXT(
'Core Data for Automotive Mechanical Design Process');
#1565=PRODUCT_CONTEXT('part definition',#1564,'mechanical');
#1566=PRODUCT('2026-05-15-01-16-16-612','blade_rough',$,(#1565));
#1567=PRESENTATION_STYLE_ASSIGNMENT((#1568));
#1568=SURFACE_STYLE_USAGE(.BOTH.,#1569);
#1569=SURFACE_SIDE_STYLE('',(#1570));
#1570=SURFACE_STYLE_FILL_AREA(#1571);
#1571=FILL_AREA_STYLE('Steel - Satin',(#1572));
#1572=FILL_AREA_STYLE_COLOUR('Steel - Satin',#1573);
#1573=COLOUR_RGB('Steel - Satin',0.627450980392157,0.627450980392157,0.627450980392157);
ENDSEC;
END-ISO-10303-21;
