ISO-10303-21;
HEADER;
/* Generated by software containing ST-Developer
 * from STEP Tools, Inc. (www.steptools.com) 
 */

FILE_DESCRIPTION(
/* description */ (''),
/* implementation_level */ '2;1');

FILE_NAME(
/* name */ 'Refined_blade_NACA4412_main_200mm_1.6m.step',
/* time_stamp */ '2026-07-09T14:53:39+08:00',
/* author */ (''),
/* organization */ (''),
/* preprocessor_version */ 'ST-DEVELOPER v20.1',
/* originating_system */ 'Autodesk Translation Framework v15.8.0.0',
/* authorisation */ '');

FILE_SCHEMA (('AUTOMOTIVE_DESIGN { 1 0 10303 214 3 1 1 }'));
ENDSEC;

DATA;
#10=MECHANICAL_DESIGN_GEOMETRIC_PRESENTATION_REPRESENTATION('',(#13),#1403);
#11=SHAPE_REPRESENTATION_RELATIONSHIP('SRR','None',#1410,#12);
#12=ADVANCED_BREP_SHAPE_REPRESENTATION('',(#14),#1402);
#13=STYLED_ITEM('',(#1419),#14);
#14=MANIFOLD_SOLID_BREP('Body1',#95);
#15=(
BOUNDED_CURVE()
B_SPLINE_CURVE(5,(#297,#298,#299,#300,#301,#302,#303,#304,#305,#306,#307,
#308,#309,#310,#311,#312,#313,#314,#315,#316,#317,#318,#319,#320,#321),
 .UNSPECIFIED.,.F.,.F.)
B_SPLINE_CURVE_WITH_KNOTS((6,1,1,1,1,1,1,1,1,1,1,1,1,1,1,1,1,1,1,1,6),(0.,
0.05,0.1,0.15,0.2,0.25,0.3,0.35,0.4,0.45,0.5,0.55,0.6,0.65,0.7,0.75,0.8,
0.85,0.9,0.95,0.955051017056087),.UNSPECIFIED.)
CURVE()
GEOMETRIC_REPRESENTATION_ITEM()
RATIONAL_B_SPLINE_CURVE((1.,1.,1.,1.,1.,1.,1.,1.,1.,1.,1.,1.,1.,1.,1.,1.,
1.,1.,1.,1.,1.,1.,1.,1.,1.))
REPRESENTATION_ITEM('')
);
#16=(
BOUNDED_CURVE()
B_SPLINE_CURVE(5,(#323,#324,#325,#326,#327,#328),.UNSPECIFIED.,.F.,.F.)
B_SPLINE_CURVE_WITH_KNOTS((6,6),(0.955051017056087,1.),.UNSPECIFIED.)
CURVE()
GEOMETRIC_REPRESENTATION_ITEM()
RATIONAL_B_SPLINE_CURVE((1.,1.,1.,1.,1.,1.))
REPRESENTATION_ITEM('')
);
#17=(
BOUNDED_CURVE()
B_SPLINE_CURVE(5,(#329,#330,#331,#332,#333,#334,#335,#336,#337,#338,#339,
#340,#341,#342,#343),.UNSPECIFIED.,.F.,.F.)
B_SPLINE_CURVE_WITH_KNOTS((6,1,1,1,1,1,1,1,1,1,6),(0.,0.1,0.2,0.3,0.4,0.5,
0.6,0.7,0.8,0.9,1.),.UNSPECIFIED.)
CURVE()
GEOMETRIC_REPRESENTATION_ITEM()
RATIONAL_B_SPLINE_CURVE((1.,1.,1.,1.,1.,1.,1.,1.,1.,1.,1.,1.,1.,1.,1.))
REPRESENTATION_ITEM('')
);
#18=(
BOUNDED_CURVE()
B_SPLINE_CURVE(5,(#480,#481,#482,#483,#484,#485,#486,#487,#488,#489),
 .UNSPECIFIED.,.F.,.F.)
B_SPLINE_CURVE_WITH_KNOTS((6,1,1,1,1,6),(-1.,-0.95,-0.9,-0.85,-0.8,-0.795189693488416),
 .UNSPECIFIED.)
CURVE()
GEOMETRIC_REPRESENTATION_ITEM()
RATIONAL_B_SPLINE_CURVE((1.,1.,1.,1.,1.,1.,1.,1.,1.,1.))
REPRESENTATION_ITEM('')
);
#19=(
BOUNDED_CURVE()
B_SPLINE_CURVE(5,(#490,#491,#492,#493,#494,#495,#496,#497,#498,#499,#500,
#501,#502,#503,#504,#505,#506,#507,#508,#509,#510),.UNSPECIFIED.,.F.,.F.)
B_SPLINE_CURVE_WITH_KNOTS((6,1,1,1,1,1,1,1,1,1,1,1,1,1,1,1,6),(-0.795189693488416,
-0.75,-0.7,-0.65,-0.6,-0.55,-0.5,-0.45,-0.4,-0.35,-0.3,-0.25,-0.2,-0.15,
-0.1,-0.05,0.),.UNSPECIFIED.)
CURVE()
GEOMETRIC_REPRESENTATION_ITEM()
RATIONAL_B_SPLINE_CURVE((1.,1.,1.,1.,1.,1.,1.,1.,1.,1.,1.,1.,1.,1.,1.,1.,
1.,1.,1.,1.,1.))
REPRESENTATION_ITEM('')
);
#20=(
BOUNDED_CURVE()
B_SPLINE_CURVE(5,(#514,#515,#516,#517,#518,#519,#520,#521,#522,#523,#524,
#525,#526,#527,#528,#529,#530,#531,#532,#533,#534,#535,#536,#537,#538),
 .UNSPECIFIED.,.F.,.F.)
B_SPLINE_CURVE_WITH_KNOTS((6,1,1,1,1,1,1,1,1,1,1,1,1,1,1,1,1,1,1,1,6),(-1.,
-0.95,-0.9,-0.85,-0.8,-0.75,-0.7,-0.65,-0.6,-0.55,-0.5,-0.45,-0.4,-0.35,
-0.3,-0.25,-0.2,-0.15,-0.1,-0.05,0.),.UNSPECIFIED.)
CURVE()
GEOMETRIC_REPRESENTATION_ITEM()
RATIONAL_B_SPLINE_CURVE((1.,1.,1.,1.,1.,1.,1.,1.,1.,1.,1.,1.,1.,1.,1.,1.,
1.,1.,1.,1.,1.,1.,1.,1.,1.))
REPRESENTATION_ITEM('')
);
#21=(
BOUNDED_CURVE()
B_SPLINE_CURVE(5,(#539,#540,#541,#542,#543,#544,#545,#546,#547,#548,#549,
#550,#551,#552,#553,#554,#555,#556,#557,#558,#559,#560,#561,#562,#563),
 .UNSPECIFIED.,.F.,.F.)
B_SPLINE_CURVE_WITH_KNOTS((6,1,1,1,1,1,1,1,1,1,1,1,1,1,1,1,1,1,1,1,6),(0.,
0.05,0.1,0.15,0.2,0.25,0.3,0.35,0.4,0.45,0.5,0.55,0.6,0.65,0.7,0.75,0.8,
0.85,0.9,0.95,1.),.UNSPECIFIED.)
CURVE()
GEOMETRIC_REPRESENTATION_ITEM()
RATIONAL_B_SPLINE_CURVE((1.,1.,1.,1.,1.,1.,1.,1.,1.,1.,1.,1.,1.,1.,1.,1.,
1.,1.,1.,1.,1.,1.,1.,1.,1.))
REPRESENTATION_ITEM('')
);
#22=(
BOUNDED_CURVE()
B_SPLINE_CURVE(5,(#938,#939,#940,#941,#942,#943,#944,#945,#946,#947,#948,
#949,#950,#951,#952,#953,#954,#955,#956,#957,#958,#959,#960,#961,#962),
 .UNSPECIFIED.,.F.,.F.)
B_SPLINE_CURVE_WITH_KNOTS((6,1,1,1,1,1,1,1,1,1,1,1,1,1,1,1,1,1,1,1,6),(0.,
0.05,0.1,0.15,0.2,0.25,0.3,0.35,0.4,0.45,0.5,0.55,0.6,0.65,0.7,0.75,0.8,
0.85,0.9,0.95,1.),.UNSPECIFIED.)
CURVE()
GEOMETRIC_REPRESENTATION_ITEM()
RATIONAL_B_SPLINE_CURVE((1.,1.,1.,1.,1.,1.,1.,1.,1.,1.,1.,1.,1.,1.,1.,1.,
1.,1.,1.,1.,1.,1.,1.,1.,1.))
REPRESENTATION_ITEM('')
);
#23=B_SPLINE_CURVE_WITH_KNOTS('',3,(#292,#293,#294,#295),.UNSPECIFIED.,
 .F.,.F.,(4,4),(0.,1.),.UNSPECIFIED.);
#24=B_SPLINE_CURVE_WITH_KNOTS('',3,(#963,#964,#965,#966,#967,#968,#969,
#970,#971,#972,#973,#974,#975,#976,#977,#978,#979,#980,#981),
 .UNSPECIFIED.,.F.,.F.,(4,1,1,1,1,1,1,1,1,1,1,1,1,1,1,1,4),(0.,10.000452520625,
20.0004561625201,30.0002370996297,40.0000268529969,49.999404741357,59.999475869533,
69.9998606569611,80.000033441968,89.9999588702096,99.9999222687467,109.999934674116,
120.000040483739,129.999142993239,139.999036084474,149.999432208881,160.000053182585),
 .UNSPECIFIED.);
#25=B_SPLINE_SURFACE_WITH_KNOTS('',3,3,((#129,#130,#131,#132,#133,#134,
#135,#136,#137),(#138,#139,#140,#141,#142,#143,#144,#145,#146),(#147,#148,
#149,#150,#151,#152,#153,#154,#155),(#156,#157,#158,#159,#160,#161,#162,
#163,#164),(#165,#166,#167,#168,#169,#170,#171,#172,#173),(#174,#175,#176,
#177,#178,#179,#180,#181,#182),(#183,#184,#185,#186,#187,#188,#189,#190,
#191),(#192,#193,#194,#195,#196,#197,#198,#199,#200),(#201,#202,#203,#204,
#205,#206,#207,#208,#209),(#210,#211,#212,#213,#214,#215,#216,#217,#218),
(#219,#220,#221,#222,#223,#224,#225,#226,#227),(#228,#229,#230,#231,#232,
#233,#234,#235,#236),(#237,#238,#239,#240,#241,#242,#243,#244,#245),(#246,
#247,#248,#249,#250,#251,#252,#253,#254),(#255,#256,#257,#258,#259,#260,
#261,#262,#263),(#264,#265,#266,#267,#268,#269,#270,#271,#272),(#273,#274,
#275,#276,#277,#278,#279,#280,#281),(#282,#283,#284,#285,#286,#287,#288,
#289,#290)),.UNSPECIFIED.,.F.,.F.,.F.,(4,1,1,1,1,2,1,1,1,1,1,1,1,1,4),(4,
1,1,1,1,1,4),(0.,0.111222889271476,0.222445778542951,0.333668667814427,
0.444891557085903,0.556114446357379,0.600503001721641,0.644891557085903,
0.733668667814427,0.778057223178689,0.822445778542951,0.866834333907214,
0.911222889271476,0.955611444635738,1.),(0.,0.142857142857143,0.285714285714286,
0.428571428571429,0.571428571428571,0.857142857142857,1.),.UNSPECIFIED.);
#26=B_SPLINE_SURFACE_WITH_KNOTS('',3,3,((#344,#345,#346,#347,#348,#349,
#350,#351,#352),(#353,#354,#355,#356,#357,#358,#359,#360,#361),(#362,#363,
#364,#365,#366,#367,#368,#369,#370),(#371,#372,#373,#374,#375,#376,#377,
#378,#379),(#380,#381,#382,#383,#384,#385,#386,#387,#388),(#389,#390,#391,
#392,#393,#394,#395,#396,#397),(#398,#399,#400,#401,#402,#403,#404,#405,
#406),(#407,#408,#409,#410,#411,#412,#413,#414,#415),(#416,#417,#418,#419,
#420,#421,#422,#423,#424),(#425,#426,#427,#428,#429,#430,#431,#432,#433),
(#434,#435,#436,#437,#438,#439,#440,#441,#442),(#443,#444,#445,#446,#447,
#448,#449,#450,#451),(#452,#453,#454,#455,#456,#457,#458,#459,#460),(#461,
#462,#463,#464,#465,#466,#467,#468,#469),(#470,#471,#472,#473,#474,#475,
#476,#477,#478)),.UNSPECIFIED.,.F.,.F.,.F.,(4,1,1,1,1,1,2,1,1,1,1,4),(4,
1,1,1,1,1,4),(0.,0.046845615477219,0.093691230954438,0.187382461908876,
0.281073692863314,0.374764923817752,0.46845615477219,0.574764923817752,
0.681073692863314,0.787382461908876,0.893691230954438,1.),(0.,0.142857142857143,
0.285714285714286,0.428571428571429,0.571428571428571,0.857142857142857,
1.),.UNSPECIFIED.);
#27=B_SPLINE_SURFACE_WITH_KNOTS('',3,3,((#564,#565,#566,#567,#568,#569,
#570,#571,#572,#573,#574,#575,#576,#577,#578,#579,#580,#581,#582,#583,#584,
#585),(#586,#587,#588,#589,#590,#591,#592,#593,#594,#595,#596,#597,#598,
#599,#600,#601,#602,#603,#604,#605,#606,#607),(#608,#609,#610,#611,#612,
#613,#614,#615,#616,#617,#618,#619,#620,#621,#622,#623,#624,#625,#626,#627,
#628,#629),(#630,#631,#632,#633,#634,#635,#636,#637,#638,#639,#640,#641,
#642,#643,#644,#645,#646,#647,#648,#649,#650,#651),(#652,#653,#654,#655,
#656,#657,#658,#659,#660,#661,#662,#663,#664,#665,#666,#667,#668,#669,#670,
#671,#672,#673),(#674,#675,#676,#677,#678,#679,#680,#681,#682,#683,#684,
#685,#686,#687,#688,#689,#690,#691,#692,#693,#694,#695),(#696,#697,#698,
#699,#700,#701,#702,#703,#704,#705,#706,#707,#708,#709,#710,#711,#712,#713,
#714,#715,#716,#717),(#718,#719,#720,#721,#722,#723,#724,#725,#726,#727,
#728,#729,#730,#731,#732,#733,#734,#735,#736,#737,#738,#739),(#740,#741,
#742,#743,#744,#745,#746,#747,#748,#749,#750,#751,#752,#753,#754,#755,#756,
#757,#758,#759,#760,#761),(#762,#763,#764,#765,#766,#767,#768,#769,#770,
#771,#772,#773,#774,#775,#776,#777,#778,#779,#780,#781,#782,#783),(#784,
#785,#786,#787,#788,#789,#790,#791,#792,#793,#794,#795,#796,#797,#798,#799,
#800,#801,#802,#803,#804,#805),(#806,#807,#808,#809,#810,#811,#812,#813,
#814,#815,#816,#817,#818,#819,#820,#821,#822,#823,#824,#825,#826,#827),
(#828,#829,#830,#831,#832,#833,#834,#835,#836,#837,#838,#839,#840,#841,
#842,#843,#844,#845,#846,#847,#848,#849),(#850,#851,#852,#853,#854,#855,
#856,#857,#858,#859,#860,#861,#862,#863,#864,#865,#866,#867,#868,#869,#870,
#871),(#872,#873,#874,#875,#876,#877,#878,#879,#880,#881,#882,#883,#884,
#885,#886,#887,#888,#889,#890,#891,#892,#893),(#894,#895,#896,#897,#898,
#899,#900,#901,#902,#903,#904,#905,#906,#907,#908,#909,#910,#911,#912,#913,
#914,#915),(#916,#917,#918,#919,#920,#921,#922,#923,#924,#925,#926,#927,
#928,#929,#930,#931,#932,#933,#934,#935,#936,#937)),.UNSPECIFIED.,.F.,.F.,
 .F.,(4,1,1,1,1,1,2,1,1,1,1,1,1,4),(4,1,1,1,2,1,1,1,2,1,1,1,2,1,1,1,4),
(0.,0.131590137936565,0.263180275873131,0.394770413809696,0.526360551746261,
0.592155620714544,0.657950689682827,0.726360551746261,0.794770413809696,
0.863180275873131,0.897385206904848,0.931590137936565,0.965795068968283,
1.),(0.,0.0625094093482761,0.125016012909092,0.187521224418443,0.250026491035204,
0.312526678961257,0.375027650067614,0.437529219624102,0.500030290018859,
0.562530956600732,0.625031860501252,0.687533070700026,0.750034864685961,
0.812526070396061,0.875016049660942,0.937506705651588,1.),.UNSPECIFIED.);
#28=B_SPLINE_SURFACE_WITH_KNOTS('',3,3,((#982,#983,#984,#985,#986,#987,
#988,#989,#990,#991,#992,#993,#994,#995,#996,#997,#998,#999,#1000,#1001,
#1002,#1003),(#1004,#1005,#1006,#1007,#1008,#1009,#1010,#1011,#1012,#1013,
#1014,#1015,#1016,#1017,#1018,#1019,#1020,#1021,#1022,#1023,#1024,#1025),
(#1026,#1027,#1028,#1029,#1030,#1031,#1032,#1033,#1034,#1035,#1036,#1037,
#1038,#1039,#1040,#1041,#1042,#1043,#1044,#1045,#1046,#1047),(#1048,#1049,
#1050,#1051,#1052,#1053,#1054,#1055,#1056,#1057,#1058,#1059,#1060,#1061,
#1062,#1063,#1064,#1065,#1066,#1067,#1068,#1069),(#1070,#1071,#1072,#1073,
#1074,#1075,#1076,#1077,#1078,#1079,#1080,#1081,#1082,#1083,#1084,#1085,
#1086,#1087,#1088,#1089,#1090,#1091),(#1092,#1093,#1094,#1095,#1096,#1097,
#1098,#1099,#1100,#1101,#1102,#1103,#1104,#1105,#1106,#1107,#1108,#1109,
#1110,#1111,#1112,#1113),(#1114,#1115,#1116,#1117,#1118,#1119,#1120,#1121,
#1122,#1123,#1124,#1125,#1126,#1127,#1128,#1129,#1130,#1131,#1132,#1133,
#1134,#1135),(#1136,#1137,#1138,#1139,#1140,#1141,#1142,#1143,#1144,#1145,
#1146,#1147,#1148,#1149,#1150,#1151,#1152,#1153,#1154,#1155,#1156,#1157),
(#1158,#1159,#1160,#1161,#1162,#1163,#1164,#1165,#1166,#1167,#1168,#1169,
#1170,#1171,#1172,#1173,#1174,#1175,#1176,#1177,#1178,#1179),(#1180,#1181,
#1182,#1183,#1184,#1185,#1186,#1187,#1188,#1189,#1190,#1191,#1192,#1193,
#1194,#1195,#1196,#1197,#1198,#1199,#1200,#1201),(#1202,#1203,#1204,#1205,
#1206,#1207,#1208,#1209,#1210,#1211,#1212,#1213,#1214,#1215,#1216,#1217,
#1218,#1219,#1220,#1221,#1222,#1223),(#1224,#1225,#1226,#1227,#1228,#1229,
#1230,#1231,#1232,#1233,#1234,#1235,#1236,#1237,#1238,#1239,#1240,#1241,
#1242,#1243,#1244,#1245),(#1246,#1247,#1248,#1249,#1250,#1251,#1252,#1253,
#1254,#1255,#1256,#1257,#1258,#1259,#1260,#1261,#1262,#1263,#1264,#1265,
#1266,#1267),(#1268,#1269,#1270,#1271,#1272,#1273,#1274,#1275,#1276,#1277,
#1278,#1279,#1280,#1281,#1282,#1283,#1284,#1285,#1286,#1287,#1288,#1289),
(#1290,#1291,#1292,#1293,#1294,#1295,#1296,#1297,#1298,#1299,#1300,#1301,
#1302,#1303,#1304,#1305,#1306,#1307,#1308,#1309,#1310,#1311),(#1312,#1313,
#1314,#1315,#1316,#1317,#1318,#1319,#1320,#1321,#1322,#1323,#1324,#1325,
#1326,#1327,#1328,#1329,#1330,#1331,#1332,#1333),(#1334,#1335,#1336,#1337,
#1338,#1339,#1340,#1341,#1342,#1343,#1344,#1345,#1346,#1347,#1348,#1349,
#1350,#1351,#1352,#1353,#1354,#1355),(#1356,#1357,#1358,#1359,#1360,#1361,
#1362,#1363,#1364,#1365,#1366,#1367,#1368,#1369,#1370,#1371,#1372,#1373,
#1374,#1375,#1376,#1377),(#1378,#1379,#1380,#1381,#1382,#1383,#1384,#1385,
#1386,#1387,#1388,#1389,#1390,#1391,#1392,#1393,#1394,#1395,#1396,#1397,
#1398,#1399)),.UNSPECIFIED.,.F.,.F.,.F.,(4,1,1,1,1,1,1,1,1,1,1,1,1,1,1,
1,4),(4,1,1,1,2,1,1,1,2,1,1,1,2,1,1,1,4),(0.,0.0357142857142857,0.0714285714285714,
0.142857142857143,0.19047619047619,0.238095238095238,0.285714285714286,
0.333333333333333,0.428571428571429,0.5,0.535714285714286,0.571428571428571,
0.642857142857143,0.714285714285714,0.785714285714286,0.857142857142857,
1.),(0.,0.0625094093482761,0.125016012909092,0.187521224418443,0.250026491035204,
0.312526678961257,0.375027650067614,0.437529219624102,0.500030290018859,
0.562530956600732,0.625031860501252,0.687533070700026,0.750034864685961,
0.812526070396061,0.875016049660942,0.937506705651588,1.),.UNSPECIFIED.);
#29=FACE_OUTER_BOUND('',#35,.T.);
#30=FACE_OUTER_BOUND('',#36,.T.);
#31=FACE_OUTER_BOUND('',#37,.T.);
#32=FACE_OUTER_BOUND('',#38,.T.);
#33=FACE_OUTER_BOUND('',#39,.T.);
#34=FACE_OUTER_BOUND('',#40,.T.);
#35=EDGE_LOOP('',(#63,#64));
#36=EDGE_LOOP('',(#65,#66,#67,#68,#69));
#37=EDGE_LOOP('',(#70,#71,#72,#73,#74));
#38=EDGE_LOOP('',(#75,#76));
#39=EDGE_LOOP('',(#77,#78,#79,#80,#81));
#40=EDGE_LOOP('',(#82,#83,#84,#85,#86));
#41=CIRCLE('',#110,50.);
#42=CIRCLE('',#111,50.);
#43=VERTEX_POINT('',#125);
#44=VERTEX_POINT('',#126);
#45=VERTEX_POINT('',#291);
#46=VERTEX_POINT('',#296);
#47=VERTEX_POINT('',#322);
#48=VERTEX_POINT('',#479);
#49=VERTEX_POINT('',#512);
#50=VERTEX_POINT('',#513);
#51=EDGE_CURVE('',#43,#44,#41,.T.);
#52=EDGE_CURVE('',#44,#43,#42,.T.);
#53=EDGE_CURVE('',#44,#45,#23,.T.);
#54=EDGE_CURVE('',#45,#46,#15,.T.);
#55=EDGE_CURVE('',#46,#47,#16,.T.);
#56=EDGE_CURVE('',#43,#47,#17,.T.);
#57=EDGE_CURVE('',#47,#48,#18,.T.);
#58=EDGE_CURVE('',#48,#45,#19,.T.);
#59=EDGE_CURVE('',#49,#50,#20,.T.);
#60=EDGE_CURVE('',#50,#49,#21,.T.);
#61=EDGE_CURVE('',#47,#49,#22,.T.);
#62=EDGE_CURVE('',#45,#50,#24,.T.);
#63=ORIENTED_EDGE('',*,*,#51,.F.);
#64=ORIENTED_EDGE('',*,*,#52,.F.);
#65=ORIENTED_EDGE('',*,*,#51,.T.);
#66=ORIENTED_EDGE('',*,*,#53,.T.);
#67=ORIENTED_EDGE('',*,*,#54,.T.);
#68=ORIENTED_EDGE('',*,*,#55,.T.);
#69=ORIENTED_EDGE('',*,*,#56,.F.);
#70=ORIENTED_EDGE('',*,*,#52,.T.);
#71=ORIENTED_EDGE('',*,*,#56,.T.);
#72=ORIENTED_EDGE('',*,*,#57,.T.);
#73=ORIENTED_EDGE('',*,*,#58,.T.);
#74=ORIENTED_EDGE('',*,*,#53,.F.);
#75=ORIENTED_EDGE('',*,*,#59,.F.);
#76=ORIENTED_EDGE('',*,*,#60,.F.);
#77=ORIENTED_EDGE('',*,*,#57,.F.);
#78=ORIENTED_EDGE('',*,*,#61,.T.);
#79=ORIENTED_EDGE('',*,*,#59,.T.);
#80=ORIENTED_EDGE('',*,*,#62,.F.);
#81=ORIENTED_EDGE('',*,*,#58,.F.);
#82=ORIENTED_EDGE('',*,*,#54,.F.);
#83=ORIENTED_EDGE('',*,*,#62,.T.);
#84=ORIENTED_EDGE('',*,*,#60,.T.);
#85=ORIENTED_EDGE('',*,*,#61,.F.);
#86=ORIENTED_EDGE('',*,*,#55,.F.);
#87=PLANE('',#109);
#88=PLANE('',#112);
#89=ADVANCED_FACE('',(#29),#87,.F.);
#90=ADVANCED_FACE('',(#30),#25,.T.);
#91=ADVANCED_FACE('',(#31),#26,.T.);
#92=ADVANCED_FACE('',(#32),#88,.T.);
#93=ADVANCED_FACE('',(#33),#27,.F.);
#94=ADVANCED_FACE('',(#34),#28,.F.);
#95=CLOSED_SHELL('',(#89,#90,#91,#92,#93,#94));
#96=DERIVED_UNIT_ELEMENT(#98,1.);
#97=DERIVED_UNIT_ELEMENT(#1405,-3.);
#98=(
MASS_UNIT()
NAMED_UNIT(*)
SI_UNIT(.KILO.,.GRAM.)
);
#99=DERIVED_UNIT((#96,#97));
#100=MEASURE_REPRESENTATION_ITEM('density measure',
POSITIVE_RATIO_MEASURE(7850.),#99);
#101=PROPERTY_DEFINITION_REPRESENTATION(#106,#103);
#102=PROPERTY_DEFINITION_REPRESENTATION(#107,#104);
#103=REPRESENTATION('material name',(#105),#1402);
#104=REPRESENTATION('density',(#100),#1402);
#105=DESCRIPTIVE_REPRESENTATION_ITEM('Steel','Steel');
#106=PROPERTY_DEFINITION('material property','material name',#1412);
#107=PROPERTY_DEFINITION('material property','density of part',#1412);
#108=AXIS2_PLACEMENT_3D('',#123,#113,#114);
#109=AXIS2_PLACEMENT_3D('',#124,#115,#116);
#110=AXIS2_PLACEMENT_3D('',#127,#117,#118);
#111=AXIS2_PLACEMENT_3D('',#128,#119,#120);
#112=AXIS2_PLACEMENT_3D('',#511,#121,#122);
#113=DIRECTION('axis',(0.,0.,1.));
#114=DIRECTION('refdir',(1.,0.,0.));
#115=DIRECTION('center_axis',(0.,1.,0.));
#116=DIRECTION('ref_axis',(0.,0.,1.));
#117=DIRECTION('center_axis',(6.80117035268829E-18,1.,-4.23667406192746E-30));
#118=DIRECTION('ref_axis',(1.,-6.80117035268829E-18,0.));
#119=DIRECTION('center_axis',(6.80117035268829E-18,1.,-4.23667406192746E-30));
#120=DIRECTION('ref_axis',(1.,-6.80117035268829E-18,0.));
#121=DIRECTION('center_axis',(0.,1.,0.));
#122=DIRECTION('ref_axis',(0.,0.,1.));
#123=CARTESIAN_POINT('',(0.,0.,0.));
#124=CARTESIAN_POINT('Origin',(49.9999999999734,-200.,-5.28000433264175E-5));
#125=CARTESIAN_POINT('',(99.9999999999493,-200.,-0.000100715884600348));
#126=CARTESIAN_POINT('',(-2.53486120982416E-11,-200.,-5.0357942311425E-5));
#127=CARTESIAN_POINT('Origin',(49.9999999999746,-200.,-5.03579423175482E-5));
#128=CARTESIAN_POINT('Origin',(49.9999999999746,-200.,-5.03579423175482E-5));
#129=CARTESIAN_POINT('Ctrl Pts',(99.9999999999493,-200.,-0.000100715884650005));
#130=CARTESIAN_POINT('Ctrl Pts',(101.659071194666,-191.347872159558,3.28111499634097));
#131=CARTESIAN_POINT('Ctrl Pts',(105.701387359213,-173.819764207689,9.5925983446006));
#132=CARTESIAN_POINT('Ctrl Pts',(114.045233066442,-146.822707477537,18.2696058105503));
#133=CARTESIAN_POINT('Ctrl Pts',(124.915179988749,-119.044797431394,26.0712429413329));
#134=CARTESIAN_POINT('Ctrl Pts',(143.065763133639,-80.8770549481973,35.2060537845489));
#135=CARTESIAN_POINT('Ctrl Pts',(166.407324497911,-41.1047082903657,42.5420339565859));
#136=CARTESIAN_POINT('Ctrl Pts',(186.90508202953,-10.3507069483192,47.0073440428712));
#137=CARTESIAN_POINT('Ctrl Pts',(194.059145255199,0.,48.3843791199335));
#138=CARTESIAN_POINT('Ctrl Pts',(99.9999947264779,-200.,-5.23608847186313));
#139=CARTESIAN_POINT('Ctrl Pts',(101.660640121663,-191.33966390721,-1.70977597206993));
#140=CARTESIAN_POINT('Ctrl Pts',(105.54785712139,-173.781853988256,5.03393049662983));
#141=CARTESIAN_POINT('Ctrl Pts',(113.248039375938,-146.720484505471,14.2215674134651));
#142=CARTESIAN_POINT('Ctrl Pts',(123.128081474018,-118.878598489846,22.4323395000101));
#143=CARTESIAN_POINT('Ctrl Pts',(139.58310101433,-80.6527992050839,32.0256168442232));
#144=CARTESIAN_POINT('Ctrl Pts',(160.794936073882,-40.9034556526176,39.7619140625102));
#145=CARTESIAN_POINT('Ctrl Pts',(179.563246932662,-10.2877913252651,44.5924783060452));
#146=CARTESIAN_POINT('Ctrl Pts',(186.136830151333,0.,46.1045234495357));
#147=CARTESIAN_POINT('Ctrl Pts',(98.3426630914964,-200.,-15.707693370218));
#148=CARTESIAN_POINT('Ctrl Pts',(99.9783372071327,-191.263803515474,-11.776360545387));
#149=CARTESIAN_POINT('Ctrl Pts',(103.578276537568,-173.554606925201,-4.28375179399602));
#150=CARTESIAN_POINT('Ctrl Pts',(110.198402791374,-146.294533840461,5.87668735614967));
#151=CARTESIAN_POINT('Ctrl Pts',(118.398514732476,-118.313629957174,14.9424159375397));
#152=CARTESIAN_POINT('Ctrl Pts',(131.882342233906,-80.0230236323851,25.559316034863));
#153=CARTESIAN_POINT('Ctrl Pts',(149.192351087058,-40.4313981488618,34.2010209353112));
#154=CARTESIAN_POINT('Ctrl Pts',(164.63275421246,-10.1490564860263,39.7198212451031));
#155=CARTESIAN_POINT('Ctrl Pts',(170.065515562611,0.,41.4679918193688));
#156=CARTESIAN_POINT('Ctrl Pts',(91.1216135083775,-200.,-29.8771111265839));
#157=CARTESIAN_POINT('Ctrl Pts',(92.6810501304701,-191.037227835335,-25.5808081608967));
#158=CARTESIAN_POINT('Ctrl Pts',(95.940920087258,-172.929328504512,-17.354002127112));
#159=CARTESIAN_POINT('Ctrl Pts',(101.451120523092,-145.247564325983,-6.09211429394785));
#160=CARTESIAN_POINT('Ctrl Pts',(107.862287215486,-117.047335884087,4.05934055437149));
#161=CARTESIAN_POINT('Ctrl Pts',(117.95829476399,-78.7662273249002,16.0735549383374));
#162=CARTESIAN_POINT('Ctrl Pts',(130.441414282446,-39.6199706168934,25.9756112528864));
#163=CARTESIAN_POINT('Ctrl Pts',(141.43305879902,-9.9254699154119,32.2906436783114));
#164=CARTESIAN_POINT('Ctrl Pts',(145.293470357468,0.,34.2861073292967));
#165=CARTESIAN_POINT('Ctrl Pts',(79.877186520745,-200.,-41.1225510989174));
#166=CARTESIAN_POINT('Ctrl Pts',(81.3671835423033,-190.763413631244,-36.6908789354838));
#167=CARTESIAN_POINT('Ctrl Pts',(84.3931381729458,-172.189514304185,-28.150386971277));
#168=CARTESIAN_POINT('Ctrl Pts',(89.1733755827266,-144.049021940212,-16.3206467369182));
#169=CARTESIAN_POINT('Ctrl Pts',(94.3328712692021,-115.641071211574,-5.53756737515673));
#170=CARTESIAN_POINT('Ctrl Pts',(101.883685024065,-77.428957379958,7.34873266800552));
#171=CARTESIAN_POINT('Ctrl Pts',(110.485469792137,-38.8105172170343,18.0652124531055));
#172=CARTESIAN_POINT('Ctrl Pts',(117.712273617569,-9.70962550067562,24.8472400459734));
#173=CARTESIAN_POINT('Ctrl Pts',(120.217686970049,0.,26.9778907410351));
#174=CARTESIAN_POINT('Ctrl Pts',(65.7070360039858,-200.,-48.3427766320813));
#175=CARTESIAN_POINT('Ctrl Pts',(67.1799697852499,-190.507907471784,-43.99237681042));
#176=CARTESIAN_POINT('Ctrl Pts',(70.1075793269413,-171.505036370684,-35.5706971987329));
#177=CARTESIAN_POINT('Ctrl Pts',(74.4618006569942,-142.95537732882,-23.8079551505825));
#178=CARTESIAN_POINT('Ctrl Pts',(78.7865696337821,-114.373706614285,-13.0037702063233));
#179=CARTESIAN_POINT('Ctrl Pts',(84.5150926040663,-76.2428731085373,-0.0109151572013481));
#180=CARTESIAN_POINT('Ctrl Pts',(90.1937119752563,-38.1083533577285,10.8537569796134));
#181=CARTESIAN_POINT('Ctrl Pts',(94.5019499392207,-9.52474970945227,17.7100282247797));
#182=CARTESIAN_POINT('Ctrl Pts',(95.9481852461235,0.,19.8585489680749));
#183=CARTESIAN_POINT('Ctrl Pts',(55.2358489409178,-200.,-50.0012408525852));
#184=CARTESIAN_POINT('Ctrl Pts',(56.7627104469662,-190.393473107619,-45.8408106827241));
#185=CARTESIAN_POINT('Ctrl Pts',(59.7581844128142,-171.198856623878,-37.7746495176574));
#186=CARTESIAN_POINT('Ctrl Pts',(64.0584781552999,-142.467193201259,-26.4779018374888));
#187=CARTESIAN_POINT('Ctrl Pts',(68.1300947768792,-113.807310716009,-16.0770881345668));
#188=CARTESIAN_POINT('Ctrl Pts',(73.1980697105514,-75.7073802505909,-3.54814141732077));
#189=CARTESIAN_POINT('Ctrl Pts',(77.7114137633907,-37.7819807508563,6.94478951568478));
#190=CARTESIAN_POINT('Ctrl Pts',(80.7805324058316,-9.43762924273497,13.5759235970379));
#191=CARTESIAN_POINT('Ctrl Pts',(81.7701748390475,0.,15.6546723997934));
#192=CARTESIAN_POINT('Ctrl Pts',(47.9104536912737,-200.,-50.0023749688229));
#193=CARTESIAN_POINT('Ctrl Pts',(49.5085096806577,-190.348258558948,-46.0193108617386));
#194=CARTESIAN_POINT('Ctrl Pts',(52.6018532359744,-171.076795129222,-38.2927034241402));
#195=CARTESIAN_POINT('Ctrl Pts',(56.921728538037,-142.269754401704,-27.459857318613));
#196=CARTESIAN_POINT('Ctrl Pts',(60.8870195924093,-113.573534385649,-17.4789428200702));
#197=CARTESIAN_POINT('Ctrl Pts',(65.6490249362334,-75.4760691246345,-5.45258906643148));
#198=CARTESIAN_POINT('Ctrl Pts',(69.6135611970284,-37.6278010175476,4.62102387603545));
#199=CARTESIAN_POINT('Ctrl Pts',(72.0969736570608,-9.39473767513728,10.9969193693683));
#200=CARTESIAN_POINT('Ctrl Pts',(72.8727826908794,0.,12.9970728758419));
#201=CARTESIAN_POINT('Ctrl Pts',(43.4904044416003,-200.,-49.7351580486263));
#202=CARTESIAN_POINT('Ctrl Pts',(45.0932090634527,-190.330107700872,-45.8969894139936));
#203=CARTESIAN_POINT('Ctrl Pts',(48.1900520616927,-171.027924882964,-38.4355071039647));
#204=CARTESIAN_POINT('Ctrl Pts',(52.488159506807,-142.191077069836,-27.9391203767742));
#205=CARTESIAN_POINT('Ctrl Pts',(56.3954654812936,-113.480715572892,-18.2422920733999));
#206=CARTESIAN_POINT('Ctrl Pts',(61.0199682114484,-75.3844303793463,-6.53737892797598));
#207=CARTESIAN_POINT('Ctrl Pts',(64.7372422622242,-37.5665501703377,3.27944599305156));
#208=CARTESIAN_POINT('Ctrl Pts',(66.9215701461011,-9.37767962883423,9.4710119320371));
#209=CARTESIAN_POINT('Ctrl Pts',(67.5834267857322,0.,11.4084376368973));
#210=CARTESIAN_POINT('Ctrl Pts',(34.0244897986191,-200.,-47.8412030275627));
#211=CARTESIAN_POINT('Ctrl Pts',(35.5188647895129,-190.319225628091,-44.4353322767357));
#212=CARTESIAN_POINT('Ctrl Pts',(38.4649978256591,-170.999222516156,-37.7517628848729));
#213=CARTESIAN_POINT('Ctrl Pts',(42.6668270597487,-142.146582719431,-28.2040693477483));
#214=CARTESIAN_POINT('Ctrl Pts',(46.5429345916762,-113.429791294786,-19.2773675995268));
#215=CARTESIAN_POINT('Ctrl Pts',(51.1263833331732,-75.3350871465021,-8.41064730164666));
#216=CARTESIAN_POINT('Ctrl Pts',(54.6676038569499,-37.5327778708015,0.755761000724632));
#217=CARTESIAN_POINT('Ctrl Pts',(56.4012276177756,-9.36818767778762,6.42518073032745));
#218=CARTESIAN_POINT('Ctrl Pts',(56.8656379636801,0.,8.17626233545707));
#219=CARTESIAN_POINT('Ctrl Pts',(24.238482963605,-200.,-43.4716961975771));
#220=CARTESIAN_POINT('Ctrl Pts',(25.4858567029608,-190.338736871233,-40.6634006904032));
#221=CARTESIAN_POINT('Ctrl Pts',(28.0883353895716,-171.053035829461,-35.0775082183804));
#222=CARTESIAN_POINT('Ctrl Pts',(32.1055654687357,-142.236894339491,-26.9250172952679));
#223=CARTESIAN_POINT('Ctrl Pts',(36.015863892571,-113.539696511729,-19.1752435352257));
#224=CARTESIAN_POINT('Ctrl Pts',(40.7867163986048,-75.4455942038256,-9.62670324812689));
#225=CARTESIAN_POINT('Ctrl Pts',(44.4928177112149,-37.6049369658226,-1.4956931476807));
#226=CARTESIAN_POINT('Ctrl Pts',(45.9563927860672,-9.38809730080423,3.4113621862137));
#227=CARTESIAN_POINT('Ctrl Pts',(46.2664885172663,0.,4.90076694412438));
#228=CARTESIAN_POINT('Ctrl Pts',(15.5501211748297,-200.,-36.5582431286874));
#229=CARTESIAN_POINT('Ctrl Pts',(16.4885594885962,-190.373169132033,-34.4158341280002));
#230=CARTESIAN_POINT('Ctrl Pts',(18.5221792098496,-171.147281805982,-30.1339227987261));
#231=CARTESIAN_POINT('Ctrl Pts',(21.8176128672644,-142.393042930952,-23.8353927329764));
#232=CARTESIAN_POINT('Ctrl Pts',(25.1216422293857,-113.727950171591,-17.8045089034344));
#233=CARTESIAN_POINT('Ctrl Pts',(29.2200456112309,-75.633849358456,-10.321025752856));
#234=CARTESIAN_POINT('Ctrl Pts',(32.4146551326466,-37.7287020598631,-3.88114011703031));
#235=CARTESIAN_POINT('Ctrl Pts',(33.5291652920577,-9.4223392213326,0.0206705733641155));
#236=CARTESIAN_POINT('Ctrl Pts',(33.722965961669,0.,1.20506573110189));
#237=CARTESIAN_POINT('Ctrl Pts',(9.91231987411351,-200.,-30.2790704310342));
#238=CARTESIAN_POINT('Ctrl Pts',(10.6072488932942,-190.402585761894,-28.6459904173754));
#239=CARTESIAN_POINT('Ctrl Pts',(12.1194486607511,-171.227661865755,-25.3959906017859));
#240=CARTESIAN_POINT('Ctrl Pts',(14.5795741364295,-142.525830610482,-20.6401288269434));
#241=CARTESIAN_POINT('Ctrl Pts',(17.0496034002358,-113.887694374915,-16.0945512748247));
#242=CARTESIAN_POINT('Ctrl Pts',(20.1109420599148,-75.793389224867,-10.4420943979719));
#243=CARTESIAN_POINT('Ctrl Pts',(22.4808360741607,-37.8337475310192,-5.52852163577498));
#244=CARTESIAN_POINT('Ctrl Pts',(23.2669445931607,-9.45141949134672,-2.47088036252269));
#245=CARTESIAN_POINT('Ctrl Pts',(23.3912557116642,0.,-1.52890878275802));
#246=CARTESIAN_POINT('Ctrl Pts',(5.41202549186229,-200.,-23.1378607853611));
#247=CARTESIAN_POINT('Ctrl Pts',(5.87079685269553,-190.43172675145,-21.9997823416406));
#248=CARTESIAN_POINT('Ctrl Pts',(6.83448164179941,-171.307216748688,-19.764487083398));
#249=CARTESIAN_POINT('Ctrl Pts',(8.33154916873165,-142.65705227618,-16.5537674008961));
#250=CARTESIAN_POINT('Ctrl Pts',(9.78855695192722,-114.045372273634,-13.5167622292556));
#251=CARTESIAN_POINT('Ctrl Pts',(11.5543122581871,-75.9507520435013,-9.74512308142828));
#252=CARTESIAN_POINT('Ctrl Pts',(12.8839782770578,-37.9374333039163,-6.4192645131519));
#253=CARTESIAN_POINT('Ctrl Pts',(13.3241226343056,-9.48013127184088,-4.23295180481987));
#254=CARTESIAN_POINT('Ctrl Pts',(13.3953979153083,0.,-3.53907018223812));
#255=CARTESIAN_POINT('Ctrl Pts',(2.21544038331909,-200.,-15.4620966871422));
#256=CARTESIAN_POINT('Ctrl Pts',(2.46456508367509,-190.456724026134,-14.7804508720166));
#257=CARTESIAN_POINT('Ctrl Pts',(2.95271368484178,-171.375425700555,-13.4624261434978));
#258=CARTESIAN_POINT('Ctrl Pts',(3.63664407810133,-142.769465678282,-11.6107386499391));
#259=CARTESIAN_POINT('Ctrl Pts',(4.25258038506086,-114.180363604717,-9.88003336779194));
#260=CARTESIAN_POINT('Ctrl Pts',(4.95608660150245,-76.0854122661434,-7.72957376177739));
#261=CARTESIAN_POINT('Ctrl Pts',(5.44927398366351,-38.0261780296705,-5.79039703530198));
#262=CARTESIAN_POINT('Ctrl Pts',(5.62263225414946,-9.50470724367709,-4.42507470083236));
#263=CARTESIAN_POINT('Ctrl Pts',(5.65604737978253,0.,-3.97694941600979));
#264=CARTESIAN_POINT('Ctrl Pts',(0.371352205241008,-200.,-7.60402041581902));
#265=CARTESIAN_POINT('Ctrl Pts',(0.456500604621987,-190.473709511379,-7.3159967636914));
#266=CARTESIAN_POINT('Ctrl Pts',(0.610076766213297,-171.421767967132,-6.76090691308926));
#267=CARTESIAN_POINT('Ctrl Pts',(0.796201437898732,-142.845828567019,-5.9821312955838));
#268=CARTESIAN_POINT('Ctrl Pts',(0.942179924876984,-114.27204810513,-5.24980633305612));
#269=CARTESIAN_POINT('Ctrl Pts',(1.08914715468612,-76.1768443445783,-4.3256293564842));
#270=CARTESIAN_POINT('Ctrl Pts',(1.17420354820371,-38.0864003593973,-3.46175472999714));
#271=CARTESIAN_POINT('Ctrl Pts',(1.20919115527036,-9.52138008771746,-2.8250650203309));
#272=CARTESIAN_POINT('Ctrl Pts',(1.21864377618915,0.,-2.61236245521016));
#273=CARTESIAN_POINT('Ctrl Pts',(-2.53483083024044E-11,-200.,-2.48073162390888));
#274=CARTESIAN_POINT('Ctrl Pts',(0.0190506794617611,-190.477113258872,-2.39708808721303));
#275=CARTESIAN_POINT('Ctrl Pts',(0.0546812820845497,-171.431071185174,-2.2320233439511));
#276=CARTESIAN_POINT('Ctrl Pts',(0.100991985368625,-142.861208650758,-1.99079177683644));
#277=CARTESIAN_POINT('Ctrl Pts',(0.140019624666145,-114.290553042938,-1.75613815088766));
#278=CARTESIAN_POINT('Ctrl Pts',(0.182311088164457,-76.1952966019199,-1.45212391359262));
#279=CARTESIAN_POINT('Ctrl Pts',(0.209759313949536,-38.0984794159406,-1.16173502157598));
#280=CARTESIAN_POINT('Ctrl Pts',(0.219114957991996,-9.5247150191219,-0.954381764610329));
#281=CARTESIAN_POINT('Ctrl Pts',(0.22100565522089,0.,-0.886405268163528));
#282=CARTESIAN_POINT('Ctrl Pts',(-2.53486120982416E-11,-200.,-5.03579423236714E-5));
#283=CARTESIAN_POINT('Ctrl Pts',(-2.41415353316586E-11,-190.47619047619,
-4.79599450707464E-5));
#284=CARTESIAN_POINT('Ctrl Pts',(-2.17273817984928E-11,-171.428571428572,
-4.31639505643966E-5));
#285=CARTESIAN_POINT('Ctrl Pts',(-1.8106151498744E-11,-142.857142857145,
-3.59699588038007E-5));
#286=CARTESIAN_POINT('Ctrl Pts',(-1.44849211989952E-11,-114.28571428572,
-2.87759670425621E-5));
#287=CARTESIAN_POINT('Ctrl Pts',(-9.65661413266346E-12,-76.1904761904845,
-1.91839780272917E-5));
#288=CARTESIAN_POINT('Ctrl Pts',(-4.82830706633173E-12,-38.0952380952463,
-9.59198901244978E-6));
#289=CARTESIAN_POINT('Ctrl Pts',(-1.20707676658293E-12,-9.52380952381216,
-2.397997252925E-6));
#290=CARTESIAN_POINT('Ctrl Pts',(0.,0.,0.));
#291=CARTESIAN_POINT('',(0.,0.,0.));
#292=CARTESIAN_POINT('Ctrl Pts',(-2.53486120982416E-11,-200.,-5.0357942311425E-5));
#293=CARTESIAN_POINT('Ctrl Pts',(-1.68990747321611E-11,-133.333333333332,
-3.357196154095E-5));
#294=CARTESIAN_POINT('Ctrl Pts',(-8.44953736608053E-12,-66.6666666666851,
-1.6785980770475E-5));
#295=CARTESIAN_POINT('Ctrl Pts',(0.,0.,0.));
#296=CARTESIAN_POINT('',(183.591583767655,0.,45.36870746653));
#297=CARTESIAN_POINT('Ctrl Pts',(0.,0.,0.));
#298=CARTESIAN_POINT('Ctrl Pts',(0.228699812404032,0.,-0.91726484709332));
#299=CARTESIAN_POINT('Ctrl Pts',(1.11569356469002,0.,-2.45407937986428));
#300=CARTESIAN_POINT('Ctrl Pts',(3.7352633842183,0.,-3.86601854134444));
#301=CARTESIAN_POINT('Ctrl Pts',(9.49211787293485,0.,-4.12584612505081));
#302=CARTESIAN_POINT('Ctrl Pts',(18.8523442190728,0.,-2.60479843559846));
#303=CARTESIAN_POINT('Ctrl Pts',(28.5973363099696,0.,-0.220657433138356));
#304=CARTESIAN_POINT('Ctrl Pts',(37.5829905831791,0.,2.31466775092989));
#305=CARTESIAN_POINT('Ctrl Pts',(45.6232049763708,0.,4.72828685856028));
#306=CARTESIAN_POINT('Ctrl Pts',(53.0627642024515,0.,7.00307983406067));
#307=CARTESIAN_POINT('Ctrl Pts',(60.5333330976025,0.,9.28019681013427));
#308=CARTESIAN_POINT('Ctrl Pts',(68.6477141373343,0.,11.732293949702));
#309=CARTESIAN_POINT('Ctrl Pts',(77.707830904862,0.,14.4451663970507));
#310=CARTESIAN_POINT('Ctrl Pts',(87.764313410927,0.,17.4326233530619));
#311=CARTESIAN_POINT('Ctrl Pts',(98.6958715169957,0.,20.6598583194368));
#312=CARTESIAN_POINT('Ctrl Pts',(110.278756893809,0.,24.062899520595));
#313=CARTESIAN_POINT('Ctrl Pts',(122.252978491711,0.,27.5676108528244));
#314=CARTESIAN_POINT('Ctrl Pts',(134.398721147947,0.,31.1114184325483));
#315=CARTESIAN_POINT('Ctrl Pts',(146.568700369861,0.,34.6525359903115));
#316=CARTESIAN_POINT('Ctrl Pts',(158.665520323863,0.,38.1634387613246));
#317=CARTESIAN_POINT('Ctrl Pts',(168.482024935374,0.,41.0055849621693));
#318=CARTESIAN_POINT('Ctrl Pts',(175.830487540158,0.,43.1292139055489));
#319=CARTESIAN_POINT('Ctrl Pts',(180.774004864458,0.,44.5560328621421));
#320=CARTESIAN_POINT('Ctrl Pts',(183.354867618488,0.,45.3004352473692));
#321=CARTESIAN_POINT('Ctrl Pts',(183.591583767654,0.,45.36870746653));
#322=CARTESIAN_POINT('',(194.059145255199,0.,48.3843791199335));
#323=CARTESIAN_POINT('Ctrl Pts',(183.591583767654,0.,45.36870746653));
#324=CARTESIAN_POINT('Ctrl Pts',(185.698119943102,0.,45.9762617037315));
#325=CARTESIAN_POINT('Ctrl Pts',(187.798158275825,0.,46.5816091853933));
#326=CARTESIAN_POINT('Ctrl Pts',(189.891670109752,0.,47.1847428195506));
#327=CARTESIAN_POINT('Ctrl Pts',(191.978665675101,0.,47.7856661041486));
#328=CARTESIAN_POINT('Ctrl Pts',(194.059145255199,0.,48.3843791199335));
#329=CARTESIAN_POINT('Ctrl Pts',(99.9999999999377,-200.,-0.000100715884649993));
#330=CARTESIAN_POINT('Ctrl Pts',(100.696809901719,-196.366106307014,1.37800988325011));
#331=CARTESIAN_POINT('Ctrl Pts',(102.197786368204,-189.065133470774,4.0970287566731));
#332=CARTESIAN_POINT('Ctrl Pts',(104.771330991479,-178.014114794625,8.06394664956819));
#333=CARTESIAN_POINT('Ctrl Pts',(108.857395177105,-163.077055128456,13.1263071175846));
#334=CARTESIAN_POINT('Ctrl Pts',(115.126488338816,-144.046690608097,19.0517584058819));
#335=CARTESIAN_POINT('Ctrl Pts',(122.646836975911,-124.629545470529,24.5436118959858));
#336=CARTESIAN_POINT('Ctrl Pts',(131.498287858373,-104.800937959266,29.5741982714711));
#337=CARTESIAN_POINT('Ctrl Pts',(141.683995165032,-84.5598930734091,34.1424245141319));
#338=CARTESIAN_POINT('Ctrl Pts',(153.113905960167,-63.9342474384628,38.2794966849223));
#339=CARTESIAN_POINT('Ctrl Pts',(165.676787827818,-42.9583845543265,42.0239601741177));
#340=CARTESIAN_POINT('Ctrl Pts',(176.551121427393,-25.9229756020903,44.733980349098));
#341=CARTESIAN_POINT('Ctrl Pts',(185.139613642831,-13.0126522613594,46.616537307162));
#342=CARTESIAN_POINT('Ctrl Pts',(191.054438700418,-4.34729691829407,47.8060243875673));
#343=CARTESIAN_POINT('Ctrl Pts',(194.059145255199,0.,48.3843791199335));
#344=CARTESIAN_POINT('Ctrl Pts',(-2.53486120982416E-11,-200.,-5.0357942311425E-5));
#345=CARTESIAN_POINT('Ctrl Pts',(-2.41415353316586E-11,-190.47619047619,
-4.79599450585E-5));
#346=CARTESIAN_POINT('Ctrl Pts',(-2.17273817984928E-11,-171.428571428572,
-4.316395055265E-5));
#347=CARTESIAN_POINT('Ctrl Pts',(-1.8106151498744E-11,-142.857142857145,
-3.5969958793875E-5));
#348=CARTESIAN_POINT('Ctrl Pts',(-1.44849211989952E-11,-114.28571428572,
-2.87759670351E-5));
#349=CARTESIAN_POINT('Ctrl Pts',(-9.65661413266346E-12,-76.1904761904844,
-1.91839780234E-5));
#350=CARTESIAN_POINT('Ctrl Pts',(-4.82830706633173E-12,-38.0952380952463,
-9.5919890117E-6));
#351=CARTESIAN_POINT('Ctrl Pts',(-1.20707676658293E-12,-9.52380952381216,
-2.397997252925E-6));
#352=CARTESIAN_POINT('Ctrl Pts',(0.,0.,0.));
#353=CARTESIAN_POINT('Ctrl Pts',(-2.53482914862537E-11,-200.,2.61794519864595));
#354=CARTESIAN_POINT('Ctrl Pts',(-0.0201052005302796,-190.475216614294,
2.52967663153976));
#355=CARTESIAN_POINT('Ctrl Pts',(-0.0577702539721527,-171.425933301793,
2.35527929744979));
#356=CARTESIAN_POINT('Ctrl Pts',(-0.106622090339649,-142.852852007789,2.10078331875705));
#357=CARTESIAN_POINT('Ctrl Pts',(-0.147775899406313,-114.280607686548,1.85326847120385));
#358=CARTESIAN_POINT('Ctrl Pts',(-0.192330182635798,-76.1853889525986,1.53270409968528));
#359=CARTESIAN_POINT('Ctrl Pts',(-0.221310777615482,-38.0918173562373,1.22621786587685));
#360=CARTESIAN_POINT('Ctrl Pts',(-0.231243729003488,-9.52285390620422,1.00720516847705));
#361=CARTESIAN_POINT('Ctrl Pts',(-0.23323908286287,0.,0.935470866501812));
#362=CARTESIAN_POINT('Ctrl Pts',(0.41526542595218,-200.,7.91629081131154));
#363=CARTESIAN_POINT('Ctrl Pts',(0.377183752017117,-190.467339465258,7.67701452930706));
#364=CARTESIAN_POINT('Ctrl Pts',(0.308384491015802,-171.404459957487,7.2034064447769));
#365=CARTESIAN_POINT('Ctrl Pts',(0.225349334066247,-142.817532950281,6.50606712044492));
#366=CARTESIAN_POINT('Ctrl Pts',(0.160780968180472,-114.238265872106,5.82056006050199));
#367=CARTESIAN_POINT('Ctrl Pts',(0.0970712809064263,-76.1432004884335,4.92006499747114));
#368=CARTESIAN_POINT('Ctrl Pts',(0.0629816594003109,-38.0639582369562,4.03920267866526));
#369=CARTESIAN_POINT('Ctrl Pts',(0.0527408350611951,-9.51512965733371,3.39510821220545));
#370=CARTESIAN_POINT('Ctrl Pts',(0.0506763779686941,0.,3.18216085727386));
#371=CARTESIAN_POINT('Ctrl Pts',(2.95927350453589,-200.,18.4184779669785));
#372=CARTESIAN_POINT('Ctrl Pts',(2.95827372707176,-190.433777834423,17.9690286102516));
#373=CARTESIAN_POINT('Ctrl Pts',(2.97317192238985,-171.312833281731,17.081167902535));
#374=CARTESIAN_POINT('Ctrl Pts',(3.03396843549949,-142.666433548302,15.7692616046201));
#375=CARTESIAN_POINT('Ctrl Pts',(3.12220695958786,-114.056809323362,14.4593890867238));
#376=CARTESIAN_POINT('Ctrl Pts',(3.26198185452798,-75.9623565295513,12.6910343059613));
#377=CARTESIAN_POINT('Ctrl Pts',(3.4094995352407,-37.9449703742656,10.8669157646151));
#378=CARTESIAN_POINT('Ctrl Pts',(3.48193852005237,-9.48218893914045,9.44423643103883));
#379=CARTESIAN_POINT('Ctrl Pts',(3.49958691242497,0.,8.96252747173201));
#380=CARTESIAN_POINT('Ctrl Pts',(9.37463083429014,-200.,30.673895129263));
#381=CARTESIAN_POINT('Ctrl Pts',(9.52710963304054,-190.369518987346,30.1146316458468));
#382=CARTESIAN_POINT('Ctrl Pts',(9.85601108541035,-171.137228165868,29.0071251864773));
#383=CARTESIAN_POINT('Ctrl Pts',(10.3928404560468,-142.37635966069,27.3409748054144));
#384=CARTESIAN_POINT('Ctrl Pts',(10.9477851725675,-113.708054808704,25.6217197915603));
#385=CARTESIAN_POINT('Ctrl Pts',(11.6788010816149,-75.6146551293285,23.1911774064887));
#386=CARTESIAN_POINT('Ctrl Pts',(12.3362903947791,-37.7166067648945,20.4917810145362));
#387=CARTESIAN_POINT('Ctrl Pts',(12.6680597573844,-9.41901481711395,18.232016533205));
#388=CARTESIAN_POINT('Ctrl Pts',(12.7553786376704,0.,17.4486448467801));
#389=CARTESIAN_POINT('Ctrl Pts',(21.306086366722,-200.,41.997946391759));
#390=CARTESIAN_POINT('Ctrl Pts',(21.7187361839468,-190.292179686476,41.4897824660958));
#391=CARTESIAN_POINT('Ctrl Pts',(22.5570074229829,-170.925437448084,40.4393543706017));
#392=CARTESIAN_POINT('Ctrl Pts',(23.8245343607133,-142.025280468664,38.7214595043675));
#393=CARTESIAN_POINT('Ctrl Pts',(25.0794857141079,-113.284904532385,36.8005527822633));
#394=CARTESIAN_POINT('Ctrl Pts',(26.7070091083575,-75.1923126645985,33.882190259917));
#395=CARTESIAN_POINT('Ctrl Pts',(28.2024616153876,-37.439970029584,30.3732952206926));
#396=CARTESIAN_POINT('Ctrl Pts',(29.0991591231301,-9.3425677168263,27.329252575337));
#397=CARTESIAN_POINT('Ctrl Pts',(29.3671174985181,0.,26.2664871432301));
#398=CARTESIAN_POINT('Ctrl Pts',(35.6418538328727,-200.,48.6996125775534));
#399=CARTESIAN_POINT('Ctrl Pts',(36.2952661936047,-190.2500739105,48.363657682462));
#400=CARTESIAN_POINT('Ctrl Pts',(37.598191403352,-170.809232406671,47.5930340353712));
#401=CARTESIAN_POINT('Ctrl Pts',(39.5352366042083,-141.830139639075,46.1139270347629));
#402=CARTESIAN_POINT('Ctrl Pts',(41.4560647809159,-113.047558664567,44.255702968379));
#403=CARTESIAN_POINT('Ctrl Pts',(43.9995290398941,-74.9544029535343,41.1902302112499));
#404=CARTESIAN_POINT('Ctrl Pts',(46.4937500066725,-37.2855385357544,37.2246265856942));
#405=CARTESIAN_POINT('Ctrl Pts',(48.2513171854655,-9.30004146768354,33.7057201344718));
#406=CARTESIAN_POINT('Ctrl Pts',(48.821937793436,0.,32.4739011650406));
#407=CARTESIAN_POINT('Ctrl Pts',(45.3870079540303,-200.,50.0005858415747));
#408=CARTESIAN_POINT('Ctrl Pts',(46.1243862257994,-190.26913388263,49.8189985907692));
#409=CARTESIAN_POINT('Ctrl Pts',(47.610195539039,-170.859919666725,49.3259413451504));
#410=CARTESIAN_POINT('Ctrl Pts',(49.8793998802995,-141.90995725386,48.174552547805));
#411=CARTESIAN_POINT('Ctrl Pts',(52.2049825817538,-113.140163869845,46.5581695396947));
#412=CARTESIAN_POINT('Ctrl Pts',(55.4043543894383,-75.0451073406881,43.7034960154774));
#413=CARTESIAN_POINT('Ctrl Pts',(58.7559841682859,-37.34725813122,39.7947838085612));
#414=CARTESIAN_POINT('Ctrl Pts',(61.3441306238913,-9.3173438723517,36.2369911077711));
#415=CARTESIAN_POINT('Ctrl Pts',(62.2145330971534,0.,34.984522373361));
#416=CARTESIAN_POINT('Ctrl Pts',(55.2358215790865,-200.,49.999931538023));
#417=CARTESIAN_POINT('Ctrl Pts',(55.9880282945105,-190.327245994854,49.9822437710362));
#418=CARTESIAN_POINT('Ctrl Pts',(57.5598689347948,-171.016799509261,49.7973664528378));
#419=CARTESIAN_POINT('Ctrl Pts',(60.1244349099894,-142.163715966809,49.0512223417081));
#420=CARTESIAN_POINT('Ctrl Pts',(62.9078164471082,-113.440625485515,47.7839773668532));
#421=CARTESIAN_POINT('Ctrl Pts',(66.9294084628937,-75.3424005462076,45.3215863995708));
#422=CARTESIAN_POINT('Ctrl Pts',(71.4134137070865,-37.5454180206414,41.6972933130534));
#423=CARTESIAN_POINT('Ctrl Pts',(75.0726948454121,-9.37247036731887,38.2754156462792));
#424=CARTESIAN_POINT('Ctrl Pts',(76.3242585643926,0.,37.0599010200102));
#425=CARTESIAN_POINT('Ctrl Pts',(65.707663496282,-200.,48.3418132949377));
#426=CARTESIAN_POINT('Ctrl Pts',(66.5202502637163,-190.447570191404,48.6015124082247));
#427=CARTESIAN_POINT('Ctrl Pts',(68.2250233029862,-171.337999236583,48.9120557328873));
#428=CARTESIAN_POINT('Ctrl Pts',(71.0710835549732,-142.67394982573,48.7600484533836));
#429=CARTESIAN_POINT('Ctrl Pts',(74.2741707259864,-114.030443670893,47.9663916496602));
#430=CARTESIAN_POINT('Ctrl Pts',(79.1111444217197,-75.8969058443319,46.0141246998851));
#431=CARTESIAN_POINT('Ctrl Pts',(84.8456680882859,-37.8801728766039,42.7884123137753));
#432=CARTESIAN_POINT('Ctrl Pts',(89.8132701034901,-9.46136834518852,39.6860889192882));
#433=CARTESIAN_POINT('Ctrl Pts',(91.5475407955705,0.,38.5845338790512));
#434=CARTESIAN_POINT('Ctrl Pts',(79.8773910106225,-200.,41.1225015416903));
#435=CARTESIAN_POINT('Ctrl Pts',(80.8723200079207,-190.726544153475,42.0218606902849));
#436=CARTESIAN_POINT('Ctrl Pts',(82.9014667382123,-172.083611288596,43.4939193490718));
#437=CARTESIAN_POINT('Ctrl Pts',(86.2574345409782,-143.8608495517,44.7947466310741));
#438=CARTESIAN_POINT('Ctrl Pts',(90.1731531508448,-115.401328443582,45.2235913885562));
#439=CARTESIAN_POINT('Ctrl Pts',(96.4586609640724,-77.1742826847954,44.6789789158602));
#440=CARTESIAN_POINT('Ctrl Pts',(104.547462318437,-38.6312811036592,42.6908146591786));
#441=CARTESIAN_POINT('Ctrl Pts',(112.087863120297,-9.65833203926254,40.6311873318576));
#442=CARTESIAN_POINT('Ctrl Pts',(114.786363391643,0.,39.9014230969825));
#443=CARTESIAN_POINT('Ctrl Pts',(91.1230444581641,-200.,29.8774460152112));
#444=CARTESIAN_POINT('Ctrl Pts',(92.3500116407458,-191.026855673902,31.5541825592458));
#445=CARTESIAN_POINT('Ctrl Pts',(94.8715620974965,-172.893580169142,34.5121666275227));
#446=CARTESIAN_POINT('Ctrl Pts',(99.1642857488587,-145.169448868333,37.8611691675077));
#447=CARTESIAN_POINT('Ctrl Pts',(104.368063357009,-116.933324784607,40.1780691749037));
#448=CARTESIAN_POINT('Ctrl Pts',(113.031034084056,-78.6275276591714,41.971646875922));
#449=CARTESIAN_POINT('Ctrl Pts',(124.556916832788,-39.508060666609,42.1473611416794));
#450=CARTESIAN_POINT('Ctrl Pts',(135.445559637176,-9.89164814891909,41.7178012443436));
#451=CARTESIAN_POINT('Ctrl Pts',(139.356130292924,0.,41.5375082817926));
#452=CARTESIAN_POINT('Ctrl Pts',(98.3410582656198,-200.,15.7066149033829));
#453=CARTESIAN_POINT('Ctrl Pts',(99.8076833924764,-191.271354643799,18.2125838482251));
#454=CARTESIAN_POINT('Ctrl Pts',(103.006816949407,-173.568450245726,22.849484302209));
#455=CARTESIAN_POINT('Ctrl Pts',(108.904932116278,-146.299898428705,28.7399466822728));
#456=CARTESIAN_POINT('Ctrl Pts',(116.332733520822,-118.301386767677,33.5802146908528));
#457=CARTESIAN_POINT('Ctrl Pts',(128.814175014052,-79.986890008096,38.6644629795745));
#458=CARTESIAN_POINT('Ctrl Pts',(145.296819180028,-40.3872069582354,41.9826417248196));
#459=CARTESIAN_POINT('Ctrl Pts',(160.435003447762,-10.1340523624713,43.7384469168956));
#460=CARTESIAN_POINT('Ctrl Pts',(165.813156978572,0.,44.2621347342795));
#461=CARTESIAN_POINT('Ctrl Pts',(100.000005273421,-200.,5.23588704009835));
#462=CARTESIAN_POINT('Ctrl Pts',(101.603431404836,-191.345712184117,8.27200601921414));
#463=CARTESIAN_POINT('Ctrl Pts',(105.355171871702,-173.795327339143,14.0433436224828));
#464=CARTESIAN_POINT('Ctrl Pts',(112.808628805403,-146.734865400162,21.7967806530648));
#465=CARTESIAN_POINT('Ctrl Pts',(122.418598850968,-118.887441233563,28.5980346368179));
#466=CARTESIAN_POINT('Ctrl Pts',(138.509064115549,-80.6507093175016,36.3452901064671));
#467=CARTESIAN_POINT('Ctrl Pts',(159.38989211683,-40.8926792336263,42.2862206899527));
#468=CARTESIAN_POINT('Ctrl Pts',(177.995143913812,-10.2835376996453,45.8092125268662));
#469=CARTESIAN_POINT('Ctrl Pts',(184.52714214545,0.,46.8897798963793));
#470=CARTESIAN_POINT('Ctrl Pts',(99.9999999999493,-200.,-0.000100715884600348));
#471=CARTESIAN_POINT('Ctrl Pts',(101.659071194666,-191.347872159558,3.28111499634102));
#472=CARTESIAN_POINT('Ctrl Pts',(105.701387359201,-173.819764207693,9.59259834460499));
#473=CARTESIAN_POINT('Ctrl Pts',(114.045233066435,-146.822707477539,18.2696058105527));
#474=CARTESIAN_POINT('Ctrl Pts',(124.915179988675,-119.044797431417,26.0712429413586));
#475=CARTESIAN_POINT('Ctrl Pts',(143.065763133713,-80.8770549481745,35.2060537845233));
#476=CARTESIAN_POINT('Ctrl Pts',(166.407324497923,-41.104708290362,42.5420339565817));
#477=CARTESIAN_POINT('Ctrl Pts',(186.90508202953,-10.3507069483192,47.0073440428712));
#478=CARTESIAN_POINT('Ctrl Pts',(194.059145255199,0.,48.3843791199335));
#479=CARTESIAN_POINT('',(143.903845156817,0.,42.0944871202585));
#480=CARTESIAN_POINT('Ctrl Pts',(194.059145255199,0.,48.3843791199335));
#481=CARTESIAN_POINT('Ctrl Pts',(191.455934899195,0.,47.9762008879255));
#482=CARTESIAN_POINT('Ctrl Pts',(186.287246058048,0.,47.184675036717));
#483=CARTESIAN_POINT('Ctrl Pts',(178.647408854464,0.,46.071878210616));
#484=CARTESIAN_POINT('Ctrl Pts',(168.688271393744,0.,44.7377400739933));
#485=CARTESIAN_POINT('Ctrl Pts',(158.800752306085,0.,43.575401936279));
#486=CARTESIAN_POINT('Ctrl Pts',(151.505837101002,0.,42.8124339830988));
#487=CARTESIAN_POINT('Ctrl Pts',(146.645711396057,0.,42.3457529831027));
#488=CARTESIAN_POINT('Ctrl Pts',(144.124917436664,0.,42.1146683625676));
#489=CARTESIAN_POINT('Ctrl Pts',(143.903845156817,0.,42.0944871202585));
#490=CARTESIAN_POINT('Ctrl Pts',(143.903845156817,0.,42.0944871202585));
#491=CARTESIAN_POINT('Ctrl Pts',(141.827015220715,0.,41.9048975063807));
#492=CARTESIAN_POINT('Ctrl Pts',(137.48196811379,0.,41.5240144424655));
#493=CARTESIAN_POINT('Ctrl Pts',(130.947138370205,0.,40.9998054497012));
#494=CARTESIAN_POINT('Ctrl Pts',(122.335624444051,0.,40.3969380090096));
#495=CARTESIAN_POINT('Ctrl Pts',(111.745326777914,0.,39.7527244445011));
#496=CARTESIAN_POINT('Ctrl Pts',(101.073185054861,0.,39.117980843219));
#497=CARTESIAN_POINT('Ctrl Pts',(90.4024575767231,0.,38.3841264934112));
#498=CARTESIAN_POINT('Ctrl Pts',(79.6270077877464,0.,37.4141704423821));
#499=CARTESIAN_POINT('Ctrl Pts',(68.6901333242552,0.,36.0633347448551));
#500=CARTESIAN_POINT('Ctrl Pts',(57.6140608201976,0.,34.1886544663203));
#501=CARTESIAN_POINT('Ctrl Pts',(46.5375362569067,0.,31.6559050107746));
#502=CARTESIAN_POINT('Ctrl Pts',(35.7325334397686,0.,28.3559214246024));
#503=CARTESIAN_POINT('Ctrl Pts',(25.5622188162941,0.,24.2469151704302));
#504=CARTESIAN_POINT('Ctrl Pts',(16.4509138919863,0.,19.3919493040571));
#505=CARTESIAN_POINT('Ctrl Pts',(8.85019489653954,0.,14.0040977868363));
#506=CARTESIAN_POINT('Ctrl Pts',(3.20556021513424,0.,8.48385616964557));
#507=CARTESIAN_POINT('Ctrl Pts',(0.579697889444315,0.,4.48417323420431));
#508=CARTESIAN_POINT('Ctrl Pts',(-0.190951070784968,0.,2.00392140512465));
#509=CARTESIAN_POINT('Ctrl Pts',(-0.155232302372332,0.,0.62260275862382));
#510=CARTESIAN_POINT('Ctrl Pts',(0.,0.,0.));
#511=CARTESIAN_POINT('Origin',(27.4432858847937,1600.,1.72081444881784));
#512=CARTESIAN_POINT('',(59.9634496211458,1600.,2.09396980215006));
#513=CARTESIAN_POINT('',(0.,1600.,0.));
#514=CARTESIAN_POINT('Ctrl Pts',(59.9634496211458,1600.,2.09396980215006));
#515=CARTESIAN_POINT('Ctrl Pts',(59.5011271118216,1600.,2.12514927497179));
#516=CARTESIAN_POINT('Ctrl Pts',(58.5535108841698,1600.,2.19020781486668));
#517=CARTESIAN_POINT('Ctrl Pts',(57.0631729002913,1600.,2.29589439654262));
#518=CARTESIAN_POINT('Ctrl Pts',(54.9376659682073,1600.,2.45307358665539));
#519=CARTESIAN_POINT('Ctrl Pts',(52.0496543981975,1600.,2.67651642950971));
#520=CARTESIAN_POINT('Ctrl Pts',(48.9349266117759,1600.,2.92582849528814));
#521=CARTESIAN_POINT('Ctrl Pts',(45.6069201555713,1600.,3.19825773115173));
#522=CARTESIAN_POINT('Ctrl Pts',(42.0926751979924,1600.,3.48866451065436));
#523=CARTESIAN_POINT('Ctrl Pts',(38.4373269027821,1600.,3.78875358833973));
#524=CARTESIAN_POINT('Ctrl Pts',(34.6966546758523,1600.,4.08687914107164));
#525=CARTESIAN_POINT('Ctrl Pts',(30.9301013189722,1600.,4.36775517209527));
#526=CARTESIAN_POINT('Ctrl Pts',(27.1940752144703,1600.,4.61219643319822));
#527=CARTESIAN_POINT('Ctrl Pts',(23.5345775333368,1600.,4.79666890365905));
#528=CARTESIAN_POINT('Ctrl Pts',(19.9813347216058,1600.,4.89317835282312));
#529=CARTESIAN_POINT('Ctrl Pts',(16.5373970091042,1600.,4.8682309799438));
#530=CARTESIAN_POINT('Ctrl Pts',(13.1974390764367,1600.,4.68800110415064));
#531=CARTESIAN_POINT('Ctrl Pts',(9.97160543474668,1600.,4.32475322096167));
#532=CARTESIAN_POINT('Ctrl Pts',(6.90940155898423,1600.,3.76356991043253));
#533=CARTESIAN_POINT('Ctrl Pts',(4.11973862145415,1600.,3.00819179268983));
#534=CARTESIAN_POINT('Ctrl Pts',(1.80357935710779,1600.,2.09047502372206));
#535=CARTESIAN_POINT('Ctrl Pts',(0.560900168123508,1600.,1.27438376081825));
#536=CARTESIAN_POINT('Ctrl Pts',(0.0876527970066032,1600.,0.641836801942208));
#537=CARTESIAN_POINT('Ctrl Pts',(-0.00750207597020491,1600.,0.214831347630362));
#538=CARTESIAN_POINT('Ctrl Pts',(0.,1600.,0.));
#539=CARTESIAN_POINT('Ctrl Pts',(0.,1600.,0.));
#540=CARTESIAN_POINT('Ctrl Pts',(0.00812890089651574,1600.,-0.23278126498437));
#541=CARTESIAN_POINT('Ctrl Pts',(0.149175616349968,1600.,-0.645467012504142));
#542=CARTESIAN_POINT('Ctrl Pts',(0.735170176617066,1600.,-1.10584671057493));
#543=CARTESIAN_POINT('Ctrl Pts',(2.19203132966803,1600.,-1.42829366534179));
#544=CARTESIAN_POINT('Ctrl Pts',(4.76270190252486,1600.,-1.4811100613811));
#545=CARTESIAN_POINT('Ctrl Pts',(7.66829232641658,1600.,-1.33720718164235));
#546=CARTESIAN_POINT('Ctrl Pts',(10.6416593403741,1600.,-1.10566160342556));
#547=CARTESIAN_POINT('Ctrl Pts',(13.5635752987627,1600.,-0.849035623934986));
#548=CARTESIAN_POINT('Ctrl Pts',(16.410861452379,1600.,-0.598430973126192));
#549=CARTESIAN_POINT('Ctrl Pts',(19.2228096919132,1600.,-0.362526320516769));
#550=CARTESIAN_POINT('Ctrl Pts',(22.0634843212809,1600.,-0.138162276379354));
#551=CARTESIAN_POINT('Ctrl Pts',(24.9808128405894,1600.,0.0786244108314582));
#552=CARTESIAN_POINT('Ctrl Pts',(28.0007580664996,1600.,0.290129615122989));
#553=CARTESIAN_POINT('Ctrl Pts',(31.1353530512689,1600.,0.498033226243093));
#554=CARTESIAN_POINT('Ctrl Pts',(34.3858582600912,1600.,0.703274122938042));
#555=CARTESIAN_POINT('Ctrl Pts',(37.7474712952537,1600.,0.906401054913166));
#556=CARTESIAN_POINT('Ctrl Pts',(41.2135045604027,1600.,1.10773478524508));
#557=CARTESIAN_POINT('Ctrl Pts',(44.7782854051325,1600.,1.30753871073725));
#558=CARTESIAN_POINT('Ctrl Pts',(48.4368671299573,1600.,1.50599335356343));
#559=CARTESIAN_POINT('Ctrl Pts',(52.1853799085658,1600.,1.70322203266753));
#560=CARTESIAN_POINT('Ctrl Pts',(55.2539040021651,1600.,1.86008115224255));
#561=CARTESIAN_POINT('Ctrl Pts',(57.5937745576318,1600.,1.9772209216139));
#562=CARTESIAN_POINT('Ctrl Pts',(59.1707193926165,1600.,2.0550907353727));
#563=CARTESIAN_POINT('Ctrl Pts',(59.9634496211458,1600.,2.09396980215006));
#564=CARTESIAN_POINT('Ctrl Pts',(194.059145255199,0.,48.3843791199335));
#565=CARTESIAN_POINT('Ctrl Pts',(191.479071425873,33.3328040771194,46.6164257648937));
#566=CARTESIAN_POINT('Ctrl Pts',(186.283342672759,99.9980679002256,43.2004454635368));
#567=CARTESIAN_POINT('Ctrl Pts',(178.381970031602,199.997621905552,38.4389214708236));
#568=CARTESIAN_POINT('Ctrl Pts',(170.371918793233,299.997798460113,34.0434255752207));
#569=CARTESIAN_POINT('Ctrl Pts',(164.960054220168,366.665716744674,31.3552333293803));
#570=CARTESIAN_POINT('Ctrl Pts',(159.514310908312,433.331573875549,28.7825139499559));
#571=CARTESIAN_POINT('Ctrl Pts',(154.034584131987,499.996745239157,26.3251808608653));
#572=CARTESIAN_POINT('Ctrl Pts',(145.724450781412,599.997799790774,22.9476394171773));
#573=CARTESIAN_POINT('Ctrl Pts',(137.339426054655,699.999931280517,19.8319768780265));
#574=CARTESIAN_POINT('Ctrl Pts',(131.710115816871,766.667122076035,17.9013094091526));
#575=CARTESIAN_POINT('Ctrl Pts',(126.065547983547,833.332663505808,16.0355996271765));
#576=CARTESIAN_POINT('Ctrl Pts',(120.405576042307,899.998338757645,14.2347918996257));
#577=CARTESIAN_POINT('Ctrl Pts',(111.876826792406,999.997615077434,11.7308455565038));
#578=CARTESIAN_POINT('Ctrl Pts',(103.312438147038,1099.99810051502,9.44564109757879));
#579=CARTESIAN_POINT('Ctrl Pts',(97.5795043140792,1166.66582358557,8.08732720804851));
#580=CARTESIAN_POINT('Ctrl Pts',(91.8352797093551,1233.32852899682,6.81995002140852));
#581=CARTESIAN_POINT('Ctrl Pts',(86.0794966049203,1299.98932287355,5.64343777111865));
#582=CARTESIAN_POINT('Ctrl Pts',(77.410228282312,1399.98922833261,4.16177014702226));
#583=CARTESIAN_POINT('Ctrl Pts',(68.7063647295434,1499.99437738229,2.96417067564627));
#584=CARTESIAN_POINT('Ctrl Pts',(62.8814339516672,1566.66488368677,2.35306861097805));
#585=CARTESIAN_POINT('Ctrl Pts',(59.9634496211458,1600.,2.09396980215006));
#586=CARTESIAN_POINT('Ctrl Pts',(183.889909895953,0.,46.7898631407555));
#587=CARTESIAN_POINT('Ctrl Pts',(181.451698342228,33.332790119825,45.0654547718792));
#588=CARTESIAN_POINT('Ctrl Pts',(176.527254550246,99.998028417431,41.7324586425619));
#589=CARTESIAN_POINT('Ctrl Pts',(169.020335150903,199.997561628536,37.0989908434194));
#590=CARTESIAN_POINT('Ctrl Pts',(161.417088642067,299.997745209118,32.8510211738169));
#591=CARTESIAN_POINT('Ctrl Pts',(156.301216330936,366.665693608437,30.28475445772));
#592=CARTESIAN_POINT('Ctrl Pts',(151.172123661281,433.331597009905,27.851039624983));
#593=CARTESIAN_POINT('Ctrl Pts',(146.045926769305,499.996783730045,25.5611781229592));
#594=CARTESIAN_POINT('Ctrl Pts',(138.319095348818,599.99781210513,22.4685341956325));
#595=CARTESIAN_POINT('Ctrl Pts',(130.512711461344,699.999911734262,19.619730762921));
#596=CARTESIAN_POINT('Ctrl Pts',(125.227606815051,766.667106519218,17.8204566811221));
#597=CARTESIAN_POINT('Ctrl Pts',(119.887241619383,833.332679062525,16.0456401803956));
#598=CARTESIAN_POINT('Ctrl Pts',(114.472125033813,899.998358255222,14.3012718529726));
#599=CARTESIAN_POINT('Ctrl Pts',(106.236715795307,999.997602605146,11.8143040037124));
#600=CARTESIAN_POINT('Ctrl Pts',(97.9958232957262,1099.99806182879,9.51407805891211));
#601=CARTESIAN_POINT('Ctrl Pts',(92.5680577522371,1166.66580035301,8.14820417929085));
#602=CARTESIAN_POINT('Ctrl Pts',(87.2084232931439,1233.32855222544,6.88638789953506));
#603=CARTESIAN_POINT('Ctrl Pts',(81.9004073126084,1299.98932707131,5.7172095184228));
#604=CARTESIAN_POINT('Ctrl Pts',(74.0238828813333,1399.989128737,4.24968872841037));
#605=CARTESIAN_POINT('Ctrl Pts',(66.1653215114135,1499.99421995698,3.0672079377628));
#606=CARTESIAN_POINT('Ctrl Pts',(60.8932673801089,1566.66479916445,2.46538327555938));
#607=CARTESIAN_POINT('Ctrl Pts',(58.2376354915156,1600.,2.21036035996395));
#608=CARTESIAN_POINT('Ctrl Pts',(164.244181095768,0.,44.0563225287322));
#609=CARTESIAN_POINT('Ctrl Pts',(162.090589324363,33.3327445096832,42.3971625437874));
#610=CARTESIAN_POINT('Ctrl Pts',(157.722217005081,99.997892442115,39.204116972697));
#611=CARTESIAN_POINT('Ctrl Pts',(151.029343528521,199.997344253821,34.8138225551908));
#612=CARTESIAN_POINT('Ctrl Pts',(144.2397178687,299.997549088166,30.8464432846092));
#613=CARTESIAN_POINT('Ctrl Pts',(139.67945389627,366.665608455413,28.4938792493661));
#614=CARTESIAN_POINT('Ctrl Pts',(135.119594025231,433.331682120387,26.2871372648791));
#615=CARTESIAN_POINT('Ctrl Pts',(130.619330584456,499.9969418184,24.281401924184));
#616=CARTESIAN_POINT('Ctrl Pts',(123.91444224606,599.99791000103,21.6857279636071));
#617=CARTESIAN_POINT('Ctrl Pts',(117.126527939042,699.999900246206,19.3027003666835));
#618=CARTESIAN_POINT('Ctrl Pts',(112.460329054109,766.667076563995,17.7259963207226));
#619=CARTESIAN_POINT('Ctrl Pts',(107.679666203501,833.332709127825,16.0974781819429));
#620=CARTESIAN_POINT('Ctrl Pts',(102.756689717362,899.998390143248,14.4523164649432));
#621=CARTESIAN_POINT('Ctrl Pts',(95.1875381108332,999.997550584796,12.0139360588798));
#622=CARTESIAN_POINT('Ctrl Pts',(87.6705866954009,1099.99794780119,9.70716819345312));
#623=CARTESIAN_POINT('Ctrl Pts',(82.8499092531733,1166.66573559616,8.33136573956964));
#624=CARTESIAN_POINT('Ctrl Pts',(78.2024736614519,1233.32861688702,7.07223549073746));
#625=CARTESIAN_POINT('Ctrl Pts',(73.7147629821677,1299.98933942736,5.91326285698218));
#626=CARTESIAN_POINT('Ctrl Pts',(67.2672735106673,1399.98886189281,4.4749812448957));
#627=CARTESIAN_POINT('Ctrl Pts',(60.9106066187205,1499.99380077991,3.32499358280474));
#628=CARTESIAN_POINT('Ctrl Pts',(56.6046938532209,1566.66457500393,2.739006030132));
#629=CARTESIAN_POINT('Ctrl Pts',(54.4024651290757,1600.,2.48833320478487));
#630=CARTESIAN_POINT('Ctrl Pts',(136.851587835302,0.,41.3197890654382));
#631=CARTESIAN_POINT('Ctrl Pts',(135.117699779452,33.3326548266759,39.723272970033));
#632=CARTESIAN_POINT('Ctrl Pts',(131.595906953388,99.997618797352,36.6810754666026));
#633=CARTESIAN_POINT('Ctrl Pts',(126.161934494051,199.996899071026,32.5799191834093));
#634=CARTESIAN_POINT('Ctrl Pts',(120.588483902716,299.997145546623,28.9483710237728));
#635=CARTESIAN_POINT('Ctrl Pts',(116.790603287399,366.665434061629,26.8364739238271));
#636=CARTESIAN_POINT('Ctrl Pts',(112.959973339382,433.331856378086,24.8686545607642));
#637=CARTESIAN_POINT('Ctrl Pts',(109.178678755465,499.997277982571,23.1522193187295));
#638=CARTESIAN_POINT('Ctrl Pts',(103.539625907604,599.998149748283,21.0498412397415));
#639=CARTESIAN_POINT('Ctrl Pts',(97.8250174842117,699.999919712175,19.123491426609));
#640=CARTESIAN_POINT('Ctrl Pts',(93.8924731216967,766.667033031853,17.7655956588224));
#641=CARTESIAN_POINT('Ctrl Pts',(89.8601503438177,833.332752987934,16.2866656360332));
#642=CARTESIAN_POINT('Ctrl Pts',(85.7024902145995,899.998431963389,14.7621514812234));
#643=CARTESIAN_POINT('Ctrl Pts',(79.3426948639814,999.997442685968,12.4240264406192));
#644=CARTESIAN_POINT('Ctrl Pts',(73.1033014353748,1099.99773303121,10.1562499520235));
#645=CARTESIAN_POINT('Ctrl Pts',(69.1829615439572,1166.66561650107,8.7822623877328));
#646=CARTESIAN_POINT('Ctrl Pts',(65.461467791723,1233.32873573353,7.52055807995483));
#647=CARTESIAN_POINT('Ctrl Pts',(61.9663448536019,1299.98935973693,6.37028362547581));
#648=CARTESIAN_POINT('Ctrl Pts',(57.1263579506908,1399.98837582908,4.96803223925347));
#649=CARTESIAN_POINT('Ctrl Pts',(52.4149321001907,1499.99304486582,3.859447513374));
#650=CARTESIAN_POINT('Ctrl Pts',(49.1775095668434,1566.66417268602,3.29000697784046));
#651=CARTESIAN_POINT('Ctrl Pts',(47.4891706093184,1600.,3.04081917557547));
#652=CARTESIAN_POINT('Ctrl Pts',(111.327015956929,0.,39.7140219924053));
#653=CARTESIAN_POINT('Ctrl Pts',(109.995695810066,33.3325757900718,38.1752169997581));
#654=CARTESIAN_POINT('Ctrl Pts',(107.300545309475,99.9973767967731,35.254725343572));
#655=CARTESIAN_POINT('Ctrl Pts',(103.112599873633,199.996506141242,31.3631493611298));
#656=CARTESIAN_POINT('Ctrl Pts',(98.7336548877468,299.996792145201,27.9735829574609));
#657=CARTESIAN_POINT('Ctrl Pts',(95.6608559996644,366.665282980245,26.0439747532552));
#658=CARTESIAN_POINT('Ctrl Pts',(92.5024214545431,433.332007305237,24.2651183469193));
#659=CARTESIAN_POINT('Ctrl Pts',(89.2777096628324,499.997568878107,22.7265988778856));
#660=CARTESIAN_POINT('Ctrl Pts',(84.3066056777428,599.998355520462,20.8615239498461));
#661=CARTESIAN_POINT('Ctrl Pts',(79.2752334551285,699.999929775082,19.1415531204128));
#662=CARTESIAN_POINT('Ctrl Pts',(75.9295492899959,766.666988869276,17.9029717207436));
#663=CARTESIAN_POINT('Ctrl Pts',(72.6092476499761,833.332797540698,16.540376241361));
#664=CARTESIAN_POINT('Ctrl Pts',(69.2548387097487,899.998483112311,15.1243792433933));
#665=CARTESIAN_POINT('Ctrl Pts',(64.2586335072751,999.997356274108,12.9069070743275));
#666=CARTESIAN_POINT('Ctrl Pts',(59.4222732228638,1099.99754072601,10.7147621327979));
#667=CARTESIAN_POINT('Ctrl Pts',(56.3824345022787,1166.66550832961,9.36361667227427));
#668=CARTESIAN_POINT('Ctrl Pts',(53.4731147324479,1233.32884361252,8.11143476194207));
#669=CARTESIAN_POINT('Ctrl Pts',(50.7418011538557,1299.98937170254,6.97143092343556));
#670=CARTESIAN_POINT('Ctrl Pts',(46.9703999412624,1399.9879210635,5.59092523353211));
#671=CARTESIAN_POINT('Ctrl Pts',(43.3189745352969,1499.99234767226,4.50650866020756));
#672=CARTESIAN_POINT('Ctrl Pts',(40.8287036151775,1566.66380343928,3.94876276370591));
#673=CARTESIAN_POINT('Ctrl Pts',(39.535735786085,1600.,3.70237634852185));
#674=CARTESIAN_POINT('Ctrl Pts',(90.6130585621877,0.,38.4936795131113));
#675=CARTESIAN_POINT('Ctrl Pts',(89.5946723254966,33.3325453770754,37.0241052275884));
#676=CARTESIAN_POINT('Ctrl Pts',(87.5349785422571,99.9972859405283,34.2365102795922));
#677=CARTESIAN_POINT('Ctrl Pts',(84.3030309846297,199.996365052653,30.5424573512819));
#678=CARTESIAN_POINT('Ctrl Pts',(80.8575671962793,299.996672344062,27.3614476698335));
#679=CARTESIAN_POINT('Ctrl Pts',(78.3762333081004,366.665234827588,25.5838396240125));
#680=CARTESIAN_POINT('Ctrl Pts',(75.7867540780536,433.332055366598,23.9637979250886));
#681=CARTESIAN_POINT('Ctrl Pts',(73.0538916593956,499.997653326375,22.5358777504478));
#682=CARTESIAN_POINT('Ctrl Pts',(68.7117001418328,599.998392945771,20.7537335335275));
#683=CARTESIAN_POINT('Ctrl Pts',(64.3244443161033,699.999891899454,19.0919385341843));
#684=CARTESIAN_POINT('Ctrl Pts',(61.5008075706101,766.666949830402,17.9167356879116));
#685=CARTESIAN_POINT('Ctrl Pts',(58.789336873099,833.332836841265,16.6538789332348));
#686=CARTESIAN_POINT('Ctrl Pts',(56.1181697425545,899.998546281074,15.3367429517153));
#687=CARTESIAN_POINT('Ctrl Pts',(52.26006138632,999.99734496649,13.2465323008945));
#688=CARTESIAN_POINT('Ctrl Pts',(48.562003646317,1099.99745437263,11.1533464357743));
#689=CARTESIAN_POINT('Ctrl Pts',(46.2046641051938,1166.66545470551,9.84753391119032));
#690=CARTESIAN_POINT('Ctrl Pts',(43.9011729226985,1233.32889704761,8.62895275653071));
#691=CARTESIAN_POINT('Ctrl Pts',(41.6899930969597,1299.98936629271,7.507366647679));
#692=CARTESIAN_POINT('Ctrl Pts',(38.5576868670805,1399.98766578129,6.13289435462886));
#693=CARTESIAN_POINT('Ctrl Pts',(35.5206242365784,1499.99197048623,5.05120195714393));
#694=CARTESIAN_POINT('Ctrl Pts',(33.5013876417034,1566.66360596741,4.50285249091128));
#695=CARTESIAN_POINT('Ctrl Pts',(32.4788750340641,1600.,4.26519578382459));
#696=CARTESIAN_POINT('Ctrl Pts',(73.6533781370887,0.,36.7242385976498));
#697=CARTESIAN_POINT('Ctrl Pts',(72.8668608431437,33.3325582488152,35.3378779418043));
#698=CARTESIAN_POINT('Ctrl Pts',(71.2593410621193,99.9973304118087,32.7213495013698));
#699=CARTESIAN_POINT('Ctrl Pts',(68.6936079135271,199.996449669367,29.2897478343508));
#700=CARTESIAN_POINT('Ctrl Pts',(65.9252431222709,299.996761072086,26.3680037558599));
#701=CARTESIAN_POINT('Ctrl Pts',(63.9183448373583,366.665277936827,24.7536968168547));
#702=CARTESIAN_POINT('Ctrl Pts',(61.8230977945771,433.332012223544,23.2873025423575));
#703=CARTESIAN_POINT('Ctrl Pts',(59.614715172406,499.997553953179,21.9741552517286));
#704=CARTESIAN_POINT('Ctrl Pts',(56.1098553764369,599.998279013546,20.2959638245788));
#705=CARTESIAN_POINT('Ctrl Pts',(52.5711439262412,699.999810792337,18.716688720505));
#706=CARTESIAN_POINT('Ctrl Pts',(50.2943101179155,766.666916239559,17.6144749146839));
#707=CARTESIAN_POINT('Ctrl Pts',(48.1066394779248,833.332870551704,16.4513879987244));
#708=CARTESIAN_POINT('Ctrl Pts',(45.972019166002,899.998616811466,15.2353549352586));
#709=CARTESIAN_POINT('Ctrl Pts',(42.9262418639737,999.99739802059,13.2863156296582));
#710=CARTESIAN_POINT('Ctrl Pts',(40.0158630429278,1099.99746272902,11.3145953197695));
#711=CARTESIAN_POINT('Ctrl Pts',(38.1452199524563,1166.66545016157,10.0719273813027));
#712=CARTESIAN_POINT('Ctrl Pts',(36.2980960732114,1233.3289015097,8.90497605319204));
#713=CARTESIAN_POINT('Ctrl Pts',(34.4951880659551,1299.98934767775,7.8153864725417));
#714=CARTESIAN_POINT('Ctrl Pts',(31.8942181418207,1399.98759432068,6.45702585600658));
#715=CARTESIAN_POINT('Ctrl Pts',(29.3707760165869,1499.99188395479,5.3838827025905));
#716=CARTESIAN_POINT('Ctrl Pts',(27.7245507350679,1566.66356371196,4.85127202424287));
#717=CARTESIAN_POINT('Ctrl Pts',(26.9068373020713,1600.,4.62761694953002));
#718=CARTESIAN_POINT('Ctrl Pts',(65.0375046223936,0.,35.4182051145391));
#719=CARTESIAN_POINT('Ctrl Pts',(64.3599359544164,33.3325797575206,34.0852541545467));
#720=CARTESIAN_POINT('Ctrl Pts',(62.9564863065856,99.9974001394659,31.582122385588));
#721=CARTESIAN_POINT('Ctrl Pts',(60.6850137905995,199.996572094824,28.3275949034435));
#722=CARTESIAN_POINT('Ctrl Pts',(58.2287598408278,299.99688025152,25.5769201070992));
#723=CARTESIAN_POINT('Ctrl Pts',(56.4617245730348,366.665332539743,24.0637450714776));
#724=CARTESIAN_POINT('Ctrl Pts',(54.6322484688803,433.331957630482,22.6873372771727));
#725=CARTESIAN_POINT('Ctrl Pts',(52.7332926715539,499.997436602419,21.4476722093658));
#726=CARTESIAN_POINT('Ctrl Pts',(49.7604397983692,599.998163516273,19.8492900843408));
#727=CARTESIAN_POINT('Ctrl Pts',(46.7586193836438,699.999749458578,18.3381921064292));
#728=CARTESIAN_POINT('Ctrl Pts',(44.8009592486043,766.666898484137,17.2864032292978));
#729=CARTESIAN_POINT('Ctrl Pts',(42.892008349936,833.332888320113,16.1829112727953));
#730=CARTESIAN_POINT('Ctrl Pts',(41.0215989446681,899.998660017416,15.0287315636871));
#731=CARTESIAN_POINT('Ctrl Pts',(38.3397793079233,999.997449526606,13.1707003430254));
#732=CARTESIAN_POINT('Ctrl Pts',(35.7718900291844,1099.99749824085,11.2806822417006));
#733=CARTESIAN_POINT('Ctrl Pts',(34.1224165386952,1166.66546341726,10.0815333048636));
#734=CARTESIAN_POINT('Ctrl Pts',(32.4964267535621,1233.32888824943,8.95020542269123));
#735=CARTESIAN_POINT('Ctrl Pts',(30.9017138776472,1299.98933276521,7.88599410843225));
#736=CARTESIAN_POINT('Ctrl Pts',(28.5905995394285,1399.98761260902,6.54774771952422));
#737=CARTESIAN_POINT('Ctrl Pts',(26.350947696511,1499.99192791404,5.48901070228557));
#738=CARTESIAN_POINT('Ctrl Pts',(24.9008183134148,1566.66358943062,4.97015296618206));
#739=CARTESIAN_POINT('Ctrl Pts',(24.185624030104,1600.,4.75636634214128));
#740=CARTESIAN_POINT('Ctrl Pts',(56.2253387164844,0.,33.7967800917556));
#741=CARTESIAN_POINT('Ctrl Pts',(55.6549006405199,33.332610721753,32.5256045410582));
#742=CARTESIAN_POINT('Ctrl Pts',(54.447027534474,99.9974997805029,30.1546434669571));
#743=CARTESIAN_POINT('Ctrl Pts',(52.4538686201741,199.99674508288,27.1070336114787));
#744=CARTESIAN_POINT('Ctrl Pts',(50.3018745571801,299.997046727278,24.5546977964913));
#745=CARTESIAN_POINT('Ctrl Pts',(48.78230729769,366.665408047931,23.1565497059005));
#746=CARTESIAN_POINT('Ctrl Pts',(47.236267866371,433.331882139646,21.8808207395155));
#747=CARTESIAN_POINT('Ctrl Pts',(45.67218977637,499.997276279461,20.7272892514241));
#748=CARTESIAN_POINT('Ctrl Pts',(43.281035747773,599.998010485078,19.230032073748));
#749=CARTESIAN_POINT('Ctrl Pts',(40.8653201625432,699.999674352698,17.8075382817591));
#750=CARTESIAN_POINT('Ctrl Pts',(39.2513471970672,766.66687980259,16.8168406797591));
#751=CARTESIAN_POINT('Ctrl Pts',(37.6375640552158,833.332906992566,15.7806349648739));
#752=CARTESIAN_POINT('Ctrl Pts',(36.0353533429654,899.998708784685,14.6975967809358));
#753=CARTESIAN_POINT('Ctrl Pts',(33.7018790747923,999.997516976816,12.947343788809));
#754=CARTESIAN_POINT('Ctrl Pts',(31.4553352528688,1099.99755324648,11.1556714119768));
#755=CARTESIAN_POINT('Ctrl Pts',(30.0200601024614,1166.66548625068,10.0087967880988));
#756=CARTESIAN_POINT('Ctrl Pts',(28.6172186071521,1233.32886542787,8.91959624819867));
#757=CARTESIAN_POINT('Ctrl Pts',(27.2384813489013,1299.98931426795,7.88841211017832));
#758=CARTESIAN_POINT('Ctrl Pts',(25.2387562757166,1399.98766377948,6.58259316747063));
#759=CARTESIAN_POINT('Ctrl Pts',(23.3068038975117,1499.99202512617,5.54933516998602));
#760=CARTESIAN_POINT('Ctrl Pts',(22.0652682659307,1566.66364375662,5.04961542595808));
#761=CARTESIAN_POINT('Ctrl Pts',(21.4567180129861,1600.,4.84762725342924));
#762=CARTESIAN_POINT('Ctrl Pts',(45.9103698510443,0.,31.6023194171673));
#763=CARTESIAN_POINT('Ctrl Pts',(45.4697478057307,33.3326928817541,30.4342396438558));
#764=CARTESIAN_POINT('Ctrl Pts',(44.4890943712999,99.9980150722486,28.2944543558644));
#765=CARTESIAN_POINT('Ctrl Pts',(42.844595487353,199.997353993124,25.4766977325806));
#766=CARTESIAN_POINT('Ctrl Pts',(41.0623194254176,299.99753340761,23.1348324835283));
#767=CARTESIAN_POINT('Ctrl Pts',(39.8271807615652,366.665597632499,21.8804880750576));
#768=CARTESIAN_POINT('Ctrl Pts',(38.5963387457416,433.331692685238,20.7609167934289));
#769=CARTESIAN_POINT('Ctrl Pts',(37.4287005028608,499.996885297225,19.7276046424565));
#770=CARTESIAN_POINT('Ctrl Pts',(35.7592649281724,599.997654851642,18.3413890616173));
#771=CARTESIAN_POINT('Ctrl Pts',(34.0688233633529,699.999519846495,17.0156076158293));
#772=CARTESIAN_POINT('Ctrl Pts',(32.8582345320008,766.666854106329,16.114522062441));
#773=CARTESIAN_POINT('Ctrl Pts',(31.5692226775209,833.332932508068,15.1949776527579));
#774=CARTESIAN_POINT('Ctrl Pts',(30.2573898947612,899.998786220518,14.2118094897107));
#775=CARTESIAN_POINT('Ctrl Pts',(28.2999464878602,999.997665419805,12.5779676107985));
#776=CARTESIAN_POINT('Ctrl Pts',(26.4059879798789,1099.99770994617,10.8928064287791));
#777=CARTESIAN_POINT('Ctrl Pts',(25.2155780103658,1166.66555985713,9.82259387636364));
#778=CARTESIAN_POINT('Ctrl Pts',(24.0756068016625,1233.32879193682,8.82193261295747));
#779=CARTESIAN_POINT('Ctrl Pts',(22.9224200870345,1299.98925326671,7.85401979736292));
#780=CARTESIAN_POINT('Ctrl Pts',(21.2015034629336,1399.98782675065,6.59485903644326));
#781=CARTESIAN_POINT('Ctrl Pts',(19.5409952175493,1499.99230600566,5.59458192813703));
#782=CARTESIAN_POINT('Ctrl Pts',(18.5067371520528,1566.66384797732,5.10017809527569));
#783=CARTESIAN_POINT('Ctrl Pts',(18.0196940425467,1600.,4.92489265964375));
#784=CARTESIAN_POINT('Ctrl Pts',(28.3762481722504,0.,25.8076840670952));
#785=CARTESIAN_POINT('Ctrl Pts',(28.1501933326052,33.3329086809902,24.8685640829799));
#786=CARTESIAN_POINT('Ctrl Pts',(27.5430479034731,99.9995369698313,23.3038348254909));
#787=CARTESIAN_POINT('Ctrl Pts',(26.5368158139243,199.999052356959,21.0216728221066));
#788=CARTESIAN_POINT('Ctrl Pts',(25.4126116904487,299.998839567501,19.1651691371159));
#789=CARTESIAN_POINT('Ctrl Pts',(24.6404082182613,366.666087105468,18.2249752876947));
#790=CARTESIAN_POINT('Ctrl Pts',(23.8896051718735,433.331203586022,17.4348290889387));
#791=CARTESIAN_POINT('Ctrl Pts',(23.3714016003158,499.995885378859,16.6727308613525));
#792=CARTESIAN_POINT('Ctrl Pts',(22.9434409418794,599.996761322351,15.5667744107875));
#793=CARTESIAN_POINT('Ctrl Pts',(22.4984510059774,699.999150504068,14.4969812891548));
#794=CARTESIAN_POINT('Ctrl Pts',(21.944704378386,766.66680555322,13.8121394010588));
#795=CARTESIAN_POINT('Ctrl Pts',(21.1466765554443,833.332980499749,13.1530625074484));
#796=CARTESIAN_POINT('Ctrl Pts',(20.2792626222637,899.998949705114,12.4040718256938));
#797=CARTESIAN_POINT('Ctrl Pts',(18.9188698957083,999.998032689059,11.0651806614393));
#798=CARTESIAN_POINT('Ctrl Pts',(17.5975809268252,1099.99813049184,9.66269932601297));
#799=CARTESIAN_POINT('Ctrl Pts',(16.8073755983464,1166.66576353447,8.79088137352874));
#800=CARTESIAN_POINT('Ctrl Pts',(16.0954565781475,1233.32858860312,8.01228956555232));
#801=CARTESIAN_POINT('Ctrl Pts',(15.3173576511044,1299.98908548832,7.21585784644379));
#802=CARTESIAN_POINT('Ctrl Pts',(14.0714736494865,1399.9882823553,6.1110343172957));
#803=CARTESIAN_POINT('Ctrl Pts',(12.8688603060586,1499.99307295964,5.23430670290193));
#804=CARTESIAN_POINT('Ctrl Pts',(12.163718863746,1566.66443208287,4.74879375256961));
#805=CARTESIAN_POINT('Ctrl Pts',(11.8675077411705,1600.,4.64569935313902));
#806=CARTESIAN_POINT('Ctrl Pts',(14.8491693276974,0.,18.479621126846));
#807=CARTESIAN_POINT('Ctrl Pts',(14.7834935641626,33.3331163802418,17.7548801023733));
#808=CARTESIAN_POINT('Ctrl Pts',(14.4633796779567,100.001019186325,16.7841477979274));
#809=CARTESIAN_POINT('Ctrl Pts',(13.9915164390523,200.000694653916,15.1452470841356));
#810=CARTESIAN_POINT('Ctrl Pts',(13.4120391466781,300.000095868566,13.8814604549316));
#811=CARTESIAN_POINT('Ctrl Pts',(12.9966421437588,366.66655535087,13.2761870034017));
#812=CARTESIAN_POINT('Ctrl Pts',(12.592347690828,433.330735722702,12.78541348747));
#813=CARTESIAN_POINT('Ctrl Pts',(12.4522207223767,499.99493190427,12.3002877945753));
#814=CARTESIAN_POINT('Ctrl Pts',(12.6514825042293,599.995915633526,11.5390160056781));
#815=CARTESIAN_POINT('Ctrl Pts',(12.8371046580882,699.998808240489,10.792966078131));
#816=CARTESIAN_POINT('Ctrl Pts',(12.6676818542778,766.666765017922,10.336879581187));
#817=CARTESIAN_POINT('Ctrl Pts',(12.2255547003335,833.33302046914,9.9171576720941));
#818=CARTESIAN_POINT('Ctrl Pts',(11.7161235394674,899.999095517958,9.43092430456533));
#819=CARTESIAN_POINT('Ctrl Pts',(10.9018306986114,999.998380553753,8.50808107637169));
#820=CARTESIAN_POINT('Ctrl Pts',(10.1141013852159,1099.99853857275,7.51643150727507));
#821=CARTESIAN_POINT('Ctrl Pts',(9.66127727624045,1166.6659629014,6.88586352424385));
#822=CARTESIAN_POINT('Ctrl Pts',(9.27387691841387,1233.32838958644,6.32712173587398));
#823=CARTESIAN_POINT('Ctrl Pts',(8.81009568231418,1299.9889239066,5.72987752766729));
#824=CARTESIAN_POINT('Ctrl Pts',(8.01306647216481,1399.98873695605,4.868263612157));
#825=CARTESIAN_POINT('Ctrl Pts',(7.24387815766304,1499.99383369744,4.20844215201965));
#826=CARTESIAN_POINT('Ctrl Pts',(6.81067428584635,1566.6650097509,3.77003383870623));
#827=CARTESIAN_POINT('Ctrl Pts',(6.6558118322417,1600.,3.74396544828008));
#828=CARTESIAN_POINT('Ctrl Pts',(6.70338492652428,0.,11.9047908536907));
#829=CARTESIAN_POINT('Ctrl Pts',(6.73398174314889,33.3332696288971,11.3426801011704));
#830=CARTESIAN_POINT('Ctrl Pts',(6.58509440083276,100.002087263334,10.8344618401098));
#831=CARTESIAN_POINT('Ctrl Pts',(6.44711281754778,200.001888347631,9.74220758658161));
#832=CARTESIAN_POINT('Ctrl Pts',(6.20831667289228,300.001014236951,8.9848089589148));
#833=CARTESIAN_POINT('Ctrl Pts',(6.01246871038451,366.666899786798,8.6497127567524));
#834=CARTESIAN_POINT('Ctrl Pts',(5.81753040475143,433.330391539239,8.38066779936212));
#835=CARTESIAN_POINT('Ctrl Pts',(5.80732735904412,499.994231571395,8.11316805075636));
#836=CARTESIAN_POINT('Ctrl Pts',(6.09188975351462,599.995297826167,7.64517639530004));
#837=CARTESIAN_POINT('Ctrl Pts',(6.36629519331272,699.998561861831,7.17618061826875));
#838=CARTESIAN_POINT('Ctrl Pts',(6.3333888604064,766.666737524422,6.9007871191894));
#839=CARTESIAN_POINT('Ctrl Pts',(6.1101651433246,833.333047578624,6.65657020342657));
#840=CARTESIAN_POINT('Ctrl Pts',(5.84518302166787,899.999200006542,6.38745488923571));
#841=CARTESIAN_POINT('Ctrl Pts',(5.4415199993414,999.998636715383,5.8454930687297));
#842=CARTESIAN_POINT('Ctrl Pts',(5.05832753297139,1099.99884141954,5.23527053481623));
#843=CARTESIAN_POINT('Ctrl Pts',(4.84093446884711,1166.6661113138,4.81507607727018));
#844=CARTESIAN_POINT('Ctrl Pts',(4.65764627754476,1233.3282414079,4.42933223978339));
#845=CARTESIAN_POINT('Ctrl Pts',(4.41266744429602,1299.98880665736,4.00955686132738));
#846=CARTESIAN_POINT('Ctrl Pts',(3.96081413588726,1399.98908495274,3.40442178898831));
#847=CARTESIAN_POINT('Ctrl Pts',(3.5261244095927,1499.99441541677,2.98440519127725));
#848=CARTESIAN_POINT('Ctrl Pts',(3.28221382555802,1566.66544204776,2.6197047572116));
#849=CARTESIAN_POINT('Ctrl Pts',(3.21493146803911,1600.,2.65943645440734));
#850=CARTESIAN_POINT('Ctrl Pts',(2.33459065162736,0.,7.10315576980723));
#851=CARTESIAN_POINT('Ctrl Pts',(2.41613098044763,33.333370744093,6.65283207509553));
#852=CARTESIAN_POINT('Ctrl Pts',(2.35343893344074,100.002767940906,6.45736702295491));
#853=CARTESIAN_POINT('Ctrl Pts',(2.38909955895981,200.002659482975,5.7474084780906));
#854=CARTESIAN_POINT('Ctrl Pts',(2.32885470688993,300.001612836181,5.3435402489182));
#855=CARTESIAN_POINT('Ctrl Pts',(2.25052998236477,366.667126461133,5.19439731569145));
#856=CARTESIAN_POINT('Ctrl Pts',(2.16974972756668,433.330165032953,5.07459223323133));
#857=CARTESIAN_POINT('Ctrl Pts',(2.18915578775495,499.993771203134,4.95600074421527));
#858=CARTESIAN_POINT('Ctrl Pts',(2.39774319467101,599.994893689524,4.69333437340519));
#859=CARTESIAN_POINT('Ctrl Pts',(2.59935359262413,699.99840281485,4.41799810222052));
#860=CARTESIAN_POINT('Ctrl Pts',(2.6021867603371,766.666720604258,4.26540369750782));
#861=CARTESIAN_POINT('Ctrl Pts',(2.50176590136208,833.333064251529,4.13748627373778));
#862=CARTESIAN_POINT('Ctrl Pts',(2.38039062807612,899.999267807274,4.01657451904545));
#863=CARTESIAN_POINT('Ctrl Pts',(2.22733356535586,999.998805965668,3.74173272287116));
#864=CARTESIAN_POINT('Ctrl Pts',(2.0919643105503,1099.99904221052,3.40182800502841));
#865=CARTESIAN_POINT('Ctrl Pts',(2.01457580678065,1166.6662098734,3.13137594313038));
#866=CARTESIAN_POINT('Ctrl Pts',(1.9475731375647,1233.32814300304,2.86800166811665));
#867=CARTESIAN_POINT('Ctrl Pts',(1.84084525554216,1299.9887309991,2.58072770795688));
#868=CARTESIAN_POINT('Ctrl Pts',(1.62619192658552,1399.98932296423,2.17996558844544));
#869=CARTESIAN_POINT('Ctrl Pts',(1.42211621470817,1499.9948133022,1.95518370669793));
#870=CARTESIAN_POINT('Ctrl Pts',(1.29823160259835,1566.66573028439,1.66108930993041));
#871=CARTESIAN_POINT('Ctrl Pts',(1.28016159412048,1600.,1.75077104228489));
#872=CARTESIAN_POINT('Ctrl Pts',(-0.0190853325050886,0.,2.94333417397653));
#873=CARTESIAN_POINT('Ctrl Pts',(0.0868944230996863,33.3334506206175,2.58885539396126));
#874=CARTESIAN_POINT('Ctrl Pts',(0.0568015295854007,100.003266721955,2.64630091331962));
#875=CARTESIAN_POINT('Ctrl Pts',(0.164345389396057,200.00324239319,2.25344683448284));
#876=CARTESIAN_POINT('Ctrl Pts',(0.181252014236141,300.002074414485,2.14069556898301));
#877=CARTESIAN_POINT('Ctrl Pts',(0.160779079249408,366.667304885222,2.145093478772));
#878=CARTESIAN_POINT('Ctrl Pts',(0.142363616561887,433.3299867248,2.14930195198287));
#879=CARTESIAN_POINT('Ctrl Pts',(0.150802466136571,499.993409355787,2.14945667224555));
#880=CARTESIAN_POINT('Ctrl Pts',(0.238219917652269,599.994578620144,2.04353833405313));
#881=CARTESIAN_POINT('Ctrl Pts',(0.322591116351754,699.998281536811,1.91402669845752));
#882=CARTESIAN_POINT('Ctrl Pts',(0.322162173883052,766.666708631911,1.85643148224204));
#883=CARTESIAN_POINT('Ctrl Pts',(0.294703032812929,833.333076055477,1.82214478966988));
#884=CARTESIAN_POINT('Ctrl Pts',(0.259124391456549,899.999320567522,1.81715278127123));
#885=CARTESIAN_POINT('Ctrl Pts',(0.257107475905023,999.998940541973,1.74965618299554));
#886=CARTESIAN_POINT('Ctrl Pts',(0.27160057780892,1099.99920210569,1.6235105562942));
#887=CARTESIAN_POINT('Ctrl Pts',(0.278996462784993,1166.66628846601,1.47848304648501));
#888=CARTESIAN_POINT('Ctrl Pts',(0.282433808597262,1233.32806451749,1.32415973572148));
#889=CARTESIAN_POINT('Ctrl Pts',(0.27131452404122,1299.98867388809,1.15676450201921));
#890=CARTESIAN_POINT('Ctrl Pts',(0.235652734318624,1399.98952282514,0.946348049536009));
#891=CARTESIAN_POINT('Ctrl Pts',(0.205992951934417,1499.99514782676,0.907330976974136));
#892=CARTESIAN_POINT('Ctrl Pts',(0.165107687139971,1566.66596143136,0.694107909642931));
#893=CARTESIAN_POINT('Ctrl Pts',(0.176054376730019,1600.,0.832855487915455));
#894=CARTESIAN_POINT('Ctrl Pts',(-0.214239652216173,0.,0.859268312315966));
#895=CARTESIAN_POINT('Ctrl Pts',(-0.113133036290384,33.3334847941918,0.554224171923144));
#896=CARTESIAN_POINT('Ctrl Pts',(-0.16087841584601,100.003436959264,0.727452143281579));
#897=CARTESIAN_POINT('Ctrl Pts',(-0.0781386062143644,200.003462803855,0.490188344482417));
#898=CARTESIAN_POINT('Ctrl Pts',(-0.0819169278743448,300.002259558401,0.518448256499812));
#899=CARTESIAN_POINT('Ctrl Pts',(-0.108034237997305,366.66738061579,0.597326754387108));
#900=CARTESIAN_POINT('Ctrl Pts',(-0.125357881334986,433.329911034975,0.661945836495116));
#901=CARTESIAN_POINT('Ctrl Pts',(-0.133225580217252,499.993256240788,0.711788279012505));
#902=CARTESIAN_POINT('Ctrl Pts',(-0.0938947869590463,599.994447850259,0.658949059117329));
#903=CARTESIAN_POINT('Ctrl Pts',(-0.0543673581273168,699.998233879624,0.575889047279062));
#904=CARTESIAN_POINT('Ctrl Pts',(-0.0646571110231175,766.666704772811,0.554238597068358));
#905=CARTESIAN_POINT('Ctrl Pts',(-0.0823466830052633,833.333079863734,0.562366749868448));
#906=CARTESIAN_POINT('Ctrl Pts',(-0.107595395927968,899.999342725568,0.604288473104879));
#907=CARTESIAN_POINT('Ctrl Pts',(-0.0922507777027802,999.998999273364,0.616448928333999));
#908=CARTESIAN_POINT('Ctrl Pts',(-0.0602328844738752,1099.99927174614,0.576666403967195));
#909=CARTESIAN_POINT('Ctrl Pts',(-0.0418354666173254,1166.66632274251,0.491111251784843));
#910=CARTESIAN_POINT('Ctrl Pts',(-0.0280332172342658,1233.32803027802,0.396650675988516));
#911=CARTESIAN_POINT('Ctrl Pts',(-0.0192843640051381,1299.98865235903,0.293606983573811));
#912=CARTESIAN_POINT('Ctrl Pts',(-0.0115206102731707,1399.98962053303,0.185968504372735));
#913=CARTESIAN_POINT('Ctrl Pts',(0.000926890064181956,1499.99531195849,
0.250503375306011));
#914=CARTESIAN_POINT('Ctrl Pts',(-0.0236135157088343,1566.66606341956,0.0955325109655747));
#915=CARTESIAN_POINT('Ctrl Pts',(-0.00926828315097157,1600.,0.265408903808877));
#916=CARTESIAN_POINT('Ctrl Pts',(1.72342476259338E-15,0.,-6.91227917819304E-15));
#917=CARTESIAN_POINT('Ctrl Pts',(0.0925049423315894,33.3334958696045,-0.284902565756495));
#918=CARTESIAN_POINT('Ctrl Pts',(0.0267311975701508,100.003471256128,-0.068648780408361));
#919=CARTESIAN_POINT('Ctrl Pts',(0.0823417298231251,200.003520275378,-0.240447965344274));
#920=CARTESIAN_POINT('Ctrl Pts',(0.0537363493606804,300.002313678964,-0.15310089230167));
#921=CARTESIAN_POINT('Ctrl Pts',(0.0141946063108122,366.667404907205,-0.0439501789803241));
#922=CARTESIAN_POINT('Ctrl Pts',(-0.0141933970236683,433.329886745534,0.0439465366002456));
#923=CARTESIAN_POINT('Ctrl Pts',(-0.0314313434976651,499.993207316885,0.110598627112873));
#924=CARTESIAN_POINT('Ctrl Pts',(-0.00271163644165693,599.994407259317,
0.0717178775138526));
#925=CARTESIAN_POINT('Ctrl Pts',(0.028012127739488,699.998220356342,-0.000494034150216178));
#926=CARTESIAN_POINT('Ctrl Pts',(0.0119669302109609,766.666704083652,-0.0115553828178702));
#927=CARTESIAN_POINT('Ctrl Pts',(-0.0119668510303778,833.333080552888,0.0115555600588171));
#928=CARTESIAN_POINT('Ctrl Pts',(-0.043790026500115,899.999349806122,0.0688384847519248));
#929=CARTESIAN_POINT('Ctrl Pts',(-0.0386582016861495,999.999018925669,0.10662418575185));
#930=CARTESIAN_POINT('Ctrl Pts',(-0.0165645233947743,1099.99929490005,0.0964985924950528));
#931=CARTESIAN_POINT('Ctrl Pts',(-0.0041643543732974,1166.66633414726,0.0343679294541492));
#932=CARTESIAN_POINT('Ctrl Pts',(0.00416379003559053,1233.3280188752,-0.0343609204360275));
#933=CARTESIAN_POINT('Ctrl Pts',(0.00842145127363919,1299.98864677525,-0.109692575436441));
#934=CARTESIAN_POINT('Ctrl Pts',(0.0108579739221281,1399.98965797394,-0.172017550054855));
#935=CARTESIAN_POINT('Ctrl Pts',(0.0178501727692643,1499.99537514512,-0.0606259221976473));
#936=CARTESIAN_POINT('Ctrl Pts',(-0.0114375856260377,1566.66609786462,-0.184798624702111));
#937=CARTESIAN_POINT('Ctrl Pts',(0.,1600.,0.));
#938=CARTESIAN_POINT('Ctrl Pts',(194.059145255199,0.,48.3843791199335));
#939=CARTESIAN_POINT('Ctrl Pts',(192.820892390289,15.9973872355217,47.5358866147882));
#940=CARTESIAN_POINT('Ctrl Pts',(190.337527774272,47.992354999099,45.8619383017304));
#941=CARTESIAN_POINT('Ctrl Pts',(186.591904231883,95.9853865209294,43.42012578854));
#942=CARTESIAN_POINT('Ctrl Pts',(181.55641799773,159.977259712057,40.303160859134));
#943=CARTESIAN_POINT('Ctrl Pts',(175.192554829776,239.969055134831,36.6404709175557));
#944=CARTESIAN_POINT('Ctrl Pts',(168.75901043125,319.962794928234,33.2121016908557));
#945=CARTESIAN_POINT('Ctrl Pts',(162.256805826023,399.958421106759,30.0150541058736));
#946=CARTESIAN_POINT('Ctrl Pts',(155.688963688773,479.955799431966,27.0398985927355));
#947=CARTESIAN_POINT('Ctrl Pts',(149.061392467759,559.954689129931,24.2678841995538));
#948=CARTESIAN_POINT('Ctrl Pts',(142.381728996798,639.954791018603,21.6755359655744));
#949=CARTESIAN_POINT('Ctrl Pts',(135.658248173494,719.955793766897,19.2390381986574));
#950=CARTESIAN_POINT('Ctrl Pts',(128.898821157013,799.957419058397,16.9384731035776));
#951=CARTESIAN_POINT('Ctrl Pts',(122.10990323018,879.95946643413,14.7619831030354));
#952=CARTESIAN_POINT('Ctrl Pts',(115.295531687696,959.961858640016,12.7099292705395));
#953=CARTESIAN_POINT('Ctrl Pts',(108.457870971562,1039.96460839711,10.7912373182147));
#954=CARTESIAN_POINT('Ctrl Pts',(101.597755534203,1119.96778596648,9.01974755937829));
#955=CARTESIAN_POINT('Ctrl Pts',(94.715234711709,1199.97148713594,7.41052042174389));
#956=CARTESIAN_POINT('Ctrl Pts',(87.810125607137,1279.97580118493,5.97604235109471));
#957=CARTESIAN_POINT('Ctrl Pts',(80.8825810239717,1359.98077834109,4.72227076507162));
#958=CARTESIAN_POINT('Ctrl Pts',(73.9329342385244,1439.98644076151,3.65072412663575));
#959=CARTESIAN_POINT('Ctrl Pts',(68.3558375752517,1503.99152228197,2.93844703047084));
#960=CARTESIAN_POINT('Ctrl Pts',(64.1633766241828,1551.99564173129,2.48494905677825));
#961=CARTESIAN_POINT('Ctrl Pts',(61.36413634257,1583.99852449902,2.21834204680751));
#962=CARTESIAN_POINT('Ctrl Pts',(59.9634496211458,1600.,2.09396980215006));
#963=CARTESIAN_POINT('Ctrl Pts',(1.79166083698476E-14,1.11978802311548E-15,
0.));
#964=CARTESIAN_POINT('Ctrl Pts',(0.0925049423316056,33.3334958696045,-0.284902565756488));
#965=CARTESIAN_POINT('Ctrl Pts',(0.0267311933466575,100.003471256163,-0.0686487757948097));
#966=CARTESIAN_POINT('Ctrl Pts',(0.0823417239713302,200.003520275443,-0.240447962932588));
#967=CARTESIAN_POINT('Ctrl Pts',(0.0537363344954277,300.002313679086,-0.153100875481162));
#968=CARTESIAN_POINT('Ctrl Pts',(-0.00557547045482151,399.998592334842,
0.010622947002019));
#969=CARTESIAN_POINT('Ctrl Pts',(-0.031430975106236,499.996046995499,0.110598774507892));
#970=CARTESIAN_POINT('Ctrl Pts',(-0.00271115199764899,599.995496793998,
0.0717166299100459));
#971=CARTESIAN_POINT('Ctrl Pts',(0.0280118546658168,699.997559676654,-0.000493407021363591));
#972=CARTESIAN_POINT('Ctrl Pts',(0.00394509188451951,799.999184688109,-0.0170866679088851));
#973=CARTESIAN_POINT('Ctrl Pts',(-0.0437900404804613,899.999349806543,0.0688383038555541));
#974=CARTESIAN_POINT('Ctrl Pts',(-0.0386582292068004,999.999018926342,0.106623924746192));
#975=CARTESIAN_POINT('Ctrl Pts',(-0.0165645654360974,1099.99929490097,0.0964982188918259));
#976=CARTESIAN_POINT('Ctrl Pts',(0.00203507231167242,1199.99666511346,0.00330501141770316));
#977=CARTESIAN_POINT('Ctrl Pts',(0.00842157768884272,1299.9935809407,-0.109697396462645));
#978=CARTESIAN_POINT('Ctrl Pts',(0.0108577843666599,1399.99163167519,-0.172018821754602));
#979=CARTESIAN_POINT('Ctrl Pts',(0.0178503627435274,1499.99438832019,-0.0606244384140188));
#980=CARTESIAN_POINT('Ctrl Pts',(-0.0114379242485917,1566.66511097706,-0.184804095872715));
#981=CARTESIAN_POINT('Ctrl Pts',(0.,1600.,0.));
#982=CARTESIAN_POINT('Ctrl Pts',(0.,0.,0.));
#983=CARTESIAN_POINT('Ctrl Pts',(0.0925049423315877,33.3334958696045,-0.284902565756488));
#984=CARTESIAN_POINT('Ctrl Pts',(0.0267311975701493,100.003471256128,-0.0686487804083553));
#985=CARTESIAN_POINT('Ctrl Pts',(0.0823417298231245,200.003520275378,-0.240447965344272));
#986=CARTESIAN_POINT('Ctrl Pts',(0.0537363493606806,300.002313678964,-0.153100892301671));
#987=CARTESIAN_POINT('Ctrl Pts',(0.0141946063108126,366.667404907205,-0.0439501789803266));
#988=CARTESIAN_POINT('Ctrl Pts',(-0.0141933970236679,433.329886745533,0.043946536600243));
#989=CARTESIAN_POINT('Ctrl Pts',(-0.0314313434976647,499.993207316884,0.110598627112871));
#990=CARTESIAN_POINT('Ctrl Pts',(-0.00271163644165656,599.994407259317,
0.0717178775138502));
#991=CARTESIAN_POINT('Ctrl Pts',(0.0280121277394883,699.998220356341,-0.000494034150218472));
#992=CARTESIAN_POINT('Ctrl Pts',(0.0119669302109611,766.666704083651,-0.0115553828178725));
#993=CARTESIAN_POINT('Ctrl Pts',(-0.0119668510303776,833.333080552886,0.0115555600588149));
#994=CARTESIAN_POINT('Ctrl Pts',(-0.0437900265001148,899.999349806121,0.0688384847519226));
#995=CARTESIAN_POINT('Ctrl Pts',(-0.0386582016861493,999.999018925668,0.106624185751848));
#996=CARTESIAN_POINT('Ctrl Pts',(-0.0165645233947741,1099.99929490005,0.0964985924950509));
#997=CARTESIAN_POINT('Ctrl Pts',(-0.00416435437329725,1166.66633414725,
0.0343679294541475));
#998=CARTESIAN_POINT('Ctrl Pts',(0.00416379003559068,1233.3280188752,-0.0343609204360293));
#999=CARTESIAN_POINT('Ctrl Pts',(0.00842145127363932,1299.98864677525,-0.109692575436443));
#1000=CARTESIAN_POINT('Ctrl Pts',(0.0108579739221282,1399.98965797394,-0.172017550054856));
#1001=CARTESIAN_POINT('Ctrl Pts',(0.0178501727692644,1499.99537514512,-0.0606259221976475));
#1002=CARTESIAN_POINT('Ctrl Pts',(-0.0114375856260377,1566.66609786462,
-0.184798624702111));
#1003=CARTESIAN_POINT('Ctrl Pts',(0.,1600.,0.));
#1004=CARTESIAN_POINT('Ctrl Pts',(0.223693365833206,0.,-0.897185086642285));
#1005=CARTESIAN_POINT('Ctrl Pts',(0.307217070106472,33.3335074337398,-1.16105729421356));
#1006=CARTESIAN_POINT('Ctrl Pts',(0.222619425793101,100.003507066404,-0.899879102717872));
#1007=CARTESIAN_POINT('Ctrl Pts',(0.249903552048489,200.003580282936,-1.00332492884949));
#1008=CARTESIAN_POINT('Ctrl Pts',(0.195375573739134,300.002370187695,-0.854283366525688));
#1009=CARTESIAN_POINT('Ctrl Pts',(0.141817020286718,366.667430270523,-0.713524621303519));
#1010=CARTESIAN_POINT('Ctrl Pts',(0.10187642198267,433.329861384276,-0.601323104411682));
#1011=CARTESIAN_POINT('Ctrl Pts',(0.0748547487297959,499.993156234125,-0.517119609667254));
#1012=CARTESIAN_POINT('Ctrl Pts',(0.0924951361399673,599.994364877226,-0.541425946125988));
#1013=CARTESIAN_POINT('Ctrl Pts',(0.114026757984319,699.998206236319,-0.602311065500393));
#1014=CARTESIAN_POINT('Ctrl Pts',(0.0919721463793435,766.666703364082,-0.602316049294357));
#1015=CARTESIAN_POINT('Ctrl Pts',(0.0615186188085702,833.333081272451,-0.563561173526925));
#1016=CARTESIAN_POINT('Ctrl Pts',(0.02283087069564,899.999357199118,-0.49023920647382));
#1017=CARTESIAN_POINT('Ctrl Pts',(0.0172992440472647,999.999039445167,-0.425697499209516));
#1018=CARTESIAN_POINT('Ctrl Pts',(0.0290307833990717,1099.99931907568,-0.404857495427409));
#1019=CARTESIAN_POINT('Ctrl Pts',(0.0351690640923167,1166.66634605526,-0.442530021215145));
#1020=CARTESIAN_POINT('Ctrl Pts',(0.0377815487065314,1233.32800696921,-0.484391686076304));
#1021=CARTESIAN_POINT('Ctrl Pts',(0.0373498359529067,1299.98864094509,-0.530788459698906));
#1022=CARTESIAN_POINT('Ctrl Pts',(0.0342240537744988,1399.989697067,-0.545800389075972));
#1023=CARTESIAN_POINT('Ctrl Pts',(0.0355202260487844,1499.99544111999,-0.385484364824735));
#1024=CARTESIAN_POINT('Ctrl Pts',(0.00127562947767765,1566.66613382964,
-0.477499880686581));
#1025=CARTESIAN_POINT('Ctrl Pts',(0.00967726297204255,1600.,-0.277120553552821));
#1026=CARTESIAN_POINT('Ctrl Pts',(1.18000864770036,0.,-2.37275878071162));
#1027=CARTESIAN_POINT('Ctrl Pts',(1.24270442190411,33.3335277268312,-2.59978451684664));
#1028=CARTESIAN_POINT('Ctrl Pts',(1.10177203334835,100.003561683167,-2.27163711382078));
#1029=CARTESIAN_POINT('Ctrl Pts',(1.02327569179996,200.00367996349,-2.28619960533797));
#1030=CARTESIAN_POINT('Ctrl Pts',(0.867363870895894,300.002466778123,-2.06044250132677));
#1031=CARTESIAN_POINT('Ctrl Pts',(0.76576823682883,366.667474499854,-1.87546758625115));
#1032=CARTESIAN_POINT('Ctrl Pts',(0.695873128779252,433.329817152404,-1.72197082815753));
#1033=CARTESIAN_POINT('Ctrl Pts',(0.65927711452502,499.993067342144,-1.60087836606402));
#1034=CARTESIAN_POINT('Ctrl Pts',(0.694721357355577,599.994291913032,-1.57899542653589));
#1035=CARTESIAN_POINT('Ctrl Pts',(0.737446851534844,699.998182951371,-1.59925063428389));
#1036=CARTESIAN_POINT('Ctrl Pts',(0.712604875605752,766.666702739969,-1.57344948310052));
#1037=CARTESIAN_POINT('Ctrl Pts',(0.661240394316552,833.33308190126,-1.50826544347223));
#1038=CARTESIAN_POINT('Ctrl Pts',(0.589757251076276,899.999369277396,-1.41352486253904));
#1039=CARTESIAN_POINT('Ctrl Pts',(0.517265769657551,999.999075254045,-1.32008386304646));
#1040=CARTESIAN_POINT('Ctrl Pts',(0.462433499786813,1099.99936197077,-1.2621070777932));
#1041=CARTESIAN_POINT('Ctrl Pts',(0.436538343560561,1166.66636730128,-1.26181268119238));
#1042=CARTESIAN_POINT('Ctrl Pts',(0.419318883470831,1233.32798572421,-1.25533566108026));
#1043=CARTESIAN_POINT('Ctrl Pts',(0.394560797194159,1299.98863149075,-1.25044920765639));
#1044=CARTESIAN_POINT('Ctrl Pts',(0.347985581786609,1399.98976954377,-1.18243906850389));
#1045=CARTESIAN_POINT('Ctrl Pts',(0.305400741457723,1499.99556294799,-0.935909073522953));
#1046=CARTESIAN_POINT('Ctrl Pts',(0.246076165450229,1566.6661985549,-0.969256970299608));
#1047=CARTESIAN_POINT('Ctrl Pts',(0.243984633741804,1600.,-0.740434108018395));
#1048=CARTESIAN_POINT('Ctrl Pts',(5.14977701373085,0.,-4.00219593846255));
#1049=CARTESIAN_POINT('Ctrl Pts',(5.15988289055924,33.3335576181361,-4.17533114495026));
#1050=CARTESIAN_POINT('Ctrl Pts',(4.84044599374213,100.003607112812,-3.7999996466242));
#1051=CARTESIAN_POINT('Ctrl Pts',(4.37948622211383,200.003802732698,-3.81836655401231));
#1052=CARTESIAN_POINT('Ctrl Pts',(3.84835503395969,300.00259791766,-3.61640433542118));
#1053=CARTESIAN_POINT('Ctrl Pts',(3.57991074075098,366.667538376526,-3.41517655340291));
#1054=CARTESIAN_POINT('Ctrl Pts',(3.42402432669227,433.329753267796,-3.20692640714482));
#1055=CARTESIAN_POINT('Ctrl Pts',(3.3841758850067,499.992939826332,-3.01736298608338));
#1056=CARTESIAN_POINT('Ctrl Pts',(3.54094403157862,599.994190661991,-2.87459473554391));
#1057=CARTESIAN_POINT('Ctrl Pts',(3.71031443451844,699.998155128852,-2.78153386798585));
#1058=CARTESIAN_POINT('Ctrl Pts',(3.69290284443346,766.666704571636,-2.70219739019131));
#1059=CARTESIAN_POINT('Ctrl Pts',(3.56975541938675,833.333080083391,-2.60267485901189));
#1060=CARTESIAN_POINT('Ctrl Pts',(3.36336891708382,899.999383165477,-2.50474619934323));
#1061=CARTESIAN_POINT('Ctrl Pts',(2.99306602474842,999.999127051132,-2.44438953837092));
#1062=CARTESIAN_POINT('Ctrl Pts',(2.64044811006273,1099.99942710532,-2.40370216209495));
#1063=CARTESIAN_POINT('Ctrl Pts',(2.47952897103558,1166.6664000663,-2.36821191677262));
#1064=CARTESIAN_POINT('Ctrl Pts',(2.39072182900866,1233.32795295956,-2.28558644813129));
#1065=CARTESIAN_POINT('Ctrl Pts',(2.2564633241259,1299.98862088557,-2.20626315624794));
#1066=CARTESIAN_POINT('Ctrl Pts',(1.9880297856481,1399.98989275995,-2.02556990006498));
#1067=CARTESIAN_POINT('Ctrl Pts',(1.72212711338808,1499.99576806804,-1.66009680284409));
#1068=CARTESIAN_POINT('Ctrl Pts',(1.55100830878799,1566.66630074165,-1.60075171038789));
#1069=CARTESIAN_POINT('Ctrl Pts',(1.51116586633479,1600.,-1.325391000965));
#1070=CARTESIAN_POINT('Ctrl Pts',(12.5657985324484,0.,-3.67791607540142));
#1071=CARTESIAN_POINT('Ctrl Pts',(12.5020254577306,33.3335735631559,-3.82314721881735));
#1072=CARTESIAN_POINT('Ctrl Pts',(11.9112786523167,100.003559521415,-3.52038359517032));
#1073=CARTESIAN_POINT('Ctrl Pts',(10.8436004739108,200.003818931005,-3.79353238990292));
#1074=CARTESIAN_POINT('Ctrl Pts',(9.71122909253845,300.002645121071,-3.86134828688685));
#1075=CARTESIAN_POINT('Ctrl Pts',(9.17661007555455,366.667569875516,-3.74406731497667));
#1076=CARTESIAN_POINT('Ctrl Pts',(8.88731905371373,433.32972173189,-3.51942605294653));
#1077=CARTESIAN_POINT('Ctrl Pts',(8.81112402053347,499.992878749786,-3.2895553814054));
#1078=CARTESIAN_POINT('Ctrl Pts',(9.05955402886205,599.99414947255,-3.04897514570919));
#1079=CARTESIAN_POINT('Ctrl Pts',(9.32410651135352,699.998153723673,-2.86085097312532));
#1080=CARTESIAN_POINT('Ctrl Pts',(9.27747540575217,766.666711283292,-2.74628603537713));
#1081=CARTESIAN_POINT('Ctrl Pts',(9.0303540305552,833.333073407577,-2.63817112112351));
#1082=CARTESIAN_POINT('Ctrl Pts',(8.58965986438081,899.999382448087,-2.59080630261305));
#1083=CARTESIAN_POINT('Ctrl Pts',(7.7002119562124,999.99915274883,-2.68500928767182));
#1084=CARTESIAN_POINT('Ctrl Pts',(6.82733010828085,1099.99946598451,-2.78280096508041));
#1085=CARTESIAN_POINT('Ctrl Pts',(6.42950983091633,1166.66642064769,-2.76485210527053));
#1086=CARTESIAN_POINT('Ctrl Pts',(6.21400144784305,1233.32793236554,-2.63138148670506));
#1087=CARTESIAN_POINT('Ctrl Pts',(5.86890175268104,1299.9886220438,-2.51902288197455));
#1088=CARTESIAN_POINT('Ctrl Pts',(5.15675546045903,1399.98999268962,-2.31125581419466));
#1089=CARTESIAN_POINT('Ctrl Pts',(4.44468706423529,1499.99593084155,-1.91211631715958));
#1090=CARTESIAN_POINT('Ctrl Pts',(4.05910903314488,1566.66636963559,-1.79475043019086));
#1091=CARTESIAN_POINT('Ctrl Pts',(3.95262228294041,1600.,-1.48493141644221));
#1092=CARTESIAN_POINT('Ctrl Pts',(22.3813125421417,0.,-1.73460574809996));
#1093=CARTESIAN_POINT('Ctrl Pts',(22.2198032335847,33.333573478965,-1.88216500519314));
#1094=CARTESIAN_POINT('Ctrl Pts',(21.3334883753403,100.003408837692,-1.73465736069474));
#1095=CARTESIAN_POINT('Ctrl Pts',(19.6474156950877,200.003715022271,-2.38727637843368));
#1096=CARTESIAN_POINT('Ctrl Pts',(17.9000715199963,300.002596697002,-2.84372699794682));
#1097=CARTESIAN_POINT('Ctrl Pts',(17.0677189480358,366.667564119683,-2.87117050167211));
#1098=CARTESIAN_POINT('Ctrl Pts',(16.5917155860383,433.329727449306,-2.67471501441767));
#1099=CARTESIAN_POINT('Ctrl Pts',(16.3524303014995,499.992894174617,-2.47217628387165));
#1100=CARTESIAN_POINT('Ctrl Pts',(16.3905561150792,599.994177267325,-2.26549926870758));
#1101=CARTESIAN_POINT('Ctrl Pts',(16.446214966845,699.998182436233,-2.10847047839077));
#1102=CARTESIAN_POINT('Ctrl Pts',(16.2394537574716,766.666723481208,-2.01497312467433));
#1103=CARTESIAN_POINT('Ctrl Pts',(15.8094586442419,833.333061251369,-1.92827779262902));
#1104=CARTESIAN_POINT('Ctrl Pts',(15.0870929450023,899.999365009922,-1.9642526713027));
#1105=CARTESIAN_POINT('Ctrl Pts',(13.6232558136009,999.999148310465,-2.26514581329233));
#1106=CARTESIAN_POINT('Ctrl Pts',(12.1736429701854,1099.99947447289,-2.5533622081995));
#1107=CARTESIAN_POINT('Ctrl Pts',(11.4889142080582,1166.66642711106,-2.58489074159778));
#1108=CARTESIAN_POINT('Ctrl Pts',(11.0846774834126,1233.32792588843,-2.43043802750641));
#1109=CARTESIAN_POINT('Ctrl Pts',(10.4689914688579,1299.98863640018,-2.3287795052584));
#1110=CARTESIAN_POINT('Ctrl Pts',(9.22643034505882,1399.99006441602,-2.17968694158851));
#1111=CARTESIAN_POINT('Ctrl Pts',(7.98049999774695,1499.9960426083,-1.83233767150268));
#1112=CARTESIAN_POINT('Ctrl Pts',(7.31943146003682,1566.66639982096,-1.69360453879552));
#1113=CARTESIAN_POINT('Ctrl Pts',(7.11394380362313,1600.,-1.36373003881609));
#1114=CARTESIAN_POINT('Ctrl Pts',(30.9732020150495,0.,0.457105548386656));
#1115=CARTESIAN_POINT('Ctrl Pts',(30.7163977048236,33.333562632792,0.287212970237319));
#1116=CARTESIAN_POINT('Ctrl Pts',(29.6027230485808,100.00321901132,0.280385255405073));
#1117=CARTESIAN_POINT('Ctrl Pts',(27.4935196366965,200.003551138175,-0.682887655932783));
#1118=CARTESIAN_POINT('Ctrl Pts',(25.3244418483174,300.002493641583,-1.45350135176859));
#1119=CARTESIAN_POINT('Ctrl Pts',(24.2581801466586,366.667534445395,-1.61232546914624));
#1120=CARTESIAN_POINT('Ctrl Pts',(23.5949578308929,433.329757081909,-1.46893395083656));
#1121=CARTESIAN_POINT('Ctrl Pts',(23.1432397533835,499.992958028338,-1.33184386242475));
#1122=CARTESIAN_POINT('Ctrl Pts',(22.8228770473773,599.994246080989,-1.23433107078271));
#1123=CARTESIAN_POINT('Ctrl Pts',(22.5197651868387,699.998225878247,-1.1804495921245));
#1124=CARTESIAN_POINT('Ctrl Pts',(22.1001530141249,766.666737036987,-1.13969296735288));
#1125=CARTESIAN_POINT('Ctrl Pts',(21.4822704253932,833.333047738824,-1.09076330600323));
#1126=CARTESIAN_POINT('Ctrl Pts',(20.5220550675607,899.999339642877,-1.20460081756842));
#1127=CARTESIAN_POINT('Ctrl Pts',(18.6225500117843,999.999124445811,-1.67259770237514));
#1128=CARTESIAN_POINT('Ctrl Pts',(16.7345899676736,1099.99946092213,-2.11461549604299));
#1129=CARTESIAN_POINT('Ctrl Pts',(15.806076208333,1166.66642286244,-2.19602044622112));
#1130=CARTESIAN_POINT('Ctrl Pts',(15.2072072632649,1233.32793012099,-2.0448707228753));
#1131=CARTESIAN_POINT('Ctrl Pts',(14.3696401106911,1299.98865676924,-1.97378564812298));
#1132=CARTESIAN_POINT('Ctrl Pts',(12.7516566187849,1399.99010322528,-1.90706802659861));
#1133=CARTESIAN_POINT('Ctrl Pts',(11.1269057581772,1499.99609832376,-1.63632990949183));
#1134=CARTESIAN_POINT('Ctrl Pts',(10.2392216167637,1566.66639825536,-1.49764264616337));
#1135=CARTESIAN_POINT('Ctrl Pts',(9.93183967740375,1600.,-1.16133379884823));
#1136=CARTESIAN_POINT('Ctrl Pts',(39.0888922281814,0.,2.77170125826926));
#1137=CARTESIAN_POINT('Ctrl Pts',(38.7262126375231,33.3335420851971,2.56100385073743));
#1138=CARTESIAN_POINT('Ctrl Pts',(37.4126556840491,100.002976024644,2.39506211535787));
#1139=CARTESIAN_POINT('Ctrl Pts',(34.9897275153373,200.003320835569,1.17701778325753));
#1140=CARTESIAN_POINT('Ctrl Pts',(32.5069537794722,300.002335551763,0.152025901419664));
#1141=CARTESIAN_POINT('Ctrl Pts',(31.2301533600278,366.667482502789,-0.13072232248606));
#1142=CARTESIAN_POINT('Ctrl Pts',(30.3548696938468,433.329808972563,-0.0667729248263186));
#1143=CARTESIAN_POINT('Ctrl Pts',(29.660479025484,499.993067470883,-0.0214668834812021));
#1144=CARTESIAN_POINT('Ctrl Pts',(28.9272202284174,599.994355398001,-0.0702492754396083));
#1145=CARTESIAN_POINT('Ctrl Pts',(28.2095808399775,699.998286254503,-0.153380405297627));
#1146=CARTESIAN_POINT('Ctrl Pts',(27.5442010597481,766.666753383617,-0.185068941878973));
#1147=CARTESIAN_POINT('Ctrl Pts',(26.7100030510676,833.333031443401,-0.191684184367644));
#1148=CARTESIAN_POINT('Ctrl Pts',(25.5211926139708,899.999304862324,-0.383765307380162));
#1149=CARTESIAN_POINT('Ctrl Pts',(23.255757292488,999.999082479961,-0.993148374780022));
#1150=CARTESIAN_POINT('Ctrl Pts',(20.9986224294285,1099.99942861081,-1.56380752104314));
#1151=CARTESIAN_POINT('Ctrl Pts',(19.8343606243776,1166.66640980383,-1.69638159363642));
#1152=CARTESIAN_POINT('Ctrl Pts',(19.0109789994417,1233.32794315861,-1.56795042734484));
#1153=CARTESIAN_POINT('Ctrl Pts',(17.979615280416,1299.98868427641,-1.54073829058928));
#1154=CARTESIAN_POINT('Ctrl Pts',(16.1151088655054,1399.99012130638,-1.56701604371703));
#1155=CARTESIAN_POINT('Ctrl Pts',(14.2401010018821,1499.99611743051,-1.38363768768668));
#1156=CARTESIAN_POINT('Ctrl Pts',(13.1535137549695,1566.6663719934,-1.25574923943044));
#1157=CARTESIAN_POINT('Ctrl Pts',(12.7288369881119,1600.,-0.922825841519113));
#1158=CARTESIAN_POINT('Ctrl Pts',(49.1061880139915,0.,5.78481821138076));
#1159=CARTESIAN_POINT('Ctrl Pts',(48.5894883169659,33.3335031963586,5.49757553861482));
#1160=CARTESIAN_POINT('Ctrl Pts',(47.0314731441998,100.002591169675,5.11869605334082));
#1161=CARTESIAN_POINT('Ctrl Pts',(44.2897042182583,200.002936415084,3.64134738805679));
#1162=CARTESIAN_POINT('Ctrl Pts',(41.4865297187789,300.00206007308,2.36218755346269));
#1163=CARTESIAN_POINT('Ctrl Pts',(39.9463690189126,366.667386856501,1.92748240561459));
#1164=CARTESIAN_POINT('Ctrl Pts',(38.75833029616,433.32990454146,1.85370662090155));
#1165=CARTESIAN_POINT('Ctrl Pts',(37.740521195196,499.993267457951,1.75706817257881));
#1166=CARTESIAN_POINT('Ctrl Pts',(36.5010727064089,599.994549177129,1.50491548475146));
#1167=CARTESIAN_POINT('Ctrl Pts',(35.2734582022788,699.998386804004,1.23468564028826));
#1168=CARTESIAN_POINT('Ctrl Pts',(34.2773352098843,766.666778485626,1.09473549574603));
#1169=CARTESIAN_POINT('Ctrl Pts',(33.120426892793,833.333006416433,0.992523767101742));
#1170=CARTESIAN_POINT('Ctrl Pts',(31.6348704121244,899.999247277796,0.69728658391743));
#1171=CARTESIAN_POINT('Ctrl Pts',(28.9563786607243,999.999005002077,-0.0646042367572339));
#1172=CARTESIAN_POINT('Ctrl Pts',(26.2812494710541,1099.99936327168,-0.771412147373623));
#1173=CARTESIAN_POINT('Ctrl Pts',(24.8093857465553,1166.66638195135,-0.972089811410019));
#1174=CARTESIAN_POINT('Ctrl Pts',(23.6507927088719,1233.32797097902,-0.897341134319994));
#1175=CARTESIAN_POINT('Ctrl Pts',(22.3935162246161,1299.98872923621,-0.940160566028554));
#1176=CARTESIAN_POINT('Ctrl Pts',(20.3513906982256,1399.99012036908,-1.08978958259542));
#1177=CARTESIAN_POINT('Ctrl Pts',(18.2934786247128,1499.99609872776,-1.02240934340185));
#1178=CARTESIAN_POINT('Ctrl Pts',(16.9738837400861,1566.6663077095,-0.917716046850849));
#1179=CARTESIAN_POINT('Ctrl Pts',(16.3744609991496,1600.,-0.601152632027939));
#1180=CARTESIAN_POINT('Ctrl Pts',(59.6047759603814,0.,9.00648638345978));
#1181=CARTESIAN_POINT('Ctrl Pts',(58.8952305213324,33.3334424786042,8.59997147835128));
#1182=CARTESIAN_POINT('Ctrl Pts',(57.0543583344341,100.002072376039,7.97063809583993));
#1183=CARTESIAN_POINT('Ctrl Pts',(53.9820855568905,200.002392321213,6.29015586038813));
#1184=CARTESIAN_POINT('Ctrl Pts',(50.8443385406524,300.00165565003,4.82043007972091));
#1185=CARTESIAN_POINT('Ctrl Pts',(48.9934591914232,366.667240289616,4.22380125733286));
#1186=CARTESIAN_POINT('Ctrl Pts',(47.4081941345763,433.330051010955,3.94710274350172));
#1187=CARTESIAN_POINT('Ctrl Pts',(46.0785018112525,499.993572330759,3.67710908086383));
#1188=CARTESIAN_POINT('Ctrl Pts',(44.4919489222926,599.994838123894,3.23099956193246));
#1189=CARTESIAN_POINT('Ctrl Pts',(42.9105723533312,699.998529483003,2.79091534010495));
#1190=CARTESIAN_POINT('Ctrl Pts',(41.5895546818041,766.666811606902,2.52723820251073));
#1191=CARTESIAN_POINT('Ctrl Pts',(40.0178322201357,833.332973388051,2.28479765263046));
#1192=CARTESIAN_POINT('Ctrl Pts',(38.1879898586145,899.999165841224,1.8702987221606));
#1193=CARTESIAN_POINT('Ctrl Pts',(35.0901689697944,999.998885926157,0.97645752624709));
#1194=CARTESIAN_POINT('Ctrl Pts',(31.9893619263788,1099.99925685615,0.155216923941576));
#1195=CARTESIAN_POINT('Ctrl Pts',(30.1592883381856,1166.66633520084,-0.126770262435568));
#1196=CARTESIAN_POINT('Ctrl Pts',(28.5697820693808,1233.32801768811,-0.147674444695867));
#1197=CARTESIAN_POINT('Ctrl Pts',(27.0665155536878,1299.98879171224,-0.283540068463792));
#1198=CARTESIAN_POINT('Ctrl Pts',(24.9296035062067,1399.99008142278,-0.561644610152577));
#1199=CARTESIAN_POINT('Ctrl Pts',(22.7706785227422,1499.9960109557,-0.614721692486094));
#1200=CARTESIAN_POINT('Ctrl Pts',(21.196981289389,1566.6661921744,-0.546875962564948));
#1201=CARTESIAN_POINT('Ctrl Pts',(20.3736795372396,1600.,-0.266602335126002));
#1202=CARTESIAN_POINT('Ctrl Pts',(71.3207992572901,0.,12.5337555892775));
#1203=CARTESIAN_POINT('Ctrl Pts',(70.4122192931592,33.3333717740237,11.9873142576161));
#1204=CARTESIAN_POINT('Ctrl Pts',(68.2452238216325,100.001525055314,11.0751198105624));
#1205=CARTESIAN_POINT('Ctrl Pts',(64.7309622408105,200.001797128586,9.15700352751146));
#1206=CARTESIAN_POINT('Ctrl Pts',(61.1456731827921,300.001201862314,7.46680689087395));
#1207=CARTESIAN_POINT('Ctrl Pts',(58.9379996003929,366.667071197756,6.68450890492459));
#1208=CARTESIAN_POINT('Ctrl Pts',(56.9391674565253,433.330220002258,6.1758194821677));
#1209=CARTESIAN_POINT('Ctrl Pts',(55.2897589766996,499.993923286906,5.71218203147266));
#1210=CARTESIAN_POINT('Ctrl Pts',(53.3563567911455,599.9951669454,5.05643902132879));
#1211=CARTESIAN_POINT('Ctrl Pts',(51.4198944760318,699.99868739856,4.43416103175046));
#1212=CARTESIAN_POINT('Ctrl Pts',(49.7629887827156,766.666846729313,4.03313084482021));
#1213=CARTESIAN_POINT('Ctrl Pts',(47.7559001514722,833.332938358994,3.63030654137164));
#1214=CARTESIAN_POINT('Ctrl Pts',(45.550908500195,899.999075567854,3.08485714790127));
#1215=CARTESIAN_POINT('Ctrl Pts',(41.9720447880369,999.998748014999,2.05340352147093));
#1216=CARTESIAN_POINT('Ctrl Pts',(38.3838514538941,1099.99913033828,1.1105235399581));
#1217=CARTESIAN_POINT('Ctrl Pts',(36.1647258158346,1166.66627891452,0.732424482348869));
#1218=CARTESIAN_POINT('Ctrl Pts',(34.1237645183989,1233.32807393075,0.591612836028085));
#1219=CARTESIAN_POINT('Ctrl Pts',(32.2769369313581,1299.98885923658,0.351813519191484));
#1220=CARTESIAN_POINT('Ctrl Pts',(29.7836168674217,1399.99001252293,-0.0514215711816668));
#1221=CARTESIAN_POINT('Ctrl Pts',(27.2626135752685,1499.99587176451,-0.222297423350805));
#1222=CARTESIAN_POINT('Ctrl Pts',(25.3383252576519,1566.66604904384,-0.203896510529668));
#1223=CARTESIAN_POINT('Ctrl Pts',(24.2816239774407,1600.,0.0270375393955803));
#1224=CARTESIAN_POINT('Ctrl Pts',(80.7955626044513,0.,15.3615969848971));
#1225=CARTESIAN_POINT('Ctrl Pts',(79.7404046433464,33.3333176314174,14.7071562050756));
#1226=CARTESIAN_POINT('Ctrl Pts',(77.3239033059182,100.001125352606,13.5739636594295));
#1227=CARTESIAN_POINT('Ctrl Pts',(73.4577460333049,200.001354274233,11.4526305625066));
#1228=CARTESIAN_POINT('Ctrl Pts',(69.5161477879808,300.000859939812,9.57298698116483));
#1229=CARTESIAN_POINT('Ctrl Pts',(67.0363285545427,366.66694210199,8.64160960556798));
#1230=CARTESIAN_POINT('Ctrl Pts',(64.7320819279088,433.330349031653,7.9551188177985));
#1231=CARTESIAN_POINT('Ctrl Pts',(62.8063543165579,499.994191112144,7.33385213158716));
#1232=CARTESIAN_POINT('Ctrl Pts',(60.4961073534163,599.995416863394,6.48914677756684));
#1233=CARTESIAN_POINT('Ctrl Pts',(58.176338118995,699.998806175525,5.69881540965848));
#1234=CARTESIAN_POINT('Ctrl Pts',(56.2304029507297,766.666872739545,5.18297011857628));
#1235=CARTESIAN_POINT('Ctrl Pts',(53.900787593441,833.332912411447,4.65699781012091));
#1236=CARTESIAN_POINT('Ctrl Pts',(51.4089243483429,899.999007479315,4.01007508602741));
#1237=CARTESIAN_POINT('Ctrl Pts',(47.4471452985598,999.998642422015,2.86921324824376));
#1238=CARTESIAN_POINT('Ctrl Pts',(43.4715809800789,1099.99903271613,1.82807903429732));
#1239=CARTESIAN_POINT('Ctrl Pts',(40.95581474356,1166.66623532987,1.37285595814161));
#1240=CARTESIAN_POINT('Ctrl Pts',(38.5810309318474,1233.32811748629,1.13714551978695));
#1241=CARTESIAN_POINT('Ctrl Pts',(36.4328067843365,1299.988909205,0.817279542809982));
#1242=CARTESIAN_POINT('Ctrl Pts',(33.5341154873781,1399.9899525946,0.320951020571307));
#1243=CARTESIAN_POINT('Ctrl Pts',(30.6040128641133,1499.99575382979,0.0620594973996755));
#1244=CARTESIAN_POINT('Ctrl Pts',(28.3739177988922,1566.66593720912,0.0386648732056742));
#1245=CARTESIAN_POINT('Ctrl Pts',(27.1452602529716,1600.,0.229512352912363));
#1246=CARTESIAN_POINT('Ctrl Pts',(91.0206409449817,0.,18.3953116664162));
#1247=CARTESIAN_POINT('Ctrl Pts',(89.8153790254779,33.3332612640702,17.6277686767991));
#1248=CARTESIAN_POINT('Ctrl Pts',(87.137828776853,100.000720969367,16.2612133872401));
#1249=CARTESIAN_POINT('Ctrl Pts',(82.8960250194522,200.000900997018,13.9139880950437));
#1250=CARTESIAN_POINT('Ctrl Pts',(78.5741316643878,300.000507280327,11.8230774843967));
#1251=CARTESIAN_POINT('Ctrl Pts',(75.8102938569947,366.666807903514,10.7315122337616));
#1252=CARTESIAN_POINT('Ctrl Pts',(73.1929576632176,433.330483162652,9.85927934725426));
#1253=CARTESIAN_POINT('Ctrl Pts',(70.9588309713266,499.994469493182,9.06797126168708));
#1254=CARTESIAN_POINT('Ctrl Pts',(68.1868625903028,599.995676130229,8.00932480537406));
#1255=CARTESIAN_POINT('Ctrl Pts',(65.3985568514983,699.998928757668,7.02679370761121));
#1256=CARTESIAN_POINT('Ctrl Pts',(63.1308051208671,766.666899388425,6.38537604926227));
#1257=CARTESIAN_POINT('Ctrl Pts',(60.4700481253585,833.332885825371,5.73054685957044));
#1258=CARTESIAN_POINT('Ctrl Pts',(57.6778534496744,899.998937046689,4.97658587652919));
#1259=CARTESIAN_POINT('Ctrl Pts',(53.3057786498467,999.998532435392,3.71811890027202));
#1260=CARTESIAN_POINT('Ctrl Pts',(48.9155376784225,1099.99893071153,2.57049868784455));
#1261=CARTESIAN_POINT('Ctrl Pts',(46.0898294763628,1166.66618972664,2.03249628877841));
#1262=CARTESIAN_POINT('Ctrl Pts',(43.3728030948295,1233.32816305974,1.6961011779249));
#1263=CARTESIAN_POINT('Ctrl Pts',(40.8879094264123,1299.98896018895,1.29238303614715));
#1264=CARTESIAN_POINT('Ctrl Pts',(37.4907797899786,1399.98988622909,0.700229416030839));
#1265=CARTESIAN_POINT('Ctrl Pts',(34.0587537211966,1499.99562472941,0.350530896414462));
#1266=CARTESIAN_POINT('Ctrl Pts',(31.4880361291554,1566.66581971437,0.281148044216011));
#1267=CARTESIAN_POINT('Ctrl Pts',(30.0835399845359,1600.,0.42893044591893));
#1268=CARTESIAN_POINT('Ctrl Pts',(105.101637122269,0.,22.545663006952));
#1269=CARTESIAN_POINT('Ctrl Pts',(103.703126560151,33.3331877580521,21.6291421740081));
#1270=CARTESIAN_POINT('Ctrl Pts',(100.683305444687,100.000214635474,19.9519073554508));
#1271=CARTESIAN_POINT('Ctrl Pts',(95.9423571080077,200.000323714743,17.2838110275565));
#1272=CARTESIAN_POINT('Ctrl Pts',(91.1152433438078,300.000053194705,14.8914492148693));
#1273=CARTESIAN_POINT('Ctrl Pts',(87.9804221141748,366.66663319285,13.5812434440132));
#1274=CARTESIAN_POINT('Ctrl Pts',(84.9597983821498,433.330657781423,12.4646089463946));
#1275=CARTESIAN_POINT('Ctrl Pts',(82.2771730259237,499.994831940434,11.438576535224));
#1276=CARTESIAN_POINT('Ctrl Pts',(78.7567884294518,599.996013011145,10.0646612763459));
#1277=CARTESIAN_POINT('Ctrl Pts',(75.211034102026,699.999087120243,8.79523491792001));
#1278=CARTESIAN_POINT('Ctrl Pts',(72.4769785655327,766.666933571439,7.9770356477975));
#1279=CARTESIAN_POINT('Ctrl Pts',(69.3890003974092,833.332851723907,7.15214699057964));
#1280=CARTESIAN_POINT('Ctrl Pts',(66.2000937169296,899.998845672922,6.25516626314168));
#1281=CARTESIAN_POINT('Ctrl Pts',(61.2714711522412,999.998388780671,4.83534013234853));
#1282=CARTESIAN_POINT('Ctrl Pts',(56.3194589955865,1099.99879716654,3.54028051326201));
#1283=CARTESIAN_POINT('Ctrl Pts',(53.0855640658809,1166.66612996957,2.88954636810268));
#1284=CARTESIAN_POINT('Ctrl Pts',(49.9280947212735,1233.32822277596,2.41842122575429));
#1285=CARTESIAN_POINT('Ctrl Pts',(46.9658587079194,1299.98902484692,1.9039032545597));
#1286=CARTESIAN_POINT('Ctrl Pts',(42.7954095187773,1399.98979324985,1.18718424503454));
#1287=CARTESIAN_POINT('Ctrl Pts',(38.5862758459076,1499.995446085,0.719090748020883));
#1288=CARTESIAN_POINT('Ctrl Pts',(35.5342989258206,1566.66566512377,0.584951206983342));
#1289=CARTESIAN_POINT('Ctrl Pts',(33.9044503864709,1600.,0.674305726278418));
#1290=CARTESIAN_POINT('Ctrl Pts',(123.186924023547,0.,27.8418965638476));
#1291=CARTESIAN_POINT('Ctrl Pts',(121.550698387533,33.3330983560641,26.7407476748092));
#1292=CARTESIAN_POINT('Ctrl Pts',(118.106793597579,99.9996309911215,24.6792454877551));
#1293=CARTESIAN_POINT('Ctrl Pts',(112.749319170763,199.999642261492,21.5937061791002));
#1294=CARTESIAN_POINT('Ctrl Pts',(107.298530825422,299.999509064239,18.8075259609481));
#1295=CARTESIAN_POINT('Ctrl Pts',(103.707144258886,366.666420767663,17.2187146922163));
#1296=CARTESIAN_POINT('Ctrl Pts',(100.19138359129,433.330870114071,15.7977658897185));
#1297=CARTESIAN_POINT('Ctrl Pts',(96.9095983081572,499.99527302409,14.4700476686603));
#1298=CARTESIAN_POINT('Ctrl Pts',(92.3251811177451,599.996422604316,12.6738519102468));
#1299=CARTESIAN_POINT('Ctrl Pts',(87.7042096554248,699.999278960361,11.0169448920082));
#1300=CARTESIAN_POINT('Ctrl Pts',(84.3489123173463,766.666974932719,9.96797197049254));
#1301=CARTESIAN_POINT('Ctrl Pts',(80.7361465852906,833.332810446213,8.93012085896363));
#1302=CARTESIAN_POINT('Ctrl Pts',(77.0521191394,899.998734083334,7.85263286050368));
#1303=CARTESIAN_POINT('Ctrl Pts',(71.4174787642908,999.998213129683,6.22543917939336));
#1304=CARTESIAN_POINT('Ctrl Pts',(65.7539449389848,1099.99863423209,4.7400259887054));
#1305=CARTESIAN_POINT('Ctrl Pts',(62.01279382432,1166.66605716273,3.94549994696039));
#1306=CARTESIAN_POINT('Ctrl Pts',(58.3166421928119,1233.3282955411,3.30481942134263));
#1307=CARTESIAN_POINT('Ctrl Pts',(54.7409276064312,1299.98910079804,2.65246450074413));
#1308=CARTESIAN_POINT('Ctrl Pts',(49.5363539721738,1399.98967220505,1.78311306097608));
#1309=CARTESIAN_POINT('Ctrl Pts',(44.2898223545279,1499.99521580648,1.16964910361652));
#1310=CARTESIAN_POINT('Ctrl Pts',(40.6218398245652,1566.66547653339,0.94920424347385));
#1311=CARTESIAN_POINT('Ctrl Pts',(38.7182031122546,1600.,0.964244542053285));
#1312=CARTESIAN_POINT('Ctrl Pts',(141.561318077298,0.,33.1978636084437));
#1313=CARTESIAN_POINT('Ctrl Pts',(139.684736358137,33.3330113654058,31.912529175205));
#1314=CARTESIAN_POINT('Ctrl Pts',(135.80966738284,99.9990966486055,29.4731617083368));
#1315=CARTESIAN_POINT('Ctrl Pts',(129.830215832696,199.99900044015,25.9637876866471));
#1316=CARTESIAN_POINT('Ctrl Pts',(123.751008870452,299.99898769232,22.7762275391394));
#1317=CARTESIAN_POINT('Ctrl Pts',(119.699928525689,366.666213909043,20.9047171740153));
#1318=CARTESIAN_POINT('Ctrl Pts',(115.685727720757,433.331076884737,19.1769491863338));
#1319=CARTESIAN_POINT('Ctrl Pts',(111.795271475187,499.995703228904,17.5444969629713));
#1320=CARTESIAN_POINT('Ctrl Pts',(106.123815479707,599.996822392262,15.3191828724699));
#1321=CARTESIAN_POINT('Ctrl Pts',(100.40475132569,699.999466205061,13.2675448645791));
#1322=CARTESIAN_POINT('Ctrl Pts',(96.4189233216223,766.667015592833,11.983742424698));
#1323=CARTESIAN_POINT('Ctrl Pts',(92.2783961580118,833.332769861852,10.7295282339431));
#1324=CARTESIAN_POINT('Ctrl Pts',(88.0931266475688,899.998623950978,9.46818233123529));
#1325=CARTESIAN_POINT('Ctrl Pts',(81.7398368739922,999.998040826202,7.62809783706432));
#1326=CARTESIAN_POINT('Ctrl Pts',(75.3532742190816,1099.99847558754,5.94739393151524));
#1327=CARTESIAN_POINT('Ctrl Pts',(71.1011521287153,1166.66598655979,5.00652317075858));
#1328=CARTESIAN_POINT('Ctrl Pts',(66.866240585779,1233.32836610404,4.19472592553254));
#1329=CARTESIAN_POINT('Ctrl Pts',(62.6820478022291,1299.98917198725,3.40401345163186));
#1330=CARTESIAN_POINT('Ctrl Pts',(56.459285241257,1399.98954824354,2.38234074423238));
#1331=CARTESIAN_POINT('Ctrl Pts',(50.1929251353992,1499.9949813553,1.62370497199774));
#1332=CARTESIAN_POINT('Ctrl Pts',(45.9166460246466,1566.66529411289,1.31104073425111));
#1333=CARTESIAN_POINT('Ctrl Pts',(43.7413766254726,1600.,1.25072740733885));
#1334=CARTESIAN_POINT('Ctrl Pts',(165.739411126572,0.,40.2177771753051));
#1335=CARTESIAN_POINT('Ctrl Pts',(163.543065160799,33.3329034720836,38.6958562231488));
#1336=CARTESIAN_POINT('Ctrl Pts',(159.08662047161,99.9984837011658,35.7779474358085));
#1337=CARTESIAN_POINT('Ctrl Pts',(152.270462508342,199.998235350895,31.7084632428277));
#1338=CARTESIAN_POINT('Ctrl Pts',(145.347659267181,299.998352193379,27.9871769210683));
#1339=CARTESIAN_POINT('Ctrl Pts',(140.685068311115,366.665956665815,25.7424183776451));
#1340=CARTESIAN_POINT('Ctrl Pts',(136.012394972709,433.331334040442,23.6135868702059));
#1341=CARTESIAN_POINT('Ctrl Pts',(131.343349682778,499.996239647557,21.5866706859987));
#1342=CARTESIAN_POINT('Ctrl Pts',(124.313561280509,599.997322182331,18.8094348926124));
#1343=CARTESIAN_POINT('Ctrl Pts',(117.222234763832,699.999701193575,16.2496234143982));
#1344=CARTESIAN_POINT('Ctrl Pts',(112.430217561799,766.667067470859,14.6600337545263));
#1345=CARTESIAN_POINT('Ctrl Pts',(107.594241198889,833.332718058445,13.1201217473248));
#1346=CARTESIAN_POINT('Ctrl Pts',(102.742786888164,899.998483575559,11.6140073635131));
#1347=CARTESIAN_POINT('Ctrl Pts',(95.427613678345,999.997824364987,9.48605093783917));
#1348=CARTESIAN_POINT('Ctrl Pts',(88.0753072512077,1099.99827908662,7.54209215409944));
#1349=CARTESIAN_POINT('Ctrl Pts',(83.1482670280746,1166.66589976813,6.40810373455654));
#1350=CARTESIAN_POINT('Ctrl Pts',(78.2083360193427,1233.32845285507,5.37449438812523));
#1351=CARTESIAN_POINT('Ctrl Pts',(73.2549407011459,1299.98925639252,4.40308797864018));
#1352=CARTESIAN_POINT('Ctrl Pts',(65.7822391485168,1399.98938782239,3.17936977165281));
#1353=CARTESIAN_POINT('Ctrl Pts',(58.2664139777357,1499.99467882641,2.22810236593932));
#1354=CARTESIAN_POINT('Ctrl Pts',(53.2254973686088,1566.66507146875,1.78685083271609));
#1355=CARTESIAN_POINT('Ctrl Pts',(50.6982866088821,1600.,1.62888793086593));
#1356=CARTESIAN_POINT('Ctrl Pts',(183.038822913449,0.,45.2129899425212));
#1357=CARTESIAN_POINT('Ctrl Pts',(180.608218247662,33.3328370196187,43.5331879629963));
#1358=CARTESIAN_POINT('Ctrl Pts',(175.710193094106,99.9981739705533,40.2994427803463));
#1359=CARTESIAN_POINT('Ctrl Pts',(168.253343660115,199.997806036889,35.8180391397576));
#1360=CARTESIAN_POINT('Ctrl Pts',(160.687438599308,299.99797566755,31.6983933289345));
#1361=CARTESIAN_POINT('Ctrl Pts',(155.572529953533,366.665797112641,29.1839004625277));
#1362=CARTESIAN_POINT('Ctrl Pts',(150.424713628162,433.331493514111,26.7760958231941));
#1363=CARTESIAN_POINT('Ctrl Pts',(145.241588148381,499.996574574254,24.4795075687617));
#1364=CARTESIAN_POINT('Ctrl Pts',(137.37664906014,599.997636893839,21.3289604631281));
#1365=CARTESIAN_POINT('Ctrl Pts',(129.441347154894,699.999851335982,18.4245375473253));
#1366=CARTESIAN_POINT('Ctrl Pts',(124.117694701757,766.667102194549,16.6231052772385));
#1367=CARTESIAN_POINT('Ctrl Pts',(118.783115572395,833.332683387163,14.8802902987762));
#1368=CARTESIAN_POINT('Ctrl Pts',(113.442055181338,899.998390671865,13.194949490792));
#1369=CARTESIAN_POINT('Ctrl Pts',(105.404246479559,999.997686877141,10.8457746317679));
#1370=CARTESIAN_POINT('Ctrl Pts',(97.3291756519814,1099.99815906199,8.70076712914547));
#1371=CARTESIAN_POINT('Ctrl Pts',(91.9119054941761,1166.66584788878,7.42877048886523));
#1372=CARTESIAN_POINT('Ctrl Pts',(86.4733126663561,1233.32850469772,6.24541467744287));
#1373=CARTESIAN_POINT('Ctrl Pts',(81.0145081094632,1299.98930318327,5.14692465950256));
#1374=CARTESIAN_POINT('Ctrl Pts',(72.7754484802198,1399.98928279614,3.77098325714671));
#1375=CARTESIAN_POINT('Ctrl Pts',(64.4971523916984,1499.99448086511,2.67447012288273));
#1376=CARTESIAN_POINT('Ctrl Pts',(58.9599147266494,1566.66494150476,2.13210984380063));
#1377=CARTESIAN_POINT('Ctrl Pts',(56.1885437710063,1600.,1.90883138892456));
#1378=CARTESIAN_POINT('Ctrl Pts',(194.059145255199,0.,48.3843791199335));
#1379=CARTESIAN_POINT('Ctrl Pts',(191.479071425873,33.3328040771194,46.6164257648937));
#1380=CARTESIAN_POINT('Ctrl Pts',(186.283342672759,99.9980679002259,43.2004454635368));
#1381=CARTESIAN_POINT('Ctrl Pts',(178.381970031602,199.997621905552,38.4389214708237));
#1382=CARTESIAN_POINT('Ctrl Pts',(170.371918793234,299.997798460113,34.0434255752207));
#1383=CARTESIAN_POINT('Ctrl Pts',(164.960054220168,366.665716744673,31.3552333293803));
#1384=CARTESIAN_POINT('Ctrl Pts',(159.514310908312,433.331573875548,28.7825139499559));
#1385=CARTESIAN_POINT('Ctrl Pts',(154.034584131987,499.996745239156,26.3251808608653));
#1386=CARTESIAN_POINT('Ctrl Pts',(145.724450781412,599.997799790773,22.9476394171773));
#1387=CARTESIAN_POINT('Ctrl Pts',(137.339426054655,699.999931280517,19.8319768780265));
#1388=CARTESIAN_POINT('Ctrl Pts',(131.710115816871,766.667122076034,17.9013094091526));
#1389=CARTESIAN_POINT('Ctrl Pts',(126.065547983547,833.332663505807,16.0355996271765));
#1390=CARTESIAN_POINT('Ctrl Pts',(120.405576042307,899.998338757644,14.2347918996257));
#1391=CARTESIAN_POINT('Ctrl Pts',(111.876826792406,999.997615077434,11.7308455565038));
#1392=CARTESIAN_POINT('Ctrl Pts',(103.312438147038,1099.99810051502,9.44564109757877));
#1393=CARTESIAN_POINT('Ctrl Pts',(97.579504314079,1166.66582358557,8.08732720804849));
#1394=CARTESIAN_POINT('Ctrl Pts',(91.8352797093549,1233.32852899682,6.81995002140851));
#1395=CARTESIAN_POINT('Ctrl Pts',(86.0794966049202,1299.98932287354,5.64343777111864));
#1396=CARTESIAN_POINT('Ctrl Pts',(77.4102282823119,1399.98922833262,4.16177014702226));
#1397=CARTESIAN_POINT('Ctrl Pts',(68.7063647295434,1499.9943773823,2.96417067564627));
#1398=CARTESIAN_POINT('Ctrl Pts',(62.8814339516672,1566.66488368677,2.35306861097805));
#1399=CARTESIAN_POINT('Ctrl Pts',(59.9634496211458,1600.,2.09396980215006));
#1400=UNCERTAINTY_MEASURE_WITH_UNIT(LENGTH_MEASURE(0.01),#1404,
'DISTANCE_ACCURACY_VALUE',
'Maximum model space distance between geometric entities at asserted c
onnectivities');
#1401=UNCERTAINTY_MEASURE_WITH_UNIT(LENGTH_MEASURE(0.01),#1404,
'DISTANCE_ACCURACY_VALUE',
'Maximum model space distance between geometric entities at asserted c
onnectivities');
#1402=(
GEOMETRIC_REPRESENTATION_CONTEXT(3)
GLOBAL_UNCERTAINTY_ASSIGNED_CONTEXT((#1400))
GLOBAL_UNIT_ASSIGNED_CONTEXT((#1404,#1406,#1407))
REPRESENTATION_CONTEXT('','3D')
);
#1403=(
GEOMETRIC_REPRESENTATION_CONTEXT(3)
GLOBAL_UNCERTAINTY_ASSIGNED_CONTEXT((#1401))
GLOBAL_UNIT_ASSIGNED_CONTEXT((#1404,#1406,#1407))
REPRESENTATION_CONTEXT('','3D')
);
#1404=(
LENGTH_UNIT()
NAMED_UNIT(*)
SI_UNIT(.MILLI.,.METRE.)
);
#1405=(
LENGTH_UNIT()
NAMED_UNIT(*)
SI_UNIT($,.METRE.)
);
#1406=(
NAMED_UNIT(*)
PLANE_ANGLE_UNIT()
SI_UNIT($,.RADIAN.)
);
#1407=(
NAMED_UNIT(*)
SI_UNIT($,.STERADIAN.)
SOLID_ANGLE_UNIT()
);
#1408=SHAPE_DEFINITION_REPRESENTATION(#1409,#1410);
#1409=PRODUCT_DEFINITION_SHAPE('',$,#1412);
#1410=SHAPE_REPRESENTATION('',(#108),#1402);
#1411=PRODUCT_DEFINITION_CONTEXT('part definition',#1416,'design');
#1412=PRODUCT_DEFINITION('2026-05-26-22-15-00-733',
'Refined_blade_NACA4412_main_200mm',#1413,#1411);
#1413=PRODUCT_DEFINITION_FORMATION('',$,#1418);
#1414=PRODUCT_RELATED_PRODUCT_CATEGORY(
'Refined_blade_NACA4412_main_200mm','Refined_blade_NACA4412_main_200mm',
(#1418));
#1415=APPLICATION_PROTOCOL_DEFINITION('international standard',
'automotive_design',2009,#1416);
#1416=APPLICATION_CONTEXT(
'Core Data for Automotive Mechanical Design Process');
#1417=PRODUCT_CONTEXT('part definition',#1416,'mechanical');
#1418=PRODUCT('2026-05-26-22-15-00-733',
'Refined_blade_NACA4412_main_200mm',$,(#1417));
#1419=PRESENTATION_STYLE_ASSIGNMENT((#1420));
#1420=SURFACE_STYLE_USAGE(.BOTH.,#1421);
#1421=SURFACE_SIDE_STYLE('',(#1422));
#1422=SURFACE_STYLE_FILL_AREA(#1423);
#1423=FILL_AREA_STYLE('Steel - Satin',(#1424));
#1424=FILL_AREA_STYLE_COLOUR('Steel - Satin',#1425);
#1425=COLOUR_RGB('Steel - Satin',0.627450980392157,0.627450980392157,0.627450980392157);
ENDSEC;
END-ISO-10303-21;
