ISO-10303-21;
HEADER;
/* Generated by software containing ST-Developer
 * from STEP Tools, Inc. (www.steptools.com) 
 */

FILE_DESCRIPTION(
/* description */ (''),
/* implementation_level */ '2;1');

FILE_NAME(
/* name */ 'Refined_blade_NACA4412_main_200mm_1.2m.step',
/* time_stamp */ '2026-07-06T14:09:27+08:00',
/* author */ (''),
/* organization */ (''),
/* preprocessor_version */ 'ST-DEVELOPER v20.1',
/* originating_system */ 'Autodesk Translation Framework v15.8.0.0',
/* authorisation */ '');

FILE_SCHEMA (('AUTOMOTIVE_DESIGN { 1 0 10303 214 3 1 1 }'));
ENDSEC;

DATA;
#10=MECHANICAL_DESIGN_GEOMETRIC_PRESENTATION_REPRESENTATION('',(#13),#1359);
#11=SHAPE_REPRESENTATION_RELATIONSHIP('SRR','None',#1366,#12);
#12=ADVANCED_BREP_SHAPE_REPRESENTATION('',(#14),#1358);
#13=STYLED_ITEM('',(#1375),#14);
#14=MANIFOLD_SOLID_BREP('Body1',#95);
#15=(
BOUNDED_CURVE()
B_SPLINE_CURVE(5,(#297,#298,#299,#300,#301,#302,#303,#304,#305,#306,#307,
#308,#309,#310,#311,#312,#313,#314,#315,#316,#317,#318,#319,#320,#321),
 .UNSPECIFIED.,.F.,.F.)
B_SPLINE_CURVE_WITH_KNOTS((6,1,1,1,1,1,1,1,1,1,1,1,1,1,1,1,1,1,1,1,6),(0.,
0.05,0.1,0.15,0.2,0.25,0.3,0.35,0.4,0.45,0.5,0.55,0.6,0.65,0.7,0.75,0.8,
0.85,0.9,0.95,0.968002023996479),.UNSPECIFIED.)
CURVE()
GEOMETRIC_REPRESENTATION_ITEM()
RATIONAL_B_SPLINE_CURVE((1.,1.,1.,1.,1.,1.,1.,1.,1.,1.,1.,1.,1.,1.,1.,1.,
1.,1.,1.,1.,1.,1.,1.,1.,1.))
REPRESENTATION_ITEM('')
);
#16=(
BOUNDED_CURVE()
B_SPLINE_CURVE(5,(#323,#324,#325,#326,#327,#328),.UNSPECIFIED.,.F.,.F.)
B_SPLINE_CURVE_WITH_KNOTS((6,6),(0.968002023996479,1.),.UNSPECIFIED.)
CURVE()
GEOMETRIC_REPRESENTATION_ITEM()
RATIONAL_B_SPLINE_CURVE((1.,1.,1.,1.,1.,1.))
REPRESENTATION_ITEM('')
);
#17=(
BOUNDED_CURVE()
B_SPLINE_CURVE(5,(#329,#330,#331,#332,#333,#334,#335,#336,#337,#338,#339,
#340,#341,#342,#343),.UNSPECIFIED.,.F.,.F.)
B_SPLINE_CURVE_WITH_KNOTS((6,1,1,1,1,1,1,1,1,1,6),(0.,0.1,0.2,0.3,0.4,0.5,
0.6,0.7,0.8,0.9,1.),.UNSPECIFIED.)
CURVE()
GEOMETRIC_REPRESENTATION_ITEM()
RATIONAL_B_SPLINE_CURVE((1.,1.,1.,1.,1.,1.,1.,1.,1.,1.,1.,1.,1.,1.,1.))
REPRESENTATION_ITEM('')
);
#18=(
BOUNDED_CURVE()
B_SPLINE_CURVE(5,(#480,#481,#482,#483,#484,#485,#486,#487,#488,#489),
 .UNSPECIFIED.,.F.,.F.)
B_SPLINE_CURVE_WITH_KNOTS((6,1,1,1,1,6),(-1.,-0.95,-0.9,-0.85,-0.8,-0.752425692874248),
 .UNSPECIFIED.)
CURVE()
GEOMETRIC_REPRESENTATION_ITEM()
RATIONAL_B_SPLINE_CURVE((1.,1.,1.,1.,1.,1.,1.,1.,1.,1.))
REPRESENTATION_ITEM('')
);
#19=(
BOUNDED_CURVE()
B_SPLINE_CURVE(5,(#490,#491,#492,#493,#494,#495,#496,#497,#498,#499,#500,
#501,#502,#503,#504,#505,#506,#507,#508,#509,#510),.UNSPECIFIED.,.F.,.F.)
B_SPLINE_CURVE_WITH_KNOTS((6,1,1,1,1,1,1,1,1,1,1,1,1,1,1,1,6),(-0.752425692874248,
-0.75,-0.7,-0.65,-0.6,-0.55,-0.5,-0.45,-0.4,-0.35,-0.3,-0.25,-0.2,-0.15,
-0.1,-0.05,0.),.UNSPECIFIED.)
CURVE()
GEOMETRIC_REPRESENTATION_ITEM()
RATIONAL_B_SPLINE_CURVE((1.,1.,1.,1.,1.,1.,1.,1.,1.,1.,1.,1.,1.,1.,1.,1.,
1.,1.,1.,1.,1.))
REPRESENTATION_ITEM('')
);
#20=(
BOUNDED_CURVE()
B_SPLINE_CURVE(5,(#514,#515,#516,#517,#518,#519,#520,#521,#522,#523,#524,
#525,#526,#527,#528,#529,#530,#531,#532,#533,#534,#535,#536,#537,#538),
 .UNSPECIFIED.,.F.,.F.)
B_SPLINE_CURVE_WITH_KNOTS((6,1,1,1,1,1,1,1,1,1,1,1,1,1,1,1,1,1,1,1,6),(-1.,
-0.95,-0.9,-0.85,-0.8,-0.75,-0.7,-0.65,-0.6,-0.55,-0.5,-0.45,-0.4,-0.35,
-0.3,-0.25,-0.2,-0.15,-0.1,-0.05,0.),.UNSPECIFIED.)
CURVE()
GEOMETRIC_REPRESENTATION_ITEM()
RATIONAL_B_SPLINE_CURVE((1.,1.,1.,1.,1.,1.,1.,1.,1.,1.,1.,1.,1.,1.,1.,1.,
1.,1.,1.,1.,1.,1.,1.,1.,1.))
REPRESENTATION_ITEM('')
);
#21=(
BOUNDED_CURVE()
B_SPLINE_CURVE(5,(#539,#540,#541,#542,#543,#544,#545,#546,#547,#548,#549,
#550,#551,#552,#553,#554,#555,#556,#557,#558,#559,#560,#561,#562,#563),
 .UNSPECIFIED.,.F.,.F.)
B_SPLINE_CURVE_WITH_KNOTS((6,1,1,1,1,1,1,1,1,1,1,1,1,1,1,1,1,1,1,1,6),(0.,
0.05,0.1,0.15,0.2,0.25,0.3,0.35,0.4,0.45,0.5,0.55,0.6,0.65,0.7,0.75,0.8,
0.85,0.9,0.95,1.),.UNSPECIFIED.)
CURVE()
GEOMETRIC_REPRESENTATION_ITEM()
RATIONAL_B_SPLINE_CURVE((1.,1.,1.,1.,1.,1.,1.,1.,1.,1.,1.,1.,1.,1.,1.,1.,
1.,1.,1.,1.,1.,1.,1.,1.,1.))
REPRESENTATION_ITEM('')
);
#22=(
BOUNDED_CURVE()
B_SPLINE_CURVE(5,(#916,#917,#918,#919,#920,#921,#922,#923,#924,#925,#926,
#927,#928,#929,#930,#931,#932,#933,#934,#935,#936,#937,#938,#939,#940),
 .UNSPECIFIED.,.F.,.F.)
B_SPLINE_CURVE_WITH_KNOTS((6,1,1,1,1,1,1,1,1,1,1,1,1,1,1,1,1,1,1,1,6),(0.,
0.05,0.1,0.15,0.2,0.25,0.3,0.35,0.4,0.45,0.5,0.55,0.6,0.65,0.7,0.75,0.8,
0.85,0.9,0.95,1.),.UNSPECIFIED.)
CURVE()
GEOMETRIC_REPRESENTATION_ITEM()
RATIONAL_B_SPLINE_CURVE((1.,1.,1.,1.,1.,1.,1.,1.,1.,1.,1.,1.,1.,1.,1.,1.,
1.,1.,1.,1.,1.,1.,1.,1.,1.))
REPRESENTATION_ITEM('')
);
#23=B_SPLINE_CURVE_WITH_KNOTS('',3,(#292,#293,#294,#295),.UNSPECIFIED.,
 .F.,.F.,(4,4),(0.,1.),.UNSPECIFIED.);
#24=B_SPLINE_CURVE_WITH_KNOTS('',3,(#941,#942,#943,#944,#945,#946,#947,
#948,#949,#950,#951,#952,#953,#954,#955,#956,#957,#958,#959),
 .UNSPECIFIED.,.F.,.F.,(4,1,1,1,1,1,1,1,1,1,1,1,1,1,1,1,4),(0.,7.50060164357724,
15.0006061034584,22.5003146491873,30.0000356995475,37.4992091256294,44.9993034969381,
52.4998146898178,60.0000444585219,67.4999454422115,74.9998965345179,82.4999128648984,
90.0000538278147,97.4988604231229,104.998718635451,112.499245552933,120.000070737485),
 .UNSPECIFIED.);
#25=B_SPLINE_SURFACE_WITH_KNOTS('',3,3,((#129,#130,#131,#132,#133,#134,
#135,#136,#137),(#138,#139,#140,#141,#142,#143,#144,#145,#146),(#147,#148,
#149,#150,#151,#152,#153,#154,#155),(#156,#157,#158,#159,#160,#161,#162,
#163,#164),(#165,#166,#167,#168,#169,#170,#171,#172,#173),(#174,#175,#176,
#177,#178,#179,#180,#181,#182),(#183,#184,#185,#186,#187,#188,#189,#190,
#191),(#192,#193,#194,#195,#196,#197,#198,#199,#200),(#201,#202,#203,#204,
#205,#206,#207,#208,#209),(#210,#211,#212,#213,#214,#215,#216,#217,#218),
(#219,#220,#221,#222,#223,#224,#225,#226,#227),(#228,#229,#230,#231,#232,
#233,#234,#235,#236),(#237,#238,#239,#240,#241,#242,#243,#244,#245),(#246,
#247,#248,#249,#250,#251,#252,#253,#254),(#255,#256,#257,#258,#259,#260,
#261,#262,#263),(#264,#265,#266,#267,#268,#269,#270,#271,#272),(#273,#274,
#275,#276,#277,#278,#279,#280,#281),(#282,#283,#284,#285,#286,#287,#288,
#289,#290)),.UNSPECIFIED.,.F.,.F.,.F.,(4,1,1,1,1,2,1,1,1,1,1,1,1,1,4),(4,
1,1,1,1,1,4),(0.,0.111222889271476,0.222445778542951,0.333668667814427,
0.444891557085903,0.556114446357379,0.600503001721641,0.644891557085903,
0.733668667814427,0.778057223178689,0.822445778542951,0.866834333907214,
0.911222889271476,0.955611444635738,1.),(0.,0.142857142857143,0.285714285714286,
0.428571428571429,0.571428571428571,0.857142857142857,1.),.UNSPECIFIED.);
#26=B_SPLINE_SURFACE_WITH_KNOTS('',3,3,((#344,#345,#346,#347,#348,#349,
#350,#351,#352),(#353,#354,#355,#356,#357,#358,#359,#360,#361),(#362,#363,
#364,#365,#366,#367,#368,#369,#370),(#371,#372,#373,#374,#375,#376,#377,
#378,#379),(#380,#381,#382,#383,#384,#385,#386,#387,#388),(#389,#390,#391,
#392,#393,#394,#395,#396,#397),(#398,#399,#400,#401,#402,#403,#404,#405,
#406),(#407,#408,#409,#410,#411,#412,#413,#414,#415),(#416,#417,#418,#419,
#420,#421,#422,#423,#424),(#425,#426,#427,#428,#429,#430,#431,#432,#433),
(#434,#435,#436,#437,#438,#439,#440,#441,#442),(#443,#444,#445,#446,#447,
#448,#449,#450,#451),(#452,#453,#454,#455,#456,#457,#458,#459,#460),(#461,
#462,#463,#464,#465,#466,#467,#468,#469),(#470,#471,#472,#473,#474,#475,
#476,#477,#478)),.UNSPECIFIED.,.F.,.F.,.F.,(4,1,1,1,1,1,2,1,1,1,1,4),(4,
1,1,1,1,1,4),(0.,0.046845615477219,0.093691230954438,0.187382461908876,
0.281073692863314,0.374764923817752,0.46845615477219,0.574764923817752,
0.681073692863314,0.787382461908876,0.893691230954438,1.),(0.,0.142857142857143,
0.285714285714286,0.428571428571429,0.571428571428571,0.857142857142857,
1.),.UNSPECIFIED.);
#27=B_SPLINE_SURFACE_WITH_KNOTS('',3,3,((#564,#565,#566,#567,#568,#569,
#570,#571,#572,#573,#574,#575,#576,#577,#578,#579,#580,#581,#582,#583,#584,
#585),(#586,#587,#588,#589,#590,#591,#592,#593,#594,#595,#596,#597,#598,
#599,#600,#601,#602,#603,#604,#605,#606,#607),(#608,#609,#610,#611,#612,
#613,#614,#615,#616,#617,#618,#619,#620,#621,#622,#623,#624,#625,#626,#627,
#628,#629),(#630,#631,#632,#633,#634,#635,#636,#637,#638,#639,#640,#641,
#642,#643,#644,#645,#646,#647,#648,#649,#650,#651),(#652,#653,#654,#655,
#656,#657,#658,#659,#660,#661,#662,#663,#664,#665,#666,#667,#668,#669,#670,
#671,#672,#673),(#674,#675,#676,#677,#678,#679,#680,#681,#682,#683,#684,
#685,#686,#687,#688,#689,#690,#691,#692,#693,#694,#695),(#696,#697,#698,
#699,#700,#701,#702,#703,#704,#705,#706,#707,#708,#709,#710,#711,#712,#713,
#714,#715,#716,#717),(#718,#719,#720,#721,#722,#723,#724,#725,#726,#727,
#728,#729,#730,#731,#732,#733,#734,#735,#736,#737,#738,#739),(#740,#741,
#742,#743,#744,#745,#746,#747,#748,#749,#750,#751,#752,#753,#754,#755,#756,
#757,#758,#759,#760,#761),(#762,#763,#764,#765,#766,#767,#768,#769,#770,
#771,#772,#773,#774,#775,#776,#777,#778,#779,#780,#781,#782,#783),(#784,
#785,#786,#787,#788,#789,#790,#791,#792,#793,#794,#795,#796,#797,#798,#799,
#800,#801,#802,#803,#804,#805),(#806,#807,#808,#809,#810,#811,#812,#813,
#814,#815,#816,#817,#818,#819,#820,#821,#822,#823,#824,#825,#826,#827),
(#828,#829,#830,#831,#832,#833,#834,#835,#836,#837,#838,#839,#840,#841,
#842,#843,#844,#845,#846,#847,#848,#849),(#850,#851,#852,#853,#854,#855,
#856,#857,#858,#859,#860,#861,#862,#863,#864,#865,#866,#867,#868,#869,#870,
#871),(#872,#873,#874,#875,#876,#877,#878,#879,#880,#881,#882,#883,#884,
#885,#886,#887,#888,#889,#890,#891,#892,#893),(#894,#895,#896,#897,#898,
#899,#900,#901,#902,#903,#904,#905,#906,#907,#908,#909,#910,#911,#912,#913,
#914,#915)),.UNSPECIFIED.,.F.,.F.,.F.,(4,1,1,1,1,1,2,1,1,1,1,1,4),(4,1,
1,1,2,1,1,1,2,1,1,1,2,1,1,1,4),(0.,0.131590205354242,0.263180410708484,
0.394770616062725,0.526360821416967,0.592155924094088,0.657951026771209,
0.726360821416967,0.794770616062725,0.863180410708484,0.931590205354242,
0.965795102677121,1.),(0.,0.0625166843853214,0.125028391310644,0.187537631824265,
0.250046976562604,0.312547316988532,0.375049039209613,0.437551820366348,
0.500053720307292,0.562554905165022,0.625056507607987,0.687558653719055,
0.75006183846799,0.812546244780536,0.875028475103194,0.937511901558323,
1.),.UNSPECIFIED.);
#28=B_SPLINE_SURFACE_WITH_KNOTS('',3,3,((#960,#961,#962,#963,#964,#965,
#966,#967,#968,#969,#970,#971,#972,#973,#974,#975,#976,#977,#978,#979,#980,
#981),(#982,#983,#984,#985,#986,#987,#988,#989,#990,#991,#992,#993,#994,
#995,#996,#997,#998,#999,#1000,#1001,#1002,#1003),(#1004,#1005,#1006,#1007,
#1008,#1009,#1010,#1011,#1012,#1013,#1014,#1015,#1016,#1017,#1018,#1019,
#1020,#1021,#1022,#1023,#1024,#1025),(#1026,#1027,#1028,#1029,#1030,#1031,
#1032,#1033,#1034,#1035,#1036,#1037,#1038,#1039,#1040,#1041,#1042,#1043,
#1044,#1045,#1046,#1047),(#1048,#1049,#1050,#1051,#1052,#1053,#1054,#1055,
#1056,#1057,#1058,#1059,#1060,#1061,#1062,#1063,#1064,#1065,#1066,#1067,
#1068,#1069),(#1070,#1071,#1072,#1073,#1074,#1075,#1076,#1077,#1078,#1079,
#1080,#1081,#1082,#1083,#1084,#1085,#1086,#1087,#1088,#1089,#1090,#1091),
(#1092,#1093,#1094,#1095,#1096,#1097,#1098,#1099,#1100,#1101,#1102,#1103,
#1104,#1105,#1106,#1107,#1108,#1109,#1110,#1111,#1112,#1113),(#1114,#1115,
#1116,#1117,#1118,#1119,#1120,#1121,#1122,#1123,#1124,#1125,#1126,#1127,
#1128,#1129,#1130,#1131,#1132,#1133,#1134,#1135),(#1136,#1137,#1138,#1139,
#1140,#1141,#1142,#1143,#1144,#1145,#1146,#1147,#1148,#1149,#1150,#1151,
#1152,#1153,#1154,#1155,#1156,#1157),(#1158,#1159,#1160,#1161,#1162,#1163,
#1164,#1165,#1166,#1167,#1168,#1169,#1170,#1171,#1172,#1173,#1174,#1175,
#1176,#1177,#1178,#1179),(#1180,#1181,#1182,#1183,#1184,#1185,#1186,#1187,
#1188,#1189,#1190,#1191,#1192,#1193,#1194,#1195,#1196,#1197,#1198,#1199,
#1200,#1201),(#1202,#1203,#1204,#1205,#1206,#1207,#1208,#1209,#1210,#1211,
#1212,#1213,#1214,#1215,#1216,#1217,#1218,#1219,#1220,#1221,#1222,#1223),
(#1224,#1225,#1226,#1227,#1228,#1229,#1230,#1231,#1232,#1233,#1234,#1235,
#1236,#1237,#1238,#1239,#1240,#1241,#1242,#1243,#1244,#1245),(#1246,#1247,
#1248,#1249,#1250,#1251,#1252,#1253,#1254,#1255,#1256,#1257,#1258,#1259,
#1260,#1261,#1262,#1263,#1264,#1265,#1266,#1267),(#1268,#1269,#1270,#1271,
#1272,#1273,#1274,#1275,#1276,#1277,#1278,#1279,#1280,#1281,#1282,#1283,
#1284,#1285,#1286,#1287,#1288,#1289),(#1290,#1291,#1292,#1293,#1294,#1295,
#1296,#1297,#1298,#1299,#1300,#1301,#1302,#1303,#1304,#1305,#1306,#1307,
#1308,#1309,#1310,#1311),(#1312,#1313,#1314,#1315,#1316,#1317,#1318,#1319,
#1320,#1321,#1322,#1323,#1324,#1325,#1326,#1327,#1328,#1329,#1330,#1331,
#1332,#1333),(#1334,#1335,#1336,#1337,#1338,#1339,#1340,#1341,#1342,#1343,
#1344,#1345,#1346,#1347,#1348,#1349,#1350,#1351,#1352,#1353,#1354,#1355)),
 .UNSPECIFIED.,.F.,.F.,.F.,(4,1,1,1,1,1,1,1,1,1,1,1,1,1,1,4),(4,1,1,1,2,
1,1,1,2,1,1,1,2,1,1,1,4),(0.,0.0714285714285714,0.142857142857143,0.19047619047619,
0.238095238095238,0.285714285714286,0.333333333333333,0.428571428571429,
0.5,0.535714285714286,0.571428571428571,0.642857142857143,0.714285714285714,
0.785714285714286,0.857142857142857,1.),(0.,0.0625166843853214,0.125028391310644,
0.187537631824265,0.250046976562604,0.312547316988532,0.375049039209613,
0.437551820366348,0.500053720307292,0.562554905165022,0.625056507607987,
0.687558653719055,0.75006183846799,0.812546244780536,0.875028475103194,
0.937511901558323,1.),.UNSPECIFIED.);
#29=FACE_OUTER_BOUND('',#35,.T.);
#30=FACE_OUTER_BOUND('',#36,.T.);
#31=FACE_OUTER_BOUND('',#37,.T.);
#32=FACE_OUTER_BOUND('',#38,.T.);
#33=FACE_OUTER_BOUND('',#39,.T.);
#34=FACE_OUTER_BOUND('',#40,.T.);
#35=EDGE_LOOP('',(#63,#64));
#36=EDGE_LOOP('',(#65,#66,#67,#68,#69));
#37=EDGE_LOOP('',(#70,#71,#72,#73,#74));
#38=EDGE_LOOP('',(#75,#76));
#39=EDGE_LOOP('',(#77,#78,#79,#80,#81));
#40=EDGE_LOOP('',(#82,#83,#84,#85,#86));
#41=CIRCLE('',#110,50.);
#42=CIRCLE('',#111,50.);
#43=VERTEX_POINT('',#125);
#44=VERTEX_POINT('',#126);
#45=VERTEX_POINT('',#291);
#46=VERTEX_POINT('',#296);
#47=VERTEX_POINT('',#322);
#48=VERTEX_POINT('',#479);
#49=VERTEX_POINT('',#512);
#50=VERTEX_POINT('',#513);
#51=EDGE_CURVE('',#43,#44,#41,.T.);
#52=EDGE_CURVE('',#44,#43,#42,.T.);
#53=EDGE_CURVE('',#44,#45,#23,.T.);
#54=EDGE_CURVE('',#45,#46,#15,.T.);
#55=EDGE_CURVE('',#46,#47,#16,.T.);
#56=EDGE_CURVE('',#43,#47,#17,.T.);
#57=EDGE_CURVE('',#47,#48,#18,.T.);
#58=EDGE_CURVE('',#48,#45,#19,.T.);
#59=EDGE_CURVE('',#49,#50,#20,.T.);
#60=EDGE_CURVE('',#50,#49,#21,.T.);
#61=EDGE_CURVE('',#47,#49,#22,.T.);
#62=EDGE_CURVE('',#45,#50,#24,.T.);
#63=ORIENTED_EDGE('',*,*,#51,.F.);
#64=ORIENTED_EDGE('',*,*,#52,.F.);
#65=ORIENTED_EDGE('',*,*,#51,.T.);
#66=ORIENTED_EDGE('',*,*,#53,.T.);
#67=ORIENTED_EDGE('',*,*,#54,.T.);
#68=ORIENTED_EDGE('',*,*,#55,.T.);
#69=ORIENTED_EDGE('',*,*,#56,.F.);
#70=ORIENTED_EDGE('',*,*,#52,.T.);
#71=ORIENTED_EDGE('',*,*,#56,.T.);
#72=ORIENTED_EDGE('',*,*,#57,.T.);
#73=ORIENTED_EDGE('',*,*,#58,.T.);
#74=ORIENTED_EDGE('',*,*,#53,.F.);
#75=ORIENTED_EDGE('',*,*,#59,.F.);
#76=ORIENTED_EDGE('',*,*,#60,.F.);
#77=ORIENTED_EDGE('',*,*,#57,.F.);
#78=ORIENTED_EDGE('',*,*,#61,.T.);
#79=ORIENTED_EDGE('',*,*,#59,.T.);
#80=ORIENTED_EDGE('',*,*,#62,.F.);
#81=ORIENTED_EDGE('',*,*,#58,.F.);
#82=ORIENTED_EDGE('',*,*,#54,.F.);
#83=ORIENTED_EDGE('',*,*,#62,.T.);
#84=ORIENTED_EDGE('',*,*,#60,.T.);
#85=ORIENTED_EDGE('',*,*,#61,.F.);
#86=ORIENTED_EDGE('',*,*,#55,.F.);
#87=PLANE('',#109);
#88=PLANE('',#112);
#89=ADVANCED_FACE('',(#29),#87,.F.);
#90=ADVANCED_FACE('',(#30),#25,.T.);
#91=ADVANCED_FACE('',(#31),#26,.T.);
#92=ADVANCED_FACE('',(#32),#88,.T.);
#93=ADVANCED_FACE('',(#33),#27,.F.);
#94=ADVANCED_FACE('',(#34),#28,.F.);
#95=CLOSED_SHELL('',(#89,#90,#91,#92,#93,#94));
#96=DERIVED_UNIT_ELEMENT(#98,1.);
#97=DERIVED_UNIT_ELEMENT(#1361,-3.);
#98=(
MASS_UNIT()
NAMED_UNIT(*)
SI_UNIT(.KILO.,.GRAM.)
);
#99=DERIVED_UNIT((#96,#97));
#100=MEASURE_REPRESENTATION_ITEM('density measure',
POSITIVE_RATIO_MEASURE(7850.),#99);
#101=PROPERTY_DEFINITION_REPRESENTATION(#106,#103);
#102=PROPERTY_DEFINITION_REPRESENTATION(#107,#104);
#103=REPRESENTATION('material name',(#105),#1358);
#104=REPRESENTATION('density',(#100),#1358);
#105=DESCRIPTIVE_REPRESENTATION_ITEM('Steel','Steel');
#106=PROPERTY_DEFINITION('material property','material name',#1368);
#107=PROPERTY_DEFINITION('material property','density of part',#1368);
#108=AXIS2_PLACEMENT_3D('',#123,#113,#114);
#109=AXIS2_PLACEMENT_3D('',#124,#115,#116);
#110=AXIS2_PLACEMENT_3D('',#127,#117,#118);
#111=AXIS2_PLACEMENT_3D('',#128,#119,#120);
#112=AXIS2_PLACEMENT_3D('',#511,#121,#122);
#113=DIRECTION('axis',(0.,0.,1.));
#114=DIRECTION('refdir',(1.,0.,0.));
#115=DIRECTION('center_axis',(0.,1.,0.));
#116=DIRECTION('ref_axis',(0.,0.,1.));
#117=DIRECTION('center_axis',(6.80117035268829E-18,1.,-4.23667406192746E-30));
#118=DIRECTION('ref_axis',(1.,-6.80117035268829E-18,0.));
#119=DIRECTION('center_axis',(6.80117035268829E-18,1.,-4.23667406192746E-30));
#120=DIRECTION('ref_axis',(1.,-6.80117035268829E-18,0.));
#121=DIRECTION('center_axis',(1.55068264490927E-15,1.,-1.17720155011918E-15));
#122=DIRECTION('ref_axis',(0.,1.17720155011918E-15,1.));
#123=CARTESIAN_POINT('',(0.,0.,0.));
#124=CARTESIAN_POINT('Origin',(49.9999999999734,-200.,-5.28000433264175E-5));
#125=CARTESIAN_POINT('',(99.9999999999493,-200.,-0.000100715884600348));
#126=CARTESIAN_POINT('',(-2.53486120982416E-11,-200.,-5.0357942311425E-5));
#127=CARTESIAN_POINT('Origin',(49.9999999999746,-200.,-5.03579423175482E-5));
#128=CARTESIAN_POINT('Origin',(49.9999999999746,-200.,-5.03579423175482E-5));
#129=CARTESIAN_POINT('Ctrl Pts',(99.9999999999493,-200.,-0.000100715884650005));
#130=CARTESIAN_POINT('Ctrl Pts',(101.659071194666,-191.347872159558,3.28111499634097));
#131=CARTESIAN_POINT('Ctrl Pts',(105.701387359213,-173.819764207689,9.5925983446006));
#132=CARTESIAN_POINT('Ctrl Pts',(114.045233066442,-146.822707477537,18.2696058105503));
#133=CARTESIAN_POINT('Ctrl Pts',(124.915179988749,-119.044797431394,26.0712429413329));
#134=CARTESIAN_POINT('Ctrl Pts',(143.065763133639,-80.8770549481973,35.2060537845489));
#135=CARTESIAN_POINT('Ctrl Pts',(166.407324497911,-41.1047082903657,42.5420339565859));
#136=CARTESIAN_POINT('Ctrl Pts',(186.90508202953,-10.3507069483192,47.0073440428712));
#137=CARTESIAN_POINT('Ctrl Pts',(194.059145255199,0.,48.3843791199335));
#138=CARTESIAN_POINT('Ctrl Pts',(99.9999947264779,-200.,-5.23608847186313));
#139=CARTESIAN_POINT('Ctrl Pts',(101.660640121663,-191.33966390721,-1.70977597206993));
#140=CARTESIAN_POINT('Ctrl Pts',(105.54785712139,-173.781853988256,5.03393049662983));
#141=CARTESIAN_POINT('Ctrl Pts',(113.248039375938,-146.720484505471,14.2215674134651));
#142=CARTESIAN_POINT('Ctrl Pts',(123.128081474018,-118.878598489846,22.4323395000101));
#143=CARTESIAN_POINT('Ctrl Pts',(139.58310101433,-80.6527992050839,32.0256168442232));
#144=CARTESIAN_POINT('Ctrl Pts',(160.794936073882,-40.9034556526176,39.7619140625102));
#145=CARTESIAN_POINT('Ctrl Pts',(179.563246932662,-10.2877913252651,44.5924783060452));
#146=CARTESIAN_POINT('Ctrl Pts',(186.136830151333,0.,46.1045234495357));
#147=CARTESIAN_POINT('Ctrl Pts',(98.3426630914964,-200.,-15.707693370218));
#148=CARTESIAN_POINT('Ctrl Pts',(99.9783372071327,-191.263803515474,-11.776360545387));
#149=CARTESIAN_POINT('Ctrl Pts',(103.578276537568,-173.554606925201,-4.28375179399602));
#150=CARTESIAN_POINT('Ctrl Pts',(110.198402791374,-146.294533840461,5.87668735614967));
#151=CARTESIAN_POINT('Ctrl Pts',(118.398514732476,-118.313629957174,14.9424159375397));
#152=CARTESIAN_POINT('Ctrl Pts',(131.882342233906,-80.0230236323851,25.559316034863));
#153=CARTESIAN_POINT('Ctrl Pts',(149.192351087058,-40.4313981488618,34.2010209353112));
#154=CARTESIAN_POINT('Ctrl Pts',(164.63275421246,-10.1490564860263,39.7198212451031));
#155=CARTESIAN_POINT('Ctrl Pts',(170.065515562611,0.,41.4679918193688));
#156=CARTESIAN_POINT('Ctrl Pts',(91.1216135083775,-200.,-29.8771111265839));
#157=CARTESIAN_POINT('Ctrl Pts',(92.6810501304701,-191.037227835335,-25.5808081608967));
#158=CARTESIAN_POINT('Ctrl Pts',(95.940920087258,-172.929328504512,-17.354002127112));
#159=CARTESIAN_POINT('Ctrl Pts',(101.451120523092,-145.247564325983,-6.09211429394785));
#160=CARTESIAN_POINT('Ctrl Pts',(107.862287215486,-117.047335884087,4.05934055437149));
#161=CARTESIAN_POINT('Ctrl Pts',(117.95829476399,-78.7662273249002,16.0735549383374));
#162=CARTESIAN_POINT('Ctrl Pts',(130.441414282446,-39.6199706168934,25.9756112528864));
#163=CARTESIAN_POINT('Ctrl Pts',(141.43305879902,-9.9254699154119,32.2906436783114));
#164=CARTESIAN_POINT('Ctrl Pts',(145.293470357468,0.,34.2861073292967));
#165=CARTESIAN_POINT('Ctrl Pts',(79.877186520745,-200.,-41.1225510989174));
#166=CARTESIAN_POINT('Ctrl Pts',(81.3671835423033,-190.763413631244,-36.6908789354838));
#167=CARTESIAN_POINT('Ctrl Pts',(84.3931381729458,-172.189514304185,-28.150386971277));
#168=CARTESIAN_POINT('Ctrl Pts',(89.1733755827266,-144.049021940212,-16.3206467369182));
#169=CARTESIAN_POINT('Ctrl Pts',(94.3328712692021,-115.641071211574,-5.53756737515673));
#170=CARTESIAN_POINT('Ctrl Pts',(101.883685024065,-77.428957379958,7.34873266800552));
#171=CARTESIAN_POINT('Ctrl Pts',(110.485469792137,-38.8105172170343,18.0652124531055));
#172=CARTESIAN_POINT('Ctrl Pts',(117.712273617569,-9.70962550067562,24.8472400459734));
#173=CARTESIAN_POINT('Ctrl Pts',(120.217686970049,0.,26.9778907410351));
#174=CARTESIAN_POINT('Ctrl Pts',(65.7070360039858,-200.,-48.3427766320813));
#175=CARTESIAN_POINT('Ctrl Pts',(67.1799697852499,-190.507907471784,-43.99237681042));
#176=CARTESIAN_POINT('Ctrl Pts',(70.1075793269413,-171.505036370684,-35.5706971987329));
#177=CARTESIAN_POINT('Ctrl Pts',(74.4618006569942,-142.95537732882,-23.8079551505825));
#178=CARTESIAN_POINT('Ctrl Pts',(78.7865696337821,-114.373706614285,-13.0037702063233));
#179=CARTESIAN_POINT('Ctrl Pts',(84.5150926040663,-76.2428731085373,-0.0109151572013481));
#180=CARTESIAN_POINT('Ctrl Pts',(90.1937119752563,-38.1083533577285,10.8537569796134));
#181=CARTESIAN_POINT('Ctrl Pts',(94.5019499392207,-9.52474970945227,17.7100282247797));
#182=CARTESIAN_POINT('Ctrl Pts',(95.9481852461235,0.,19.8585489680749));
#183=CARTESIAN_POINT('Ctrl Pts',(55.2358489409178,-200.,-50.0012408525852));
#184=CARTESIAN_POINT('Ctrl Pts',(56.7627104469662,-190.393473107619,-45.8408106827241));
#185=CARTESIAN_POINT('Ctrl Pts',(59.7581844128142,-171.198856623878,-37.7746495176574));
#186=CARTESIAN_POINT('Ctrl Pts',(64.0584781552999,-142.467193201259,-26.4779018374888));
#187=CARTESIAN_POINT('Ctrl Pts',(68.1300947768792,-113.807310716009,-16.0770881345668));
#188=CARTESIAN_POINT('Ctrl Pts',(73.1980697105514,-75.7073802505909,-3.54814141732077));
#189=CARTESIAN_POINT('Ctrl Pts',(77.7114137633907,-37.7819807508563,6.94478951568478));
#190=CARTESIAN_POINT('Ctrl Pts',(80.7805324058316,-9.43762924273497,13.5759235970379));
#191=CARTESIAN_POINT('Ctrl Pts',(81.7701748390475,0.,15.6546723997934));
#192=CARTESIAN_POINT('Ctrl Pts',(47.9104536912737,-200.,-50.0023749688229));
#193=CARTESIAN_POINT('Ctrl Pts',(49.5085096806577,-190.348258558948,-46.0193108617386));
#194=CARTESIAN_POINT('Ctrl Pts',(52.6018532359744,-171.076795129222,-38.2927034241402));
#195=CARTESIAN_POINT('Ctrl Pts',(56.921728538037,-142.269754401704,-27.459857318613));
#196=CARTESIAN_POINT('Ctrl Pts',(60.8870195924093,-113.573534385649,-17.4789428200702));
#197=CARTESIAN_POINT('Ctrl Pts',(65.6490249362334,-75.4760691246345,-5.45258906643148));
#198=CARTESIAN_POINT('Ctrl Pts',(69.6135611970284,-37.6278010175476,4.62102387603545));
#199=CARTESIAN_POINT('Ctrl Pts',(72.0969736570608,-9.39473767513728,10.9969193693683));
#200=CARTESIAN_POINT('Ctrl Pts',(72.8727826908794,0.,12.9970728758419));
#201=CARTESIAN_POINT('Ctrl Pts',(43.4904044416003,-200.,-49.7351580486263));
#202=CARTESIAN_POINT('Ctrl Pts',(45.0932090634527,-190.330107700872,-45.8969894139936));
#203=CARTESIAN_POINT('Ctrl Pts',(48.1900520616927,-171.027924882964,-38.4355071039647));
#204=CARTESIAN_POINT('Ctrl Pts',(52.488159506807,-142.191077069836,-27.9391203767742));
#205=CARTESIAN_POINT('Ctrl Pts',(56.3954654812936,-113.480715572892,-18.2422920733999));
#206=CARTESIAN_POINT('Ctrl Pts',(61.0199682114484,-75.3844303793463,-6.53737892797598));
#207=CARTESIAN_POINT('Ctrl Pts',(64.7372422622242,-37.5665501703377,3.27944599305156));
#208=CARTESIAN_POINT('Ctrl Pts',(66.9215701461011,-9.37767962883423,9.4710119320371));
#209=CARTESIAN_POINT('Ctrl Pts',(67.5834267857322,0.,11.4084376368973));
#210=CARTESIAN_POINT('Ctrl Pts',(34.0244897986191,-200.,-47.8412030275627));
#211=CARTESIAN_POINT('Ctrl Pts',(35.5188647895129,-190.319225628091,-44.4353322767357));
#212=CARTESIAN_POINT('Ctrl Pts',(38.4649978256591,-170.999222516156,-37.7517628848729));
#213=CARTESIAN_POINT('Ctrl Pts',(42.6668270597487,-142.146582719431,-28.2040693477483));
#214=CARTESIAN_POINT('Ctrl Pts',(46.5429345916762,-113.429791294786,-19.2773675995268));
#215=CARTESIAN_POINT('Ctrl Pts',(51.1263833331732,-75.3350871465021,-8.41064730164666));
#216=CARTESIAN_POINT('Ctrl Pts',(54.6676038569499,-37.5327778708015,0.755761000724632));
#217=CARTESIAN_POINT('Ctrl Pts',(56.4012276177756,-9.36818767778762,6.42518073032745));
#218=CARTESIAN_POINT('Ctrl Pts',(56.8656379636801,0.,8.17626233545707));
#219=CARTESIAN_POINT('Ctrl Pts',(24.238482963605,-200.,-43.4716961975771));
#220=CARTESIAN_POINT('Ctrl Pts',(25.4858567029608,-190.338736871233,-40.6634006904032));
#221=CARTESIAN_POINT('Ctrl Pts',(28.0883353895716,-171.053035829461,-35.0775082183804));
#222=CARTESIAN_POINT('Ctrl Pts',(32.1055654687357,-142.236894339491,-26.9250172952679));
#223=CARTESIAN_POINT('Ctrl Pts',(36.015863892571,-113.539696511729,-19.1752435352257));
#224=CARTESIAN_POINT('Ctrl Pts',(40.7867163986048,-75.4455942038256,-9.62670324812689));
#225=CARTESIAN_POINT('Ctrl Pts',(44.4928177112149,-37.6049369658226,-1.4956931476807));
#226=CARTESIAN_POINT('Ctrl Pts',(45.9563927860672,-9.38809730080423,3.4113621862137));
#227=CARTESIAN_POINT('Ctrl Pts',(46.2664885172663,0.,4.90076694412438));
#228=CARTESIAN_POINT('Ctrl Pts',(15.5501211748297,-200.,-36.5582431286874));
#229=CARTESIAN_POINT('Ctrl Pts',(16.4885594885962,-190.373169132033,-34.4158341280002));
#230=CARTESIAN_POINT('Ctrl Pts',(18.5221792098496,-171.147281805982,-30.1339227987261));
#231=CARTESIAN_POINT('Ctrl Pts',(21.8176128672644,-142.393042930952,-23.8353927329764));
#232=CARTESIAN_POINT('Ctrl Pts',(25.1216422293857,-113.727950171591,-17.8045089034344));
#233=CARTESIAN_POINT('Ctrl Pts',(29.2200456112309,-75.633849358456,-10.321025752856));
#234=CARTESIAN_POINT('Ctrl Pts',(32.4146551326466,-37.7287020598631,-3.88114011703031));
#235=CARTESIAN_POINT('Ctrl Pts',(33.5291652920577,-9.4223392213326,0.0206705733641155));
#236=CARTESIAN_POINT('Ctrl Pts',(33.722965961669,0.,1.20506573110189));
#237=CARTESIAN_POINT('Ctrl Pts',(9.91231987411351,-200.,-30.2790704310342));
#238=CARTESIAN_POINT('Ctrl Pts',(10.6072488932942,-190.402585761894,-28.6459904173754));
#239=CARTESIAN_POINT('Ctrl Pts',(12.1194486607511,-171.227661865755,-25.3959906017859));
#240=CARTESIAN_POINT('Ctrl Pts',(14.5795741364295,-142.525830610482,-20.6401288269434));
#241=CARTESIAN_POINT('Ctrl Pts',(17.0496034002358,-113.887694374915,-16.0945512748247));
#242=CARTESIAN_POINT('Ctrl Pts',(20.1109420599148,-75.793389224867,-10.4420943979719));
#243=CARTESIAN_POINT('Ctrl Pts',(22.4808360741607,-37.8337475310192,-5.52852163577498));
#244=CARTESIAN_POINT('Ctrl Pts',(23.2669445931607,-9.45141949134672,-2.47088036252269));
#245=CARTESIAN_POINT('Ctrl Pts',(23.3912557116642,0.,-1.52890878275802));
#246=CARTESIAN_POINT('Ctrl Pts',(5.41202549186229,-200.,-23.1378607853611));
#247=CARTESIAN_POINT('Ctrl Pts',(5.87079685269553,-190.43172675145,-21.9997823416406));
#248=CARTESIAN_POINT('Ctrl Pts',(6.83448164179941,-171.307216748688,-19.764487083398));
#249=CARTESIAN_POINT('Ctrl Pts',(8.33154916873165,-142.65705227618,-16.5537674008961));
#250=CARTESIAN_POINT('Ctrl Pts',(9.78855695192722,-114.045372273634,-13.5167622292556));
#251=CARTESIAN_POINT('Ctrl Pts',(11.5543122581871,-75.9507520435013,-9.74512308142828));
#252=CARTESIAN_POINT('Ctrl Pts',(12.8839782770578,-37.9374333039163,-6.4192645131519));
#253=CARTESIAN_POINT('Ctrl Pts',(13.3241226343056,-9.48013127184088,-4.23295180481987));
#254=CARTESIAN_POINT('Ctrl Pts',(13.3953979153083,0.,-3.53907018223812));
#255=CARTESIAN_POINT('Ctrl Pts',(2.21544038331909,-200.,-15.4620966871422));
#256=CARTESIAN_POINT('Ctrl Pts',(2.46456508367509,-190.456724026134,-14.7804508720166));
#257=CARTESIAN_POINT('Ctrl Pts',(2.95271368484178,-171.375425700555,-13.4624261434978));
#258=CARTESIAN_POINT('Ctrl Pts',(3.63664407810133,-142.769465678282,-11.6107386499391));
#259=CARTESIAN_POINT('Ctrl Pts',(4.25258038506086,-114.180363604717,-9.88003336779194));
#260=CARTESIAN_POINT('Ctrl Pts',(4.95608660150245,-76.0854122661434,-7.72957376177739));
#261=CARTESIAN_POINT('Ctrl Pts',(5.44927398366351,-38.0261780296705,-5.79039703530198));
#262=CARTESIAN_POINT('Ctrl Pts',(5.62263225414946,-9.50470724367709,-4.42507470083236));
#263=CARTESIAN_POINT('Ctrl Pts',(5.65604737978253,0.,-3.97694941600979));
#264=CARTESIAN_POINT('Ctrl Pts',(0.371352205241008,-200.,-7.60402041581902));
#265=CARTESIAN_POINT('Ctrl Pts',(0.456500604621987,-190.473709511379,-7.3159967636914));
#266=CARTESIAN_POINT('Ctrl Pts',(0.610076766213297,-171.421767967132,-6.76090691308926));
#267=CARTESIAN_POINT('Ctrl Pts',(0.796201437898732,-142.845828567019,-5.9821312955838));
#268=CARTESIAN_POINT('Ctrl Pts',(0.942179924876984,-114.27204810513,-5.24980633305612));
#269=CARTESIAN_POINT('Ctrl Pts',(1.08914715468612,-76.1768443445783,-4.3256293564842));
#270=CARTESIAN_POINT('Ctrl Pts',(1.17420354820371,-38.0864003593973,-3.46175472999714));
#271=CARTESIAN_POINT('Ctrl Pts',(1.20919115527036,-9.52138008771746,-2.8250650203309));
#272=CARTESIAN_POINT('Ctrl Pts',(1.21864377618915,0.,-2.61236245521016));
#273=CARTESIAN_POINT('Ctrl Pts',(-2.53483083024044E-11,-200.,-2.48073162390888));
#274=CARTESIAN_POINT('Ctrl Pts',(0.0190506794617611,-190.477113258872,-2.39708808721303));
#275=CARTESIAN_POINT('Ctrl Pts',(0.0546812820845497,-171.431071185174,-2.2320233439511));
#276=CARTESIAN_POINT('Ctrl Pts',(0.100991985368625,-142.861208650758,-1.99079177683644));
#277=CARTESIAN_POINT('Ctrl Pts',(0.140019624666145,-114.290553042938,-1.75613815088766));
#278=CARTESIAN_POINT('Ctrl Pts',(0.182311088164457,-76.1952966019199,-1.45212391359262));
#279=CARTESIAN_POINT('Ctrl Pts',(0.209759313949536,-38.0984794159406,-1.16173502157598));
#280=CARTESIAN_POINT('Ctrl Pts',(0.219114957991996,-9.5247150191219,-0.954381764610329));
#281=CARTESIAN_POINT('Ctrl Pts',(0.22100565522089,0.,-0.886405268163528));
#282=CARTESIAN_POINT('Ctrl Pts',(-2.53486120982416E-11,-200.,-5.03579423236714E-5));
#283=CARTESIAN_POINT('Ctrl Pts',(-2.41415353316586E-11,-190.47619047619,
-4.79599450707464E-5));
#284=CARTESIAN_POINT('Ctrl Pts',(-2.17273817984928E-11,-171.428571428572,
-4.31639505643966E-5));
#285=CARTESIAN_POINT('Ctrl Pts',(-1.8106151498744E-11,-142.857142857145,
-3.59699588038007E-5));
#286=CARTESIAN_POINT('Ctrl Pts',(-1.44849211989952E-11,-114.28571428572,
-2.87759670425621E-5));
#287=CARTESIAN_POINT('Ctrl Pts',(-9.65661413266346E-12,-76.1904761904845,
-1.91839780272917E-5));
#288=CARTESIAN_POINT('Ctrl Pts',(-4.82830706633173E-12,-38.0952380952463,
-9.59198901244978E-6));
#289=CARTESIAN_POINT('Ctrl Pts',(-1.20707676658293E-12,-9.52380952381216,
-2.397997252925E-6));
#290=CARTESIAN_POINT('Ctrl Pts',(0.,0.,0.));
#291=CARTESIAN_POINT('',(0.,0.,0.));
#292=CARTESIAN_POINT('Ctrl Pts',(-2.53486120982416E-11,-200.,-5.0357942311425E-5));
#293=CARTESIAN_POINT('Ctrl Pts',(-1.68990747321611E-11,-133.333333333332,
-3.357196154095E-5));
#294=CARTESIAN_POINT('Ctrl Pts',(-8.44953736608053E-12,-66.6666666666851,
-1.6785980770475E-5));
#295=CARTESIAN_POINT('Ctrl Pts',(0.,0.,0.));
#296=CARTESIAN_POINT('',(186.620931550421,0.,46.2421374364576));
#297=CARTESIAN_POINT('Ctrl Pts',(0.,0.,0.));
#298=CARTESIAN_POINT('Ctrl Pts',(0.228699812404032,0.,-0.91726484709332));
#299=CARTESIAN_POINT('Ctrl Pts',(1.11569356469002,0.,-2.45407937986428));
#300=CARTESIAN_POINT('Ctrl Pts',(3.7352633842183,0.,-3.86601854134444));
#301=CARTESIAN_POINT('Ctrl Pts',(9.49211787293485,0.,-4.12584612505081));
#302=CARTESIAN_POINT('Ctrl Pts',(18.8523442190728,0.,-2.60479843559846));
#303=CARTESIAN_POINT('Ctrl Pts',(28.5973363099696,0.,-0.220657433138356));
#304=CARTESIAN_POINT('Ctrl Pts',(37.5829905831791,0.,2.31466775092989));
#305=CARTESIAN_POINT('Ctrl Pts',(45.6232049763708,0.,4.72828685856028));
#306=CARTESIAN_POINT('Ctrl Pts',(53.0627642024515,0.,7.00307983406067));
#307=CARTESIAN_POINT('Ctrl Pts',(60.5333330976025,0.,9.28019681013427));
#308=CARTESIAN_POINT('Ctrl Pts',(68.6477141373343,0.,11.732293949702));
#309=CARTESIAN_POINT('Ctrl Pts',(77.707830904862,0.,14.4451663970507));
#310=CARTESIAN_POINT('Ctrl Pts',(87.764313410927,0.,17.4326233530619));
#311=CARTESIAN_POINT('Ctrl Pts',(98.6958715169957,0.,20.6598583194368));
#312=CARTESIAN_POINT('Ctrl Pts',(110.278756893809,0.,24.062899520595));
#313=CARTESIAN_POINT('Ctrl Pts',(122.252978491711,0.,27.5676108528244));
#314=CARTESIAN_POINT('Ctrl Pts',(134.398721147947,0.,31.1114184325483));
#315=CARTESIAN_POINT('Ctrl Pts',(146.568700369861,0.,34.6525359903115));
#316=CARTESIAN_POINT('Ctrl Pts',(158.665520323863,0.,38.1634387613246));
#317=CARTESIAN_POINT('Ctrl Pts',(169.102034634323,0.,41.1850947041896));
#318=CARTESIAN_POINT('Ctrl Pts',(177.05756450541,0.,43.4837984833209));
#319=CARTESIAN_POINT('Ctrl Pts',(182.600750633221,0.,45.0831930995855));
#320=CARTESIAN_POINT('Ctrl Pts',(185.78026948158,0.,45.9998321922655));
#321=CARTESIAN_POINT('Ctrl Pts',(186.620931550421,0.,46.2421374364576));
#322=CARTESIAN_POINT('',(194.059145255199,0.,48.3843791199335));
#323=CARTESIAN_POINT('Ctrl Pts',(186.620931550421,0.,46.2421374364576));
#324=CARTESIAN_POINT('Ctrl Pts',(188.115179347842,0.,46.6728266406661));
#325=CARTESIAN_POINT('Ctrl Pts',(189.60612603962,0.,47.1023956020671));
#326=CARTESIAN_POINT('Ctrl Pts',(191.093767909405,0.,47.5308435442085));
#327=CARTESIAN_POINT('Ctrl Pts',(192.578107613861,0.,47.9581713737875));
#328=CARTESIAN_POINT('Ctrl Pts',(194.059145255199,0.,48.3843791199335));
#329=CARTESIAN_POINT('Ctrl Pts',(99.9999999999377,-200.,-0.000100715884649993));
#330=CARTESIAN_POINT('Ctrl Pts',(100.696809901719,-196.366106307014,1.37800988325011));
#331=CARTESIAN_POINT('Ctrl Pts',(102.197786368204,-189.065133470774,4.0970287566731));
#332=CARTESIAN_POINT('Ctrl Pts',(104.771330991479,-178.014114794625,8.06394664956819));
#333=CARTESIAN_POINT('Ctrl Pts',(108.857395177105,-163.077055128456,13.1263071175846));
#334=CARTESIAN_POINT('Ctrl Pts',(115.126488338816,-144.046690608097,19.0517584058819));
#335=CARTESIAN_POINT('Ctrl Pts',(122.646836975911,-124.629545470529,24.5436118959858));
#336=CARTESIAN_POINT('Ctrl Pts',(131.498287858373,-104.800937959266,29.5741982714711));
#337=CARTESIAN_POINT('Ctrl Pts',(141.683995165032,-84.5598930734091,34.1424245141319));
#338=CARTESIAN_POINT('Ctrl Pts',(153.113905960167,-63.9342474384628,38.2794966849223));
#339=CARTESIAN_POINT('Ctrl Pts',(165.676787827818,-42.9583845543265,42.0239601741177));
#340=CARTESIAN_POINT('Ctrl Pts',(176.551121427393,-25.9229756020903,44.733980349098));
#341=CARTESIAN_POINT('Ctrl Pts',(185.139613642831,-13.0126522613594,46.616537307162));
#342=CARTESIAN_POINT('Ctrl Pts',(191.054438700418,-4.34729691829407,47.8060243875673));
#343=CARTESIAN_POINT('Ctrl Pts',(194.059145255199,0.,48.3843791199335));
#344=CARTESIAN_POINT('Ctrl Pts',(-2.53486120982416E-11,-200.,-5.0357942311425E-5));
#345=CARTESIAN_POINT('Ctrl Pts',(-2.41415353316586E-11,-190.47619047619,
-4.79599450585E-5));
#346=CARTESIAN_POINT('Ctrl Pts',(-2.17273817984928E-11,-171.428571428572,
-4.316395055265E-5));
#347=CARTESIAN_POINT('Ctrl Pts',(-1.8106151498744E-11,-142.857142857145,
-3.5969958793875E-5));
#348=CARTESIAN_POINT('Ctrl Pts',(-1.44849211989952E-11,-114.28571428572,
-2.87759670351E-5));
#349=CARTESIAN_POINT('Ctrl Pts',(-9.65661413266346E-12,-76.1904761904844,
-1.91839780234E-5));
#350=CARTESIAN_POINT('Ctrl Pts',(-4.82830706633173E-12,-38.0952380952463,
-9.5919890117E-6));
#351=CARTESIAN_POINT('Ctrl Pts',(-1.20707676658293E-12,-9.52380952381216,
-2.397997252925E-6));
#352=CARTESIAN_POINT('Ctrl Pts',(0.,0.,0.));
#353=CARTESIAN_POINT('Ctrl Pts',(-2.53482914862537E-11,-200.,2.61794519864595));
#354=CARTESIAN_POINT('Ctrl Pts',(-0.0201052005302796,-190.475216614294,
2.52967663153976));
#355=CARTESIAN_POINT('Ctrl Pts',(-0.0577702539721527,-171.425933301793,
2.35527929744979));
#356=CARTESIAN_POINT('Ctrl Pts',(-0.106622090339649,-142.852852007789,2.10078331875705));
#357=CARTESIAN_POINT('Ctrl Pts',(-0.147775899406313,-114.280607686548,1.85326847120385));
#358=CARTESIAN_POINT('Ctrl Pts',(-0.192330182635798,-76.1853889525986,1.53270409968528));
#359=CARTESIAN_POINT('Ctrl Pts',(-0.221310777615482,-38.0918173562373,1.22621786587685));
#360=CARTESIAN_POINT('Ctrl Pts',(-0.231243729003488,-9.52285390620422,1.00720516847705));
#361=CARTESIAN_POINT('Ctrl Pts',(-0.23323908286287,0.,0.935470866501812));
#362=CARTESIAN_POINT('Ctrl Pts',(0.41526542595218,-200.,7.91629081131154));
#363=CARTESIAN_POINT('Ctrl Pts',(0.377183752017117,-190.467339465258,7.67701452930706));
#364=CARTESIAN_POINT('Ctrl Pts',(0.308384491015802,-171.404459957487,7.2034064447769));
#365=CARTESIAN_POINT('Ctrl Pts',(0.225349334066247,-142.817532950281,6.50606712044492));
#366=CARTESIAN_POINT('Ctrl Pts',(0.160780968180472,-114.238265872106,5.82056006050199));
#367=CARTESIAN_POINT('Ctrl Pts',(0.0970712809064263,-76.1432004884335,4.92006499747114));
#368=CARTESIAN_POINT('Ctrl Pts',(0.0629816594003109,-38.0639582369562,4.03920267866526));
#369=CARTESIAN_POINT('Ctrl Pts',(0.0527408350611951,-9.51512965733371,3.39510821220545));
#370=CARTESIAN_POINT('Ctrl Pts',(0.0506763779686941,0.,3.18216085727386));
#371=CARTESIAN_POINT('Ctrl Pts',(2.95927350453589,-200.,18.4184779669785));
#372=CARTESIAN_POINT('Ctrl Pts',(2.95827372707176,-190.433777834423,17.9690286102516));
#373=CARTESIAN_POINT('Ctrl Pts',(2.97317192238985,-171.312833281731,17.081167902535));
#374=CARTESIAN_POINT('Ctrl Pts',(3.03396843549949,-142.666433548302,15.7692616046201));
#375=CARTESIAN_POINT('Ctrl Pts',(3.12220695958786,-114.056809323362,14.4593890867238));
#376=CARTESIAN_POINT('Ctrl Pts',(3.26198185452798,-75.9623565295513,12.6910343059613));
#377=CARTESIAN_POINT('Ctrl Pts',(3.4094995352407,-37.9449703742656,10.8669157646151));
#378=CARTESIAN_POINT('Ctrl Pts',(3.48193852005237,-9.48218893914045,9.44423643103883));
#379=CARTESIAN_POINT('Ctrl Pts',(3.49958691242497,0.,8.96252747173201));
#380=CARTESIAN_POINT('Ctrl Pts',(9.37463083429014,-200.,30.673895129263));
#381=CARTESIAN_POINT('Ctrl Pts',(9.52710963304054,-190.369518987346,30.1146316458468));
#382=CARTESIAN_POINT('Ctrl Pts',(9.85601108541035,-171.137228165868,29.0071251864773));
#383=CARTESIAN_POINT('Ctrl Pts',(10.3928404560468,-142.37635966069,27.3409748054144));
#384=CARTESIAN_POINT('Ctrl Pts',(10.9477851725675,-113.708054808704,25.6217197915603));
#385=CARTESIAN_POINT('Ctrl Pts',(11.6788010816149,-75.6146551293285,23.1911774064887));
#386=CARTESIAN_POINT('Ctrl Pts',(12.3362903947791,-37.7166067648945,20.4917810145362));
#387=CARTESIAN_POINT('Ctrl Pts',(12.6680597573844,-9.41901481711395,18.232016533205));
#388=CARTESIAN_POINT('Ctrl Pts',(12.7553786376704,0.,17.4486448467801));
#389=CARTESIAN_POINT('Ctrl Pts',(21.306086366722,-200.,41.997946391759));
#390=CARTESIAN_POINT('Ctrl Pts',(21.7187361839468,-190.292179686476,41.4897824660958));
#391=CARTESIAN_POINT('Ctrl Pts',(22.5570074229829,-170.925437448084,40.4393543706017));
#392=CARTESIAN_POINT('Ctrl Pts',(23.8245343607133,-142.025280468664,38.7214595043675));
#393=CARTESIAN_POINT('Ctrl Pts',(25.0794857141079,-113.284904532385,36.8005527822633));
#394=CARTESIAN_POINT('Ctrl Pts',(26.7070091083575,-75.1923126645985,33.882190259917));
#395=CARTESIAN_POINT('Ctrl Pts',(28.2024616153876,-37.439970029584,30.3732952206926));
#396=CARTESIAN_POINT('Ctrl Pts',(29.0991591231301,-9.3425677168263,27.329252575337));
#397=CARTESIAN_POINT('Ctrl Pts',(29.3671174985181,0.,26.2664871432301));
#398=CARTESIAN_POINT('Ctrl Pts',(35.6418538328727,-200.,48.6996125775534));
#399=CARTESIAN_POINT('Ctrl Pts',(36.2952661936047,-190.2500739105,48.363657682462));
#400=CARTESIAN_POINT('Ctrl Pts',(37.598191403352,-170.809232406671,47.5930340353712));
#401=CARTESIAN_POINT('Ctrl Pts',(39.5352366042083,-141.830139639075,46.1139270347629));
#402=CARTESIAN_POINT('Ctrl Pts',(41.4560647809159,-113.047558664567,44.255702968379));
#403=CARTESIAN_POINT('Ctrl Pts',(43.9995290398941,-74.9544029535343,41.1902302112499));
#404=CARTESIAN_POINT('Ctrl Pts',(46.4937500066725,-37.2855385357544,37.2246265856942));
#405=CARTESIAN_POINT('Ctrl Pts',(48.2513171854655,-9.30004146768354,33.7057201344718));
#406=CARTESIAN_POINT('Ctrl Pts',(48.821937793436,0.,32.4739011650406));
#407=CARTESIAN_POINT('Ctrl Pts',(45.3870079540303,-200.,50.0005858415747));
#408=CARTESIAN_POINT('Ctrl Pts',(46.1243862257994,-190.26913388263,49.8189985907692));
#409=CARTESIAN_POINT('Ctrl Pts',(47.610195539039,-170.859919666725,49.3259413451504));
#410=CARTESIAN_POINT('Ctrl Pts',(49.8793998802995,-141.90995725386,48.174552547805));
#411=CARTESIAN_POINT('Ctrl Pts',(52.2049825817538,-113.140163869845,46.5581695396947));
#412=CARTESIAN_POINT('Ctrl Pts',(55.4043543894383,-75.0451073406881,43.7034960154774));
#413=CARTESIAN_POINT('Ctrl Pts',(58.7559841682859,-37.34725813122,39.7947838085612));
#414=CARTESIAN_POINT('Ctrl Pts',(61.3441306238913,-9.3173438723517,36.2369911077711));
#415=CARTESIAN_POINT('Ctrl Pts',(62.2145330971534,0.,34.984522373361));
#416=CARTESIAN_POINT('Ctrl Pts',(55.2358215790865,-200.,49.999931538023));
#417=CARTESIAN_POINT('Ctrl Pts',(55.9880282945105,-190.327245994854,49.9822437710362));
#418=CARTESIAN_POINT('Ctrl Pts',(57.5598689347948,-171.016799509261,49.7973664528378));
#419=CARTESIAN_POINT('Ctrl Pts',(60.1244349099894,-142.163715966809,49.0512223417081));
#420=CARTESIAN_POINT('Ctrl Pts',(62.9078164471082,-113.440625485515,47.7839773668532));
#421=CARTESIAN_POINT('Ctrl Pts',(66.9294084628937,-75.3424005462076,45.3215863995708));
#422=CARTESIAN_POINT('Ctrl Pts',(71.4134137070865,-37.5454180206414,41.6972933130534));
#423=CARTESIAN_POINT('Ctrl Pts',(75.0726948454121,-9.37247036731887,38.2754156462792));
#424=CARTESIAN_POINT('Ctrl Pts',(76.3242585643926,0.,37.0599010200102));
#425=CARTESIAN_POINT('Ctrl Pts',(65.707663496282,-200.,48.3418132949377));
#426=CARTESIAN_POINT('Ctrl Pts',(66.5202502637163,-190.447570191404,48.6015124082247));
#427=CARTESIAN_POINT('Ctrl Pts',(68.2250233029862,-171.337999236583,48.9120557328873));
#428=CARTESIAN_POINT('Ctrl Pts',(71.0710835549732,-142.67394982573,48.7600484533836));
#429=CARTESIAN_POINT('Ctrl Pts',(74.2741707259864,-114.030443670893,47.9663916496602));
#430=CARTESIAN_POINT('Ctrl Pts',(79.1111444217197,-75.8969058443319,46.0141246998851));
#431=CARTESIAN_POINT('Ctrl Pts',(84.8456680882859,-37.8801728766039,42.7884123137753));
#432=CARTESIAN_POINT('Ctrl Pts',(89.8132701034901,-9.46136834518852,39.6860889192882));
#433=CARTESIAN_POINT('Ctrl Pts',(91.5475407955705,0.,38.5845338790512));
#434=CARTESIAN_POINT('Ctrl Pts',(79.8773910106225,-200.,41.1225015416903));
#435=CARTESIAN_POINT('Ctrl Pts',(80.8723200079207,-190.726544153475,42.0218606902849));
#436=CARTESIAN_POINT('Ctrl Pts',(82.9014667382123,-172.083611288596,43.4939193490718));
#437=CARTESIAN_POINT('Ctrl Pts',(86.2574345409782,-143.8608495517,44.7947466310741));
#438=CARTESIAN_POINT('Ctrl Pts',(90.1731531508448,-115.401328443582,45.2235913885562));
#439=CARTESIAN_POINT('Ctrl Pts',(96.4586609640724,-77.1742826847954,44.6789789158602));
#440=CARTESIAN_POINT('Ctrl Pts',(104.547462318437,-38.6312811036592,42.6908146591786));
#441=CARTESIAN_POINT('Ctrl Pts',(112.087863120297,-9.65833203926254,40.6311873318576));
#442=CARTESIAN_POINT('Ctrl Pts',(114.786363391643,0.,39.9014230969825));
#443=CARTESIAN_POINT('Ctrl Pts',(91.1230444581641,-200.,29.8774460152112));
#444=CARTESIAN_POINT('Ctrl Pts',(92.3500116407458,-191.026855673902,31.5541825592458));
#445=CARTESIAN_POINT('Ctrl Pts',(94.8715620974965,-172.893580169142,34.5121666275227));
#446=CARTESIAN_POINT('Ctrl Pts',(99.1642857488587,-145.169448868333,37.8611691675077));
#447=CARTESIAN_POINT('Ctrl Pts',(104.368063357009,-116.933324784607,40.1780691749037));
#448=CARTESIAN_POINT('Ctrl Pts',(113.031034084056,-78.6275276591714,41.971646875922));
#449=CARTESIAN_POINT('Ctrl Pts',(124.556916832788,-39.508060666609,42.1473611416794));
#450=CARTESIAN_POINT('Ctrl Pts',(135.445559637176,-9.89164814891909,41.7178012443436));
#451=CARTESIAN_POINT('Ctrl Pts',(139.356130292924,0.,41.5375082817926));
#452=CARTESIAN_POINT('Ctrl Pts',(98.3410582656198,-200.,15.7066149033829));
#453=CARTESIAN_POINT('Ctrl Pts',(99.8076833924764,-191.271354643799,18.2125838482251));
#454=CARTESIAN_POINT('Ctrl Pts',(103.006816949407,-173.568450245726,22.849484302209));
#455=CARTESIAN_POINT('Ctrl Pts',(108.904932116278,-146.299898428705,28.7399466822728));
#456=CARTESIAN_POINT('Ctrl Pts',(116.332733520822,-118.301386767677,33.5802146908528));
#457=CARTESIAN_POINT('Ctrl Pts',(128.814175014052,-79.986890008096,38.6644629795745));
#458=CARTESIAN_POINT('Ctrl Pts',(145.296819180028,-40.3872069582354,41.9826417248196));
#459=CARTESIAN_POINT('Ctrl Pts',(160.435003447762,-10.1340523624713,43.7384469168956));
#460=CARTESIAN_POINT('Ctrl Pts',(165.813156978572,0.,44.2621347342795));
#461=CARTESIAN_POINT('Ctrl Pts',(100.000005273421,-200.,5.23588704009835));
#462=CARTESIAN_POINT('Ctrl Pts',(101.603431404836,-191.345712184117,8.27200601921414));
#463=CARTESIAN_POINT('Ctrl Pts',(105.355171871702,-173.795327339143,14.0433436224828));
#464=CARTESIAN_POINT('Ctrl Pts',(112.808628805403,-146.734865400162,21.7967806530648));
#465=CARTESIAN_POINT('Ctrl Pts',(122.418598850968,-118.887441233563,28.5980346368179));
#466=CARTESIAN_POINT('Ctrl Pts',(138.509064115549,-80.6507093175016,36.3452901064671));
#467=CARTESIAN_POINT('Ctrl Pts',(159.38989211683,-40.8926792336263,42.2862206899527));
#468=CARTESIAN_POINT('Ctrl Pts',(177.995143913812,-10.2835376996453,45.8092125268662));
#469=CARTESIAN_POINT('Ctrl Pts',(184.52714214545,0.,46.8897798963793));
#470=CARTESIAN_POINT('Ctrl Pts',(99.9999999999493,-200.,-0.000100715884600348));
#471=CARTESIAN_POINT('Ctrl Pts',(101.659071194666,-191.347872159558,3.28111499634102));
#472=CARTESIAN_POINT('Ctrl Pts',(105.701387359201,-173.819764207693,9.59259834460499));
#473=CARTESIAN_POINT('Ctrl Pts',(114.045233066435,-146.822707477539,18.2696058105527));
#474=CARTESIAN_POINT('Ctrl Pts',(124.915179988675,-119.044797431417,26.0712429413586));
#475=CARTESIAN_POINT('Ctrl Pts',(143.065763133713,-80.8770549481745,35.2060537845233));
#476=CARTESIAN_POINT('Ctrl Pts',(166.407324497923,-41.104708290362,42.5420339565817));
#477=CARTESIAN_POINT('Ctrl Pts',(186.90508202953,-10.3507069483192,47.0073440428712));
#478=CARTESIAN_POINT('Ctrl Pts',(194.059145255199,0.,48.3843791199335));
#479=CARTESIAN_POINT('',(134.19920329959,0.,41.272235950903));
#480=CARTESIAN_POINT('Ctrl Pts',(194.059145255199,0.,48.3843791199335));
#481=CARTESIAN_POINT('Ctrl Pts',(191.455934899195,0.,47.9762008879255));
#482=CARTESIAN_POINT('Ctrl Pts',(186.287246058048,0.,47.184675036717));
#483=CARTESIAN_POINT('Ctrl Pts',(178.647408854464,0.,46.071878210616));
#484=CARTESIAN_POINT('Ctrl Pts',(168.688271393744,0.,44.7377400739933));
#485=CARTESIAN_POINT('Ctrl Pts',(156.736257215291,0.,43.3327079543124));
#486=CARTESIAN_POINT('Ctrl Pts',(147.48925954903,0.,42.3997390577212));
#487=CARTESIAN_POINT('Ctrl Pts',(140.735811943062,0.,41.7992092006829));
#488=CARTESIAN_POINT('Ctrl Pts',(136.332322497138,0.,41.4394766199146));
#489=CARTESIAN_POINT('Ctrl Pts',(134.19920329959,0.,41.272235950903));
#490=CARTESIAN_POINT('Ctrl Pts',(134.19920329959,0.,41.272235950903));
#491=CARTESIAN_POINT('Ctrl Pts',(134.090440979127,0.,41.2637087747103));
#492=CARTESIAN_POINT('Ctrl Pts',(131.74057759075,0.,41.0798719098958));
#493=CARTESIAN_POINT('Ctrl Pts',(127.182434689356,0.,40.7399628535921));
#494=CARTESIAN_POINT('Ctrl Pts',(120.48855049304,0.,40.284579496397));
#495=CARTESIAN_POINT('Ctrl Pts',(111.745326777914,0.,39.7527244445011));
#496=CARTESIAN_POINT('Ctrl Pts',(101.073185054861,0.,39.117980843219));
#497=CARTESIAN_POINT('Ctrl Pts',(90.4024575767231,0.,38.3841264934112));
#498=CARTESIAN_POINT('Ctrl Pts',(79.6270077877464,0.,37.4141704423821));
#499=CARTESIAN_POINT('Ctrl Pts',(68.6901333242552,0.,36.0633347448551));
#500=CARTESIAN_POINT('Ctrl Pts',(57.6140608201976,0.,34.1886544663203));
#501=CARTESIAN_POINT('Ctrl Pts',(46.5375362569067,0.,31.6559050107746));
#502=CARTESIAN_POINT('Ctrl Pts',(35.7325334397686,0.,28.3559214246024));
#503=CARTESIAN_POINT('Ctrl Pts',(25.5622188162941,0.,24.2469151704302));
#504=CARTESIAN_POINT('Ctrl Pts',(16.4509138919863,0.,19.3919493040571));
#505=CARTESIAN_POINT('Ctrl Pts',(8.85019489653954,0.,14.0040977868363));
#506=CARTESIAN_POINT('Ctrl Pts',(3.20556021513424,0.,8.48385616964557));
#507=CARTESIAN_POINT('Ctrl Pts',(0.579697889444315,0.,4.48417323420431));
#508=CARTESIAN_POINT('Ctrl Pts',(-0.190951070784968,0.,2.00392140512465));
#509=CARTESIAN_POINT('Ctrl Pts',(-0.155232302372332,0.,0.62260275862382));
#510=CARTESIAN_POINT('Ctrl Pts',(0.,0.,0.));
#511=CARTESIAN_POINT('Origin',(27.4432858847937,1200.,1.72081444881784));
#512=CARTESIAN_POINT('',(59.9634496211458,1200.,2.09396980215006));
#513=CARTESIAN_POINT('',(0.,1200.,0.));
#514=CARTESIAN_POINT('Ctrl Pts',(59.9634496211458,1200.,2.09396980215006));
#515=CARTESIAN_POINT('Ctrl Pts',(59.5011271118216,1200.,2.12514927497179));
#516=CARTESIAN_POINT('Ctrl Pts',(58.5535108841698,1200.,2.19020781486669));
#517=CARTESIAN_POINT('Ctrl Pts',(57.0631729002912,1200.,2.29589439654262));
#518=CARTESIAN_POINT('Ctrl Pts',(54.9376659682073,1200.,2.45307358665539));
#519=CARTESIAN_POINT('Ctrl Pts',(52.0496543981975,1200.,2.67651642950972));
#520=CARTESIAN_POINT('Ctrl Pts',(48.9349266117759,1200.,2.92582849528815));
#521=CARTESIAN_POINT('Ctrl Pts',(45.6069201555713,1200.,3.19825773115174));
#522=CARTESIAN_POINT('Ctrl Pts',(42.0926751979924,1200.,3.48866451065436));
#523=CARTESIAN_POINT('Ctrl Pts',(38.4373269027821,1200.,3.78875358833974));
#524=CARTESIAN_POINT('Ctrl Pts',(34.6966546758523,1200.,4.08687914107164));
#525=CARTESIAN_POINT('Ctrl Pts',(30.9301013189722,1200.,4.36775517209527));
#526=CARTESIAN_POINT('Ctrl Pts',(27.1940752144702,1200.,4.61219643319822));
#527=CARTESIAN_POINT('Ctrl Pts',(23.5345775333368,1200.,4.79666890365906));
#528=CARTESIAN_POINT('Ctrl Pts',(19.9813347216058,1200.,4.89317835282313));
#529=CARTESIAN_POINT('Ctrl Pts',(16.5373970091042,1200.,4.8682309799438));
#530=CARTESIAN_POINT('Ctrl Pts',(13.1974390764367,1200.,4.68800110415065));
#531=CARTESIAN_POINT('Ctrl Pts',(9.97160543474668,1200.,4.32475322096168));
#532=CARTESIAN_POINT('Ctrl Pts',(6.90940155898423,1200.,3.76356991043253));
#533=CARTESIAN_POINT('Ctrl Pts',(4.11973862145415,1200.,3.00819179268984));
#534=CARTESIAN_POINT('Ctrl Pts',(1.80357935710779,1200.,2.09047502372207));
#535=CARTESIAN_POINT('Ctrl Pts',(0.560900168123499,1200.,1.27438376081825));
#536=CARTESIAN_POINT('Ctrl Pts',(0.0876527970066121,1200.,0.641836801942213));
#537=CARTESIAN_POINT('Ctrl Pts',(-0.00750207597020491,1200.,0.214831347630371));
#538=CARTESIAN_POINT('Ctrl Pts',(0.,1200.,0.));
#539=CARTESIAN_POINT('Ctrl Pts',(0.,1200.,0.));
#540=CARTESIAN_POINT('Ctrl Pts',(0.00812890089651574,1200.,-0.232781264984365));
#541=CARTESIAN_POINT('Ctrl Pts',(0.149175616349968,1200.,-0.645467012504133));
#542=CARTESIAN_POINT('Ctrl Pts',(0.735170176617057,1200.,-1.10584671057492));
#543=CARTESIAN_POINT('Ctrl Pts',(2.19203132966803,1200.,-1.42829366534179));
#544=CARTESIAN_POINT('Ctrl Pts',(4.76270190252487,1200.,-1.48111006138109));
#545=CARTESIAN_POINT('Ctrl Pts',(7.66829232641658,1200.,-1.33720718164234));
#546=CARTESIAN_POINT('Ctrl Pts',(10.6416593403741,1200.,-1.10566160342555));
#547=CARTESIAN_POINT('Ctrl Pts',(13.5635752987627,1200.,-0.849035623934977));
#548=CARTESIAN_POINT('Ctrl Pts',(16.410861452379,1200.,-0.598430973126187));
#549=CARTESIAN_POINT('Ctrl Pts',(19.2228096919132,1200.,-0.362526320516765));
#550=CARTESIAN_POINT('Ctrl Pts',(22.0634843212809,1200.,-0.138162276379346));
#551=CARTESIAN_POINT('Ctrl Pts',(24.9808128405894,1200.,0.0786244108314627));
#552=CARTESIAN_POINT('Ctrl Pts',(28.0007580664996,1200.,0.290129615122994));
#553=CARTESIAN_POINT('Ctrl Pts',(31.135353051269,1200.,0.498033226243098));
#554=CARTESIAN_POINT('Ctrl Pts',(34.3858582600912,1200.,0.703274122938047));
#555=CARTESIAN_POINT('Ctrl Pts',(37.7474712952537,1200.,0.906401054913166));
#556=CARTESIAN_POINT('Ctrl Pts',(41.2135045604026,1200.,1.10773478524508));
#557=CARTESIAN_POINT('Ctrl Pts',(44.7782854051325,1200.,1.30753871073726));
#558=CARTESIAN_POINT('Ctrl Pts',(48.4368671299573,1200.,1.50599335356344));
#559=CARTESIAN_POINT('Ctrl Pts',(52.1853799085658,1200.,1.70322203266754));
#560=CARTESIAN_POINT('Ctrl Pts',(55.2539040021651,1200.,1.86008115224256));
#561=CARTESIAN_POINT('Ctrl Pts',(57.5937745576318,1200.,1.97722092161391));
#562=CARTESIAN_POINT('Ctrl Pts',(59.1707193926165,1200.,2.05509073537271));
#563=CARTESIAN_POINT('Ctrl Pts',(59.9634496211458,1200.,2.09396980215006));
#564=CARTESIAN_POINT('Ctrl Pts',(194.059145255199,0.,48.3843791199335));
#565=CARTESIAN_POINT('Ctrl Pts',(191.479111484773,24.9993066358638,46.6164141637008));
#566=CARTESIAN_POINT('Ctrl Pts',(186.283478558699,74.9974469497675,43.2004479197749));
#567=CARTESIAN_POINT('Ctrl Pts',(178.382136370322,149.996839958839,38.4389349044095));
#568=CARTESIAN_POINT('Ctrl Pts',(170.372068728016,224.99706011744,34.043458148706));
#569=CARTESIAN_POINT('Ctrl Pts',(164.960118520751,274.998727564523,31.3552504545816));
#570=CARTESIAN_POINT('Ctrl Pts',(159.514417616942,324.997669881404,28.7825777916717));
#571=CARTESIAN_POINT('Ctrl Pts',(154.034781349723,374.995689330114,26.3253003461966));
#572=CARTESIAN_POINT('Ctrl Pts',(145.724581578637,449.997086298627,22.9477300791331));
#573=CARTESIAN_POINT('Ctrl Pts',(137.33942456698,524.999909444888,19.8320004980331));
#574=CARTESIAN_POINT('Ctrl Pts',(131.710084378981,575.000603483031,17.9013068451924));
#575=CARTESIAN_POINT('Ctrl Pts',(126.065593419049,624.999111746515,16.0356067991905));
#576=CARTESIAN_POINT('Ctrl Pts',(120.40568969569,674.99779594142,14.2348057028504));
#577=CARTESIAN_POINT('Ctrl Pts',(111.876989951698,749.996834548966,11.7308632492127));
#578=CARTESIAN_POINT('Ctrl Pts',(103.312567839673,824.997478551616,9.44565372779248));
#579=CARTESIAN_POINT('Ctrl Pts',(97.5795616387911,874.998880426235,8.08733331667756));
#580=CARTESIAN_POINT('Ctrl Pts',(91.8355987828086,924.993607774642,6.82002709591308));
#581=CARTESIAN_POINT('Ctrl Pts',(86.0802068600408,974.985797743689,5.6435940649549));
#582=CARTESIAN_POINT('Ctrl Pts',(77.4109451172054,1049.98568052517,4.1619116191909));
#583=CARTESIAN_POINT('Ctrl Pts',(68.7067378112889,1124.99253310925,2.96424057702853));
#584=CARTESIAN_POINT('Ctrl Pts',(62.8815515855819,1174.99763520017,2.35309203419113));
#585=CARTESIAN_POINT('Ctrl Pts',(59.9634496211458,1200.,2.09396980215006));
#586=CARTESIAN_POINT('Ctrl Pts',(183.889909895953,0.,46.7898631407555));
#587=CARTESIAN_POINT('Ctrl Pts',(181.451738017483,24.9992870702202,45.0654421335327));
#588=CARTESIAN_POINT('Ctrl Pts',(176.527386245772,74.9973927349885,41.7324574082052));
#589=CARTESIAN_POINT('Ctrl Pts',(169.020495300798,149.996759143651,37.0989995140021));
#590=CARTESIAN_POINT('Ctrl Pts',(161.417232327632,224.996990001201,32.8510498666981));
#591=CARTESIAN_POINT('Ctrl Pts',(156.301277790114,274.998697397614,30.2847699580706));
#592=CARTESIAN_POINT('Ctrl Pts',(151.172223268423,324.997700043967,27.851100726725));
#593=CARTESIAN_POINT('Ctrl Pts',(146.046110272336,374.995739398266,25.5612921242492));
#594=CARTESIAN_POINT('Ctrl Pts',(138.31921619688,449.997101975225,22.4686207900718));
#595=CARTESIAN_POINT('Ctrl Pts',(130.512709161212,524.999883493351,19.6197541105389));
#596=CARTESIAN_POINT('Ctrl Pts',(125.227577076059,575.000582966392,17.8204547989376));
#597=CARTESIAN_POINT('Ctrl Pts',(119.887284598527,624.99913226292,16.0456464443126));
#598=CARTESIAN_POINT('Ctrl Pts',(114.472231701506,674.99782138058,14.3012840394388));
#599=CARTESIAN_POINT('Ctrl Pts',(106.236866987671,749.996817207771,11.8143206239595));
#600=CARTESIAN_POINT('Ctrl Pts',(97.9959410225742,824.997426432477,9.51409040610073));
#601=CARTESIAN_POINT('Ctrl Pts',(92.5681090641913,874.99884923693,8.14821022561011));
#602=CARTESIAN_POINT('Ctrl Pts',(87.2087231785829,924.993638954577,6.88646467197108));
#603=CARTESIAN_POINT('Ctrl Pts',(81.9010751308122,974.985803651969,5.71736599108884));
#604=CARTESIAN_POINT('Ctrl Pts',(74.0245559724132,1049.98554772773,4.24983224757735));
#605=CARTESIAN_POINT('Ctrl Pts',(66.1656716995071,1124.99232288888,3.0672808592447));
#606=CARTESIAN_POINT('Ctrl Pts',(60.893377769655,1174.99752228907,2.46540828667119));
#607=CARTESIAN_POINT('Ctrl Pts',(58.2376354915156,1200.,2.21036035996396));
#608=CARTESIAN_POINT('Ctrl Pts',(164.242511569912,0.,44.0558210132955));
#609=CARTESIAN_POINT('Ctrl Pts',(162.088959942859,24.9992241533278,42.3966342224927));
#610=CARTESIAN_POINT('Ctrl Pts',(157.720679016664,74.9972080476603,39.2036319367417));
#611=CARTESIAN_POINT('Ctrl Pts',(151.027847680837,149.996468495544,34.8134855544085));
#612=CARTESIAN_POINT('Ctrl Pts',(144.238220373077,224.996730667659,30.8462775188545));
#613=CARTESIAN_POINT('Ctrl Pts',(139.677885502904,274.998585469868,28.4937563078425));
#614=CARTESIAN_POINT('Ctrl Pts',(135.118056155285,324.997811899632,26.28706182529));
#615=CARTESIAN_POINT('Ctrl Pts',(130.617972122354,374.995947170756,24.2813754302947));
#616=CARTESIAN_POINT('Ctrl Pts',(123.913349444174,449.997230656815,21.6856729790095));
#617=CARTESIAN_POINT('Ctrl Pts',(117.125649400662,524.999868340839,19.3025828663862));
#618=CARTESIAN_POINT('Ctrl Pts',(112.459533840831,575.000543511032,17.7258526367039));
#619=CARTESIAN_POINT('Ctrl Pts',(107.678934611529,624.999171872544,16.0973397337455));
#620=CARTESIAN_POINT('Ctrl Pts',(102.756026304485,674.997862746638,14.4521998212382));
#621=CARTESIAN_POINT('Ctrl Pts',(95.1869505381484,749.996746399368,12.013877016323));
#622=CARTESIAN_POINT('Ctrl Pts',(87.6700067773687,824.997273295847,9.70715836960434));
#623=CARTESIAN_POINT('Ctrl Pts',(82.8492864746081,874.99876245597,8.33136771563256));
#624=CARTESIAN_POINT('Ctrl Pts',(78.202072528503,924.993725589866,7.07230758892378));
#625=CARTESIAN_POINT('Ctrl Pts',(73.7146964130134,974.985820792857,5.91339565818226));
#626=CARTESIAN_POINT('Ctrl Pts',(67.2672444357839,1049.98519203465,4.47504140859776));
#627=CARTESIAN_POINT('Ctrl Pts',(60.9103291278281,1124.99176347961,3.32492459936263));
#628=CARTESIAN_POINT('Ctrl Pts',(56.6042168308977,1174.99722303279,2.73887006158308));
#629=CARTESIAN_POINT('Ctrl Pts',(54.401889878677,1200.,2.48817425856344));
#630=CARTESIAN_POINT('Ctrl Pts',(136.850557061441,0.,41.3183391943267));
#631=CARTESIAN_POINT('Ctrl Pts',(135.11671005293,24.9991012201842,39.7217632369779));
#632=CARTESIAN_POINT('Ctrl Pts',(131.595022011645,74.9968377972924,36.6795958056752));
#633=CARTESIAN_POINT('Ctrl Pts',(126.161145192004,149.995873782486,32.5786619902325));
#634=CARTESIAN_POINT('Ctrl Pts',(120.587744772543,224.996196310606,28.9473873412266));
#635=CARTESIAN_POINT('Ctrl Pts',(116.789818497986,274.998355669473,26.8355792151645));
#636=CARTESIAN_POINT('Ctrl Pts',(112.959209543555,324.998041501737,24.8678148611557));
#637=CARTESIAN_POINT('Ctrl Pts',(109.177891560271,374.996390271768,23.1514248745295));
#638=CARTESIAN_POINT('Ctrl Pts',(103.538546843134,449.997547119312,21.0490061915538));
#639=CARTESIAN_POINT('Ctrl Pts',(97.8236042253297,524.999894476529,19.1225794898178));
#640=CARTESIAN_POINT('Ctrl Pts',(93.8909567400906,575.000486227251,17.7646499301608));
#641=CARTESIAN_POINT('Ctrl Pts',(89.8586831879154,624.999229596586,16.2857210181056));
#642=CARTESIAN_POINT('Ctrl Pts',(85.7011276248896,674.997916746741,14.7612674982553));
#643=CARTESIAN_POINT('Ctrl Pts',(79.3415451184903,749.996600355031,12.423324105792));
#644=CARTESIAN_POINT('Ctrl Pts',(73.1023101430258,824.996985275746,10.1557223049811));
#645=CARTESIAN_POINT('Ctrl Pts',(69.181987911185,874.998602992888,8.78178840252157));
#646=CARTESIAN_POINT('Ctrl Pts',(65.4606742941485,924.993884697767,7.52015406443169));
#647=CARTESIAN_POINT('Ctrl Pts',(61.9657772874446,974.985848921316,6.36996090657757));
#648=CARTESIAN_POINT('Ctrl Pts',(57.1256874448488,1049.98454423152,4.96769401054667));
#649=CARTESIAN_POINT('Ctrl Pts',(52.413928271743,1124.99075498371,3.85903894628395));
#650=CARTESIAN_POINT('Ctrl Pts',(49.1762956486524,1174.99668613335,3.28955896551594));
#651=CARTESIAN_POINT('Ctrl Pts',(47.4878718230214,1200.,3.04035574704192));
#652=CARTESIAN_POINT('Ctrl Pts',(111.320797318313,0.,39.7128649883009));
#653=CARTESIAN_POINT('Ctrl Pts',(109.989518598422,24.9989925742747,38.1739713182632));
#654=CARTESIAN_POINT('Ctrl Pts',(107.29445076788,74.9965098777131,35.2535580054702));
#655=CARTESIAN_POINT('Ctrl Pts',(103.106551404217,149.99534864131,31.3624364326391));
#656=CARTESIAN_POINT('Ctrl Pts',(98.7276038241625,224.995728543074,27.9734020431633));
#657=CARTESIAN_POINT('Ctrl Pts',(95.6547492870825,274.998156792827,26.0439781478094));
#658=CARTESIAN_POINT('Ctrl Pts',(92.4963267446091,324.998240146434,24.2651834776752));
#659=CARTESIAN_POINT('Ctrl Pts',(89.2721588796035,374.996773303428,22.7267183662372));
#660=CARTESIAN_POINT('Ctrl Pts',(84.3025085398728,449.997818504901,20.8616273996118));
#661=CARTESIAN_POINT('Ctrl Pts',(79.2725535699833,524.999908125369,19.1415995681899));
#662=CARTESIAN_POINT('Ctrl Pts',(75.9273465792596,575.000428089677,17.9029878745388));
#663=CARTESIAN_POINT('Ctrl Pts',(72.6070802998134,624.999288266946,16.5403894265311));
#664=CARTESIAN_POINT('Ctrl Pts',(69.2527168797642,674.997983242734,15.1244264542148));
#665=CARTESIAN_POINT('Ctrl Pts',(64.2565737843888,749.996483025022,12.907064365928));
#666=CARTESIAN_POINT('Ctrl Pts',(59.4202341386565,824.996727236305,10.715024144099));
#667=CARTESIAN_POINT('Ctrl Pts',(56.3803737696482,874.998458099228,9.36391000229325));
#668=CARTESIAN_POINT('Ctrl Pts',(53.471192546646,924.994029171111,8.11179738996632));
#669=CARTESIAN_POINT('Ctrl Pts',(50.7401577058548,974.985865890868,6.97179358243874));
#670=CARTESIAN_POINT('Ctrl Pts',(46.9689861951611,1049.98393807361,5.59102095618131));
#671=CARTESIAN_POINT('Ctrl Pts',(43.317607030078,1124.98982470071,4.5062830264848));
#672=CARTESIAN_POINT('Ctrl Pts',(40.8272656988907,1174.99619327962,3.94841632833244));
#673=CARTESIAN_POINT('Ctrl Pts',(39.5342238499639,1200.,3.70202050120259));
#674=CARTESIAN_POINT('Ctrl Pts',(90.6146615047652,0.,38.4883089021918));
#675=CARTESIAN_POINT('Ctrl Pts',(89.5963139541493,24.9989496783232,37.0186448078384));
#676=CARTESIAN_POINT('Ctrl Pts',(87.5367656266486,74.9963848319858,34.2311365868691));
#677=CARTESIAN_POINT('Ctrl Pts',(84.3050720687424,149.995159286051,30.5375742086858));
#678=CARTESIAN_POINT('Ctrl Pts',(80.8598147225243,224.995570852718,27.3571348345572));
#679=CARTESIAN_POINT('Ctrl Pts',(78.378501025073,274.998094230194,25.5797268429001));
#680=CARTESIAN_POINT('Ctrl Pts',(75.7890260490181,324.998302583671,23.9597456067979));
#681=CARTESIAN_POINT('Ctrl Pts',(73.0554566101954,374.996882878798,22.531892572454));
#682=CARTESIAN_POINT('Ctrl Pts',(68.7110043708767,449.997866653438,20.7497758274247));
#683=CARTESIAN_POINT('Ctrl Pts',(64.3214574864106,524.999857944641,19.0879655511655));
#684=CARTESIAN_POINT('Ctrl Pts',(61.4970598048665,575.000376593065,17.9127440384774));
#685=CARTESIAN_POINT('Ctrl Pts',(58.7856146574825,624.999340109114,16.6498805389896));
#686=CARTESIAN_POINT('Ctrl Pts',(56.1146806600086,674.998066160468,15.332947443041));
#687=CARTESIAN_POINT('Ctrl Pts',(52.2572166815887,749.996466297676,13.2433602827038));
#688=CARTESIAN_POINT('Ctrl Pts',(48.5597706826337,824.996610811979,11.1507952132956));
#689=CARTESIAN_POINT('Ctrl Pts',(46.2026100823561,874.998386073125,9.84518680109861));
#690=CARTESIAN_POINT('Ctrl Pts',(43.8992232875757,924.994100940004,8.62667459298466));
#691=CARTESIAN_POINT('Ctrl Pts',(41.6880470339142,974.985859428558,7.50527063896402));
#692=CARTESIAN_POINT('Ctrl Pts',(38.5552808555937,1049.98359763161,6.13107626598329));
#693=CARTESIAN_POINT('Ctrl Pts',(35.517609338794,1124.98932093563,5.04959971818574));
#694=CARTESIAN_POINT('Ctrl Pts',(33.4980941948514,1174.99592943518,4.5013020145702));
#695=CARTESIAN_POINT('Ctrl Pts',(32.4755160549142,1200.,4.2636302682628));
#696=CARTESIAN_POINT('Ctrl Pts',(73.6536095535085,0.,36.7186536079853));
#697=CARTESIAN_POINT('Ctrl Pts',(72.8671265081713,24.9989653507604,35.3322245441337));
#698=CARTESIAN_POINT('Ctrl Pts',(71.2597551326905,74.9964415079928,32.7158372552411));
#699=CARTESIAN_POINT('Ctrl Pts',(68.6943114284634,149.995270907229,29.2848211124945));
#700=CARTESIAN_POINT('Ctrl Pts',(65.9261933969045,224.99568994223,26.3637238409082));
#701=CARTESIAN_POINT('Ctrl Pts',(63.9193343872644,274.998152491678,24.7496381867768));
#702=CARTESIAN_POINT('Ctrl Pts',(61.8240844954194,324.998244282265,23.2832967215347));
#703=CARTESIAN_POINT('Ctrl Pts',(59.6150440667579,374.996749009615,21.9701942467153));
#704=CARTESIAN_POINT('Ctrl Pts',(56.1081081738505,449.997714108883,20.2919820030195));
#705=CARTESIAN_POINT('Ctrl Pts',(52.567298731363,524.999750192879,18.7126450998227));
#706=CARTESIAN_POINT('Ctrl Pts',(50.2897679668709,575.000332190056,17.610395924927));
#707=CARTESIAN_POINT('Ctrl Pts',(48.1021166737586,624.999384673081,16.447298949006));
#708=CARTESIAN_POINT('Ctrl Pts',(45.9677506282412,674.998159269554,15.2314822345965));
#709=CARTESIAN_POINT('Ctrl Pts',(42.922693218309,749.996535818353,13.2831134760439));
#710=CARTESIAN_POINT('Ctrl Pts',(40.01300702222,824.996620985403,11.3120635128165));
#711=CARTESIAN_POINT('Ctrl Pts',(38.1425716215357,874.998379614653,10.0696179149711));
#712=CARTESIAN_POINT('Ctrl Pts',(36.2955256564987,924.994107285422,8.90273454046596));
#713=CARTESIAN_POINT('Ctrl Pts',(34.4925761809978,974.98583510913,7.81331090597441));
#714=CARTESIAN_POINT('Ctrl Pts',(31.891114446267,1049.98350204721,6.45517979196456));
#715=CARTESIAN_POINT('Ctrl Pts',(29.3670594721764,1124.98920460285,5.38219224868039));
#716=CARTESIAN_POINT('Ctrl Pts',(27.7205634934642,1174.99587251281,4.84959786565995));
#717=CARTESIAN_POINT('Ctrl Pts',(26.9027926414668,1200.,4.62591297091239));
#718=CARTESIAN_POINT('Ctrl Pts',(65.0371330234808,0.,35.4118660803515));
#719=CARTESIAN_POINT('Ctrl Pts',(64.3595955531522,24.998993430451,34.0788660340435));
#720=CARTESIAN_POINT('Ctrl Pts',(62.9562987940129,74.9965333757948,31.575932595306));
#721=CARTESIAN_POINT('Ctrl Pts',(60.6851470915914,149.995433452064,28.3220951063741));
#722=CARTESIAN_POINT('Ctrl Pts',(58.2291753282358,224.995848897134,25.5721543948105));
#723=CARTESIAN_POINT('Ctrl Pts',(56.4621942465534,274.998225470212,24.0592249736889));
#724=CARTESIAN_POINT('Ctrl Pts',(54.6327113735396,324.9981713192,22.6828633395792));
#725=CARTESIAN_POINT('Ctrl Pts',(52.7330760677522,374.9965922791,21.4432417205243));
#726=CARTESIAN_POINT('Ctrl Pts',(49.7581030242473,449.997560104039,19.844849588626));
#727=CARTESIAN_POINT('Ctrl Pts',(46.7541460031503,524.999668664314,18.333703068808));
#728=CARTESIAN_POINT('Ctrl Pts',(44.795776336982,575.000308683008,17.2818828891044));
#729=CARTESIAN_POINT('Ctrl Pts',(42.8868423698952,624.999408198188,16.1783790721474));
#730=CARTESIAN_POINT('Ctrl Pts',(41.0167061174028,674.998216455978,15.0244412459162));
#731=CARTESIAN_POINT('Ctrl Pts',(38.3356678788795,749.996603924364,13.1671607917653));
#732=CARTESIAN_POINT('Ctrl Pts',(35.7685347373309,824.996667875645,11.2778948533096));
#733=CARTESIAN_POINT('Ctrl Pts',(34.1192907931331,874.998397099145,10.078996593325));
#734=CARTESIAN_POINT('Ctrl Pts',(32.4933660255183,924.994089796438,8.94773599753057));
#735=CARTESIAN_POINT('Ctrl Pts',(30.8985823475497,974.985815436304,7.8836969486343));
#736=CARTESIAN_POINT('Ctrl Pts',(28.5869381698731,1049.983526181,6.54569974594707));
#737=CARTESIAN_POINT('Ctrl Pts',(26.3466494997561,1124.98926262298,5.48713051325161));
#738=CARTESIAN_POINT('Ctrl Pts',(24.8962469345815,1174.9959064601,4.96828051541779));
#739=CARTESIAN_POINT('Ctrl Pts',(24.1809996700354,1200.,4.75445318720318));
#740=CARTESIAN_POINT('Ctrl Pts',(56.2251649437891,0.,33.7895231218766));
#741=CARTESIAN_POINT('Ctrl Pts',(55.6547542649234,24.9990342012139,32.5183238051409));
#742=CARTESIAN_POINT('Ctrl Pts',(54.4470310083524,74.9966652284275,30.1476132594187));
#743=CARTESIAN_POINT('Ctrl Pts',(52.4542045621703,149.995663350771,27.1007641309378));
#744=CARTESIAN_POINT('Ctrl Pts',(50.302509519037,224.996070709159,24.5492104205614));
#745=CARTESIAN_POINT('Ctrl Pts',(48.7830052598981,274.998326198161,23.1513176141454));
#746=CARTESIAN_POINT('Ctrl Pts',(47.2369546089195,324.998070620243,21.8756262294414));
#747=CARTESIAN_POINT('Ctrl Pts',(45.6720947644742,374.996378502347,20.7221476693591));
#748=CARTESIAN_POINT('Ctrl Pts',(43.278536815635,449.997356239799,19.2249278239508));
#749=CARTESIAN_POINT('Ctrl Pts',(40.8604069519488,524.999568809848,17.8024362928296));
#750=CARTESIAN_POINT('Ctrl Pts',(39.2456323742926,575.000283929247,16.8117241085871));
#751=CARTESIAN_POINT('Ctrl Pts',(37.6318638807453,624.999432940037,15.7755045614079));
#752=CARTESIAN_POINT('Ctrl Pts',(36.0299528053708,674.998281075369,14.6927356468688));
#753=CARTESIAN_POINT('Ctrl Pts',(33.6973439560221,749.996693301193,12.9433195939142));
#754=CARTESIAN_POINT('Ctrl Pts',(31.4516420258949,824.996740763462,11.152487385157));
#755=CARTESIAN_POINT('Ctrl Pts',(30.0166255520581,874.998427355952,10.0058940279382));
#756=CARTESIAN_POINT('Ctrl Pts',(28.6138359631119,924.994059558757,8.91675995733951));
#757=CARTESIAN_POINT('Ctrl Pts',(27.2350269414544,974.98579096409,7.88576765622547));
#758=CARTESIAN_POINT('Ctrl Pts',(25.2348194823066,1049.98359409321,6.58025811127554));
#759=CARTESIAN_POINT('Ctrl Pts',(23.3022922765196,1124.98939156731,5.54721910570404));
#760=CARTESIAN_POINT('Ctrl Pts',(22.0605100241061,1174.99597851111,5.04750910582331));
#761=CARTESIAN_POINT('Ctrl Pts',(21.4519116552155,1200.,4.84546652536163));
#762=CARTESIAN_POINT('Ctrl Pts',(45.9037756755115,0.,31.5980454740257));
#763=CARTESIAN_POINT('Ctrl Pts',(45.4631741709102,24.9991435734502,30.4299996874113));
#764=CARTESIAN_POINT('Ctrl Pts',(44.4827299677003,74.9973503981588,28.2904782981722));
#765=CARTESIAN_POINT('Ctrl Pts',(42.8387152386948,149.996473230772,25.4736147156917));
#766=CARTESIAN_POINT('Ctrl Pts',(41.0568970494983,224.996718089414,23.1326158060184));
#767=CARTESIAN_POINT('Ctrl Pts',(39.8218765889387,274.998578409492,21.8785439065594));
#768=CARTESIAN_POINT('Ctrl Pts',(38.5910179804913,324.997818600357,20.7589913506143));
#769=CARTESIAN_POINT('Ctrl Pts',(37.423274739992,374.995858409495,19.72557245603));
#770=CARTESIAN_POINT('Ctrl Pts',(35.7534945689569,449.996883192674,18.3389653730569));
#771=CARTESIAN_POINT('Ctrl Pts',(34.0627073520032,524.999363334354,17.0127672213594));
#772=CARTESIAN_POINT('Ctrl Pts',(32.8520084752404,575.000249781882,16.1115257027542));
#773=CARTESIAN_POINT('Ctrl Pts',(31.563010688646,624.999466844062,15.1919646133905));
#774=CARTESIAN_POINT('Ctrl Pts',(30.2514196706977,674.998384012024,14.2090048086182));
#775=CARTESIAN_POINT('Ctrl Pts',(28.2946681709923,749.996890733906,12.5758346822091));
#776=CARTESIAN_POINT('Ctrl Pts',(26.401378210127,824.996949244435,10.8913517945766));
#777=CARTESIAN_POINT('Ctrl Pts',(25.2111697979006,874.998525297452,9.82137018467597));
#778=CARTESIAN_POINT('Ctrl Pts',(24.0712354901256,924.993961785676,8.82077399710774));
#779=CARTESIAN_POINT('Ctrl Pts',(22.9177041947349,974.985709838682,7.85291659412439));
#780=CARTESIAN_POINT('Ctrl Pts',(21.1955458519589,1049.98381098489,6.59367008481869));
#781=CARTESIAN_POINT('Ctrl Pts',(19.533719782537,1124.98976537629,5.59319731323536));
#782=CARTESIAN_POINT('Ctrl Pts',(18.4989803502926,1174.9962501804,5.0986993730727));
#783=CARTESIAN_POINT('Ctrl Pts',(18.0118963713914,1200.,4.92333107893755));
#784=CARTESIAN_POINT('Ctrl Pts',(28.3802064767552,0.,25.7946045154184));
#785=CARTESIAN_POINT('Ctrl Pts',(28.1541573977562,24.9994317755527,24.8556611260534));
#786=CARTESIAN_POINT('Ctrl Pts',(27.5472026891868,74.9993754089433,23.29113842424));
#787=CARTESIAN_POINT('Ctrl Pts',(26.5412733761393,149.998732543486,21.0101434127602));
#788=CARTESIAN_POINT('Ctrl Pts',(25.4173573395433,224.998454777004,19.1546600411775));
#789=CARTESIAN_POINT('Ctrl Pts',(24.6452169284792,274.999228982855,18.2147640557728));
#790=CARTESIAN_POINT('Ctrl Pts',(23.894388576959,324.9971685621,17.4245907124962));
#791=CARTESIAN_POINT('Ctrl Pts',(23.3745778553948,374.994529367856,16.6626298633241));
#792=CARTESIAN_POINT('Ctrl Pts',(22.941815622142,449.995695315096,15.557147685711));
#793=CARTESIAN_POINT('Ctrl Pts',(22.4920417381614,524.99887209897,14.4878304116493));
#794=CARTESIAN_POINT('Ctrl Pts',(21.9367117810598,575.000185114937,13.8031249421976));
#795=CARTESIAN_POINT('Ctrl Pts',(21.1387011985835,624.999530765683,13.1440259420317));
#796=CARTESIAN_POINT('Ctrl Pts',(20.2717508675661,674.998601778122,12.3954466872289));
#797=CARTESIAN_POINT('Ctrl Pts',(18.9127057614579,749.997379915936,11.05788779439));
#798=CARTESIAN_POINT('Ctrl Pts',(17.592738622233,824.997509372987,9.65675346868601));
#799=CARTESIAN_POINT('Ctrl Pts',(16.8029538069154,874.998796573968,8.78540022565899));
#800=CARTESIAN_POINT('Ctrl Pts',(16.0910483667442,924.993690999755,8.00687004124075));
#801=CARTESIAN_POINT('Ctrl Pts',(15.3130037988051,974.985486436729,7.21075452575066));
#802=CARTESIAN_POINT('Ctrl Pts',(14.0671701942218,1049.9844177011,6.10666889816611));
#803=CARTESIAN_POINT('Ctrl Pts',(12.864559700671,1124.99078695994,5.23052519569312));
#804=CARTESIAN_POINT('Ctrl Pts',(12.1594099706709,1174.99702764672,4.74531694818551));
#805=CARTESIAN_POINT('Ctrl Pts',(11.8631728732117,1200.,4.64207335367696));
#806=CARTESIAN_POINT('Ctrl Pts',(12.1234809284325,0.,17.0300211932948));
#807=CARTESIAN_POINT('Ctrl Pts',(12.0898707963394,24.9997649970284,16.3484937190525));
#808=CARTESIAN_POINT('Ctrl Pts',(11.8274291094741,75.0017426407846,15.4961797121665));
#809=CARTESIAN_POINT('Ctrl Pts',(11.4628102819694,150.001354414107,13.9858735977309));
#810=CARTESIAN_POINT('Ctrl Pts',(10.9926439597899,225.000458967344,12.8402849248282));
#811=CARTESIAN_POINT('Ctrl Pts',(10.6486971665455,274.99997557703,12.301807816563));
#812=CARTESIAN_POINT('Ctrl Pts',(10.3136711409431,324.99642261548,11.8708300915006));
#813=CARTESIAN_POINT('Ctrl Pts',(10.2517756665383,374.993009025891,11.4404543007829));
#814=CARTESIAN_POINT('Ctrl Pts',(10.5843924348201,449.994346454363,10.7464019788394));
#815=CARTESIAN_POINT('Ctrl Pts',(10.9040812127779,524.998325815882,10.0634163097629));
#816=CARTESIAN_POINT('Ctrl Pts',(10.8141898223794,575.000120250308,9.65249144717134));
#817=CARTESIAN_POINT('Ctrl Pts',(10.4432654868378,624.999594733283,9.28061294564131));
#818=CARTESIAN_POINT('Ctrl Pts',(10.0051199295072,674.998835065255,8.84650702308079));
#819=CARTESIAN_POINT('Ctrl Pts',(9.29905670982876,749.997936211583,8.00575950424571));
#820=CARTESIAN_POINT('Ctrl Pts',(8.61702039699689,824.998161839147,7.09518790270158));
#821=CARTESIAN_POINT('Ctrl Pts',(8.23131418867573,874.99911531343,6.51253653165483));
#822=CARTESIAN_POINT('Ctrl Pts',(7.90881047435735,924.993372854409,5.99782247547686));
#823=CARTESIAN_POINT('Ctrl Pts',(7.50692860691488,974.985228140611,5.43996712520582));
#824=CARTESIAN_POINT('Ctrl Pts',(6.79675137324698,1049.98514425559,4.62548704059311));
#825=CARTESIAN_POINT('Ctrl Pts',(6.11131016485155,1124.99200319729,4.00733805871668));
#826=CARTESIAN_POINT('Ctrl Pts',(5.73154276855269,1174.99795048101,3.57806050631886));
#827=CARTESIAN_POINT('Ctrl Pts',(5.60493953311222,1200.,3.56717470116455));
#828=CARTESIAN_POINT('Ctrl Pts',(3.10916131158254,0.,8.48969949402155));
#829=CARTESIAN_POINT('Ctrl Pts',(3.18253130671112,25.00001418967,8.00789049273035));
#830=CARTESIAN_POINT('Ctrl Pts',(3.10929819029161,75.0034546772209,7.7279630386427));
#831=CARTESIAN_POINT('Ctrl Pts',(3.12142632318841,150.003273122146,6.91329609574054));
#832=CARTESIAN_POINT('Ctrl Pts',(3.03589701320207,225.001936945618,6.41297849030117));
#833=CARTESIAN_POINT('Ctrl Pts',(2.93839807597415,275.000530860282,6.21275936532815));
#834=CARTESIAN_POINT('Ctrl Pts',(2.83679182991239,324.995867805132,6.05149797559749));
#835=CARTESIAN_POINT('Ctrl Pts',(2.8602627725384,374.991880635251,5.89295005119482));
#836=CARTESIAN_POINT('Ctrl Pts',(3.11054989048871,449.993352688761,5.57723624102505));
#837=CARTESIAN_POINT('Ctrl Pts',(3.35258947681249,524.997931366312,5.2525515146228));
#838=CARTESIAN_POINT('Ctrl Pts',(3.3569835357842,575.000077090538,5.06801214151772));
#839=CARTESIAN_POINT('Ctrl Pts',(3.23226996887706,624.99963724914,4.90885296804986));
#840=CARTESIAN_POINT('Ctrl Pts',(3.08246449857762,674.999002550968,4.74935190787404));
#841=CARTESIAN_POINT('Ctrl Pts',(2.87949868748213,749.998350790507,4.40574663994365));
#842=CARTESIAN_POINT('Ctrl Pts',(2.69458267488227,824.998653264423,3.99497683449594));
#843=CARTESIAN_POINT('Ctrl Pts',(2.58905134650001,874.999356388286,3.68288471052345));
#844=CARTESIAN_POINT('Ctrl Pts',(2.49854918021129,924.993132214089,3.3832166341174));
#845=CARTESIAN_POINT('Ctrl Pts',(2.35930910026117,974.985039496414,3.05587570542128));
#846=CARTESIAN_POINT('Ctrl Pts',(2.08308784599262,1049.98571494253,2.59122599712502));
#847=CARTESIAN_POINT('Ctrl Pts',(1.81897037996211,1124.99295710649,2.30384519096771));
#848=CARTESIAN_POINT('Ctrl Pts',(1.66684076178729,1174.99865344689,1.98297315503047));
#849=CARTESIAN_POINT('Ctrl Pts',(1.63909825341171,1200.,2.05601925588978));
#850=CARTESIAN_POINT('Ctrl Pts',(-0.0141611516329702,0.,2.9441015649068));
#851=CARTESIAN_POINT('Ctrl Pts',(0.0917879598993999,25.0001568156905,2.59015367543928));
#852=CARTESIAN_POINT('Ctrl Pts',(0.0617949114314314,75.0043404165056,2.64702434893286));
#853=CARTESIAN_POINT('Ctrl Pts',(0.169043477331665,150.004307373603,2.25404471052497));
#854=CARTESIAN_POINT('Ctrl Pts',(0.185664103085651,225.002754958844,2.14070353014523));
#855=CARTESIAN_POINT('Ctrl Pts',(0.165060988948221,275.000846807786,2.14479849459939));
#856=CARTESIAN_POINT('Ctrl Pts',(0.146605713149127,324.99555207919,2.14886684915583));
#857=CARTESIAN_POINT('Ctrl Pts',(0.154854298153684,374.991239835334,2.14903997930985));
#858=CARTESIAN_POINT('Ctrl Pts',(0.241789897500703,449.992794510989,2.04356346146558));
#859=CARTESIAN_POINT('Ctrl Pts',(0.325721123156445,524.997716280686,1.91456432141021));
#860=CARTESIAN_POINT('Ctrl Pts',(0.325172180146321,575.00005574395,1.85710658258835));
#861=CARTESIAN_POINT('Ctrl Pts',(0.297744264834472,624.999658300126,1.82278648086223));
#862=CARTESIAN_POINT('Ctrl Pts',(0.262103093147431,674.999096481077,1.8176339001191));
#863=CARTESIAN_POINT('Ctrl Pts',(0.259823150816748,749.998590097527,1.74987658450216));
#864=CARTESIAN_POINT('Ctrl Pts',(0.274021268528746,824.998937469927,1.6235120998835));
#865=CARTESIAN_POINT('Ctrl Pts',(0.281301979770103,874.999496061983,1.47845724538943));
#866=CARTESIAN_POINT('Ctrl Pts',(0.284714905523218,924.992992745419,1.32418908634134));
#867=CARTESIAN_POINT('Ctrl Pts',(0.273873336484277,974.984937949931,1.15691070710024));
#868=CARTESIAN_POINT('Ctrl Pts',(0.239089562732906,1049.98606983042,0.946748575871367));
#869=CARTESIAN_POINT('Ctrl Pts',(0.210318857214176,1124.99355136791,0.907731206267631));
#870=CARTESIAN_POINT('Ctrl Pts',(0.169799610471485,1174.99906383861,0.694964603540146));
#871=CARTESIAN_POINT('Ctrl Pts',(0.180751467389381,1200.,0.833402696504041));
#872=CARTESIAN_POINT('Ctrl Pts',(-0.214239652216172,0.,0.859268312315965));
#873=CARTESIAN_POINT('Ctrl Pts',(-0.113166087105522,25.0002026461307,0.554777144903627));
#874=CARTESIAN_POINT('Ctrl Pts',(-0.160726977897402,75.0045673968879,0.727574021180188));
#875=CARTESIAN_POINT('Ctrl Pts',(-0.0780349260817613,150.004600777353,0.490613315236155));
#876=CARTESIAN_POINT('Ctrl Pts',(-0.0818494682004929,225.00300100062,0.518692058864889));
#877=CARTESIAN_POINT('Ctrl Pts',(-0.108013885799023,275.000947345899,0.597399285758353));
#878=CARTESIAN_POINT('Ctrl Pts',(-0.125377643949195,324.995451603048,0.661871226511887));
#879=CARTESIAN_POINT('Ctrl Pts',(-0.133281535770465,374.991036547437,0.711599109350802));
#880=CARTESIAN_POINT('Ctrl Pts',(-0.0939697455275269,449.992620809906,0.658820133221511));
#881=CARTESIAN_POINT('Ctrl Pts',(-0.0544189527809399,524.997652889074,0.575894695481161));
#882=CARTESIAN_POINT('Ctrl Pts',(-0.0646733733824764,575.000050561742,0.554255642041496));
#883=CARTESIAN_POINT('Ctrl Pts',(-0.0823303768641253,624.999663413077,0.562349862857082));
#884=CARTESIAN_POINT('Ctrl Pts',(-0.107549302547105,674.999126102185,0.604191628672745));
#885=CARTESIAN_POINT('Ctrl Pts',(-0.092193350228246,749.998668471204,0.616337770585521));
#886=CARTESIAN_POINT('Ctrl Pts',(-0.0601967761192076,824.999030345754,0.576584740827425));
#887=CARTESIAN_POINT('Ctrl Pts',(-0.0418233524724144,874.999541765206,0.49108731824181));
#888=CARTESIAN_POINT('Ctrl Pts',(-0.0280461265793225,924.992947098717,0.396681674510309));
#889=CARTESIAN_POINT('Ctrl Pts',(-0.0193215913642473,974.984909202171,0.293685229584703));
#890=CARTESIAN_POINT('Ctrl Pts',(-0.0115833305309465,1049.9861999341,0.186099463704643));
#891=CARTESIAN_POINT('Ctrl Pts',(0.000851682795314332,1124.99377002019,
0.250427311166795));
#892=CARTESIAN_POINT('Ctrl Pts',(-0.0236200399864192,1174.99919967317,0.0958509110628225));
#893=CARTESIAN_POINT('Ctrl Pts',(-0.00926827401711107,1200.,0.265408642249336));
#894=CARTESIAN_POINT('Ctrl Pts',(1.72342476259338E-15,0.,-6.91227917819304E-15));
#895=CARTESIAN_POINT('Ctrl Pts',(0.092471092915307,25.0002175262291,-0.284342556936861));
#896=CARTESIAN_POINT('Ctrl Pts',(0.0268811195667986,75.0046132731643,-0.0685124141915298));
#897=CARTESIAN_POINT('Ctrl Pts',(0.0824442424240323,150.004677333279,-0.24000998084747));
#898=CARTESIAN_POINT('Ctrl Pts',(0.0538036818324217,225.003072902008,-0.1528519642555));
#899=CARTESIAN_POINT('Ctrl Pts',(0.0142151086333875,275.000979576546,-0.0438768898055816));
#900=CARTESIAN_POINT('Ctrl Pts',(-0.0142129623317671,324.995419377043,0.043870438030503));
#901=CARTESIAN_POINT('Ctrl Pts',(-0.0314870629240665,374.990971625703,0.110406599125173));
#902=CARTESIAN_POINT('Ctrl Pts',(-0.00278673303817893,449.992566917722,
0.0715867286751569));
#903=CARTESIAN_POINT('Ctrl Pts',(0.0279601014286946,524.997634900731,-0.000489023555147911));
#904=CARTESIAN_POINT('Ctrl Pts',(0.0119504052144117,575.000049624359,-0.0115382964477784));
#905=CARTESIAN_POINT('Ctrl Pts',(-0.0119502667066468,624.999664350449,0.0115385943430443));
#906=CARTESIAN_POINT('Ctrl Pts',(-0.0437433478694227,674.999135583374,0.0687410985192522));
#907=CARTESIAN_POINT('Ctrl Pts',(-0.0386002219220757,749.998694715683,0.10651160128328));
#908=CARTESIAN_POINT('Ctrl Pts',(-0.0165281677088167,824.999061241052,0.0964152905926729));
#909=CARTESIAN_POINT('Ctrl Pts',(-0.00415218588724424,874.999556978705,
0.0343431758797098));
#910=CARTESIAN_POINT('Ctrl Pts',(0.00415118503787132,924.992931889789,-0.0343307881133483));
#911=CARTESIAN_POINT('Ctrl Pts',(0.00838467518140398,974.984901726111,-0.109614783736222));
#912=CARTESIAN_POINT('Ctrl Pts',(0.0107951903966533,1049.98624977908,-0.17188372329188));
#913=CARTESIAN_POINT('Ctrl Pts',(0.0177744299305603,1124.99385418428,-0.0606969553489131));
#914=CARTESIAN_POINT('Ctrl Pts',(-0.0114444292531951,1174.9992455599,-0.184477390333815));
#915=CARTESIAN_POINT('Ctrl Pts',(4.16448873730437E-17,1200.,-1.19255354275244E-15));
#916=CARTESIAN_POINT('Ctrl Pts',(194.059145255199,0.,48.3843791199335));
#917=CARTESIAN_POINT('Ctrl Pts',(192.821051798604,11.9965398593042,47.5359771071804));
#918=CARTESIAN_POINT('Ctrl Pts',(190.337994742931,35.9898755296926,45.8622013331637));
#919=CARTESIAN_POINT('Ctrl Pts',(186.592798772542,71.9806468890953,43.420622290358));
#920=CARTESIAN_POINT('Ctrl Pts',(181.557814818826,119.969884022475,40.3039177798549));
#921=CARTESIAN_POINT('Ctrl Pts',(175.194465593283,179.959017782165,36.6414683524116));
#922=CARTESIAN_POINT('Ctrl Pts',(168.761321383879,239.950726242665,33.2132562782512));
#923=CARTESIAN_POINT('Ctrl Pts',(162.259405859804,299.944932660224,30.0162872088975));
#924=CARTESIAN_POINT('Ctrl Pts',(155.691748116232,359.941459354397,27.0411417359246));
#925=CARTESIAN_POINT('Ctrl Pts',(149.064268980972,419.939987588001,24.269084202627));
#926=CARTESIAN_POINT('Ctrl Pts',(142.384621444031,479.940121263546,21.6766559773956));
#927=CARTESIAN_POINT('Ctrl Pts',(135.661097551416,539.941448180874,19.2400572490767));
#928=CARTESIAN_POINT('Ctrl Pts',(128.901584080825,599.943599835862,16.9393836288976));
#929=CARTESIAN_POINT('Ctrl Pts',(122.112548003509,659.946310785242,14.7627857913724));
#930=CARTESIAN_POINT('Ctrl Pts',(115.298031435135,719.949478715153,12.7106278749844));
#931=CARTESIAN_POINT('Ctrl Pts',(108.460198257455,779.953120467816,10.7918366558165));
#932=CARTESIAN_POINT('Ctrl Pts',(101.599878993738,839.957329082017,9.02025185464111));
#933=CARTESIAN_POINT('Ctrl Pts',(94.7171174874625,899.962231404279,7.41093281408149));
#934=CARTESIAN_POINT('Ctrl Pts',(87.8117256202607,959.967945670089,5.97636566458774));
#935=CARTESIAN_POINT('Ctrl Pts',(80.8838532565148,1019.97453840004,4.72250821675472));
#936=CARTESIAN_POINT('Ctrl Pts',(73.9338324683586,1079.98203893391,3.65087892441309));
#937=CARTESIAN_POINT('Ctrl Pts',(68.3563995040302,1127.98877006777,2.93853830584717));
#938=CARTESIAN_POINT('Ctrl Pts',(64.1636656118804,1163.99422684717,2.48499413397535));
#939=CARTESIAN_POINT('Ctrl Pts',(61.3642342000477,1187.99804548487,2.21835696583299));
#940=CARTESIAN_POINT('Ctrl Pts',(59.9634496211458,1200.,2.09396980215006));
#941=CARTESIAN_POINT('Ctrl Pts',(0.,0.,4.47915209246191E-15));
#942=CARTESIAN_POINT('Ctrl Pts',(0.0924710929153053,25.0002175262291,-0.28434255693685));
#943=CARTESIAN_POINT('Ctrl Pts',(0.0268811121793193,75.0046132732453,-0.0685124056209073));
#944=CARTESIAN_POINT('Ctrl Pts',(0.0824442322258909,150.004677333429,-0.240009975702776));
#945=CARTESIAN_POINT('Ctrl Pts',(0.0538036557343214,225.003072902289,-0.152851933024948));
#946=CARTESIAN_POINT('Ctrl Pts',(-0.00557776802109485,299.998128347923,
0.0106067046010468));
#947=CARTESIAN_POINT('Ctrl Pts',(-0.0314864112774986,374.994747330553,0.11040686343885));
#948=CARTESIAN_POINT('Ctrl Pts',(-0.00278587334033593,449.99401566072,0.0715845257000157));
#949=CARTESIAN_POINT('Ctrl Pts',(0.0279596175876665,524.996756516411,-0.000487907463981461));
#950=CARTESIAN_POINT('Ctrl Pts',(0.00394690384086815,599.998916299602,-0.0170640057604194));
#951=CARTESIAN_POINT('Ctrl Pts',(-0.0437433716539147,674.99913558433,0.0687407882070681));
#952=CARTESIAN_POINT('Ctrl Pts',(-0.0386002694383357,749.998694717224,0.106511151184625));
#953=CARTESIAN_POINT('Ctrl Pts',(-0.01652824068591,824.999061243148,0.0964146432379622));
#954=CARTESIAN_POINT('Ctrl Pts',(0.00203464259537589,899.995564682428,0.00331141042220957));
#955=CARTESIAN_POINT('Ctrl Pts',(0.00838489862185125,974.991465642486,-0.109623310115903));
#956=CARTESIAN_POINT('Ctrl Pts',(0.0107948560246361,1049.98887542782,-0.171885957733521));
#957=CARTESIAN_POINT('Ctrl Pts',(0.0177747681595262,1124.99254142014,-0.0606943160082573));
#958=CARTESIAN_POINT('Ctrl Pts',(-0.0114450302559709,1174.9979326484,-0.184487078140977));
#959=CARTESIAN_POINT('Ctrl Pts',(0.,1200.,0.));
#960=CARTESIAN_POINT('Ctrl Pts',(0.,0.,0.));
#961=CARTESIAN_POINT('Ctrl Pts',(0.0924710929153053,25.0002175262291,-0.284342556936854));
#962=CARTESIAN_POINT('Ctrl Pts',(0.0268811195667971,75.0046132731643,-0.0685124141915237));
#963=CARTESIAN_POINT('Ctrl Pts',(0.0824442424240314,150.004677333279,-0.240009980847467));
#964=CARTESIAN_POINT('Ctrl Pts',(0.0538036818324215,225.003072902008,-0.152851964255499));
#965=CARTESIAN_POINT('Ctrl Pts',(0.0142151086333875,275.000979576546,-0.0438768898055816));
#966=CARTESIAN_POINT('Ctrl Pts',(-0.0142129623317671,324.995419377043,0.043870438030503));
#967=CARTESIAN_POINT('Ctrl Pts',(-0.0314870629240665,374.990971625703,0.110406599125173));
#968=CARTESIAN_POINT('Ctrl Pts',(-0.00278673303817893,449.992566917722,
0.0715867286751569));
#969=CARTESIAN_POINT('Ctrl Pts',(0.0279601014286946,524.997634900731,-0.000489023555147899));
#970=CARTESIAN_POINT('Ctrl Pts',(0.0119504052144117,575.000049624359,-0.0115382964477784));
#971=CARTESIAN_POINT('Ctrl Pts',(-0.0119502667066468,624.999664350449,0.0115385943430443));
#972=CARTESIAN_POINT('Ctrl Pts',(-0.0437433478694227,674.999135583374,0.0687410985192522));
#973=CARTESIAN_POINT('Ctrl Pts',(-0.0386002219220757,749.998694715683,0.10651160128328));
#974=CARTESIAN_POINT('Ctrl Pts',(-0.0165281677088167,824.999061241052,0.0964152905926729));
#975=CARTESIAN_POINT('Ctrl Pts',(-0.00415218588724424,874.999556978705,
0.0343431758797098));
#976=CARTESIAN_POINT('Ctrl Pts',(0.00415118503787132,924.992931889789,-0.0343307881133483));
#977=CARTESIAN_POINT('Ctrl Pts',(0.00838467518140397,974.984901726111,-0.109614783736222));
#978=CARTESIAN_POINT('Ctrl Pts',(0.0107951903966533,1049.98624977908,-0.171883723291879));
#979=CARTESIAN_POINT('Ctrl Pts',(0.0177744299305602,1124.99385418428,-0.0606969553489121));
#980=CARTESIAN_POINT('Ctrl Pts',(-0.0114444292531951,1174.9992455599,-0.184477390333814));
#981=CARTESIAN_POINT('Ctrl Pts',(0.,1200.,0.));
#982=CARTESIAN_POINT('Ctrl Pts',(0.447387172564884,0.,-1.79437194163175));
#983=CARTESIAN_POINT('Ctrl Pts',(0.52189410397819,25.0002485996793,-2.03663904811632));
#984=CARTESIAN_POINT('Ctrl Pts',(0.418654796412083,75.0047090745594,-1.73094444184829));
#985=CARTESIAN_POINT('Ctrl Pts',(0.417565779033542,150.004837201628,-1.76573823546147));
#986=CARTESIAN_POINT('Ctrl Pts',(0.337082144128978,225.003223050492,-1.55520759099788));
#987=CARTESIAN_POINT('Ctrl Pts',(0.269460501626227,275.001046882379,-1.38302551169228));
#988=CARTESIAN_POINT('Ctrl Pts',(0.21792731647953,324.995352080906,-1.24667322436574));
#989=CARTESIAN_POINT('Ctrl Pts',(0.181085824113351,374.990836052523,-1.14503708058002));
#990=CARTESIAN_POINT('Ctrl Pts',(0.187626711539283,449.992454377063,-1.15470676918095));
#991=CARTESIAN_POINT('Ctrl Pts',(0.199988630042206,524.997597336472,-1.20412560392028));
#992=CARTESIAN_POINT('Ctrl Pts',(0.171960446787438,575.000047666863,-1.19306070733956));
#993=CARTESIAN_POINT('Ctrl Pts',(0.135021398727113,624.999666307923,-1.13869617073548));
#994=CARTESIAN_POINT('Ctrl Pts',(0.0894997999828207,674.999155382523,-1.04941651728955));
#995=CARTESIAN_POINT('Ctrl Pts',(0.0733159331583753,749.998749520866,-0.958135797199093));
#996=CARTESIAN_POINT('Ctrl Pts',(0.0746630522379863,824.999125758332,-0.906301295577858));
#997=CARTESIAN_POINT('Ctrl Pts',(0.0745148420481747,874.999588748382,-0.919455377857527));
#998=CARTESIAN_POINT('Ctrl Pts',(0.0713874041952673,924.992900129656,-0.934395015247444));
#999=CARTESIAN_POINT('Ctrl Pts',(0.0662424439182761,974.984886114187,-0.951808330955814));
#1000=CARTESIAN_POINT('Ctrl Pts',(0.0575272640366987,1049.98635386816,-0.919444150128922));
#1001=CARTESIAN_POINT('Ctrl Pts',(0.0531134529104304,1124.99402994042,-0.710403974908199));
#1002=CARTESIAN_POINT('Ctrl Pts',(0.0139813591283563,1174.99934138315,-0.769874560532786));
#1003=CARTESIAN_POINT('Ctrl Pts',(0.0193545259440851,1200.,-0.554241107105631));
#1004=CARTESIAN_POINT('Ctrl Pts',(3.42958562903511,0.,-4.08170903743385));
#1005=CARTESIAN_POINT('Ctrl Pts',(3.45670320470735,25.0002956468681,-4.26068941589128));
#1006=CARTESIAN_POINT('Ctrl Pts',(3.20038291333581,75.0048102128086,-3.86872260186763));
#1007=CARTESIAN_POINT('Ctrl Pts',(2.88038421865405,150.005048755411,-3.82721688473238));
#1008=CARTESIAN_POINT('Ctrl Pts',(2.48897079048695,225.00343595673,-3.56243835552073));
#1009=CARTESIAN_POINT('Ctrl Pts',(2.2822400312735,275.0011469324,-3.34177382377513));
#1010=CARTESIAN_POINT('Ctrl Pts',(2.1570998822735,324.995252018843,-3.13746660671645));
#1011=CARTESIAN_POINT('Ctrl Pts',(2.12538725492597,374.990635520002,-2.95734009454224));
#1012=CARTESIAN_POINT('Ctrl Pts',(2.26033302457005,449.992292065338,-2.83711679146474));
#1013=CARTESIAN_POINT('Ctrl Pts',(2.40711265557654,524.997548561778,-2.76588609332137));
#1014=CARTESIAN_POINT('Ctrl Pts',(2.39626476767065,575.000048084661,-2.69467553427454));
#1015=CARTESIAN_POINT('Ctrl Pts',(2.3017631136845,624.999665911553,-2.59717017788384));
#1016=CARTESIAN_POINT('Ctrl Pts',(2.14978369953022,674.999180569884,-2.48751801401998));
#1017=CARTESIAN_POINT('Ctrl Pts',(1.90020612760372,749.998831288382,-2.39110240788537));
#1018=CARTESIAN_POINT('Ctrl Pts',(1.6685358510557,824.999225747028,-2.31801991031836));
#1019=CARTESIAN_POINT('Ctrl Pts',(1.56256359891147,874.999638606035,-2.27828190481265));
#1020=CARTESIAN_POINT('Ctrl Pts',(1.50297383032978,924.992850276198,-2.20733535055281));
#1021=CARTESIAN_POINT('Ctrl Pts',(1.41764813676654,974.984866633142,-2.13552526925519));
#1022=CARTESIAN_POINT('Ctrl Pts',(1.25247495623652,1049.9865316571,-1.96082789762276));
#1023=CARTESIAN_POINT('Ctrl Pts',(1.09040807810283,1124.99432756298,-1.60313587914136));
#1024=CARTESIAN_POINT('Ctrl Pts',(0.96914440719012,1174.99949469047,-1.55674928040268));
#1025=CARTESIAN_POINT('Ctrl Pts',(0.944689075465177,1200.,-1.28967214220767));
#1026=CARTESIAN_POINT('Ctrl Pts',(12.5693555211905,0.,-3.67624417868391));
#1027=CARTESIAN_POINT('Ctrl Pts',(12.5055440098705,25.0003225019385,-3.82087007128801));
#1028=CARTESIAN_POINT('Ctrl Pts',(11.9146583664464,75.0047337494237,-3.51860767792873));
#1029=CARTESIAN_POINT('Ctrl Pts',(10.846033415845,150.00507590879,-3.79198803067755));
#1030=CARTESIAN_POINT('Ctrl Pts',(9.71275360115512,225.003512787268,-3.86054867476189));
#1031=CARTESIAN_POINT('Ctrl Pts',(9.17779786644862,275.001198073061,-3.7436393325039));
#1032=CARTESIAN_POINT('Ctrl Pts',(8.88846958211398,324.995200832746,-3.51916136094773));
#1033=CARTESIAN_POINT('Ctrl Pts',(8.81278852570667,374.990536350796,-3.2892446875997));
#1034=CARTESIAN_POINT('Ctrl Pts',(9.06283847298826,449.992225139362,-3.04809333832098));
#1035=CARTESIAN_POINT('Ctrl Pts',(9.3290552330459,524.997546223902,-2.8593160455585));
#1036=CARTESIAN_POINT('Ctrl Pts',(9.28300874388687,575.000058946206,-2.74456384039254));
#1037=CARTESIAN_POINT('Ctrl Pts',(9.03592667446265,624.999655101734,-2.63648254398571));
#1038=CARTESIAN_POINT('Ctrl Pts',(8.5950000336825,674.999179732332,-2.58930493862825));
#1039=CARTESIAN_POINT('Ctrl Pts',(7.70476237906148,749.998873881239,-2.68385057347386));
#1040=CARTESIAN_POINT('Ctrl Pts',(6.83104936440863,824.999289875429,-2.78193860516289));
#1041=CARTESIAN_POINT('Ctrl Pts',(6.43293165749425,874.999672511941,-2.76403407176074));
#1042=CARTESIAN_POINT('Ctrl Pts',(6.21740994032761,924.992816359504,-2.63050823619221));
#1043=CARTESIAN_POINT('Ctrl Pts',(5.87219815633393,974.984868278447,-2.51809153455217));
#1044=CARTESIAN_POINT('Ctrl Pts',(5.15971697150023,1049.9866954437,-2.31022474491117));
#1045=CARTESIAN_POINT('Ctrl Pts',(4.44730893689449,1124.99459455977,-1.91125085324765));
#1046=CARTESIAN_POINT('Ctrl Pts',(4.06168259960955,1174.99960783582,-1.79353548541832));
#1047=CARTESIAN_POINT('Ctrl Pts',(3.95520156215991,1200.,-1.48405045957025));
#1048=CARTESIAN_POINT('Ctrl Pts',(22.3816854964898,0.,-1.73454114361326));
#1049=CARTESIAN_POINT('Ctrl Pts',(22.2201388271084,25.0003229884569,-1.88149955672205));
#1050=CARTESIAN_POINT('Ctrl Pts',(21.3338620842535,75.0045345965094,-1.73433513805547));
#1051=CARTESIAN_POINT('Ctrl Pts',(19.6474115886319,150.004938240874,-2.38684871550864));
#1052=CARTESIAN_POINT('Ctrl Pts',(17.8997381399522,225.00344799774,-2.84369074041611));
#1053=CARTESIAN_POINT('Ctrl Pts',(17.0672421056392,275.001190041506,-2.87138755194512));
#1054=CARTESIAN_POINT('Ctrl Pts',(16.5912040696036,324.995208811116,-2.67509357090546));
#1055=CARTESIAN_POINT('Ctrl Pts',(16.352162914661,374.990557561456,-2.47257971500121));
#1056=CARTESIAN_POINT('Ctrl Pts',(16.3910854984707,449.992262531794,-2.26555520680351));
#1057=CARTESIAN_POINT('Ctrl Pts',(16.4475826105032,524.997584372752,-2.10809862293033));
#1058=CARTESIAN_POINT('Ctrl Pts',(16.2411307650985,575.000075060475,-2.01448740573042));
#1059=CARTESIAN_POINT('Ctrl Pts',(15.8111774281342,624.999639043884,-1.92782449667438));
#1060=CARTESIAN_POINT('Ctrl Pts',(15.0887534603915,674.999156828872,-1.96391194215116));
#1061=CARTESIAN_POINT('Ctrl Pts',(13.6246437731247,749.998868413989,-2.26493361248764));
#1062=CARTESIAN_POINT('Ctrl Pts',(12.1747126359011,824.99930155527,-2.55323423208777));
#1063=CARTESIAN_POINT('Ctrl Pts',(11.4898553321016,874.999681280539,-2.58473672387918));
#1064=CARTESIAN_POINT('Ctrl Pts',(11.085615121212,924.992807573206,-2.43022833214102));
#1065=CARTESIAN_POINT('Ctrl Pts',(10.4699310532211,974.984887163998,-2.32849832774573));
#1066=CARTESIAN_POINT('Ctrl Pts',(9.22733759465375,1049.98679099331,-2.17926763143858));
#1067=CARTESIAN_POINT('Ctrl Pts',(7.98135445278034,1124.99474363235,-1.8320424423342));
#1068=CARTESIAN_POINT('Ctrl Pts',(7.32032383228143,1174.99964827862,-1.6929803284881));
#1069=CARTESIAN_POINT('Ctrl Pts',(7.11483849175993,1200.,-1.36343500430388));
#1070=CARTESIAN_POINT('Ctrl Pts',(30.9746743148114,0.,0.45773766672514));
#1071=CARTESIAN_POINT('Ctrl Pts',(30.7178344173552,25.0003090550829,0.288434858971184));
#1072=CARTESIAN_POINT('Ctrl Pts',(29.6041353359691,75.0042831949642,0.281260433980458));
#1073=CARTESIAN_POINT('Ctrl Pts',(27.4943954950275,150.004720719805,-0.682039752431174));
#1074=CARTESIAN_POINT('Ctrl Pts',(25.3248331542027,225.003310602471,-1.45315983345141));
#1075=CARTESIAN_POINT('Ctrl Pts',(24.2583755134788,275.001150253866,-1.61227380648337));
#1076=CARTESIAN_POINT('Ctrl Pts',(23.595121249857,324.995248542155,-1.46903981701918));
#1077=CARTESIAN_POINT('Ctrl Pts',(23.1437126026268,374.990643080373,-1.33195616990753));
#1078=CARTESIAN_POINT('Ctrl Pts',(22.8243270337664,449.992354412559,-1.23405750833188));
#1079=CARTESIAN_POINT('Ctrl Pts',(22.5222295413505,524.997642111316,-1.17971300613933));
#1080=CARTESIAN_POINT('Ctrl Pts',(22.1029852313543,575.000092994003,-1.13882915999172));
#1081=CARTESIAN_POINT('Ctrl Pts',(21.4851465189166,624.999621167046,-1.0899305647995));
#1082=CARTESIAN_POINT('Ctrl Pts',(20.5248262591555,674.999123333931,-1.20389812151281));
#1083=CARTESIAN_POINT('Ctrl Pts',(18.6249048020999,749.998837030636,-1.67208634227478));
#1084=CARTESIAN_POINT('Ctrl Pts',(16.7364797337252,824.999283848342,-2.11425318659696));
#1085=CARTESIAN_POINT('Ctrl Pts',(15.8077868667947,874.999675768292,-2.19565479266937));
#1086=CARTESIAN_POINT('Ctrl Pts',(15.208924587157,924.992813064007,-2.04444881641205));
#1087=CARTESIAN_POINT('Ctrl Pts',(14.3713377785171,974.98491408311,-1.97329437331857));
#1088=CARTESIAN_POINT('Ctrl Pts',(12.7532155985954,1049.98684272627,-1.90644825992458));
#1089=CARTESIAN_POINT('Ctrl Pts',(11.1282920268474,1124.99481805932,-1.63583960446801));
#1090=CARTESIAN_POINT('Ctrl Pts',(10.240597280564,1174.99964643797,-1.49685700095995));
#1091=CARTESIAN_POINT('Ctrl Pts',(9.93321378951563,1200.,-1.1608702320248));
#1092=CARTESIAN_POINT('Ctrl Pts',(39.0895693327869,0.,2.77194203503324));
#1093=CARTESIAN_POINT('Ctrl Pts',(38.7268568550255,25.0002821933906,2.56181619270301));
#1094=CARTESIAN_POINT('Ctrl Pts',(37.413323718817,75.0039610813214,2.3955966865339));
#1095=CARTESIAN_POINT('Ctrl Pts',(34.9900294401389,150.004414848232,1.17760266058701));
#1096=CARTESIAN_POINT('Ctrl Pts',(32.5069392087281,225.003100009491,0.152202207306901));
#1097=CARTESIAN_POINT('Ctrl Pts',(31.2299973343365,275.001080848391,-0.130800742461337));
#1098=CARTESIAN_POINT('Ctrl Pts',(30.3546848875353,324.995317874207,-0.0670025968319653));
#1099=CARTESIAN_POINT('Ctrl Pts',(29.6605183298638,374.990789228227,-0.0217228445863641));
#1100=CARTESIAN_POINT('Ctrl Pts',(28.9279628139367,449.992500157293,-0.0702019516500465));
#1101=CARTESIAN_POINT('Ctrl Pts',(28.2110588913965,524.997722368022,-0.152957067462366));
#1102=CARTESIAN_POINT('Ctrl Pts',(27.5459535864869,575.00011463827,-0.184545645630543));
#1103=CARTESIAN_POINT('Ctrl Pts',(26.7118015302792,624.999599590899,-0.191190286282831));
#1104=CARTESIAN_POINT('Ctrl Pts',(25.5229377180651,674.999077315511,-0.38337703679719));
#1105=CARTESIAN_POINT('Ctrl Pts',(23.2572373191711,749.998781558064,-0.992890087864565));
#1106=CARTESIAN_POINT('Ctrl Pts',(20.9997868035391,824.999241171886,-1.56363914233271));
#1107=CARTESIAN_POINT('Ctrl Pts',(19.8353941584423,874.999658530078,-1.69619184375725));
#1108=CARTESIAN_POINT('Ctrl Pts',(19.0120309052906,924.992830272212,-1.56770377286831));
#1109=CARTESIAN_POINT('Ctrl Pts',(17.9806876967057,974.984950502297,-1.54041784026591));
#1110=CARTESIAN_POINT('Ctrl Pts',(16.1161145271499,1049.98686687693,-1.56655953455376));
#1111=CARTESIAN_POINT('Ctrl Pts',(14.2409931992868,1124.99484376479,-1.38329635241558));
#1112=CARTESIAN_POINT('Ctrl Pts',(13.154406725878,1174.99961173875,-1.25514223330194));
#1113=CARTESIAN_POINT('Ctrl Pts',(12.729723656743,1200.,-0.922530499300057));
#1114=CARTESIAN_POINT('Ctrl Pts',(49.1070244721241,0.,5.78515748522095));
#1115=CARTESIAN_POINT('Ctrl Pts',(48.5902964681037,25.0002310674334,5.49845400118722));
#1116=CARTESIAN_POINT('Ctrl Pts',(47.0323018943556,75.0034506204857,5.11934543118143));
#1117=CARTESIAN_POINT('Ctrl Pts',(44.2901874804343,150.003904126696,3.64201604514483));
#1118=CARTESIAN_POINT('Ctrl Pts',(41.4867086358897,225.002733175094,2.36244565207352));
#1119=CARTESIAN_POINT('Ctrl Pts',(39.946407599545,275.000953210177,1.92748948626409));
#1120=CARTESIAN_POINT('Ctrl Pts',(38.7583448616473,324.995445402324,1.85357349461087));
#1121=CARTESIAN_POINT('Ctrl Pts',(37.7407430617881,374.99105599277,1.75690968407814));
#1122=CARTESIAN_POINT('Ctrl Pts',(36.5019219935237,449.992758348002,1.50502543652696));
#1123=CARTESIAN_POINT('Ctrl Pts',(35.274960343344,524.997856034876,1.23512968741712));
#1124=CARTESIAN_POINT('Ctrl Pts',(34.2790834916971,575.000147893045,1.09526798931749));
#1125=CARTESIAN_POINT('Ctrl Pts',(33.1222238737023,624.999566435469,0.993029449450997));
#1126=CARTESIAN_POINT('Ctrl Pts',(31.636619105835,674.999001043382,0.697693316056632));
#1127=CARTESIAN_POINT('Ctrl Pts',(28.9578739706812,749.998678951235,-0.0643250569265831));
#1128=CARTESIAN_POINT('Ctrl Pts',(26.2824392116412,824.999154647082,-0.771223529340841));
#1129=CARTESIAN_POINT('Ctrl Pts',(24.8104461069153,874.999621649186,-0.971883027938319));
#1130=CARTESIAN_POINT('Ctrl Pts',(23.6518888800562,924.992867106169,-0.897076435185738));
#1131=CARTESIAN_POINT('Ctrl Pts',(22.3946503655137,974.985010086121,-0.939820397763075));
#1132=CARTESIAN_POINT('Ctrl Pts',(20.3524372977124,1049.98686575214,-1.08931833564519));
#1133=CARTESIAN_POINT('Ctrl Pts',(18.2943750710427,1124.99481924456,-1.02204666586625));
#1134=CARTESIAN_POINT('Ctrl Pts',(16.974757787599,1174.99952653266,-0.917133123591542));
#1135=CARTESIAN_POINT('Ctrl Pts',(16.3753213700039,1200.,-0.600864011508799));
#1136=CARTESIAN_POINT('Ctrl Pts',(59.6052940438591,0.,9.00668131331613));
#1137=CARTESIAN_POINT('Ctrl Pts',(58.895726953187,25.0001509422152,8.60065693738088));
#1138=CARTESIAN_POINT('Ctrl Pts',(57.0548963710655,75.0027621675433,7.97116700607206));
#1139=CARTESIAN_POINT('Ctrl Pts',(53.9823733379038,150.003181078447,6.29071978461004));
#1140=CARTESIAN_POINT('Ctrl Pts',(50.8444035138518,225.002194782282,4.82063616835702));
#1141=CARTESIAN_POINT('Ctrl Pts',(48.9934069366744,275.000757793452,4.22378036064932));
#1142=CARTESIAN_POINT('Ctrl Pts',(47.4081240304968,324.995640677644,3.94695807450612));
#1143=CARTESIAN_POINT('Ctrl Pts',(46.0785946048774,374.991462346408,3.676937073661));
#1144=CARTESIAN_POINT('Ctrl Pts',(44.4925066841592,449.993143160461,3.23103830155385));
#1145=CARTESIAN_POINT('Ctrl Pts',(42.9116141736028,524.998045718199,2.79122117196644));
#1146=CARTESIAN_POINT('Ctrl Pts',(41.5907851721032,575.000191794712,2.52761309195577));
#1147=CARTESIAN_POINT('Ctrl Pts',(40.0191144655434,624.999522657168,2.28514918432785));
#1148=CARTESIAN_POINT('Ctrl Pts',(38.1892505581373,674.998893081757,1.87056902624621));
#1149=CARTESIAN_POINT('Ctrl Pts',(35.0912532208092,749.998521049138,0.976631234088485));
#1150=CARTESIAN_POINT('Ctrl Pts',(31.9902165901509,824.99901350707,0.155327196478827));
#1151=CARTESIAN_POINT('Ctrl Pts',(30.160036783099,874.999559639202,-0.126637237683726));
#1152=CARTESIAN_POINT('Ctrl Pts',(28.570588651261,924.992929053286,-0.14748220000136));
#1153=CARTESIAN_POINT('Ctrl Pts',(27.0673996150013,974.985092951788,-0.283268219971901));
#1154=CARTESIAN_POINT('Ctrl Pts',(24.9304241382635,1049.98681406898,-0.561244347432601));
#1155=CARTESIAN_POINT('Ctrl Pts',(22.7713546860194,1124.99470285457,-0.614415335053369));
#1156=CARTESIAN_POINT('Ctrl Pts',(21.1976239451149,1174.99937317733,-0.546399832227814));
#1157=CARTESIAN_POINT('Ctrl Pts',(20.374298664757,1200.,-0.266395601435062));
#1158=CARTESIAN_POINT('Ctrl Pts',(71.3212237329116,0.,12.5339250756782));
#1159=CARTESIAN_POINT('Ctrl Pts',(70.4126295110524,25.00005746797,11.9879187237518));
#1160=CARTESIAN_POINT('Ctrl Pts',(68.2456806558808,75.002035648818,11.0756234102144));
#1161=CARTESIAN_POINT('Ctrl Pts',(64.7312160895963,150.002390000544,9.15753235471445));
#1162=CARTESIAN_POINT('Ctrl Pts',(61.1457404006653,225.00159075336,7.46701017899393));
#1163=CARTESIAN_POINT('Ctrl Pts',(58.9379577937731,275.000532445287,6.68450395704293));
#1164=CARTESIAN_POINT('Ctrl Pts',(56.9391142969819,324.995865878413,6.17570945415926));
#1165=CARTESIAN_POINT('Ctrl Pts',(55.2898488815846,374.991929937295,5.71205050688502));
#1166=CARTESIAN_POINT('Ctrl Pts',(53.3568218275461,449.993580970951,5.05647915599586));
#1167=CARTESIAN_POINT('Ctrl Pts',(51.4207471813843,524.998255664905,4.43441894962617));
#1168=CARTESIAN_POINT('Ctrl Pts',(49.763996608512,575.000238364219,4.03344419701955));
#1169=CARTESIAN_POINT('Ctrl Pts',(47.7569626003404,624.999476211622,3.63060022781434));
#1170=CARTESIAN_POINT('Ctrl Pts',(45.5519628300888,674.99877334434,3.08508215003247));
#1171=CARTESIAN_POINT('Ctrl Pts',(41.9729596629934,749.998338052131,2.05354689366811));
#1172=CARTESIAN_POINT('Ctrl Pts',(38.3845723278416,824.998845585808,1.11061415212943));
#1173=CARTESIAN_POINT('Ctrl Pts',(36.1653498560921,874.99948492547,0.732536192791016));
#1174=CARTESIAN_POINT('Ctrl Pts',(34.1244699024323,924.9930036996,0.591785138946054));
#1175=CARTESIAN_POINT('Ctrl Pts',(32.2777544286068,974.985182554651,0.352068043064342));
#1176=CARTESIAN_POINT('Ctrl Pts',(29.7843769740451,1049.98672252782,-0.0510477982439463));
#1177=CARTESIAN_POINT('Ctrl Pts',(27.2632114576262,1124.99451802278,-0.222007278153817));
#1178=CARTESIAN_POINT('Ctrl Pts',(25.3388677383612,1174.99918308663,-0.203484319953709));
#1179=CARTESIAN_POINT('Ctrl Pts',(24.2821324030264,1200.,0.0272080571967619));
#1180=CARTESIAN_POINT('Ctrl Pts',(80.7959295691837,0.,15.361741690671));
#1181=CARTESIAN_POINT('Ctrl Pts',(79.74076289768,24.9999858454722,14.7076936080554));
#1182=CARTESIAN_POINT('Ctrl Pts',(77.324308514732,75.0015050247428,13.5744349592906));
#1183=CARTESIAN_POINT('Ctrl Pts',(73.4579714419075,150.001801360488,11.4531170608268));
#1184=CARTESIAN_POINT('Ctrl Pts',(69.5162024069901,225.001135644496,9.57317056403086));
#1185=CARTESIAN_POINT('Ctrl Pts',(67.0362766578746,275.000360425935,8.64159886457416));
#1186=CARTESIAN_POINT('Ctrl Pts',(64.7320234914751,324.996037798929,7.95501722337547));
#1187=CARTESIAN_POINT('Ctrl Pts',(62.8064349827175,374.992286721385,7.33373761714449));
#1188=CARTESIAN_POINT('Ctrl Pts',(60.4965275432428,449.993913697206,6.48918705966612));
#1189=CARTESIAN_POINT('Ctrl Pts',(58.1771045558538,524.998413579572,5.69904870295311));
#1190=CARTESIAN_POINT('Ctrl Pts',(56.231309585723,575.000272856056,5.18325253193998));
#1191=CARTESIAN_POINT('Ctrl Pts',(53.9017508716356,624.999441803032,4.6572633037743));
#1192=CARTESIAN_POINT('Ctrl Pts',(51.4098858322944,674.998683016222,4.01027979891273));
#1193=CARTESIAN_POINT('Ctrl Pts',(47.4479837803862,749.998197908333,2.86934369027301));
#1194=CARTESIAN_POINT('Ctrl Pts',(43.4722405729897,824.998715986415,1.82816075152615));
#1195=CARTESIAN_POINT('Ctrl Pts',(40.9563805735392,874.999427057904,1.37295610542885));
#1196=CARTESIAN_POINT('Ctrl Pts',(38.5816951568266,924.99306152101,1.13730726363482));
#1197=CARTESIAN_POINT('Ctrl Pts',(36.4336092748278,974.985248872015,0.817525861044226));
#1198=CARTESIAN_POINT('Ctrl Pts',(33.5348673159707,1049.9866428877,0.321310880838926));
#1199=CARTESIAN_POINT('Ctrl Pts',(30.604589169609,1124.99436136785,0.0623445037732818));
#1200=CARTESIAN_POINT('Ctrl Pts',(28.374421286519,1174.99903453321,0.039040507594381));
#1201=CARTESIAN_POINT('Ctrl Pts',(27.1457218436764,1200.,0.229667074608136));
#1202=CARTESIAN_POINT('Ctrl Pts',(91.0209666252521,0.,18.3954418429287));
#1203=CARTESIAN_POINT('Ctrl Pts',(89.815701701907,24.9999112588511,17.6282476547763));
#1204=CARTESIAN_POINT('Ctrl Pts',(87.1381979744978,75.0009681611529,16.2616578757948));
#1205=CARTESIAN_POINT('Ctrl Pts',(82.8962345557137,150.001198846776,13.9144365274362));
#1206=CARTESIAN_POINT('Ctrl Pts',(78.5741835365472,225.000666251761,11.8232460511041));
#1207=CARTESIAN_POINT('Ctrl Pts',(75.8102407813345,275.000181619988,10.7315009642795));
#1208=CARTESIAN_POINT('Ctrl Pts',(73.1929029903061,324.996216504185,9.85919199261396));
#1209=CARTESIAN_POINT('Ctrl Pts',(70.9589129738413,374.992657543797,9.06788007604651));
#1210=CARTESIAN_POINT('Ctrl Pts',(68.1872517162687,449.994258856476,8.00937173627005));
#1211=CARTESIAN_POINT('Ctrl Pts',(65.3992532661735,524.998576554446,7.02700868611184));
#1212=CARTESIAN_POINT('Ctrl Pts',(63.1316275706301,575.000308196964,6.3856337242316));
#1213=CARTESIAN_POINT('Ctrl Pts',(60.4709292387081,624.999406545522,5.7307904346395));
#1214=CARTESIAN_POINT('Ctrl Pts',(57.6787385120612,674.998589570411,4.97677636465409));
#1215=CARTESIAN_POINT('Ctrl Pts',(53.306555266131,749.998051918719,3.71824175437594));
#1216=CARTESIAN_POINT('Ctrl Pts',(48.9161483780466,824.998580554772,2.57057596328973));
#1217=CARTESIAN_POINT('Ctrl Pts',(46.0903486256429,874.999366503664,2.03258884153841));
#1218=CARTESIAN_POINT('Ctrl Pts',(43.3734380395983,924.993122027895,1.69625635325343));
#1219=CARTESIAN_POINT('Ctrl Pts',(40.8887090104995,974.985316542223,1.29262472588848));
#1220=CARTESIAN_POINT('Ctrl Pts',(37.4915346969079,1049.98655468555,0.700577292055947));
#1221=CARTESIAN_POINT('Ctrl Pts',(34.0593171629665,1124.99418985954,0.350811501521549));
#1222=CARTESIAN_POINT('Ctrl Pts',(31.4885074749056,1174.99887844936,0.281488856015341));
#1223=CARTESIAN_POINT('Ctrl Pts',(30.0839613855355,1200.,0.429071814183215));
#1224=CARTESIAN_POINT('Ctrl Pts',(105.101843534834,0.,22.5457472697456));
#1225=CARTESIAN_POINT('Ctrl Pts',(103.703337299289,24.9998139659515,21.6295181227871));
#1226=CARTESIAN_POINT('Ctrl Pts',(100.683570195848,75.0002959161916,19.9522866962559));
#1227=CARTESIAN_POINT('Ctrl Pts',(95.9425091376996,150.00043147101,17.2841928004002));
#1228=CARTESIAN_POINT('Ctrl Pts',(91.1152761724628,225.000061865969,14.8915949687032));
#1229=CARTESIAN_POINT('Ctrl Pts',(87.9803591965576,274.999948852323,13.5812331607962));
#1230=CARTESIAN_POINT('Ctrl Pts',(84.9597402436374,324.996449135394,12.4645417883354));
#1231=CARTESIAN_POINT('Ctrl Pts',(82.2772344661523,374.993140316884,11.4385125717087));
#1232=CARTESIAN_POINT('Ctrl Pts',(78.7570717480112,449.994707325016,10.0646997414975));
#1233=CARTESIAN_POINT('Ctrl Pts',(75.2115298155368,524.998787101872,8.79539480327494));
#1234=CARTESIAN_POINT('Ctrl Pts',(72.4775671176266,575.000353532342,7.97722494059139));
#1235=CARTESIAN_POINT('Ctrl Pts',(69.3896501437497,624.99936131854,7.1523258109654));
#1236=CARTESIAN_POINT('Ctrl Pts',(66.2007612941229,674.99846833083,6.25530419167769));
#1237=CARTESIAN_POINT('Ctrl Pts',(61.2720682881881,749.997861221428,4.83542656158404));
#1238=CARTESIAN_POINT('Ctrl Pts',(56.319925808323,824.998403228481,3.54033288123632));
#1239=CARTESIAN_POINT('Ctrl Pts',(53.0859482952636,874.999287146687,2.8896123239163));
#1240=CARTESIAN_POINT('Ctrl Pts',(49.9286169699579,924.993201320594,2.41855111695516));
#1241=CARTESIAN_POINT('Ctrl Pts',(46.966581820971,974.9854023678,1.90412120357416));
#1242=CARTESIAN_POINT('Ctrl Pts',(42.7961032260464,1049.98643110455,1.18749593595592));
#1243=CARTESIAN_POINT('Ctrl Pts',(38.5867629705182,1124.99395250533,0.7193421512309));
#1244=CARTESIAN_POINT('Ctrl Pts',(35.5346699895511,1174.99867307135,0.585226991221998));
#1245=CARTESIAN_POINT('Ctrl Pts',(33.9047611783842,1200.,0.674410056708147));
#1246=CARTESIAN_POINT('Ctrl Pts',(123.187096643439,0.,27.8419683645768));
#1247=CARTESIAN_POINT('Ctrl Pts',(121.550884069629,24.9996956229835,26.7410416785233));
#1248=CARTESIAN_POINT('Ctrl Pts',(118.107032955381,74.9995210330217,24.6795723512692));
#1249=CARTESIAN_POINT('Ctrl Pts',(112.749467813198,149.999525594188,21.5940202976951));
#1250=CARTESIAN_POINT('Ctrl Pts',(107.298572182246,224.999337616529,18.8076445974411));
#1251=CARTESIAN_POINT('Ctrl Pts',(103.707089264174,274.999665843884,17.218702427164));
#1252=CARTESIAN_POINT('Ctrl Pts',(100.191341185505,324.996732003479,15.7977201926465));
#1253=CARTESIAN_POINT('Ctrl Pts',(96.9096786292557,374.993727819261,14.4700213345368));
#1254=CARTESIAN_POINT('Ctrl Pts',(92.3254497140445,449.995252584744,12.6739082279433));
#1255=CARTESIAN_POINT('Ctrl Pts',(87.7046441766466,524.999042160488,11.0170894361388));
#1256=CARTESIAN_POINT('Ctrl Pts',(84.3494222659797,575.000408388977,9.96813728053368));
#1257=CARTESIAN_POINT('Ctrl Pts',(80.7367207795747,624.999306572864,8.93028010319799));
#1258=CARTESIAN_POINT('Ctrl Pts',(77.0527179426217,674.99832026443,7.85276165980755));
#1259=CARTESIAN_POINT('Ctrl Pts',(71.4180225992926,749.997628044414,6.22552438624764));
#1260=CARTESIAN_POINT('Ctrl Pts',(65.7543704764937,824.998186871421,4.74007931533491));
#1261=CARTESIAN_POINT('Ctrl Pts',(62.0131369708566,874.999190456386,3.94556082477558));
#1262=CARTESIAN_POINT('Ctrl Pts',(58.3171501962478,924.993297943093,3.30494580193376));
#1263=CARTESIAN_POINT('Ctrl Pts',(54.7416776356743,974.98550318307,2.65268042176163));
#1264=CARTESIAN_POINT('Ctrl Pts',(49.5370847981421,1049.98627022057,1.78340695105176));
#1265=CARTESIAN_POINT('Ctrl Pts',(44.290318276686,1124.99364654016,1.16988997923523));
#1266=CARTESIAN_POINT('Ctrl Pts',(40.6221870755396,1174.99842251657,0.949434145446777));
#1267=CARTESIAN_POINT('Ctrl Pts',(38.7184775272582,1200.,0.964336607941374));
#1268=CARTESIAN_POINT('Ctrl Pts',(141.561431061799,0.,33.1979123463646));
#1269=CARTESIAN_POINT('Ctrl Pts',(139.68487073489,24.9995804932242,31.9127322480955));
#1270=CARTESIAN_POINT('Ctrl Pts',(135.809861130448,74.998811665075,29.4734168998853));
#1271=CARTESIAN_POINT('Ctrl Pts',(129.830350801724,149.998672391037,25.964025295667));
#1272=CARTESIAN_POINT('Ctrl Pts',(123.751058670118,224.998643620785,22.7763193222038));
#1273=CARTESIAN_POINT('Ctrl Pts',(119.699884553734,274.999390239164,20.9047063682473));
#1274=CARTESIAN_POINT('Ctrl Pts',(115.685704164375,324.997007474634,19.1769279270537));
#1275=CARTESIAN_POINT('Ctrl Pts',(111.795365911758,374.994300853375,17.5445078849278));
#1276=CARTESIAN_POINT('Ctrl Pts',(106.1240408577,449.995784806335,15.3192491618373));
#1277=CARTESIAN_POINT('Ctrl Pts',(100.405072445125,524.999291110325,13.2676590955885));
#1278=CARTESIAN_POINT('Ctrl Pts',(96.4192946196696,575.000462313406,11.9838660389139));
#1279=CARTESIAN_POINT('Ctrl Pts',(92.2788347828577,624.999252748925,10.7296501279316));
#1280=CARTESIAN_POINT('Ctrl Pts',(88.0936000868302,674.998174140903,9.46828483027088));
#1281=CARTESIAN_POINT('Ctrl Pts',(81.7402805759001,749.99739932858,7.62816848233021));
#1282=CARTESIAN_POINT('Ctrl Pts',(75.3536209364597,824.997976226493,5.94743876248662));
#1283=CARTESIAN_POINT('Ctrl Pts',(71.1014194529202,874.999096699428,5.00657093688387));
#1284=CARTESIAN_POINT('Ctrl Pts',(66.8666991900408,924.993391635098,4.19484072547533));
#1285=CARTESIAN_POINT('Ctrl Pts',(62.6827897621314,974.985597666875,3.40421778078672));
#1286=CARTESIAN_POINT('Ctrl Pts',(56.460019472082,1049.98610547305,2.38260370009562));
#1287=CARTESIAN_POINT('Ctrl Pts',(50.1933979667668,1124.99333505392,1.62391788417689));
#1288=CARTESIAN_POINT('Ctrl Pts',(45.9169393408235,1174.9981801717,1.31121550365331));
#1289=CARTESIAN_POINT('Ctrl Pts',(43.7415847419151,1200.,1.2507972548099));
#1290=CARTESIAN_POINT('Ctrl Pts',(165.739517631547,0.,40.217822340489));
#1291=CARTESIAN_POINT('Ctrl Pts',(163.543203167031,24.9994377711973,38.6959707736328));
#1292=CARTESIAN_POINT('Ctrl Pts',(159.086820876695,74.997998106715,35.7781172984315));
#1293=CARTESIAN_POINT('Ctrl Pts',(152.270620339921,149.997655330176,31.7086054095685));
#1294=CARTESIAN_POINT('Ctrl Pts',(145.347736199774,224.997797623143,27.9872316290011));
#1295=CARTESIAN_POINT('Ctrl Pts',(140.685046336744,274.999047461857,25.7424052412173));
#1296=CARTESIAN_POINT('Ctrl Pts',(136.012403662177,324.997350114599,23.6135922217417));
#1297=CARTESIAN_POINT('Ctrl Pts',(131.343486115295,374.995015441358,21.5867289193588));
#1298=CARTESIAN_POINT('Ctrl Pts',(124.313802428079,449.996450205314,18.8095298642094));
#1299=CARTESIAN_POINT('Ctrl Pts',(117.222529506969,524.999603537909,16.2497316651573));
#1300=CARTESIAN_POINT('Ctrl Pts',(112.430546190443,575.000531107748,14.6601419300935));
#1301=CARTESIAN_POINT('Ctrl Pts',(107.594641312022,624.999184053627,13.1202337685408));
#1302=CARTESIAN_POINT('Ctrl Pts',(102.743228655133,674.997987920587,11.6141107081513));
#1303=CARTESIAN_POINT('Ctrl Pts',(95.4280381658862,749.997112052654,9.48612994374564));
#1304=CARTESIAN_POINT('Ctrl Pts',(88.0756412841776,824.997715367726,7.54214557699933));
#1305=CARTESIAN_POINT('Ctrl Pts',(83.1485179926898,874.998981466822,6.40815187359433));
#1306=CARTESIAN_POINT('Ctrl Pts',(78.2088121630776,924.993506798899,5.37461147176846));
#1307=CARTESIAN_POINT('Ctrl Pts',(73.2557511250107,974.985709662049,4.40329312756479));
#1308=CARTESIAN_POINT('Ctrl Pts',(65.7830485382166,1049.98589230373,3.17960592556755));
#1309=CARTESIAN_POINT('Ctrl Pts',(58.2669208420648,1124.99293319437,2.22828808785506));
#1310=CARTESIAN_POINT('Ctrl Pts',(53.2257847907136,1174.99788443003,1.78697696957892));
#1311=CARTESIAN_POINT('Ctrl Pts',(50.6984729925588,1200.,1.62895019338172));
#1312=CARTESIAN_POINT('Ctrl Pts',(183.038822913449,0.,45.2129899425212));
#1313=CARTESIAN_POINT('Ctrl Pts',(180.608255551959,24.9993500115955,43.5332041851774));
#1314=CARTESIAN_POINT('Ctrl Pts',(175.710320895433,74.9975873101128,40.2995016368023));
#1315=CARTESIAN_POINT('Ctrl Pts',(168.253501753452,149.997084667149,35.8181023476286));
#1316=CARTESIAN_POINT('Ctrl Pts',(160.687582246109,224.997296228494,31.6984446868059));
#1317=CARTESIAN_POINT('Ctrl Pts',(155.572591800847,274.998834775802,29.183919915528));
#1318=CARTESIAN_POINT('Ctrl Pts',(150.424813435127,324.997562685568,26.7761521593042));
#1319=CARTESIAN_POINT('Ctrl Pts',(145.241772083562,374.995461763478,24.479612629067));
#1320=CARTESIAN_POINT('Ctrl Pts',(137.376769448113,449.996869291445,21.3290403956053));
#1321=CARTESIAN_POINT('Ctrl Pts',(129.441343164619,524.999803157226,18.4245591457591));
#1322=CARTESIAN_POINT('Ctrl Pts',(124.117663966629,575.000577139156,16.6231036392951));
#1323=CARTESIAN_POINT('Ctrl Pts',(118.783159533255,624.999138090089,14.8802962387696));
#1324=CARTESIAN_POINT('Ctrl Pts',(113.442164322255,674.997864730646,13.1949596846185));
#1325=CARTESIAN_POINT('Ctrl Pts',(105.404401699832,749.996929689266,10.8457864143122));
#1326=CARTESIAN_POINT('Ctrl Pts',(97.3292983201686,824.997556132347,8.70077443152735));
#1327=CARTESIAN_POINT('Ctrl Pts',(91.9119595712189,874.99891263086,7.42877418236178));
#1328=CARTESIAN_POINT('Ctrl Pts',(86.4736149610169,924.993575579692,6.24548866113844));
#1329=CARTESIAN_POINT('Ctrl Pts',(81.0151811929656,974.985771693163,5.14708150390828));
#1330=CARTESIAN_POINT('Ctrl Pts',(72.7761281819779,1049.98575280856,3.77114219170431));
#1331=CARTESIAN_POINT('Ctrl Pts',(64.4975062690226,1124.99267037086,2.67456650685311));
#1332=CARTESIAN_POINT('Ctrl Pts',(58.9600262567758,1174.99771188397,2.13214708482321));
#1333=CARTESIAN_POINT('Ctrl Pts',(56.1885437710063,1200.,1.90883138892457));
#1334=CARTESIAN_POINT('Ctrl Pts',(194.059145255199,0.,48.3843791199335));
#1335=CARTESIAN_POINT('Ctrl Pts',(191.479111484773,24.9993066358638,46.6164141637008));
#1336=CARTESIAN_POINT('Ctrl Pts',(186.283478558699,74.9974469497675,43.2004479197749));
#1337=CARTESIAN_POINT('Ctrl Pts',(178.382136370322,149.996839958839,38.4389349044095));
#1338=CARTESIAN_POINT('Ctrl Pts',(170.372068728016,224.99706011744,34.043458148706));
#1339=CARTESIAN_POINT('Ctrl Pts',(164.960118520751,274.998727564523,31.3552504545816));
#1340=CARTESIAN_POINT('Ctrl Pts',(159.514417616942,324.997669881404,28.7825777916717));
#1341=CARTESIAN_POINT('Ctrl Pts',(154.034781349723,374.995689330114,26.3253003461966));
#1342=CARTESIAN_POINT('Ctrl Pts',(145.724581578637,449.997086298627,22.9477300791331));
#1343=CARTESIAN_POINT('Ctrl Pts',(137.33942456698,524.999909444888,19.8320004980331));
#1344=CARTESIAN_POINT('Ctrl Pts',(131.710084378981,575.000603483031,17.9013068451924));
#1345=CARTESIAN_POINT('Ctrl Pts',(126.065593419049,624.999111746515,16.0356067991905));
#1346=CARTESIAN_POINT('Ctrl Pts',(120.40568969569,674.99779594142,14.2348057028504));
#1347=CARTESIAN_POINT('Ctrl Pts',(111.876989951698,749.996834548966,11.7308632492127));
#1348=CARTESIAN_POINT('Ctrl Pts',(103.312567839673,824.997478551616,9.44565372779248));
#1349=CARTESIAN_POINT('Ctrl Pts',(97.5795616387911,874.998880426235,8.08733331667756));
#1350=CARTESIAN_POINT('Ctrl Pts',(91.8355987828086,924.993607774642,6.82002709591308));
#1351=CARTESIAN_POINT('Ctrl Pts',(86.0802068600408,974.985797743689,5.6435940649549));
#1352=CARTESIAN_POINT('Ctrl Pts',(77.4109451172054,1049.98568052517,4.1619116191909));
#1353=CARTESIAN_POINT('Ctrl Pts',(68.7067378112889,1124.99253310925,2.96424057702853));
#1354=CARTESIAN_POINT('Ctrl Pts',(62.8815515855819,1174.99763520017,2.35309203419113));
#1355=CARTESIAN_POINT('Ctrl Pts',(59.9634496211458,1200.,2.09396980215006));
#1356=UNCERTAINTY_MEASURE_WITH_UNIT(LENGTH_MEASURE(0.01),#1360,
'DISTANCE_ACCURACY_VALUE',
'Maximum model space distance between geometric entities at asserted c
onnectivities');
#1357=UNCERTAINTY_MEASURE_WITH_UNIT(LENGTH_MEASURE(0.01),#1360,
'DISTANCE_ACCURACY_VALUE',
'Maximum model space distance between geometric entities at asserted c
onnectivities');
#1358=(
GEOMETRIC_REPRESENTATION_CONTEXT(3)
GLOBAL_UNCERTAINTY_ASSIGNED_CONTEXT((#1356))
GLOBAL_UNIT_ASSIGNED_CONTEXT((#1360,#1362,#1363))
REPRESENTATION_CONTEXT('','3D')
);
#1359=(
GEOMETRIC_REPRESENTATION_CONTEXT(3)
GLOBAL_UNCERTAINTY_ASSIGNED_CONTEXT((#1357))
GLOBAL_UNIT_ASSIGNED_CONTEXT((#1360,#1362,#1363))
REPRESENTATION_CONTEXT('','3D')
);
#1360=(
LENGTH_UNIT()
NAMED_UNIT(*)
SI_UNIT(.MILLI.,.METRE.)
);
#1361=(
LENGTH_UNIT()
NAMED_UNIT(*)
SI_UNIT($,.METRE.)
);
#1362=(
NAMED_UNIT(*)
PLANE_ANGLE_UNIT()
SI_UNIT($,.RADIAN.)
);
#1363=(
NAMED_UNIT(*)
SI_UNIT($,.STERADIAN.)
SOLID_ANGLE_UNIT()
);
#1364=SHAPE_DEFINITION_REPRESENTATION(#1365,#1366);
#1365=PRODUCT_DEFINITION_SHAPE('',$,#1368);
#1366=SHAPE_REPRESENTATION('',(#108),#1358);
#1367=PRODUCT_DEFINITION_CONTEXT('part definition',#1372,'design');
#1368=PRODUCT_DEFINITION('2026-05-26-22-15-00-733',
'Refined_blade_NACA4412_main_200mm',#1369,#1367);
#1369=PRODUCT_DEFINITION_FORMATION('',$,#1374);
#1370=PRODUCT_RELATED_PRODUCT_CATEGORY(
'Refined_blade_NACA4412_main_200mm','Refined_blade_NACA4412_main_200mm',
(#1374));
#1371=APPLICATION_PROTOCOL_DEFINITION('international standard',
'automotive_design',2009,#1372);
#1372=APPLICATION_CONTEXT(
'Core Data for Automotive Mechanical Design Process');
#1373=PRODUCT_CONTEXT('part definition',#1372,'mechanical');
#1374=PRODUCT('2026-05-26-22-15-00-733',
'Refined_blade_NACA4412_main_200mm',$,(#1373));
#1375=PRESENTATION_STYLE_ASSIGNMENT((#1376));
#1376=SURFACE_STYLE_USAGE(.BOTH.,#1377);
#1377=SURFACE_SIDE_STYLE('',(#1378));
#1378=SURFACE_STYLE_FILL_AREA(#1379);
#1379=FILL_AREA_STYLE('Steel - Satin',(#1380));
#1380=FILL_AREA_STYLE_COLOUR('Steel - Satin',#1381);
#1381=COLOUR_RGB('Steel - Satin',0.627450980392157,0.627450980392157,0.627450980392157);
ENDSEC;
END-ISO-10303-21;
