ISO-10303-21;
HEADER;
/* Generated by software containing ST-Developer
 * from STEP Tools, Inc. (www.steptools.com) 
 */

FILE_DESCRIPTION(
/* description */ (''),
/* implementation_level */ '2;1');

FILE_NAME(
/* name */ 'Refined_blade_NACA4412_modified_150mm_1.2m.step',
/* time_stamp */ '2026-07-06T13:48:54+08:00',
/* author */ (''),
/* organization */ (''),
/* preprocessor_version */ 'ST-DEVELOPER v20.1',
/* originating_system */ 'Autodesk Translation Framework v15.8.0.0',
/* authorisation */ '');

FILE_SCHEMA (('AUTOMOTIVE_DESIGN { 1 0 10303 214 3 1 1 }'));
ENDSEC;

DATA;
#10=MECHANICAL_DESIGN_GEOMETRIC_PRESENTATION_REPRESENTATION('',(#13),#1415);
#11=SHAPE_REPRESENTATION_RELATIONSHIP('SRR','None',#1422,#12);
#12=ADVANCED_BREP_SHAPE_REPRESENTATION('',(#14),#1414);
#13=STYLED_ITEM('',(#1431),#14);
#14=MANIFOLD_SOLID_BREP('Body1',#90);
#15=B_SPLINE_CURVE_WITH_KNOTS('',3,(#1041,#1042,#1043,#1044,#1045,#1046,
#1047,#1048,#1049,#1050,#1051,#1052,#1053,#1054,#1055,#1056,#1057,#1058,
#1059),.UNSPECIFIED.,.F.,.F.,(4,1,1,1,1,1,1,1,1,1,1,1,1,1,1,1,4),(0.,7.50033947566251,
15.0003423740442,22.5001781103388,30.0000201129523,37.499553061267,44.9996054092659,
52.4998937261799,60.0000250482959,67.4999691357119,74.9999417626379,82.499951094529,
90.0000303228652,97.4993547251127,104.999274851052,112.499573335242,120.000039833084),
 .UNSPECIFIED.);
#16=(
BOUNDED_CURVE()
B_SPLINE_CURVE(5,(#296,#297,#298,#299,#300,#301,#302,#303,#304,#305),
 .UNSPECIFIED.,.F.,.F.)
B_SPLINE_CURVE_WITH_KNOTS((6,1,1,1,1,6),(0.,0.2,0.4,0.6,0.8,1.),
 .UNSPECIFIED.)
CURVE()
GEOMETRIC_REPRESENTATION_ITEM()
RATIONAL_B_SPLINE_CURVE((1.,1.,1.,1.,1.,1.,1.,1.,1.,1.))
REPRESENTATION_ITEM('')
);
#17=(
BOUNDED_CURVE()
B_SPLINE_CURVE(5,(#307,#308,#309,#310,#311,#312,#313,#314,#315,#316,#317,
#318,#319,#320,#321,#322,#323,#324,#325,#326,#327,#328,#329),
 .UNSPECIFIED.,.F.,.F.)
B_SPLINE_CURVE_WITH_KNOTS((6,1,1,1,1,1,1,1,1,1,1,1,1,1,1,1,1,1,6),(0.,0.05,
0.1,0.15,0.2,0.25,0.3,0.35,0.4,0.45,0.5,0.55,0.6,0.65,0.7,0.75,0.8,0.85,
0.891029467386687),.UNSPECIFIED.)
CURVE()
GEOMETRIC_REPRESENTATION_ITEM()
RATIONAL_B_SPLINE_CURVE((1.,1.,1.,1.,1.,1.,1.,1.,1.,1.,1.,1.,1.,1.,1.,1.,
1.,1.,1.,1.,1.,1.,1.))
REPRESENTATION_ITEM('')
);
#18=(
BOUNDED_CURVE()
B_SPLINE_CURVE(5,(#331,#332,#333,#334,#335,#336,#337,#338),
 .UNSPECIFIED.,.F.,.F.)
B_SPLINE_CURVE_WITH_KNOTS((6,1,1,6),(0.891029467386687,0.9,0.95,1.),
 .UNSPECIFIED.)
CURVE()
GEOMETRIC_REPRESENTATION_ITEM()
RATIONAL_B_SPLINE_CURVE((1.,1.,1.,1.,1.,1.,1.,1.))
REPRESENTATION_ITEM('')
);
#19=(
BOUNDED_CURVE()
B_SPLINE_CURVE(5,(#339,#340,#341,#342,#343,#344,#345,#346,#347,#348,#349,
#350,#351,#352,#353),.UNSPECIFIED.,.F.,.F.)
B_SPLINE_CURVE_WITH_KNOTS((6,1,1,1,1,1,1,1,1,1,6),(0.,0.1,0.2,0.3,0.4,0.5,
0.6,0.7,0.8,0.9,1.),.UNSPECIFIED.)
CURVE()
GEOMETRIC_REPRESENTATION_ITEM()
RATIONAL_B_SPLINE_CURVE((1.,1.,1.,1.,1.,1.,1.,1.,1.,1.,1.,1.,1.,1.,1.))
REPRESENTATION_ITEM('')
);
#20=(
BOUNDED_CURVE()
B_SPLINE_CURVE(5,(#498,#499,#500,#501,#502,#503,#504,#505,#506,#507,#508,
#509,#510,#511,#512,#513,#514,#515,#516,#517,#518,#519,#520,#521,#522),
 .UNSPECIFIED.,.F.,.F.)
B_SPLINE_CURVE_WITH_KNOTS((6,1,1,1,1,1,1,1,1,1,1,1,1,1,1,1,1,1,1,1,6),(-1.,
-0.95,-0.9,-0.85,-0.8,-0.75,-0.7,-0.65,-0.6,-0.55,-0.5,-0.45,-0.4,-0.35,
-0.3,-0.25,-0.2,-0.15,-0.1,-0.05,0.),.UNSPECIFIED.)
CURVE()
GEOMETRIC_REPRESENTATION_ITEM()
RATIONAL_B_SPLINE_CURVE((1.,1.,1.,1.,1.,1.,1.,1.,1.,1.,1.,1.,1.,1.,1.,1.,
1.,1.,1.,1.,1.,1.,1.,1.,1.))
REPRESENTATION_ITEM('')
);
#21=(
BOUNDED_CURVE()
B_SPLINE_CURVE(5,(#526,#527,#528,#529,#530,#531,#532,#533,#534,#535,#536,
#537,#538,#539,#540,#541,#542,#543,#544,#545,#546,#547,#548,#549,#550),
 .UNSPECIFIED.,.F.,.F.)
B_SPLINE_CURVE_WITH_KNOTS((6,1,1,1,1,1,1,1,1,1,1,1,1,1,1,1,1,1,1,1,6),(-1.,
-0.95,-0.9,-0.85,-0.8,-0.75,-0.7,-0.65,-0.6,-0.55,-0.5,-0.45,-0.4,-0.35,
-0.3,-0.25,-0.2,-0.15,-0.1,-0.05,0.),.UNSPECIFIED.)
CURVE()
GEOMETRIC_REPRESENTATION_ITEM()
RATIONAL_B_SPLINE_CURVE((1.,1.,1.,1.,1.,1.,1.,1.,1.,1.,1.,1.,1.,1.,1.,1.,
1.,1.,1.,1.,1.,1.,1.,1.,1.))
REPRESENTATION_ITEM('')
);
#22=(
BOUNDED_CURVE()
B_SPLINE_CURVE(5,(#551,#552,#553,#554,#555,#556,#557,#558,#559,#560,#561,
#562,#563,#564,#565,#566,#567,#568,#569,#570,#571,#572,#573,#574,#575),
 .UNSPECIFIED.,.F.,.F.)
B_SPLINE_CURVE_WITH_KNOTS((6,1,1,1,1,1,1,1,1,1,1,1,1,1,1,1,1,1,1,1,6),(0.,
0.05,0.1,0.15,0.2,0.25,0.3,0.35,0.4,0.45,0.5,0.55,0.6,0.65,0.7,0.75,0.8,
0.85,0.9,0.95,1.),.UNSPECIFIED.)
CURVE()
GEOMETRIC_REPRESENTATION_ITEM()
RATIONAL_B_SPLINE_CURVE((1.,1.,1.,1.,1.,1.,1.,1.,1.,1.,1.,1.,1.,1.,1.,1.,
1.,1.,1.,1.,1.,1.,1.,1.,1.))
REPRESENTATION_ITEM('')
);
#23=(
BOUNDED_CURVE()
B_SPLINE_CURVE(5,(#1016,#1017,#1018,#1019,#1020,#1021,#1022,#1023,#1024,
#1025,#1026,#1027,#1028,#1029,#1030,#1031,#1032,#1033,#1034,#1035,#1036,
#1037,#1038,#1039,#1040),.UNSPECIFIED.,.F.,.F.)
B_SPLINE_CURVE_WITH_KNOTS((6,1,1,1,1,1,1,1,1,1,1,1,1,1,1,1,1,1,1,1,6),(0.,
0.05,0.1,0.15,0.2,0.25,0.3,0.35,0.4,0.45,0.5,0.55,0.6,0.65,0.7,0.75,0.8,
0.85,0.9,0.95,1.),.UNSPECIFIED.)
CURVE()
GEOMETRIC_REPRESENTATION_ITEM()
RATIONAL_B_SPLINE_CURVE((1.,1.,1.,1.,1.,1.,1.,1.,1.,1.,1.,1.,1.,1.,1.,1.,
1.,1.,1.,1.,1.,1.,1.,1.,1.))
REPRESENTATION_ITEM('')
);
#24=B_SPLINE_SURFACE_WITH_KNOTS('',3,3,((#124,#125,#126,#127,#128,#129,
#130,#131,#132),(#133,#134,#135,#136,#137,#138,#139,#140,#141),(#142,#143,
#144,#145,#146,#147,#148,#149,#150),(#151,#152,#153,#154,#155,#156,#157,
#158,#159),(#160,#161,#162,#163,#164,#165,#166,#167,#168),(#169,#170,#171,
#172,#173,#174,#175,#176,#177),(#178,#179,#180,#181,#182,#183,#184,#185,
#186),(#187,#188,#189,#190,#191,#192,#193,#194,#195),(#196,#197,#198,#199,
#200,#201,#202,#203,#204),(#205,#206,#207,#208,#209,#210,#211,#212,#213),
(#214,#215,#216,#217,#218,#219,#220,#221,#222),(#223,#224,#225,#226,#227,
#228,#229,#230,#231),(#232,#233,#234,#235,#236,#237,#238,#239,#240),(#241,
#242,#243,#244,#245,#246,#247,#248,#249),(#250,#251,#252,#253,#254,#255,
#256,#257,#258),(#259,#260,#261,#262,#263,#264,#265,#266,#267),(#268,#269,
#270,#271,#272,#273,#274,#275,#276),(#277,#278,#279,#280,#281,#282,#283,
#284,#285),(#286,#287,#288,#289,#290,#291,#292,#293,#294)),
 .UNSPECIFIED.,.F.,.F.,.F.,(4,1,1,1,1,2,1,1,1,1,1,1,1,1,1,4),(4,1,1,1,1,
1,4),(0.,0.112308070848722,0.224616141697444,0.336924212546165,0.449232283394887,
0.561540354243609,0.649232283394887,0.693078247970526,0.736924212546165,
0.758847194833985,0.780770177121805,0.824616141697444,0.868462106273083,
0.912308070848722,0.956154035424361,1.),(0.,0.142857142857143,0.285714285714286,
0.428571428571429,0.571428571428571,0.857142857142857,1.),.UNSPECIFIED.);
#25=B_SPLINE_SURFACE_WITH_KNOTS('',3,3,((#354,#355,#356,#357,#358,#359,
#360,#361,#362),(#363,#364,#365,#366,#367,#368,#369,#370,#371),(#372,#373,
#374,#375,#376,#377,#378,#379,#380),(#381,#382,#383,#384,#385,#386,#387,
#388,#389),(#390,#391,#392,#393,#394,#395,#396,#397,#398),(#399,#400,#401,
#402,#403,#404,#405,#406,#407),(#408,#409,#410,#411,#412,#413,#414,#415,
#416),(#417,#418,#419,#420,#421,#422,#423,#424,#425),(#426,#427,#428,#429,
#430,#431,#432,#433,#434),(#435,#436,#437,#438,#439,#440,#441,#442,#443),
(#444,#445,#446,#447,#448,#449,#450,#451,#452),(#453,#454,#455,#456,#457,
#458,#459,#460,#461),(#462,#463,#464,#465,#466,#467,#468,#469,#470),(#471,
#472,#473,#474,#475,#476,#477,#478,#479),(#480,#481,#482,#483,#484,#485,
#486,#487,#488),(#489,#490,#491,#492,#493,#494,#495,#496,#497)),
 .UNSPECIFIED.,.F.,.F.,.F.,(4,1,1,1,1,1,1,2,1,1,1,1,4),(4,1,1,1,1,1,4),
(0.,0.0520649030705837,0.104129806141167,0.156194709211751,0.208259612282335,
0.312389418423502,0.41651922456467,0.520649030705837,0.61651922456467,0.712389418423502,
0.808259612282335,0.904129806141167,1.),(0.,0.142857142857143,0.285714285714286,
0.428571428571429,0.571428571428571,0.857142857142857,1.),.UNSPECIFIED.);
#26=B_SPLINE_SURFACE_WITH_KNOTS('',3,3,((#576,#577,#578,#579,#580,#581,
#582,#583,#584,#585,#586,#587,#588,#589,#590,#591,#592,#593,#594,#595,#596,
#597),(#598,#599,#600,#601,#602,#603,#604,#605,#606,#607,#608,#609,#610,
#611,#612,#613,#614,#615,#616,#617,#618,#619),(#620,#621,#622,#623,#624,
#625,#626,#627,#628,#629,#630,#631,#632,#633,#634,#635,#636,#637,#638,#639,
#640,#641),(#642,#643,#644,#645,#646,#647,#648,#649,#650,#651,#652,#653,
#654,#655,#656,#657,#658,#659,#660,#661,#662,#663),(#664,#665,#666,#667,
#668,#669,#670,#671,#672,#673,#674,#675,#676,#677,#678,#679,#680,#681,#682,
#683,#684,#685),(#686,#687,#688,#689,#690,#691,#692,#693,#694,#695,#696,
#697,#698,#699,#700,#701,#702,#703,#704,#705,#706,#707),(#708,#709,#710,
#711,#712,#713,#714,#715,#716,#717,#718,#719,#720,#721,#722,#723,#724,#725,
#726,#727,#728,#729),(#730,#731,#732,#733,#734,#735,#736,#737,#738,#739,
#740,#741,#742,#743,#744,#745,#746,#747,#748,#749,#750,#751),(#752,#753,
#754,#755,#756,#757,#758,#759,#760,#761,#762,#763,#764,#765,#766,#767,#768,
#769,#770,#771,#772,#773),(#774,#775,#776,#777,#778,#779,#780,#781,#782,
#783,#784,#785,#786,#787,#788,#789,#790,#791,#792,#793,#794,#795),(#796,
#797,#798,#799,#800,#801,#802,#803,#804,#805,#806,#807,#808,#809,#810,#811,
#812,#813,#814,#815,#816,#817),(#818,#819,#820,#821,#822,#823,#824,#825,
#826,#827,#828,#829,#830,#831,#832,#833,#834,#835,#836,#837,#838,#839),
(#840,#841,#842,#843,#844,#845,#846,#847,#848,#849,#850,#851,#852,#853,
#854,#855,#856,#857,#858,#859,#860,#861),(#862,#863,#864,#865,#866,#867,
#868,#869,#870,#871,#872,#873,#874,#875,#876,#877,#878,#879,#880,#881,#882,
#883),(#884,#885,#886,#887,#888,#889,#890,#891,#892,#893,#894,#895,#896,
#897,#898,#899,#900,#901,#902,#903,#904,#905),(#906,#907,#908,#909,#910,
#911,#912,#913,#914,#915,#916,#917,#918,#919,#920,#921,#922,#923,#924,#925,
#926,#927),(#928,#929,#930,#931,#932,#933,#934,#935,#936,#937,#938,#939,
#940,#941,#942,#943,#944,#945,#946,#947,#948,#949),(#950,#951,#952,#953,
#954,#955,#956,#957,#958,#959,#960,#961,#962,#963,#964,#965,#966,#967,#968,
#969,#970,#971),(#972,#973,#974,#975,#976,#977,#978,#979,#980,#981,#982,
#983,#984,#985,#986,#987,#988,#989,#990,#991,#992,#993),(#994,#995,#996,
#997,#998,#999,#1000,#1001,#1002,#1003,#1004,#1005,#1006,#1007,#1008,#1009,
#1010,#1011,#1012,#1013,#1014,#1015)),.UNSPECIFIED.,.F.,.F.,.F.,(4,1,1,
1,1,1,2,1,1,1,1,1,1,1,1,1,4),(4,1,1,1,2,1,1,1,2,1,1,1,2,1,1,1,4),(0.,0.131590140223552,
0.263180280447105,0.394770420670657,0.52636056089421,0.592155631005986,
0.657950701117762,0.72636056089421,0.760565490782434,0.777667955726545,
0.786219188198601,0.790494804434629,0.794770420670657,0.863180280447105,
0.931590140223552,0.965795070111776,1.),(0.,0.0625094275801491,0.125016050053512,
0.187521279362418,0.250026560896161,0.312526770148124,0.375027765350858,
0.437529359893869,0.500030454517131,0.562531118164366,0.62503201964515,
0.687533227006171,0.750035016848095,0.812526183535715,0.87501612516881,
0.937506743819834,1.),.UNSPECIFIED.);
#27=B_SPLINE_SURFACE_WITH_KNOTS('',3,3,((#1060,#1061,#1062,#1063,#1064,
#1065,#1066,#1067,#1068,#1069,#1070,#1071,#1072,#1073,#1074,#1075,#1076,
#1077,#1078,#1079,#1080,#1081),(#1082,#1083,#1084,#1085,#1086,#1087,#1088,
#1089,#1090,#1091,#1092,#1093,#1094,#1095,#1096,#1097,#1098,#1099,#1100,
#1101,#1102,#1103),(#1104,#1105,#1106,#1107,#1108,#1109,#1110,#1111,#1112,
#1113,#1114,#1115,#1116,#1117,#1118,#1119,#1120,#1121,#1122,#1123,#1124,
#1125),(#1126,#1127,#1128,#1129,#1130,#1131,#1132,#1133,#1134,#1135,#1136,
#1137,#1138,#1139,#1140,#1141,#1142,#1143,#1144,#1145,#1146,#1147),(#1148,
#1149,#1150,#1151,#1152,#1153,#1154,#1155,#1156,#1157,#1158,#1159,#1160,
#1161,#1162,#1163,#1164,#1165,#1166,#1167,#1168,#1169),(#1170,#1171,#1172,
#1173,#1174,#1175,#1176,#1177,#1178,#1179,#1180,#1181,#1182,#1183,#1184,
#1185,#1186,#1187,#1188,#1189,#1190,#1191),(#1192,#1193,#1194,#1195,#1196,
#1197,#1198,#1199,#1200,#1201,#1202,#1203,#1204,#1205,#1206,#1207,#1208,
#1209,#1210,#1211,#1212,#1213),(#1214,#1215,#1216,#1217,#1218,#1219,#1220,
#1221,#1222,#1223,#1224,#1225,#1226,#1227,#1228,#1229,#1230,#1231,#1232,
#1233,#1234,#1235),(#1236,#1237,#1238,#1239,#1240,#1241,#1242,#1243,#1244,
#1245,#1246,#1247,#1248,#1249,#1250,#1251,#1252,#1253,#1254,#1255,#1256,
#1257),(#1258,#1259,#1260,#1261,#1262,#1263,#1264,#1265,#1266,#1267,#1268,
#1269,#1270,#1271,#1272,#1273,#1274,#1275,#1276,#1277,#1278,#1279),(#1280,
#1281,#1282,#1283,#1284,#1285,#1286,#1287,#1288,#1289,#1290,#1291,#1292,
#1293,#1294,#1295,#1296,#1297,#1298,#1299,#1300,#1301),(#1302,#1303,#1304,
#1305,#1306,#1307,#1308,#1309,#1310,#1311,#1312,#1313,#1314,#1315,#1316,
#1317,#1318,#1319,#1320,#1321,#1322,#1323),(#1324,#1325,#1326,#1327,#1328,
#1329,#1330,#1331,#1332,#1333,#1334,#1335,#1336,#1337,#1338,#1339,#1340,
#1341,#1342,#1343,#1344,#1345),(#1346,#1347,#1348,#1349,#1350,#1351,#1352,
#1353,#1354,#1355,#1356,#1357,#1358,#1359,#1360,#1361,#1362,#1363,#1364,
#1365,#1366,#1367),(#1368,#1369,#1370,#1371,#1372,#1373,#1374,#1375,#1376,
#1377,#1378,#1379,#1380,#1381,#1382,#1383,#1384,#1385,#1386,#1387,#1388,
#1389),(#1390,#1391,#1392,#1393,#1394,#1395,#1396,#1397,#1398,#1399,#1400,
#1401,#1402,#1403,#1404,#1405,#1406,#1407,#1408,#1409,#1410,#1411)),
 .UNSPECIFIED.,.F.,.F.,.F.,(4,1,1,1,1,1,1,1,1,1,1,1,1,4),(4,1,1,1,2,1,1,
1,2,1,1,1,2,1,1,1,4),(0.,0.0714285714285714,0.142857142857143,0.19047619047619,
0.238095238095238,0.285714285714286,0.333333333333333,0.428571428571429,
0.5,0.571428571428571,0.714285714285714,0.785714285714286,0.857142857142857,
1.),(0.,0.0625094275801491,0.125016050053512,0.187521279362418,0.250026560896161,
0.312526770148124,0.375027765350858,0.437529359893869,0.500030454517131,
0.562531118164366,0.62503201964515,0.687533227006171,0.750035016848095,
0.812526183535715,0.87501612516881,0.937506743819834,1.),.UNSPECIFIED.);
#28=FACE_OUTER_BOUND('',#34,.T.);
#29=FACE_OUTER_BOUND('',#35,.T.);
#30=FACE_OUTER_BOUND('',#36,.T.);
#31=FACE_OUTER_BOUND('',#37,.T.);
#32=FACE_OUTER_BOUND('',#38,.T.);
#33=FACE_OUTER_BOUND('',#39,.T.);
#34=EDGE_LOOP('',(#60,#61));
#35=EDGE_LOOP('',(#62,#63,#64,#65,#66));
#36=EDGE_LOOP('',(#67,#68,#69,#70));
#37=EDGE_LOOP('',(#71,#72));
#38=EDGE_LOOP('',(#73,#74,#75,#76));
#39=EDGE_LOOP('',(#77,#78,#79,#80,#81));
#40=CIRCLE('',#105,50.);
#41=CIRCLE('',#106,50.);
#42=VERTEX_POINT('',#120);
#43=VERTEX_POINT('',#121);
#44=VERTEX_POINT('',#295);
#45=VERTEX_POINT('',#306);
#46=VERTEX_POINT('',#330);
#47=VERTEX_POINT('',#524);
#48=VERTEX_POINT('',#525);
#49=EDGE_CURVE('',#42,#43,#40,.T.);
#50=EDGE_CURVE('',#43,#42,#41,.T.);
#51=EDGE_CURVE('',#43,#44,#16,.T.);
#52=EDGE_CURVE('',#44,#45,#17,.T.);
#53=EDGE_CURVE('',#45,#46,#18,.T.);
#54=EDGE_CURVE('',#42,#46,#19,.T.);
#55=EDGE_CURVE('',#46,#44,#20,.T.);
#56=EDGE_CURVE('',#47,#48,#21,.T.);
#57=EDGE_CURVE('',#48,#47,#22,.T.);
#58=EDGE_CURVE('',#46,#47,#23,.T.);
#59=EDGE_CURVE('',#44,#48,#15,.T.);
#60=ORIENTED_EDGE('',*,*,#49,.F.);
#61=ORIENTED_EDGE('',*,*,#50,.F.);
#62=ORIENTED_EDGE('',*,*,#49,.T.);
#63=ORIENTED_EDGE('',*,*,#51,.T.);
#64=ORIENTED_EDGE('',*,*,#52,.T.);
#65=ORIENTED_EDGE('',*,*,#53,.T.);
#66=ORIENTED_EDGE('',*,*,#54,.F.);
#67=ORIENTED_EDGE('',*,*,#50,.T.);
#68=ORIENTED_EDGE('',*,*,#54,.T.);
#69=ORIENTED_EDGE('',*,*,#55,.T.);
#70=ORIENTED_EDGE('',*,*,#51,.F.);
#71=ORIENTED_EDGE('',*,*,#56,.F.);
#72=ORIENTED_EDGE('',*,*,#57,.F.);
#73=ORIENTED_EDGE('',*,*,#55,.F.);
#74=ORIENTED_EDGE('',*,*,#58,.T.);
#75=ORIENTED_EDGE('',*,*,#56,.T.);
#76=ORIENTED_EDGE('',*,*,#59,.F.);
#77=ORIENTED_EDGE('',*,*,#52,.F.);
#78=ORIENTED_EDGE('',*,*,#59,.T.);
#79=ORIENTED_EDGE('',*,*,#57,.T.);
#80=ORIENTED_EDGE('',*,*,#58,.F.);
#81=ORIENTED_EDGE('',*,*,#53,.F.);
#82=PLANE('',#104);
#83=PLANE('',#107);
#84=ADVANCED_FACE('',(#28),#82,.F.);
#85=ADVANCED_FACE('',(#29),#24,.T.);
#86=ADVANCED_FACE('',(#30),#25,.T.);
#87=ADVANCED_FACE('',(#31),#83,.T.);
#88=ADVANCED_FACE('',(#32),#26,.F.);
#89=ADVANCED_FACE('',(#33),#27,.F.);
#90=CLOSED_SHELL('',(#84,#85,#86,#87,#88,#89));
#91=DERIVED_UNIT_ELEMENT(#93,1.);
#92=DERIVED_UNIT_ELEMENT(#1417,-3.);
#93=(
MASS_UNIT()
NAMED_UNIT(*)
SI_UNIT(.KILO.,.GRAM.)
);
#94=DERIVED_UNIT((#91,#92));
#95=MEASURE_REPRESENTATION_ITEM('density measure',
POSITIVE_RATIO_MEASURE(7850.),#94);
#96=PROPERTY_DEFINITION_REPRESENTATION(#101,#98);
#97=PROPERTY_DEFINITION_REPRESENTATION(#102,#99);
#98=REPRESENTATION('material name',(#100),#1414);
#99=REPRESENTATION('density',(#95),#1414);
#100=DESCRIPTIVE_REPRESENTATION_ITEM('Steel','Steel');
#101=PROPERTY_DEFINITION('material property','material name',#1424);
#102=PROPERTY_DEFINITION('material property','density of part',#1424);
#103=AXIS2_PLACEMENT_3D('',#118,#108,#109);
#104=AXIS2_PLACEMENT_3D('',#119,#110,#111);
#105=AXIS2_PLACEMENT_3D('',#122,#112,#113);
#106=AXIS2_PLACEMENT_3D('',#123,#114,#115);
#107=AXIS2_PLACEMENT_3D('',#523,#116,#117);
#108=DIRECTION('axis',(0.,0.,1.));
#109=DIRECTION('refdir',(1.,0.,0.));
#110=DIRECTION('center_axis',(0.,1.,0.));
#111=DIRECTION('ref_axis',(0.,0.,1.));
#112=DIRECTION('center_axis',(0.,1.,0.));
#113=DIRECTION('ref_axis',(1.,0.,0.));
#114=DIRECTION('center_axis',(0.,1.,0.));
#115=DIRECTION('ref_axis',(1.,0.,0.));
#116=DIRECTION('center_axis',(2.06634309631013E-15,1.,-1.57586850759359E-15));
#117=DIRECTION('ref_axis',(0.,1.57586850759359E-15,1.));
#118=CARTESIAN_POINT('',(0.,0.,0.));
#119=CARTESIAN_POINT('Origin',(49.9975482340912,-200.,0.447122961666122));
#120=CARTESIAN_POINT('',(99.9950964681825,-200.,-4.45476988630844E-14));
#121=CARTESIAN_POINT('',(8.88178419700125E-15,-200.,3.67761376907083E-15));
#122=CARTESIAN_POINT('Origin',(49.9975482340913,-200.,0.495147028386197));
#123=CARTESIAN_POINT('Origin',(49.9975482340913,-200.,0.495147028386197));
#124=CARTESIAN_POINT('Ctrl Pts',(99.9950964681825,-200.,1.38777878078145E-16));
#125=CARTESIAN_POINT('Ctrl Pts',(98.8077009194432,-192.291844500609,3.62606749481704));
#126=CARTESIAN_POINT('Ctrl Pts',(97.3043091153705,-176.404148732363,10.3854248329404));
#127=CARTESIAN_POINT('Ctrl Pts',(97.7915183742828,-151.089155377284,18.9736876545532));
#128=CARTESIAN_POINT('Ctrl Pts',(101.307727684438,-124.13561984995,25.8490462508504));
#129=CARTESIAN_POINT('Ctrl Pts',(110.338397497844,-85.8485496261222,32.5605623536255));
#130=CARTESIAN_POINT('Ctrl Pts',(125.442954099617,-44.2758011306091,35.8372860603351));
#131=CARTESIAN_POINT('Ctrl Pts',(140.238900237433,-11.2204748561609,36.333935991926));
#132=CARTESIAN_POINT('Ctrl Pts',(145.544358941399,0.,36.2882843399501));
#133=CARTESIAN_POINT('Ctrl Pts',(99.9432447926217,-200.,-5.23573100765737));
#134=CARTESIAN_POINT('Ctrl Pts',(98.746357908372,-192.306248859607,-1.42209283917062));
#135=CARTESIAN_POINT('Ctrl Pts',(97.1211398601609,-176.428850786542,5.66687523671445));
#136=CARTESIAN_POINT('Ctrl Pts',(97.1546024919741,-151.092279395083,14.6634272090092));
#137=CARTESIAN_POINT('Ctrl Pts',(99.9852623087508,-124.09864974151,21.9113484875625));
#138=CARTESIAN_POINT('Ctrl Pts',(107.844417631579,-85.7581105486108,29.1392051098152));
#139=CARTESIAN_POINT('Ctrl Pts',(121.469396695061,-44.1688948614853,33.0624671817976));
#140=CARTESIAN_POINT('Ctrl Pts',(135.040862325645,-11.1844949943036,34.2929229511946));
#141=CARTESIAN_POINT('Ctrl Pts',(139.931760682941,0.,34.5279359668608));
#142=CARTESIAN_POINT('Ctrl Pts',(98.1824384691195,-200.,-15.6906101362412));
#143=CARTESIAN_POINT('Ctrl Pts',(96.9781702384916,-192.3018033325,-11.6476496514376));
#144=CARTESIAN_POINT('Ctrl Pts',(95.1785371154916,-176.398221748316,-4.11639096498853));
#145=CARTESIAN_POINT('Ctrl Pts',(94.5109002600143,-150.995221070672,5.5536954280819));
#146=CARTESIAN_POINT('Ctrl Pts',(96.2294548480868,-123.934746710589,13.5520549121357));
#147=CARTESIAN_POINT('Ctrl Pts',(102.102379171976,-85.5373713718464,21.9683215485779));
#148=CARTESIAN_POINT('Ctrl Pts',(113.105211450536,-43.9742637735219,27.4503832826923));
#149=CARTESIAN_POINT('Ctrl Pts',(124.43298131066,-11.1235498872264,30.2417130753405));
#150=CARTESIAN_POINT('Ctrl Pts',(128.553518853867,0.,31.0489886039402));
#151=CARTESIAN_POINT('Ctrl Pts',(90.8207100118276,-200.,-29.7869236875098));
#152=CARTESIAN_POINT('Ctrl Pts',(89.663985836143,-192.215507346429,-25.7415545949025));
#153=CARTESIAN_POINT('Ctrl Pts',(87.8248407622177,-176.1583173183,-18.0926883540927));
#154=CARTESIAN_POINT('Ctrl Pts',(86.6666265555453,-150.591976299379,-7.89311757787572));
#155=CARTESIAN_POINT('Ctrl Pts',(87.4074670554703,-123.452005981029,1.02422636970527));
#156=CARTESIAN_POINT('Ctrl Pts',(91.271572766248,-85.0735267268118,11.2225690111246));
#157=CARTESIAN_POINT('Ctrl Pts',(99.3002238386781,-43.6876004517608,19.2469626712835));
#158=CARTESIAN_POINT('Ctrl Pts',(107.877000651498,-11.0453497665754,24.342123489746));
#159=CARTESIAN_POINT('Ctrl Pts',(111.024379014226,0.,25.9590184336564));
#160=CARTESIAN_POINT('Ctrl Pts',(79.466527507905,-200.,-40.9217727660279));
#161=CARTESIAN_POINT('Ctrl Pts',(78.4397755622576,-192.069718704847,-37.1196877058921));
#162=CARTESIAN_POINT('Ctrl Pts',(76.7832187422947,-175.770590582683,-29.7853224827817));
#163=CARTESIAN_POINT('Ctrl Pts',(75.6008755588335,-149.983336038757,-19.5629410439507));
#164=CARTESIAN_POINT('Ctrl Pts',(75.9186941837854,-122.765381327228,-10.1210226999498));
#165=CARTESIAN_POINT('Ctrl Pts',(78.575136217537,-84.4637933872251,1.44098298750968));
#166=CARTESIAN_POINT('Ctrl Pts',(84.4703700468941,-43.3539593995168,11.6646197030971));
#167=CARTESIAN_POINT('Ctrl Pts',(90.8899458909675,-10.960540875942,18.7212004521335));
#168=CARTESIAN_POINT('Ctrl Pts',(93.2526495167686,0.,21.0173665702279));
#169=CARTESIAN_POINT('Ctrl Pts',(65.2251453069424,-200.,-47.999727704173));
#170=CARTESIAN_POINT('Ctrl Pts',(64.43460586701,-191.884572447654,-44.5907370903878));
#171=CARTESIAN_POINT('Ctrl Pts',(63.1838309422343,-175.281180108538,-37.8786964320912));
#172=CARTESIAN_POINT('Ctrl Pts',(62.3493680097559,-149.221562084155,-28.1204761314893));
#173=CARTESIAN_POINT('Ctrl Pts',(62.6633098514104,-121.907875008126,-18.6744099184304));
#174=CARTESIAN_POINT('Ctrl Pts',(64.7437298619311,-83.6950185384229,-6.494773151795));
#175=CARTESIAN_POINT('Ctrl Pts',(69.2291423605313,-42.9210795761226,5.11495331662383));
#176=CARTESIAN_POINT('Ctrl Pts',(74.0657022681728,-10.849296905379,13.5023890930469));
#177=CARTESIAN_POINT('Ctrl Pts',(75.8383180034914,0.,16.2659042571607));
#178=CARTESIAN_POINT('Ctrl Pts',(54.7367836100511,-200.,-49.5526655067219));
#179=CARTESIAN_POINT('Ctrl Pts',(54.1904207581027,-191.74832655905,-46.441689982159));
#180=CARTESIAN_POINT('Ctrl Pts',(53.3719910724203,-174.917876344807,-40.2536600412927));
#181=CARTESIAN_POINT('Ctrl Pts',(52.9986148955944,-148.646464848666,-31.0733681009796));
#182=CARTESIAN_POINT('Ctrl Pts',(53.5587210842819,-121.244284524483,-21.9973481484334));
#183=CARTESIAN_POINT('Ctrl Pts',(55.6496320058917,-83.0677057566352,-10.0380373369865));
#184=CARTESIAN_POINT('Ctrl Pts',(59.6757179991846,-42.5314931526482,1.71557459794376));
#185=CARTESIAN_POINT('Ctrl Pts',(63.8450115082176,-10.7442933317523,10.3969347949829));
#186=CARTESIAN_POINT('Ctrl Pts',(65.3580281494413,0.,13.2763519796418));
#187=CARTESIAN_POINT('Ctrl Pts',(45.416932187347,-200.,-49.465220025579));
#188=CARTESIAN_POINT('Ctrl Pts',(45.1336534972932,-191.627282957422,-46.6071474379448));
#189=CARTESIAN_POINT('Ctrl Pts',(44.7726048425095,-174.59159587738,-40.8862652766092));
#190=CARTESIAN_POINT('Ctrl Pts',(44.8851993236563,-148.119966086126,-32.2937047381882));
#191=CARTESIAN_POINT('Ctrl Pts',(45.7369402026676,-120.62229046163,-23.6957014761771));
#192=CARTESIAN_POINT('Ctrl Pts',(47.9654612987973,-82.4541299413848,-12.2317145496184));
#193=CARTESIAN_POINT('Ctrl Pts',(51.7639214545171,-42.1241255394585,-0.766878184334286));
#194=CARTESIAN_POINT('Ctrl Pts',(55.5062656545445,-10.6311823095958,7.84322134522404));
#195=CARTESIAN_POINT('Ctrl Pts',(56.8495095074823,0.,10.714516869407));
#196=CARTESIAN_POINT('Ctrl Pts',(38.385872913596,-200.,-48.610267002752));
#197=CARTESIAN_POINT('Ctrl Pts',(38.2232170072206,-191.512918437957,-45.9911465862591));
#198=CARTESIAN_POINT('Ctrl Pts',(38.0952871093098,-174.279735521865,-40.6980952402946));
#199=CARTESIAN_POINT('Ctrl Pts',(38.5067469384044,-147.607276404736,-32.6247218937831));
#200=CARTESIAN_POINT('Ctrl Pts',(39.5787056555409,-120.009537090649,-24.4511265094538));
#201=CARTESIAN_POINT('Ctrl Pts',(41.9586757802211,-81.8490036250763,-13.46359982444));
#202=CARTESIAN_POINT('Ctrl Pts',(45.6537566646866,-41.7302403167582,-2.39735448380684));
#203=CARTESIAN_POINT('Ctrl Pts',(49.0751083987409,-10.5225050824234,5.88740450682233));
#204=CARTESIAN_POINT('Ctrl Pts',(50.2805703518943,0.,8.64266360091497));
#205=CARTESIAN_POINT('Ctrl Pts',(28.5802237187205,-200.,-44.9241258980089));
#206=CARTESIAN_POINT('Ctrl Pts',(28.5045147590611,-191.322834297367,-42.7130402988255));
#207=CARTESIAN_POINT('Ctrl Pts',(28.6141889973097,-173.758262260031,-38.1873261636041));
#208=CARTESIAN_POINT('Ctrl Pts',(29.4827020699405,-146.741813896239,-31.1493361441063));
#209=CARTESIAN_POINT('Ctrl Pts',(31.0098844489281,-118.969148910365,-23.9243906283247));
#210=CARTESIAN_POINT('Ctrl Pts',(33.8605082488872,-80.8209671619414,-14.125159650627));
#211=CARTESIAN_POINT('Ctrl Pts',(37.6540528330669,-41.0676100453986,-4.19225019210624));
#212=CARTESIAN_POINT('Ctrl Pts',(40.648482480303,-10.3402607185957,3.1917509772215));
#213=CARTESIAN_POINT('Ctrl Pts',(41.64210942296,0.,5.63602432183742));
#214=CARTESIAN_POINT('Ctrl Pts',(22.6286065320558,-200.,-41.5115908378535));
#215=CARTESIAN_POINT('Ctrl Pts',(22.582897643961,-191.195014311779,-39.5811633789657));
#216=CARTESIAN_POINT('Ctrl Pts',(22.7981145437397,-173.406833115778,-35.6034632792832));
#217=CARTESIAN_POINT('Ctrl Pts',(23.8979784028151,-146.156567574284,-29.3539253815363));
#218=CARTESIAN_POINT('Ctrl Pts',(25.6640582003566,-118.264155838448,-22.8911001491794));
#219=CARTESIAN_POINT('Ctrl Pts',(28.7552683529696,-80.1241868317836,-14.0821482552766));
#220=CARTESIAN_POINT('Ctrl Pts',(32.5683946498514,-40.6200448224668,-5.11638583737701));
#221=CARTESIAN_POINT('Ctrl Pts',(35.2743846397662,-10.2173051610855,1.53564005638975));
#222=CARTESIAN_POINT('Ctrl Pts',(36.1289211211516,0.,3.73400111403816));
#223=CARTESIAN_POINT('Ctrl Pts',(18.1728681969095,-200.,-38.1450158322409));
#224=CARTESIAN_POINT('Ctrl Pts',(18.1404200997876,-191.091336974705,-36.4475205603486));
#225=CARTESIAN_POINT('Ctrl Pts',(18.3978612011674,-173.121494637269,-32.9378139246073));
#226=CARTESIAN_POINT('Ctrl Pts',(19.5784027167146,-145.680640878407,-27.3938328005003));
#227=CARTESIAN_POINT('Ctrl Pts',(21.4072820230304,-117.690306751238,-21.6358906377942));
#228=CARTESIAN_POINT('Ctrl Pts',(24.512327761652,-79.5569538625003,-13.7607175287794));
#229=CARTESIAN_POINT('Ctrl Pts',(28.1876030526458,-40.2562495737295,-5.71258031096318));
#230=CARTESIAN_POINT('Ctrl Pts',(30.6242528413142,-10.1174126675018,0.272370169592754));
#231=CARTESIAN_POINT('Ctrl Pts',(31.3665161107244,0.,2.25121359275274));
#232=CARTESIAN_POINT('Ctrl Pts',(13.9825626019966,-200.,-34.3890285810712));
#233=CARTESIAN_POINT('Ctrl Pts',(13.9575043835952,-190.98804176857,-32.9277438950381));
#234=CARTESIAN_POINT('Ctrl Pts',(14.2266407446937,-172.837062666773,-29.9009085231245));
#235=CARTESIAN_POINT('Ctrl Pts',(15.4020572451132,-145.205850995047,-25.1025585022165));
#236=CARTESIAN_POINT('Ctrl Pts',(17.1849700354768,-117.117553126199,-20.1020804149404));
#237=CARTESIAN_POINT('Ctrl Pts',(20.1506468465253,-78.9907636961994,-13.2397107363425));
#238=CARTESIAN_POINT('Ctrl Pts',(23.5570220507581,-39.8933955152669,-6.1907725902465));
#239=CARTESIAN_POINT('Ctrl Pts',(25.6942374338104,-10.0178026923663,-0.918703796310513));
#240=CARTESIAN_POINT('Ctrl Pts',(26.3245653642299,0.,0.828143426155557));
#241=CARTESIAN_POINT('Ctrl Pts',(9.35059340447826,-200.,-29.0295178223959));
#242=CARTESIAN_POINT('Ctrl Pts',(9.32618069637974,-190.862132437682,-27.8652832709763));
#243=CARTESIAN_POINT('Ctrl Pts',(9.54822310947996,-172.490166062591,-25.4589802354954));
#244=CARTESIAN_POINT('Ctrl Pts',(10.5303226325859,-144.626288735675,-21.6496523332734));
#245=CARTESIAN_POINT('Ctrl Pts',(12.0142326774359,-116.418037365139,-17.6745501734777));
#246=CARTESIAN_POINT('Ctrl Pts',(14.4635585294558,-78.2991973809543,-12.198888932216));
#247=CARTESIAN_POINT('Ctrl Pts',(17.2408809702624,-39.4505362437078,-6.52386761188419));
#248=CARTESIAN_POINT('Ctrl Pts',(18.9397651584495,-9.89625972709677,-2.2109212516767));
#249=CARTESIAN_POINT('Ctrl Pts',(19.4326919925198,0.,-0.772379147205636));
#250=CARTESIAN_POINT('Ctrl Pts',(5.01741068795983,-200.,-21.8548068130459));
#251=CARTESIAN_POINT('Ctrl Pts',(4.98775724287017,-190.724154903519,-21.0359391609715));
#252=CARTESIAN_POINT('Ctrl Pts',(5.0886296196301,-172.109939212383,-19.3587282282354));
#253=CARTESIAN_POINT('Ctrl Pts',(5.63146276754325,-143.990833604501,-16.7295116508564));
#254=CARTESIAN_POINT('Ctrl Pts',(6.48659589878124,-115.650891775982,-13.9924210324508));
#255=CARTESIAN_POINT('Ctrl Pts',(7.93637111893652,-77.5406836693932,-10.2064454008339));
#256=CARTESIAN_POINT('Ctrl Pts',(9.64140208635995,-38.9648578234829,-6.22411485719571));
#257=CARTESIAN_POINT('Ctrl Pts',(10.7598985053255,-9.76296667560368,-3.10077673951389));
#258=CARTESIAN_POINT('Ctrl Pts',(11.0980035573373,0.,-2.04521674161631));
#259=CARTESIAN_POINT('Ctrl Pts',(2.02974930337013,-200.,-14.3311894742257));
#260=CARTESIAN_POINT('Ctrl Pts',(1.99657136353625,-190.607269212315,-13.8326431534507));
#261=CARTESIAN_POINT('Ctrl Pts',(1.99115561302095,-171.7879811375,-12.8213268227326));
#262=CARTESIAN_POINT('Ctrl Pts',(2.14303514516215,-143.453137481748,-11.2525588401771));
#263=CARTESIAN_POINT('Ctrl Pts',(2.43754397874807,-115.002010802674,-9.62258998569457));
#264=CARTESIAN_POINT('Ctrl Pts',(2.9963336343945,-76.8990274630892,-7.35532684188778));
#265=CARTESIAN_POINT('Ctrl Pts',(3.74594605558086,-38.5535515321183,-4.92717027034355));
#266=CARTESIAN_POINT('Ctrl Pts',(4.3456871787926,-9.65003943193167,-2.95485047512498));
#267=CARTESIAN_POINT('Ctrl Pts',(4.5450605920446,0.,-2.27900872635571));
#268=CARTESIAN_POINT('Ctrl Pts',(0.361612867606628,-200.,-6.8733736427563));
#269=CARTESIAN_POINT('Ctrl Pts',(0.334358266877013,-190.519453544124,-6.65615077938038));
#270=CARTESIAN_POINT('Ctrl Pts',(0.292449987549944,-171.546511538455,-6.21447733494005));
#271=CARTESIAN_POINT('Ctrl Pts',(0.271286941593204,-143.050939795765,-5.52411044747283));
#272=CARTESIAN_POINT('Ctrl Pts',(0.295140212014086,-114.51738573695,-4.80030116959402));
#273=CARTESIAN_POINT('Ctrl Pts',(0.391860311761532,-76.4197204005658,-3.7829699974408));
#274=CARTESIAN_POINT('Ctrl Pts',(0.588073127267539,-38.2452367928289,-2.67574542337374));
#275=CARTESIAN_POINT('Ctrl Pts',(0.810263200225444,-9.56528529707131,-1.76015452055766));
#276=CARTESIAN_POINT('Ctrl Pts',(0.893025727754537,0.,-1.44448734104688));
#277=CARTESIAN_POINT('Ctrl Pts',(0.0218331985247976,-200.,-2.20461061819426));
#278=CARTESIAN_POINT('Ctrl Pts',(0.00998044083140925,-190.485608567377,
-2.13963660658112));
#279=CARTESIAN_POINT('Ctrl Pts',(-0.00843506533408836,-171.454003923326,
-2.00454205515657));
#280=CARTESIAN_POINT('Ctrl Pts',(-0.0199686120782702,-142.898299915189,
-1.78663404418519));
#281=CARTESIAN_POINT('Ctrl Pts',(-0.015829916593866,-114.334467159346,-1.55366338049704));
#282=CARTESIAN_POINT('Ctrl Pts',(0.0102746246637705,-76.2387428804199,-1.22321200606558));
#283=CARTESIAN_POINT('Ctrl Pts',(0.0665370148653218,-38.1274342834958,-0.863426598524772));
#284=CARTESIAN_POINT('Ctrl Pts',(0.130616520876618,-9.532769480366,-0.572173175449251));
#285=CARTESIAN_POINT('Ctrl Pts',(0.154406033107083,0.,-0.472740040581118));
#286=CARTESIAN_POINT('Ctrl Pts',(8.88178419700125E-15,-200.,-4.07313072159354E-14));
#287=CARTESIAN_POINT('Ctrl Pts',(8.89015291088061E-15,-190.47619047619,
-4.07044809262165E-14));
#288=CARTESIAN_POINT('Ctrl Pts',(8.60930842205078E-15,-171.428571428572,
-3.92321062689975E-14));
#289=CARTESIAN_POINT('Ctrl Pts',(7.55036615325912E-15,-142.857142857145,
-3.39834255450669E-14));
#290=CARTESIAN_POINT('Ctrl Pts',(6.10881856313931E-15,-114.28571428572,
-2.69106735782749E-14));
#291=CARTESIAN_POINT('Ctrl Pts',(4.01670830016705E-15,-76.190476190485,
-1.66696392923918E-14));
#292=CARTESIAN_POINT('Ctrl Pts',(2.17966825141354E-15,-38.0952380952467,
-7.64465250174951E-15));
#293=CARTESIAN_POINT('Ctrl Pts',(1.75840151816875E-15,-9.52380952381216,
-5.43609051592111E-15));
#294=CARTESIAN_POINT('Ctrl Pts',(1.76677023204809E-15,0.,-5.40926422620215E-15));
#295=CARTESIAN_POINT('',(0.,0.,0.));
#296=CARTESIAN_POINT('Ctrl Pts',(0.,-200.,0.));
#297=CARTESIAN_POINT('Ctrl Pts',(7.02971965866279E-18,-192.,2.25340833639379E-17));
#298=CARTESIAN_POINT('Ctrl Pts',(2.10891589759859E-17,-176.,6.76022500918101E-17));
#299=CARTESIAN_POINT('Ctrl Pts',(4.2178317951963E-17,-152.000000000001,
1.35204500183608E-16));
#300=CARTESIAN_POINT('Ctrl Pts',(7.02971965865862E-17,-120.000000000005,
2.25340833639321E-16));
#301=CARTESIAN_POINT('Ctrl Pts',(1.05445794879852E-16,-80.0000000000089,
3.38011250458947E-16));
#302=CARTESIAN_POINT('Ctrl Pts',(1.33564673514458E-16,-48.0000000000091,
4.28147583914641E-16));
#303=CARTESIAN_POINT('Ctrl Pts',(1.54653832490412E-16,-24.0000000000058,
4.95749834006411E-16));
#304=CARTESIAN_POINT('Ctrl Pts',(1.68713271807713E-16,-8.00000000000221,
5.40818000734256E-16));
#305=CARTESIAN_POINT('Ctrl Pts',(1.75742991466363E-16,0.,5.63352084098179E-16));
#306=CARTESIAN_POINT('',(126.337413952595,0.,30.4352620343496));
#307=CARTESIAN_POINT('Ctrl Pts',(0.,0.,0.));
#308=CARTESIAN_POINT('Ctrl Pts',(0.159136515174021,0.,-0.487223207069451));
#309=CARTESIAN_POINT('Ctrl Pts',(0.803216548626797,0.,-1.31618056245445));
#310=CARTESIAN_POINT('Ctrl Pts',(2.74697933968329,0.,-2.12310435566943));
#311=CARTESIAN_POINT('Ctrl Pts',(7.05629066255023,0.,-2.38774382731768));
#312=CARTESIAN_POINT('Ctrl Pts',(14.0868940017788,0.,-1.69696277836377));
#313=CARTESIAN_POINT('Ctrl Pts',(21.4128551369496,0.,-0.37401782937753));
#314=CARTESIAN_POINT('Ctrl Pts',(28.1634123330235,0.,1.27265225873281));
#315=CARTESIAN_POINT('Ctrl Pts',(34.1945470955951,0.,3.07981835910572));
#316=CARTESIAN_POINT('Ctrl Pts',(39.7657856824255,0.,4.97358283116664));
#317=CARTESIAN_POINT('Ctrl Pts',(45.3551236030798,0.,6.94237942343462));
#318=CARTESIAN_POINT('Ctrl Pts',(51.4280205442473,0.,8.99999438730695));
#319=CARTESIAN_POINT('Ctrl Pts',(58.2150731284218,0.,11.1518335267212));
#320=CARTESIAN_POINT('Ctrl Pts',(65.7555951616915,0.,13.3952444604946));
#321=CARTESIAN_POINT('Ctrl Pts',(73.9583754309352,0.,15.7226863300575));
#322=CARTESIAN_POINT('Ctrl Pts',(82.6541338155529,0.,18.1236657608586));
#323=CARTESIAN_POINT('Ctrl Pts',(91.6458659835593,0.,20.5869179725024));
#324=CARTESIAN_POINT('Ctrl Pts',(100.766710011285,0.,23.1026721660878));
#325=CARTESIAN_POINT('Ctrl Pts',(109.576993123354,0.,25.5718134024568));
#326=CARTESIAN_POINT('Ctrl Pts',(116.518353197853,0.,27.5579564836563));
#327=CARTESIAN_POINT('Ctrl Pts',(121.604694259927,0.,29.0388631148343));
#328=CARTESIAN_POINT('Ctrl Pts',(124.869636084329,0.,30.0006032549741));
#329=CARTESIAN_POINT('Ctrl Pts',(126.337413952595,0.,30.4352620343496));
#330=CARTESIAN_POINT('',(145.544358941399,0.,36.2882843399501));
#331=CARTESIAN_POINT('Ctrl Pts',(126.337413952595,0.,30.4352620343496));
#332=CARTESIAN_POINT('Ctrl Pts',(126.658323534781,0.,30.5302942393573));
#333=CARTESIAN_POINT('Ctrl Pts',(128.766719984234,0.,31.1553870468848));
#334=CARTESIAN_POINT('Ctrl Pts',(132.648083500632,0.,32.3149609537601));
#335=CARTESIAN_POINT('Ctrl Pts',(136.500974888964,0.,33.4826560466381));
#336=CARTESIAN_POINT('Ctrl Pts',(140.324451897267,0.,34.6583056457124));
#337=CARTESIAN_POINT('Ctrl Pts',(143.808502271746,0.,35.7438462163528));
#338=CARTESIAN_POINT('Ctrl Pts',(145.544358941399,0.,36.2882843399501));
#339=CARTESIAN_POINT('Ctrl Pts',(99.9950964681825,-200.,0.));
#340=CARTESIAN_POINT('Ctrl Pts',(99.496390337712,-196.762574690256,1.52294834782316));
#341=CARTESIAN_POINT('Ctrl Pts',(98.6281402777653,-190.217853582231,4.49580361854371));
#342=CARTESIAN_POINT('Ctrl Pts',(97.7132671324,-180.191152155542,8.73595357416431));
#343=CARTESIAN_POINT('Ctrl Pts',(97.2810575984175,-166.396151968743,13.9440857669992));
#344=CARTESIAN_POINT('Ctrl Pts',(98.1367141686755,-148.397277511954,19.664856938905));
#345=CARTESIAN_POINT('Ctrl Pts',(100.491211875507,-129.587602668815,24.5380311241894));
#346=CARTESIAN_POINT('Ctrl Pts',(104.431290649405,-109.920205342303,28.5145567576801));
#347=CARTESIAN_POINT('Ctrl Pts',(109.942253812753,-89.4030357224429,31.6027448333611));
#348=CARTESIAN_POINT('Ctrl Pts',(116.908170149214,-68.0988069765609,33.8681546338174));
#349=CARTESIAN_POINT('Ctrl Pts',(125.193178051287,-46.0810136473283,35.3876161087366));
#350=CARTESIAN_POINT('Ctrl Pts',(132.778267399437,-27.9490434689684,36.0619533532811));
#351=CARTESIAN_POINT('Ctrl Pts',(138.969242058809,-14.078422893658,36.2837353580276));
#352=CARTESIAN_POINT('Ctrl Pts',(143.316066285733,-4.71259943958756,36.30745803378));
#353=CARTESIAN_POINT('Ctrl Pts',(145.544358941399,0.,36.2882843399501));
#354=CARTESIAN_POINT('Ctrl Pts',(8.88178419700125E-15,-200.,3.67761376907083E-15));
#355=CARTESIAN_POINT('Ctrl Pts',(8.89015291088061E-15,-190.47619047619,
3.7044400587898E-15));
#356=CARTESIAN_POINT('Ctrl Pts',(8.53719535135494E-15,-171.428571428572,
3.58499199115962E-15));
#357=CARTESIAN_POINT('Ctrl Pts',(7.21555546788557E-15,-142.857142857145,
3.03488993171121E-15));
#358=CARTESIAN_POINT('Ctrl Pts',(5.41859345790769E-15,-114.28571428572,
2.26222989746092E-15));
#359=CARTESIAN_POINT('Ctrl Pts',(2.81138983282228E-15,-76.190476190485,
1.13310186299302E-15));
#360=CARTESIAN_POINT('Ctrl Pts',(5.21067625409205E-16,-38.0952380952467,
1.52345811726361E-16));
#361=CARTESIAN_POINT('Ctrl Pts',(-8.3687138793458E-18,-9.52380952381216,
-2.68262897189556E-17));
#362=CARTESIAN_POINT('Ctrl Pts',(0.,0.,0.));
#363=CARTESIAN_POINT('Ctrl Pts',(-0.025925837780406,-200.,2.61786550382873));
#364=CARTESIAN_POINT('Ctrl Pts',(-0.0118512772958078,-190.46500696114,2.5407120953113));
#365=CARTESIAN_POINT('Ctrl Pts',(0.00993390595123205,-171.398371605463,
2.38031395875991));
#366=CARTESIAN_POINT('Ctrl Pts',(0.0236597490960367,-142.808270896899,2.12155167985206));
#367=CARTESIAN_POINT('Ctrl Pts',(0.018790173501233,-114.227822672105,1.84489972739052));
#368=CARTESIAN_POINT('Ctrl Pts',(-0.0121049949725364,-76.1331618958327,
1.45248030021702));
#369=CARTESIAN_POINT('Ctrl Pts',(-0.0789293412835138,-38.0570067223791,
1.02525676621573));
#370=CARTESIAN_POINT('Ctrl Pts',(-0.155100624759349,-9.51317002086115,0.679427199462376));
#371=CARTESIAN_POINT('Ctrl Pts',(-0.183349487804406,0.,0.561355295262783));
#372=CARTESIAN_POINT('Ctrl Pts',(0.334325635134595,-200.,7.85764482977625));
#373=CARTESIAN_POINT('Ctrl Pts',(0.393632660186318,-190.455988722156,7.65218862903577));
#374=CARTESIAN_POINT('Ctrl Pts',(0.491836089925791,-171.374758463116,7.22873435069936));
#375=CARTESIAN_POINT('Ctrl Pts',(0.578103832164561,-142.772038316971,6.54741151793703));
#376=CARTESIAN_POINT('Ctrl Pts',(0.603452572184655,-114.186413056239,5.81197706013675));
#377=CARTESIAN_POINT('Ctrl Pts',(0.556141071580609,-76.0923531316757,4.74792917172298));
#378=CARTESIAN_POINT('Ctrl Pts',(0.388326770211904,-38.0280920698472,3.54875608640161));
#379=CARTESIAN_POINT('Ctrl Pts',(0.174600621666878,-9.50496712364541,2.5377323565524));
#380=CARTESIAN_POINT('Ctrl Pts',(0.0936776062817883,0.,2.18729551456041));
#381=CARTESIAN_POINT('Ctrl Pts',(2.09687884693457,-200.,15.5365702849562));
#382=CARTESIAN_POINT('Ctrl Pts',(2.26079412778886,-190.477060110278,15.2084176827654));
#383=CARTESIAN_POINT('Ctrl Pts',(2.54847082941808,-171.434534676543,14.5452061671098));
#384=CARTESIAN_POINT('Ctrl Pts',(2.85560413576474,-142.876472614164,13.4904281632166));
#385=CARTESIAN_POINT('Ctrl Pts',(3.03372305081327,-114.31598401471,12.3296051707043));
#386=CARTESIAN_POINT('Ctrl Pts',(3.09294290461746,-76.2213301530766,10.5792909531964));
#387=CARTESIAN_POINT('Ctrl Pts',(2.88008310374939,-38.1074922636984,8.46416741037039));
#388=CARTESIAN_POINT('Ctrl Pts',(2.51332287442841,-9.52645054316716,6.54037388665481));
#389=CARTESIAN_POINT('Ctrl Pts',(2.36762514380847,0.,5.8564388104778));
#390=CARTESIAN_POINT('Ctrl Pts',(5.04036049368551,-200.,22.8440251243113));
#391=CARTESIAN_POINT('Ctrl Pts',(5.33115311745234,-190.527282618249,22.4546796200034));
#392=CARTESIAN_POINT('Ctrl Pts',(5.85565669098268,-171.574343232256,21.6759153866099));
#393=CARTESIAN_POINT('Ctrl Pts',(6.45999401077656,-143.113939223829,20.4274857021866));
#394=CARTESIAN_POINT('Ctrl Pts',(6.86900472722291,-114.605804903626,19.0072789832272));
#395=CARTESIAN_POINT('Ctrl Pts',(7.1366162875329,-76.5092280343097,16.7619617217277));
#396=CARTESIAN_POINT('Ctrl Pts',(6.97177860564847,-38.2897925232368,13.8729541511029));
#397=CARTESIAN_POINT('Ctrl Pts',(6.50870002997012,-9.57628116732115,11.1071812668819));
#398=CARTESIAN_POINT('Ctrl Pts',(6.31522988941547,0.,10.1085096897066));
#399=CARTESIAN_POINT('Ctrl Pts',(10.4375766001421,-200.,31.8561837997445));
#400=CARTESIAN_POINT('Ctrl Pts',(10.9079105014831,-190.625850619673,31.456246708323));
#401=CARTESIAN_POINT('Ctrl Pts',(11.7725407378544,-171.847246316705,30.6448843138815));
#402=CARTESIAN_POINT('Ctrl Pts',(12.8193420278971,-143.573603313858,29.2751831608387));
#403=CARTESIAN_POINT('Ctrl Pts',(13.5904852958679,-115.163985393677,27.607896491972));
#404=CARTESIAN_POINT('Ctrl Pts',(14.2170402984444,-77.0632939453226,24.7956426420088));
#405=CARTESIAN_POINT('Ctrl Pts',(14.2087831480325,-38.6435634809223,20.9355735263682));
#406=CARTESIAN_POINT('Ctrl Pts',(13.6942405222303,-9.67326419141839,17.1198077832072));
#407=CARTESIAN_POINT('Ctrl Pts',(13.4634312981962,0.,15.7314532631941));
#408=CARTESIAN_POINT('Ctrl Pts',(19.7145258572296,-200.,41.3198958878365));
#409=CARTESIAN_POINT('Ctrl Pts',(20.3925067141036,-190.794700287316,41.0192066231002));
#410=CARTESIAN_POINT('Ctrl Pts',(21.6533799030254,-172.312638104667,40.3327349229134));
#411=CARTESIAN_POINT('Ctrl Pts',(23.2286339411509,-144.352009934508,38.9253296230384));
#412=CARTESIAN_POINT('Ctrl Pts',(24.4512029588382,-116.105158573234,36.9717725232481));
#413=CARTESIAN_POINT('Ctrl Pts',(25.5621147760007,-77.9968319446437,33.4162451814105));
#414=CARTESIAN_POINT('Ctrl Pts',(25.8519379398474,-39.2436668074395,28.3064199236343));
#415=CARTESIAN_POINT('Ctrl Pts',(25.4170456205574,-9.83815817955429,23.3012385971161));
#416=CARTESIAN_POINT('Ctrl Pts',(25.1958972655491,0.,21.4912475349387));
#417=CARTESIAN_POINT('Ctrl Pts',(33.8128672098527,-200.,48.6787026240873));
#418=CARTESIAN_POINT('Ctrl Pts',(34.5972532123358,-191.02676233986,48.6110561478874));
#419=CARTESIAN_POINT('Ctrl Pts',(36.0579086135213,-172.948620264764,48.2427115184322));
#420=CARTESIAN_POINT('Ctrl Pts',(37.9074103402655,-145.40621345536,46.9158808148591));
#421=CARTESIAN_POINT('Ctrl Pts',(39.388083529749,-117.372598881303,44.6771275823859));
#422=CARTESIAN_POINT('Ctrl Pts',(40.8347322012561,-79.2524520582763,40.2947679832394));
#423=CARTESIAN_POINT('Ctrl Pts',(41.4790660582959,-40.0574373506237,33.8335925331044));
#424=CARTESIAN_POINT('Ctrl Pts',(41.3831839578206,-10.0623708124344,27.7128574827173));
#425=CARTESIAN_POINT('Ctrl Pts',(41.2858905392431,0.,25.5313504736207));
#426=CARTESIAN_POINT('Ctrl Pts',(44.2672789242357,-200.,50.4411032805107));
#427=CARTESIAN_POINT('Ctrl Pts',(44.950138373281,-191.172044666464,50.5607593940718));
#428=CARTESIAN_POINT('Ctrl Pts',(46.2311435851973,-173.343410596324,50.490316943071));
#429=CARTESIAN_POINT('Ctrl Pts',(47.8944710047123,-146.051754962041,49.4042980428187));
#430=CARTESIAN_POINT('Ctrl Pts',(49.2848032315294,-118.141925005354,47.2196340477105));
#431=CARTESIAN_POINT('Ctrl Pts',(50.7554144513593,-80.0130121687031,42.6861002442088));
#432=CARTESIAN_POINT('Ctrl Pts',(51.6691474098982,-40.5563975098607,35.8027562109947));
#433=CARTESIAN_POINT('Ctrl Pts',(52.0058223632278,-10.2003894752952,29.2801687880547));
#434=CARTESIAN_POINT('Ctrl Pts',(52.0806910554705,0.,26.9604167404411));
#435=CARTESIAN_POINT('Ctrl Pts',(54.3220147152796,-200.,50.5413142044008));
#436=CARTESIAN_POINT('Ctrl Pts',(54.7874537362444,-191.293088268092,50.8350429762878));
#437=CARTESIAN_POINT('Ctrl Pts',(55.7018098077043,-173.669691063751,51.0742083660169));
#438=CARTESIAN_POINT('Ctrl Pts',(57.0141791069448,-146.578253724581,50.3404021466905));
#439=CARTESIAN_POINT('Ctrl Pts',(58.2471930791281,-118.763919068207,48.3985854367752));
#440=CARTESIAN_POINT('Ctrl Pts',(59.7589943176219,-80.6265879839535,44.0470301245974));
#441=CARTESIAN_POINT('Ctrl Pts',(61.0795546249317,-40.9637651230504,37.1387084102665));
#442=CARTESIAN_POINT('Ctrl Pts',(61.9793018329317,-10.3135004974518,30.451141733582));
#443=CARTESIAN_POINT('Ctrl Pts',(62.2696070472744,0.,28.0606810678415));
#444=CARTESIAN_POINT('Ctrl Pts',(64.3774943280214,-200.,49.2259074670395));
#445=CARTESIAN_POINT('Ctrl Pts',(64.5757619528798,-191.442277864317,49.8171080082991));
#446=CARTESIAN_POINT('Ctrl Pts',(65.0112969639272,-174.069226792514,50.56122812638));
#447=CARTESIAN_POINT('Ctrl Pts',(65.8023640619741,-147.215250008461,50.3578189824423));
#448=CARTESIAN_POINT('Ctrl Pts',(66.754987234733,-119.502608791409,48.7610525092532));
#449=CARTESIAN_POINT('Ctrl Pts',(68.2664352165293,-81.3262167273592,44.6812031659352));
#450=CARTESIAN_POINT('Ctrl Pts',(70.1499979801826,-41.3959849260964,37.8657365990742));
#451=CARTESIAN_POINT('Ctrl Pts',(71.8614869107368,-10.4298280438124,31.2658426122791));
#452=CARTESIAN_POINT('Ctrl Pts',(72.4678975398429,0.,28.9141719325624));
#453=CARTESIAN_POINT('Ctrl Pts',(78.8904798729118,-200.,42.3725900012126));
#454=CARTESIAN_POINT('Ctrl Pts',(78.608214637663,-191.714785359505,43.6705830693703));
#455=CARTESIAN_POINT('Ctrl Pts',(78.1665081653046,-174.798757643385,45.6670071359955));
#456=CARTESIAN_POINT('Ctrl Pts',(77.9972454321191,-148.376358980841,46.9422673784588));
#457=CARTESIAN_POINT('Ctrl Pts',(78.4934615680897,-120.838985238443,46.5021407332603));
#458=CARTESIAN_POINT('Ctrl Pts',(80.2453759036203,-82.5623375187528,43.6501383401995));
#459=CARTESIAN_POINT('Ctrl Pts',(83.6597696987084,-42.1220803549598,37.8139522897731));
#460=CARTESIAN_POINT('Ctrl Pts',(87.3884090365323,-10.6208837226544,32.0865927793045));
#461=CARTESIAN_POINT('Ctrl Pts',(88.7717871171223,0.,30.0563290140363));
#462=CARTESIAN_POINT('Ctrl Pts',(90.814190983896,-200.,30.9236227844634));
#463=CARTESIAN_POINT('Ctrl Pts',(90.0680313872965,-191.985304474321,33.0578142020575));
#464=CARTESIAN_POINT('Ctrl Pts',(88.8471528310208,-175.528552973356,36.6350234646896));
#465=CARTESIAN_POINT('Ctrl Pts',(88.0391607785601,-149.551974347633,40.0391980608923));
#466=CARTESIAN_POINT('Ctrl Pts',(88.5635779595499,-122.20489698187,41.5107874757045));
#467=CARTESIAN_POINT('Ctrl Pts',(91.4002280299548,-83.8376364031539,40.9650080460873));
#468=CARTESIAN_POINT('Ctrl Pts',(97.4129770177652,-42.8786801847227,37.2007770240179));
#469=CARTESIAN_POINT('Ctrl Pts',(103.993221243131,-10.8214047496685,33.0347423858586));
#470=CARTESIAN_POINT('Ctrl Pts',(106.430487423731,0.,31.5325939799737));
#471=CARTESIAN_POINT('Ctrl Pts',(98.4392824734097,-200.,16.1206782026191));
#472=CARTESIAN_POINT('Ctrl Pts',(97.3422812789194,-192.203123727542,19.089294741887));
#473=CARTESIAN_POINT('Ctrl Pts',(95.673141893806,-176.1286500038,24.3613619972329));
#474=CARTESIAN_POINT('Ctrl Pts',(94.9592573409547,-150.550987956688,30.3359368046631));
#475=CARTESIAN_POINT('Ctrl Pts',(96.3968463696629,-123.401537455858,34.3522951849028));
#476=CARTESIAN_POINT('Ctrl Pts',(101.591714843114,-85.0046137972852,37.1041096816726));
#477=CARTESIAN_POINT('Ctrl Pts',(111.498510660958,-43.6185230919909,36.4538261390681));
#478=CARTESIAN_POINT('Ctrl Pts',(121.763316017886,-11.0242921137256,34.4135125462211));
#479=CARTESIAN_POINT('Ctrl Pts',(125.505502266211,0.,33.5896744541762));
#480=CARTESIAN_POINT('Ctrl Pts',(100.047601942642,-200.,5.30174845321556));
#481=CARTESIAN_POINT('Ctrl Pts',(98.8563510350008,-192.279395667813,8.73801355489009));
#482=CARTESIAN_POINT('Ctrl Pts',(97.2273352244559,-176.355607305327,15.0463264860565));
#483=CARTESIAN_POINT('Ctrl Pts',(97.2061295345568,-150.971857089469,22.7965123027097));
#484=CARTESIAN_POINT('Ctrl Pts',(99.9297701440057,-123.953912548332,28.724107301099));
#485=CARTESIAN_POINT('Ctrl Pts',(107.571773345156,-85.6120513443412,34.0951719348336));
#486=CARTESIAN_POINT('Ctrl Pts',(120.861087737406,-44.0690728662434,36.0201147503863));
#487=CARTESIAN_POINT('Ctrl Pts',(134.081468118966,-11.156395240373,35.6507040991484));
#488=CARTESIAN_POINT('Ctrl Pts',(138.843696603709,0.,35.3415271923161));
#489=CARTESIAN_POINT('Ctrl Pts',(99.9950964681825,-200.,-4.45476988630844E-14));
#490=CARTESIAN_POINT('Ctrl Pts',(98.8077009194432,-192.291844500609,3.626067494817));
#491=CARTESIAN_POINT('Ctrl Pts',(97.304309273862,-176.404148646627,10.3854247433132));
#492=CARTESIAN_POINT('Ctrl Pts',(97.7915184946218,-151.089155312187,18.9736875865013));
#493=CARTESIAN_POINT('Ctrl Pts',(101.307728588217,-124.13561936105,25.8490457397623));
#494=CARTESIAN_POINT('Ctrl Pts',(110.338396791171,-85.8485500083983,32.5605627532505));
#495=CARTESIAN_POINT('Ctrl Pts',(125.442954048078,-44.275801158489,35.8372860894803));
#496=CARTESIAN_POINT('Ctrl Pts',(140.238900237433,-11.2204748561609,36.333935991926));
#497=CARTESIAN_POINT('Ctrl Pts',(145.544358941399,0.,36.2882843399501));
#498=CARTESIAN_POINT('Ctrl Pts',(145.544358941399,0.,36.2882843399501));
#499=CARTESIAN_POINT('Ctrl Pts',(143.588321041523,0.,36.0119097415266));
#500=CARTESIAN_POINT('Ctrl Pts',(139.704951314717,0.,35.4725608300199));
#501=CARTESIAN_POINT('Ctrl Pts',(133.966015273252,0.,34.7037382586814));
#502=CARTESIAN_POINT('Ctrl Pts',(126.48703767804,0.,33.7593717331823));
#503=CARTESIAN_POINT('Ctrl Pts',(117.427225514849,0.,32.7135779400103));
#504=CARTESIAN_POINT('Ctrl Pts',(108.651010702534,0.,31.7993885687247));
#505=CARTESIAN_POINT('Ctrl Pts',(100.142092582788,0.,31.0079666069985));
#506=CARTESIAN_POINT('Ctrl Pts',(91.8673218677461,0.,30.321904784906));
#507=CARTESIAN_POINT('Ctrl Pts',(83.7716200515222,0.,29.7122744233266));
#508=CARTESIAN_POINT('Ctrl Pts',(75.7693616112066,0.,29.1353328413823));
#509=CARTESIAN_POINT('Ctrl Pts',(67.7650502770096,0.,28.5308638084985));
#510=CARTESIAN_POINT('Ctrl Pts',(59.6774685665611,0.,27.8210777517491));
#511=CARTESIAN_POINT('Ctrl Pts',(51.4636113261394,0.,26.9080711669043));
#512=CARTESIAN_POINT('Ctrl Pts',(43.141274339992,0.,25.6738410051294));
#513=CARTESIAN_POINT('Ctrl Pts',(34.8181736112362,0.,23.9737833889924));
#514=CARTESIAN_POINT('Ctrl Pts',(26.7040202487978,0.,21.6499672380141));
#515=CARTESIAN_POINT('Ctrl Pts',(19.076647543759,0.,18.5973739777356));
#516=CARTESIAN_POINT('Ctrl Pts',(12.257716595699,0.,14.8195259622836));
#517=CARTESIAN_POINT('Ctrl Pts',(6.58513749602351,0.,10.4942727013801));
#518=CARTESIAN_POINT('Ctrl Pts',(2.38627681296585,0.,6.030309578809));
#519=CARTESIAN_POINT('Ctrl Pts',(0.437475383896829,0.,2.92985905397027));
#520=CARTESIAN_POINT('Ctrl Pts',(-0.136457331346089,0.,1.19403278169775));
#521=CARTESIAN_POINT('Ctrl Pts',(-0.113142499279716,0.,0.346404791475007));
#522=CARTESIAN_POINT('Ctrl Pts',(0.,0.,0.));
#523=CARTESIAN_POINT('Origin',(20.5513702137594,1200.,1.28743265362465));
#524=CARTESIAN_POINT('',(44.9725872158593,1200.,1.57047735161254));
#525=CARTESIAN_POINT('',(0.,1200.,0.));
#526=CARTESIAN_POINT('Ctrl Pts',(44.9725872158593,1200.,1.57047735161254));
#527=CARTESIAN_POINT('Ctrl Pts',(44.6274428595084,1200.,1.59492671554899));
#528=CARTESIAN_POINT('Ctrl Pts',(43.9195634519779,1200.,1.64562582687892));
#529=CARTESIAN_POINT('Ctrl Pts',(42.8049722375812,1200.,1.72707563218077));
#530=CARTESIAN_POINT('Ctrl Pts',(41.2128758493842,1200.,1.84652184144986));
#531=CARTESIAN_POINT('Ctrl Pts',(39.0458036277675,1200.,2.01384922265816));
#532=CARTESIAN_POINT('Ctrl Pts',(36.7052775818914,1200.,2.19856544730669));
#533=CARTESIAN_POINT('Ctrl Pts',(34.2018264124123,1200.,2.39904016279029));
#534=CARTESIAN_POINT('Ctrl Pts',(31.5565616706405,1200.,2.61219295706114));
#535=CARTESIAN_POINT('Ctrl Pts',(28.804647234619,1200.,2.83300912348514));
#536=CARTESIAN_POINT('Ctrl Pts',(25.9894088997818,1200.,3.05406959209347));
#537=CARTESIAN_POINT('Ctrl Pts',(23.1568231698091,1200.,3.26501754299545));
#538=CARTESIAN_POINT('Ctrl Pts',(20.3502063578284,1200.,3.45205278513295));
#539=CARTESIAN_POINT('Ctrl Pts',(17.604398360313,1200.,3.59724568625667));
#540=CARTESIAN_POINT('Ctrl Pts',(14.9410555980524,1200.,3.67816371025248));
#541=CARTESIAN_POINT('Ctrl Pts',(12.3605403561878,1200.,3.66659706821896));
#542=CARTESIAN_POINT('Ctrl Pts',(9.85674407755153,1200.,3.53360544075677));
#543=CARTESIAN_POINT('Ctrl Pts',(7.43571621475761,1200.,3.25565868142602));
#544=CARTESIAN_POINT('Ctrl Pts',(5.13463106293432,1200.,2.82110468077087));
#545=CARTESIAN_POINT('Ctrl Pts',(3.03734148901004,1200.,2.23565253434735));
#546=CARTESIAN_POINT('Ctrl Pts',(1.30068727278574,1200.,1.5315326080196));
#547=CARTESIAN_POINT('Ctrl Pts',(0.379566644238984,1200.,0.919628061373279));
#548=CARTESIAN_POINT('Ctrl Pts',(0.0414755603814676,1200.,0.457793222781624));
#549=CARTESIAN_POINT('Ctrl Pts',(-0.0144209510456861,1200.,0.152213809601287));
#550=CARTESIAN_POINT('Ctrl Pts',(0.,1200.,0.));
#551=CARTESIAN_POINT('Ctrl Pts',(0.,1200.,0.));
#552=CARTESIAN_POINT('Ctrl Pts',(0.0149836910428736,1200.,-0.158153556467824));
#553=CARTESIAN_POINT('Ctrl Pts',(0.133195607674921,1200.,-0.441667423775451));
#554=CARTESIAN_POINT('Ctrl Pts',(0.575287855274027,1200.,-0.768549371175973));
#555=CARTESIAN_POINT('Ctrl Pts',(1.64475001922428,1200.,-1.02104577159059));
#556=CARTESIAN_POINT('Ctrl Pts',(3.52604494507301,1200.,-1.10275593714509));
#557=CARTESIAN_POINT('Ctrl Pts',(5.66733887406751,1200.,-1.03446484594397));
#558=CARTESIAN_POINT('Ctrl Pts',(7.8798593648911,1200.,-0.881630967663163));
#559=CARTESIAN_POINT('Ctrl Pts',(10.0748814407968,1200.,-0.688233486816217));
#560=CARTESIAN_POINT('Ctrl Pts',(12.2287766235049,1200.,-0.482870974220098));
#561=CARTESIAN_POINT('Ctrl Pts',(14.361553426757,1200.,-0.281690174341973));
#562=CARTESIAN_POINT('Ctrl Pts',(16.5121154838355,1200.,-0.0923027820713673));
#563=CARTESIAN_POINT('Ctrl Pts',(18.7117100052994,1200.,0.0825573051609374));
#564=CARTESIAN_POINT('Ctrl Pts',(20.9789435204724,1200.,0.243247143499632));
#565=CARTESIAN_POINT('Ctrl Pts',(23.3245297685156,1200.,0.392445193555406));
#566=CARTESIAN_POINT('Ctrl Pts',(25.7526736192536,1200.,0.534075469072648));
#567=CARTESIAN_POINT('Ctrl Pts',(28.2635931527836,1200.,0.67244994426169));
#568=CARTESIAN_POINT('Ctrl Pts',(30.8555347305318,1200.,0.811218598988659));
#569=CARTESIAN_POINT('Ctrl Pts',(33.5263551059421,1200.,0.952799292633573));
#570=CARTESIAN_POINT('Ctrl Pts',(36.2736810553292,1200.,1.09874633046733));
#571=CARTESIAN_POINT('Ctrl Pts',(39.0953115663542,1200.,1.24990942565946));
#572=CARTESIAN_POINT('Ctrl Pts',(41.4106126246776,1200.,1.37530940014527));
#573=CARTESIAN_POINT('Ctrl Pts',(43.1791733680967,1200.,1.47190670504588));
#574=CARTESIAN_POINT('Ctrl Pts',(44.3724156287369,1200.,1.53743253494055));
#575=CARTESIAN_POINT('Ctrl Pts',(44.9725872158593,1200.,1.57047735161254));
#576=CARTESIAN_POINT('Ctrl Pts',(145.544358941399,0.,36.2882843399501));
#577=CARTESIAN_POINT('Ctrl Pts',(143.609303488156,24.999604052664,34.9623192854112));
#578=CARTESIAN_POINT('Ctrl Pts',(139.712506715361,74.9985545108778,32.400333947277));
#579=CARTESIAN_POINT('Ctrl Pts',(133.786476987894,149.998223058477,28.8291908286065));
#580=CARTESIAN_POINT('Ctrl Pts',(127.778938581049,224.99835514183,25.5325689372415));
#581=CARTESIAN_POINT('Ctrl Pts',(123.720040415655,274.999290593746,23.51642488526));
#582=CARTESIAN_POINT('Ctrl Pts',(119.635733221133,324.99867993589,21.5868854755471));
#583=CARTESIAN_POINT('Ctrl Pts',(115.525938610099,374.99755274578,19.7438858634192));
#584=CARTESIAN_POINT('Ctrl Pts',(109.293339657196,449.998331055153,17.2107301626684));
#585=CARTESIAN_POINT('Ctrl Pts',(103.004571433806,524.999926017596,14.8739833177014));
#586=CARTESIAN_POINT('Ctrl Pts',(98.7825878005434,575.000330490063,13.4259823634013));
#587=CARTESIAN_POINT('Ctrl Pts',(94.5491609697506,624.999497831066,12.0266997179733));
#588=CARTESIAN_POINT('Ctrl Pts',(90.3041819669854,674.998754803552,10.6760939140763));
#589=CARTESIAN_POINT('Ctrl Pts',(83.9076199814674,749.998212596123,8.79813414786586));
#590=CARTESIAN_POINT('Ctrl Pts',(77.4843285097329,824.99857653562,7.084230807017));
#591=CARTESIAN_POINT('Ctrl Pts',(73.1846281838172,874.999368282732,6.06549539754147));
#592=CARTESIAN_POINT('Ctrl Pts',(68.8764610359519,924.99638220266,5.11496278976898));
#593=CARTESIAN_POINT('Ctrl Pts',(64.5596249466095,974.991963355647,4.23257879253869));
#594=CARTESIAN_POINT('Ctrl Pts',(58.0576732284688,1049.99189808327,3.12132789279169));
#595=CARTESIAN_POINT('Ctrl Pts',(51.5297741414266,1124.99577627044,2.22312805011728));
#596=CARTESIAN_POINT('Ctrl Pts',(47.1610754390886,1174.99866305867,1.76480145025536));
#597=CARTESIAN_POINT('Ctrl Pts',(44.9725872158593,1200.,1.57047735161254));
#598=CARTESIAN_POINT('Ctrl Pts',(137.908363731026,0.,35.2093711399735));
#599=CARTESIAN_POINT('Ctrl Pts',(136.079833267161,24.9995935896615,33.9101225461883));
#600=CARTESIAN_POINT('Ctrl Pts',(132.386050438635,74.9985249126358,31.3978328200027));
#601=CARTESIAN_POINT('Ctrl Pts',(126.754656321585,149.998177871519,27.9034247647192));
#602=CARTESIAN_POINT('Ctrl Pts',(121.052076635205,224.998315221737,24.6991281974131));
#603=CARTESIAN_POINT('Ctrl Pts',(117.216841777176,274.999273249404,22.7638608853353));
#604=CARTESIAN_POINT('Ctrl Pts',(113.37310407155,324.998697278825,20.9293241571105));
#605=CARTESIAN_POINT('Ctrl Pts',(109.534264231486,374.997581600928,19.2033014009685));
#606=CARTESIAN_POINT('Ctrl Pts',(103.751486491374,449.998340286795,16.872827103411));
#607=CARTESIAN_POINT('Ctrl Pts',(97.9081330959929,524.999911364575,14.7272592715332));
#608=CARTESIAN_POINT('Ctrl Pts',(93.9482897641758,575.000318827744,13.3732293502304));
#609=CARTESIAN_POINT('Ctrl Pts',(89.9436678279604,624.999509493305,12.0382700599425));
#610=CARTESIAN_POINT('Ctrl Pts',(85.8796226125433,674.998769420143,10.7273081748915));
#611=CARTESIAN_POINT('Ctrl Pts',(79.693528347198,749.998203246315,8.86048330810738));
#612=CARTESIAN_POINT('Ctrl Pts',(73.5024521078412,824.998547534324,7.13509088929103));
#613=CARTESIAN_POINT('Ctrl Pts',(69.4271812180081,874.999350866324,6.11075185883399));
#614=CARTESIAN_POINT('Ctrl Pts',(65.4057909811417,924.996399616107,5.16421264829738));
#615=CARTESIAN_POINT('Ctrl Pts',(61.4245822168969,974.991966502454,4.28760089686305));
#616=CARTESIAN_POINT('Ctrl Pts',(55.5196431208078,1049.99182342071,3.18820996530295));
#617=CARTESIAN_POINT('Ctrl Pts',(49.6292761393143,1124.99565825553,2.3029358342977));
#618=CARTESIAN_POINT('Ctrl Pts',(45.6772383811898,1174.99859969597,1.85251282828776));
#619=CARTESIAN_POINT('Ctrl Pts',(43.6861493104099,1200.,1.66160614440089));
#620=CARTESIAN_POINT('Ctrl Pts',(123.163001697366,0.,33.2969290637786));
#621=CARTESIAN_POINT('Ctrl Pts',(121.548040221663,24.9995593954258,32.0422716531074));
#622=CARTESIAN_POINT('Ctrl Pts',(118.271079060023,74.9984229971438,29.6217964186462));
#623=CARTESIAN_POINT('Ctrl Pts',(113.249598891586,149.998014957482,26.2837179899441));
#624=CARTESIAN_POINT('Ctrl Pts',(108.157385351338,224.998168249582,23.2645455956023));
#625=CARTESIAN_POINT('Ctrl Pts',(104.740167864622,274.999209436341,21.4778661497401));
#626=CARTESIAN_POINT('Ctrl Pts',(101.32561913829,324.998761056279,19.8068178037579));
#627=CARTESIAN_POINT('Ctrl Pts',(97.9624244420743,374.997700060648,18.2853900498132));
#628=CARTESIAN_POINT('Ctrl Pts',(92.9609514198153,449.998413634323,16.3129982957127));
#629=CARTESIAN_POINT('Ctrl Pts',(87.8956153189908,524.999902740876,14.5036001256512));
#630=CARTESIAN_POINT('Ctrl Pts',(84.4047815593849,575.000296373296,13.3109641259787));
#631=CARTESIAN_POINT('Ctrl Pts',(80.8203807784024,624.999532033912,12.082941892779));
#632=CARTESIAN_POINT('Ctrl Pts',(77.1218252415929,674.998793326759,10.8440888413773));
#633=CARTESIAN_POINT('Ctrl Pts',(71.4236618679856,749.998164249709,9.01148201358748));
#634=CARTESIAN_POINT('Ctrl Pts',(65.7632802238109,824.998462051298,7.27993127893919));
#635=CARTESIAN_POINT('Ctrl Pts',(62.1387121650617,874.999302320109,6.24779173234797));
#636=CARTESIAN_POINT('Ctrl Pts',(58.650585182441,924.996448087307,5.30306911060391));
#637=CARTESIAN_POINT('Ctrl Pts',(55.2851152150904,974.991975762864,4.43445876436857));
#638=CARTESIAN_POINT('Ctrl Pts',(50.4552887098907,1049.99162337106,3.35844253977847));
#639=CARTESIAN_POINT('Ctrl Pts',(45.695634729678,1124.99534401152,2.4992017473186));
#640=CARTESIAN_POINT('Ctrl Pts',(42.4706241837499,1174.99843164493,2.06143744471292));
#641=CARTESIAN_POINT('Ctrl Pts',(40.820418810398,1200.,1.87398485557116));
#642=CARTESIAN_POINT('Ctrl Pts',(102.621634648293,0.,31.1680604635581));
#643=CARTESIAN_POINT('Ctrl Pts',(101.321331376282,24.9994921679822,29.9671957201957));
#644=CARTESIAN_POINT('Ctrl Pts',(98.6799722094481,74.998217905628,27.669782745364));
#645=CARTESIAN_POINT('Ctrl Pts',(94.6044182454442,149.997681343121,24.5573496964682));
#646=CARTESIAN_POINT('Ctrl Pts',(90.4248632336998,224.997865871235,21.7977335004898));
#647=CARTESIAN_POINT('Ctrl Pts',(87.5776550248236,274.999078767411,20.1992603573403));
#648=CARTESIAN_POINT('Ctrl Pts',(84.7065283795457,324.998891621089,18.7180643821575));
#649=CARTESIAN_POINT('Ctrl Pts',(81.878045803032,374.997951930953,17.4211265099901));
#650=CARTESIAN_POINT('Ctrl Pts',(77.6681552476036,449.998593251596,15.8241024203615));
#651=CARTESIAN_POINT('Ctrl Pts',(73.4010030616223,524.999917299867,14.3602897096351));
#652=CARTESIAN_POINT('Ctrl Pts',(70.4578929913525,575.000263740055,13.3346378574954));
#653=CARTESIAN_POINT('Ctrl Pts',(67.4339101303762,624.999564915267,12.2232839386788));
#654=CARTESIAN_POINT('Ctrl Pts',(64.3104373940413,674.998824678936,11.0776949770986));
#655=CARTESIAN_POINT('Ctrl Pts',(59.5245165713271,749.998083363886,9.32106345246927));
#656=CARTESIAN_POINT('Ctrl Pts',(54.8288948383238,824.998301047367,7.61786815342927));
#657=CARTESIAN_POINT('Ctrl Pts',(51.8834073866244,874.999213039494,6.5865249159695));
#658=CARTESIAN_POINT('Ctrl Pts',(49.0925417190718,924.996537179242,5.63989089382896));
#659=CARTESIAN_POINT('Ctrl Pts',(46.473327360385,974.991990982374,4.77736047475373));
#660=CARTESIAN_POINT('Ctrl Pts',(42.849938661069,1049.99125897335,3.72677416063515));
#661=CARTESIAN_POINT('Ctrl Pts',(39.3241725075552,1124.99477731863,2.89652921175683));
#662=CARTESIAN_POINT('Ctrl Pts',(36.9006366581028,1174.9981300331,2.46980284926817));
#663=CARTESIAN_POINT('Ctrl Pts',(35.6361124081138,1200.,2.28285525656972));
#664=CARTESIAN_POINT('Ctrl Pts',(83.4970425977311,0.,29.6721204430017));
#665=CARTESIAN_POINT('Ctrl Pts',(82.4984526735772,24.9994329182302,28.5253811961206));
#666=CARTESIAN_POINT('Ctrl Pts',(80.4778244078055,74.9980365267481,26.3480160817713));
#667=CARTESIAN_POINT('Ctrl Pts',(77.3387078013499,149.997386872534,23.4456480225474));
#668=CARTESIAN_POINT('Ctrl Pts',(74.0550086473367,224.99760104957,20.9186128696878));
#669=CARTESIAN_POINT('Ctrl Pts',(71.7484813588306,274.998965558426,19.4820528667849));
#670=CARTESIAN_POINT('Ctrl Pts',(69.3759026337316,324.99900471072,18.159504676451));
#671=CARTESIAN_POINT('Ctrl Pts',(66.9512499185857,374.998169894834,17.0151574933293));
#672=CARTESIAN_POINT('Ctrl Pts',(63.2107096288603,449.998747424038,15.6263389695708));
#673=CARTESIAN_POINT('Ctrl Pts',(59.4259997113155,524.999924817951,14.343844090614));
#674=CARTESIAN_POINT('Ctrl Pts',(56.9126808274265,575.000230635033,13.4194430657444));
#675=CARTESIAN_POINT('Ctrl Pts',(54.4214533791593,624.999598316667,12.402412540032));
#676=CARTESIAN_POINT('Ctrl Pts',(51.9073844821,674.998863024954,11.343731499119));
#677=CARTESIAN_POINT('Ctrl Pts',(48.1678803435335,749.998018585862,9.6822491844257));
#678=CARTESIAN_POINT('Ctrl Pts',(44.550131813563,824.998156883273,8.03785238284712));
#679=CARTESIAN_POINT('Ctrl Pts',(42.275733663868,874.999131947312,7.02399209696654));
#680=CARTESIAN_POINT('Ctrl Pts',(40.0977346709589,924.996618048246,6.08468009679699));
#681=CARTESIAN_POINT('Ctrl Pts',(38.0526834884036,974.991999947775,5.22858102389881));
#682=CARTESIAN_POINT('Ctrl Pts',(35.2282035546266,1049.99091804065,4.1898796131256));
#683=CARTESIAN_POINT('Ctrl Pts',(32.4932158408309,1124.99425465052,3.37266181565541));
#684=CARTESIAN_POINT('Ctrl Pts',(30.6279669751247,1174.99785321326,2.95208317717271));
#685=CARTESIAN_POINT('Ctrl Pts',(29.6595837929974,1200.,2.76642696855797));
#686=CARTESIAN_POINT('Ctrl Pts',(67.9737708839738,0.,28.5953797444454));
#687=CARTESIAN_POINT('Ctrl Pts',(67.2097786256269,24.9994101161386,27.5052145270504));
#688=CARTESIAN_POINT('Ctrl Pts',(65.6659681494169,74.9979684130794,25.4427020916209));
#689=CARTESIAN_POINT('Ctrl Pts',(63.2444209123017,149.997281092105,22.7196719636041));
#690=CARTESIAN_POINT('Ctrl Pts',(60.6605748464665,224.99751122642,20.3794746968733));
#691=CARTESIAN_POINT('Ctrl Pts',(58.796214786932,274.998929452279,19.0705433874275));
#692=CARTESIAN_POINT('Ctrl Pts',(56.8479374482646,324.999040746226,17.8743421724721));
#693=CARTESIAN_POINT('Ctrl Pts',(54.7850336669824,374.998233213929,16.8226689847795));
#694=CARTESIAN_POINT('Ctrl Pts',(51.4987440874703,449.99877549083,15.5135761254797));
#695=CARTESIAN_POINT('Ctrl Pts',(48.1804048029292,524.999896428033,14.2906541998168));
#696=CARTESIAN_POINT('Ctrl Pts',(46.0529174954524,575.000201370379,13.4203387348838));
#697=CARTESIAN_POINT('Ctrl Pts',(44.0178105355608,624.999627779866,12.4811169552863));
#698=CARTESIAN_POINT('Ctrl Pts',(42.0203100626259,674.998910380867,11.4991401378681));
#699=CARTESIAN_POINT('Ctrl Pts',(39.1478671318901,749.998010109419,9.93573836657746));
#700=CARTESIAN_POINT('Ctrl Pts',(36.3979806699366,824.998092146743,8.3671268181383));
#701=CARTESIAN_POINT('Ctrl Pts',(34.6408868069912,874.999091747009,7.38768824230292));
#702=CARTESIAN_POINT('Ctrl Pts',(32.9184799517739,924.996658104432,6.47373245758237));
#703=CARTESIAN_POINT('Ctrl Pts',(31.2633840848892,974.991995892242,5.63102607580273));
#704=CARTESIAN_POINT('Ctrl Pts',(28.9155102438826,1049.99072666604,4.59522527020717));
#705=CARTESIAN_POINT('Ctrl Pts',(26.6376802766962,1124.99397189303,3.77817013556328));
#706=CARTESIAN_POINT('Ctrl Pts',(25.1237637034355,1174.99770517501,3.36370471015684));
#707=CARTESIAN_POINT('Ctrl Pts',(24.3576332890486,1199.99999999999,3.18433203356096));
#708=CARTESIAN_POINT('Ctrl Pts',(55.2508231942901,0.,27.3610251800375));
#709=CARTESIAN_POINT('Ctrl Pts',(54.6607862715215,24.9994197594064,26.3297135673002));
#710=CARTESIAN_POINT('Ctrl Pts',(53.455806285995,74.9980017127844,24.3863562850877));
#711=CARTESIAN_POINT('Ctrl Pts',(51.5331803247825,149.997344422016,21.8436849511408));
#712=CARTESIAN_POINT('Ctrl Pts',(49.457060380876,224.99757762255,19.6820302214353));
#713=CARTESIAN_POINT('Ctrl Pts',(47.9495100825003,274.99896171021,18.4875745619407));
#714=CARTESIAN_POINT('Ctrl Pts',(46.3737244361693,324.999008461914,17.401022718442));
#715=CARTESIAN_POINT('Ctrl Pts',(44.7085279307517,374.998158834476,16.429230303117));
#716=CARTESIAN_POINT('Ctrl Pts',(42.0602999426113,449.998690175773,15.1884893588123));
#717=CARTESIAN_POINT('Ctrl Pts',(39.3879252891346,524.99983565505,14.0190541118441));
#718=CARTESIAN_POINT('Ctrl Pts',(37.6738745919079,575.000176189293,13.1997005853503));
#719=CARTESIAN_POINT('Ctrl Pts',(36.0320843241174,624.999653051658,12.3329454830728));
#720=CARTESIAN_POINT('Ctrl Pts',(34.4349992454206,674.998963254699,11.4249287275583));
#721=CARTESIAN_POINT('Ctrl Pts',(32.164702929934,749.99804988147,9.96579735459625));
#722=CARTESIAN_POINT('Ctrl Pts',(29.9976387834325,824.998098410117,8.48758102611437));
#723=CARTESIAN_POINT('Ctrl Pts',(28.6019021659758,874.999088340061,7.55544230207297));
#724=CARTESIAN_POINT('Ctrl Pts',(27.2200103785495,924.996661448948,6.68025936316328));
#725=CARTESIAN_POINT('Ctrl Pts',(25.8697218454091,974.991981941509,5.86220446255179));
#726=CARTESIAN_POINT('Ctrl Pts',(23.9189570754219,1049.99067310686,4.84050754292413));
#727=CARTESIAN_POINT('Ctrl Pts',(22.0252611138433,1124.99390703965,4.03215273863193));
#728=CARTESIAN_POINT('Ctrl Pts',(20.7903300214768,1174.99767350411,3.63068130009711));
#729=CARTESIAN_POINT('Ctrl Pts',(20.1773345179512,1199.99999999999,3.46219263150245));
#730=CARTESIAN_POINT('Ctrl Pts',(48.7829551423818,0.,26.4992645835402));
#731=CARTESIAN_POINT('Ctrl Pts',(48.2747169984058,24.9994358788408,25.5030316106696));
#732=CARTESIAN_POINT('Ctrl Pts',(47.2223918125841,74.9980539506695,23.6327826785243));
#733=CARTESIAN_POINT('Ctrl Pts',(45.5194533632347,149.997436109323,21.2024404815866));
#734=CARTESIAN_POINT('Ctrl Pts',(43.6773026633604,224.997666862496,19.1494228228214));
#735=CARTESIAN_POINT('Ctrl Pts',(42.3510400186088,274.999002592627,18.0204992752728));
#736=CARTESIAN_POINT('Ctrl Pts',(40.9771411208899,324.998967586517,16.9936436030802));
#737=CARTESIAN_POINT('Ctrl Pts',(39.5496206308476,374.998070962992,16.0688543339762));
#738=CARTESIAN_POINT('Ctrl Pts',(37.3130131760953,449.998603675007,14.8761824410242));
#739=CARTESIAN_POINT('Ctrl Pts',(35.0551927063601,524.99978970133,13.7477869692196));
#740=CARTESIAN_POINT('Ctrl Pts',(33.5846691583392,575.000162879069,12.9615334253757));
#741=CARTESIAN_POINT('Ctrl Pts',(32.1525316655921,624.999666372052,12.1362008656663));
#742=CARTESIAN_POINT('Ctrl Pts',(30.7510562503423,674.99899564432,11.2721003615518));
#743=CARTESIAN_POINT('Ctrl Pts',(28.7446620829228,749.998088492899,9.87932582620637));
#744=CARTESIAN_POINT('Ctrl Pts',(26.8243967286114,824.998125031066,8.46170991855643));
#745=CARTESIAN_POINT('Ctrl Pts',(25.5899843548383,874.999098276904,7.56218275267454));
#746=CARTESIAN_POINT('Ctrl Pts',(24.3718837313848,924.996651508219,6.71370505291078));
#747=CARTESIAN_POINT('Ctrl Pts',(23.176502225657,974.991970765905,5.91525253805545));
#748=CARTESIAN_POINT('Ctrl Pts',(21.4428102755319,1049.99068682745,4.91053567662328));
#749=CARTESIAN_POINT('Ctrl Pts',(19.7622585950232,1124.99394000731,4.11521993801196));
#750=CARTESIAN_POINT('Ctrl Pts',(18.6744009362709,1174.9976927902,3.72531177773897));
#751=CARTESIAN_POINT('Ctrl Pts',(18.1380923882882,1199.99999999999,3.5646716397731));
#752=CARTESIAN_POINT('Ctrl Pts',(42.1674366447953,0.,25.4240960559122));
#753=CARTESIAN_POINT('Ctrl Pts',(41.7396741273696,24.9994590845481,24.4670900532846));
#754=CARTESIAN_POINT('Ctrl Pts',(40.833430087168,74.9981286041465,22.6809534760098));
#755=CARTESIAN_POINT('Ctrl Pts',(39.3376780871629,149.997565676133,20.382644640677));
#756=CARTESIAN_POINT('Ctrl Pts',(37.7234483988005,224.997791529929,18.4563868214539));
#757=CARTESIAN_POINT('Ctrl Pts',(36.5847353308094,274.999059132514,17.4010374906336));
#758=CARTESIAN_POINT('Ctrl Pts',(35.4270685065081,324.99891105871,16.4385759432662));
#759=CARTESIAN_POINT('Ctrl Pts',(34.2575091441792,374.997950904704,15.5679578622332));
#760=CARTESIAN_POINT('Ctrl Pts',(32.4715797221467,449.998489059342,14.4377243099692));
#761=CARTESIAN_POINT('Ctrl Pts',(30.6666957334133,524.999733430396,13.3647956285898));
#762=CARTESIAN_POINT('Ctrl Pts',(29.458648184315,575.000148874765,12.6187696977544));
#763=CARTESIAN_POINT('Ctrl Pts',(28.2487511576323,624.99968037037,11.8392380270895));
#764=CARTESIAN_POINT('Ctrl Pts',(27.0455891529667,674.999032203065,11.025187031647));
#765=CARTESIAN_POINT('Ctrl Pts',(25.2899559549293,749.998139056898,9.71118930545364));
#766=CARTESIAN_POINT('Ctrl Pts',(23.5988130856387,824.998166265321,8.36701035748374));
#767=CARTESIAN_POINT('Ctrl Pts',(22.5194368404649,874.999115393596,7.50685149218517));
#768=CARTESIAN_POINT('Ctrl Pts',(21.465859696834,924.996634399627,6.68993094543774));
#769=CARTESIAN_POINT('Ctrl Pts',(20.4308211186654,974.991956904035,5.91685243916246));
#770=CARTESIAN_POINT('Ctrl Pts',(18.9304766632876,1049.99072520116,4.93856238913284));
#771=CARTESIAN_POINT('Ctrl Pts',(17.481436387206,1124.99401290009,4.16493871416961));
#772=CARTESIAN_POINT('Ctrl Pts',(16.5502477404522,1174.99773352335,3.79094016550285));
#773=CARTESIAN_POINT('Ctrl Pts',(16.0937451015291,1199.99999999999,3.63976500334885));
#774=CARTESIAN_POINT('Ctrl Pts',(36.3472728799008,0.,24.3348335987258));
#775=CARTESIAN_POINT('Ctrl Pts',(35.992416278884,24.999505276888,23.4376268626436));
#776=CARTESIAN_POINT('Ctrl Pts',(35.2142658089282,74.9984182719639,21.771801986212));
#777=CARTESIAN_POINT('Ctrl Pts',(33.9156969710197,149.997907858584,19.5679043676444));
#778=CARTESIAN_POINT('Ctrl Pts',(32.5102406858476,224.998064946437,17.7245681315847));
#779=CARTESIAN_POINT('Ctrl Pts',(31.5312896606944,274.999165621813,16.7392119455913));
#780=CARTESIAN_POINT('Ctrl Pts',(30.5500100557415,324.998804647826,15.8666373385709));
#781=CARTESIAN_POINT('Ctrl Pts',(29.6070970242139,374.997731293483,15.0582494225369));
#782=CARTESIAN_POINT('Ctrl Pts',(28.2395839071613,449.998289279282,13.9710094499911));
#783=CARTESIAN_POINT('Ctrl Pts',(26.8553894137757,524.999646612722,12.9325816759199));
#784=CARTESIAN_POINT('Ctrl Pts',(25.8784406611923,575.000134425311,12.230704372348));
#785=CARTESIAN_POINT('Ctrl Pts',(24.8510443278709,624.999694713903,11.5176892373964));
#786=CARTESIAN_POINT('Ctrl Pts',(23.8090280988309,674.999075739729,10.759345935362));
#787=CARTESIAN_POINT('Ctrl Pts',(22.2587498094492,749.998222517197,9.50795025179218));
#788=CARTESIAN_POINT('Ctrl Pts',(20.7600525181011,824.998254369495,8.22054223229681));
#789=CARTESIAN_POINT('Ctrl Pts',(19.8167787847051,874.99915677877,7.40251161761831));
#790=CARTESIAN_POINT('Ctrl Pts',(18.9116270332103,924.996593083211,6.6355879225688));
#791=CARTESIAN_POINT('Ctrl Pts',(18.0017520246166,974.991922609763,5.89950382605672));
#792=CARTESIAN_POINT('Ctrl Pts',(16.6521453764216,1049.99081683946,4.95117302802132));
#793=CARTESIAN_POINT('Ctrl Pts',(15.349448792024,1124.99417081886,4.19939872314524));
#794=CARTESIAN_POINT('Ctrl Pts',(14.5326474088248,1174.99784836331,3.82895981373114));
#795=CARTESIAN_POINT('Ctrl Pts',(14.1444374360578,1199.99999999999,3.6923472309586));
#796=CARTESIAN_POINT('Ctrl Pts',(28.8911049742267,0.,22.2126133850049));
#797=CARTESIAN_POINT('Ctrl Pts',(28.6276473687129,24.999589499716,21.4157634821527));
#798=CARTESIAN_POINT('Ctrl Pts',(28.0100339794815,74.9990018476038,19.9711343053633));
#799=CARTESIAN_POINT('Ctrl Pts',(26.9804318368969,149.998564426978,17.9385175387057));
#800=CARTESIAN_POINT('Ctrl Pts',(25.8525318684031,224.998572769647,16.244899744309));
#801=CARTESIAN_POINT('Ctrl Pts',(25.0701206124376,274.99935705621,15.3769852826725));
#802=CARTESIAN_POINT('Ctrl Pts',(24.2938219655382,324.998613349937,14.6496800637106));
#803=CARTESIAN_POINT('Ctrl Pts',(23.6278047924263,374.997339593605,13.9474967941003));
#804=CARTESIAN_POINT('Ctrl Pts',(22.7893171492546,449.997938202247,12.9443278678086));
#805=CARTESIAN_POINT('Ctrl Pts',(21.9372740090265,524.999500236024,11.9771657571792));
#806=CARTESIAN_POINT('Ctrl Pts',(21.2432663610096,575.00011429035,11.3534550840958));
#807=CARTESIAN_POINT('Ctrl Pts',(20.4293135500157,624.999714641241,10.7499604220065));
#808=CARTESIAN_POINT('Ctrl Pts',(19.5799373196542,674.999142059755,10.0874133595144));
#809=CARTESIAN_POINT('Ctrl Pts',(18.286938594082,749.998367315562,8.95139650492966));
#810=CARTESIAN_POINT('Ctrl Pts',(17.0351609533139,824.998417989221,7.7720197443156));
#811=CARTESIAN_POINT('Ctrl Pts',(16.2655249474077,874.999235647857,7.03084491554518));
#812=CARTESIAN_POINT('Ctrl Pts',(15.5469764087136,924.996514340193,6.35170156314401));
#813=CARTESIAN_POINT('Ctrl Pts',(14.7948515771284,974.991857581673,5.68389631242827));
#814=CARTESIAN_POINT('Ctrl Pts',(13.6347793352374,1049.99099299034,4.7976116527983));
#815=CARTESIAN_POINT('Ctrl Pts',(12.5136674344728,1124.99446840531,4.09443172505128));
#816=CARTESIAN_POINT('Ctrl Pts',(11.8343102125987,1174.9980734416,3.72718470373485));
#817=CARTESIAN_POINT('Ctrl Pts',(11.5286716737545,1199.99999999999,3.61736046523325));
#818=CARTESIAN_POINT('Ctrl Pts',(25.1281819043136,0.,20.8903189129734));
#819=CARTESIAN_POINT('Ctrl Pts',(24.9103134630548,24.999636779038,20.1486012700335));
#820=CARTESIAN_POINT('Ctrl Pts',(24.373219019698,74.9993348632118,18.8326106037707));
#821=CARTESIAN_POINT('Ctrl Pts',(23.4832427950407,149.99893604695,16.9099363688756));
#822=CARTESIAN_POINT('Ctrl Pts',(22.498347536431,224.998858538092,15.3140491814213));
#823=CARTESIAN_POINT('Ctrl Pts',(21.814109965544,274.999464142228,14.5152512558698));
#824=CARTESIAN_POINT('Ctrl Pts',(21.1375824492539,324.998506345083,13.8668383886885));
#825=CARTESIAN_POINT('Ctrl Pts',(20.6030452826849,374.997120900782,13.2255404305635));
#826=CARTESIAN_POINT('Ctrl Pts',(20.0126086498124,449.997742944781,12.2773634381502));
#827=CARTESIAN_POINT('Ctrl Pts',(19.4102374300675,524.999419715456,11.3583961664078));
#828=CARTESIAN_POINT('Ctrl Pts',(18.8508324890664,575.000103808124,10.7805709473209));
#829=CARTESIAN_POINT('Ctrl Pts',(18.1410484713937,624.999725001265,10.2369157650478));
#830=CARTESIAN_POINT('Ctrl Pts',(17.3885968079332,674.999177630843,9.62990532384155));
#831=CARTESIAN_POINT('Ctrl Pts',(16.2307362586949,749.998447699688,8.56664350061468));
#832=CARTESIAN_POINT('Ctrl Pts',(15.1098842628196,824.998510239544,7.45652666119904));
#833=CARTESIAN_POINT('Ctrl Pts',(14.4297421964665,874.999280364388,6.76143995142118));
#834=CARTESIAN_POINT('Ctrl Pts',(13.8045852523795,924.996469698301,6.13157269751687));
#835=CARTESIAN_POINT('Ctrl Pts',(13.1333065119672,974.991820869669,5.50346154091724));
#836=CARTESIAN_POINT('Ctrl Pts',(12.0735878076387,1049.99109340871,4.65618074584747));
#837=CARTESIAN_POINT('Ctrl Pts',(11.0484498863164,1124.994637348,3.98476226139507));
#838=CARTESIAN_POINT('Ctrl Pts',(10.4386283002726,1174.9982018443,3.62061987856175));
#839=CARTESIAN_POINT('Ctrl Pts',(10.1737709083155,1199.99999999999,3.52626007662054));
#840=CARTESIAN_POINT('Ctrl Pts',(23.2557998088081,0.,20.1610800793438));
#841=CARTESIAN_POINT('Ctrl Pts',(23.0604865467493,24.9996614051045,19.4478297885739));
#842=CARTESIAN_POINT('Ctrl Pts',(22.5633615590186,74.9995091566204,18.2002468959344));
#843=CARTESIAN_POINT('Ctrl Pts',(21.7437996438213,149.999130063574,16.3392922434252));
#844=CARTESIAN_POINT('Ctrl Pts',(20.8308185247651,224.99900746725,14.7987377473176));
#845=CARTESIAN_POINT('Ctrl Pts',(20.1952775685236,274.999519846917,14.0371266836142));
#846=CARTESIAN_POINT('Ctrl Pts',(19.5676409590624,324.998450681922,13.4292442001543));
#847=CARTESIAN_POINT('Ctrl Pts',(19.0959396663658,374.997007221008,12.8201938929232));
#848=CARTESIAN_POINT('Ctrl Pts',(18.6223741094786,449.997641609009,11.9031215187736));
#849=CARTESIAN_POINT('Ctrl Pts',(18.137691363369,524.999378115362,11.0118028710967));
#850=CARTESIAN_POINT('Ctrl Pts',(17.6426945879674,575.000098514862,10.4585746129101));
#851=CARTESIAN_POINT('Ctrl Pts',(16.9840211493928,624.999730231205,9.94574646984499));
#852=CARTESIAN_POINT('Ctrl Pts',(16.2800407450515,674.999195835948,9.36830985702232));
#853=CARTESIAN_POINT('Ctrl Pts',(15.1914144843779,749.998489404181,8.34546316383602));
#854=CARTESIAN_POINT('Ctrl Pts',(14.1379064238629,824.99855837784,7.27409780668279));
#855=CARTESIAN_POINT('Ctrl Pts',(13.5029774793992,874.999303747072,6.60396575725959));
#856=CARTESIAN_POINT('Ctrl Pts',(12.9241300905069,924.996446354003,5.99983582452412));
#857=CARTESIAN_POINT('Ctrl Pts',(12.2935819573578,974.991801721134,5.39286446192643));
#858=CARTESIAN_POINT('Ctrl Pts',(11.2855122867048,1049.99114608147,4.56721512003148));
#859=CARTESIAN_POINT('Ctrl Pts',(10.3097700749057,1124.99472583401,3.91373838466224));
#860=CARTESIAN_POINT('Ctrl Pts',(9.73483150539435,1174.99826914538,3.55173813342112));
#861=CARTESIAN_POINT('Ctrl Pts',(9.49008496731853,1199.99999999999,3.4655810834308));
#862=CARTESIAN_POINT('Ctrl Pts',(22.1912141713544,0.,19.7242588512008));
#863=CARTESIAN_POINT('Ctrl Pts',(22.0086909150722,24.9996757155491,19.0274849588299));
#864=CARTESIAN_POINT('Ctrl Pts',(21.5342737296051,74.9996106170545,17.8201145619859));
#865=CARTESIAN_POINT('Ctrl Pts',(20.7550266363762,149.999242899751,15.9964958369337));
#866=CARTESIAN_POINT('Ctrl Pts',(19.8831688656025,224.999094022581,14.4895582843205));
#867=CARTESIAN_POINT('Ctrl Pts',(19.2752920797413,274.999552198658,13.7499665860598));
#868=CARTESIAN_POINT('Ctrl Pts',(18.6752639696313,324.998418353983,13.1654854905734));
#869=CARTESIAN_POINT('Ctrl Pts',(18.2384214520163,374.996941219856,12.5753552248264));
#870=CARTESIAN_POINT('Ctrl Pts',(17.8290061027097,449.997582818378,11.6771323666275));
#871=CARTESIAN_POINT('Ctrl Pts',(17.4089415518186,524.999354031512,10.802677848827));
#872=CARTESIAN_POINT('Ctrl Pts',(16.9497031174633,575.000095482577,10.2639682258302));
#873=CARTESIAN_POINT('Ctrl Pts',(16.3199095515164,624.999733226942,9.76896297427991));
#874=CARTESIAN_POINT('Ctrl Pts',(15.6436275123378,674.99920633255,9.20893631847246));
#875=CARTESIAN_POINT('Ctrl Pts',(14.5951000195622,749.998513598316,8.21040524153083));
#876=CARTESIAN_POINT('Ctrl Pts',(13.5806685079456,824.998586375368,7.16243442695703));
#877=CARTESIAN_POINT('Ctrl Pts',(12.9716981235059,874.999317359011,6.50711706711164));
#878=CARTESIAN_POINT('Ctrl Pts',(12.4191445907448,924.996432764091,5.91797294068185));
#879=CARTESIAN_POINT('Ctrl Pts',(11.8119142662394,974.991790589384,5.32343561624376));
#880=CARTESIAN_POINT('Ctrl Pts',(10.8337350543382,1049.99117679522,4.51077026551524));
#881=CARTESIAN_POINT('Ctrl Pts',(9.8865829089142,1124.99477739837,3.8681581851805));
#882=CARTESIAN_POINT('Ctrl Pts',(9.33157955901977,1174.9983083651,3.50757944272121));
#883=CARTESIAN_POINT('Ctrl Pts',(9.09822308016149,1199.99999999999,3.42623737517424));
#884=CARTESIAN_POINT('Ctrl Pts',(17.4221072417709,0.,17.702182896593));
#885=CARTESIAN_POINT('Ctrl Pts',(17.2967972289245,24.9997407702148,17.0801097102681));
#886=CARTESIAN_POINT('Ctrl Pts',(16.9240401930232,75.0000722388767,16.0567281896349));
#887=CARTESIAN_POINT('Ctrl Pts',(16.3261343389255,149.99975601239,14.4067415959095));
#888=CARTESIAN_POINT('Ctrl Pts',(15.6391195600035,224.999487469634,13.0565077111163));
#889=CARTESIAN_POINT('Ctrl Pts',(15.1551112923666,274.999699201144,12.4180767390606));
#890=CARTESIAN_POINT('Ctrl Pts',(14.6782665659227,324.998271464044,11.939522168622));
#891=CARTESIAN_POINT('Ctrl Pts',(14.3951758771368,374.996641388935,11.4359588331536));
#892=CARTESIAN_POINT('Ctrl Pts',(14.2667217285424,449.997315868852,10.6257987570646));
#893=CARTESIAN_POINT('Ctrl Pts',(14.1297254023196,524.999244820992,9.83045022720144));
#894=CARTESIAN_POINT('Ctrl Pts',(13.8282871936062,575.000081823115,9.35843243640206));
#895=CARTESIAN_POINT('Ctrl Pts',(13.3274026695187,624.999746716154,8.9441747961962));
#896=CARTESIAN_POINT('Ctrl Pts',(12.7755499530959,674.99925380738,8.46383902736343));
#897=CARTESIAN_POINT('Ctrl Pts',(11.9085316766971,749.998623456795,7.57795929729551));
#898=CARTESIAN_POINT('Ctrl Pts',(11.0711776816974,824.99871370884,6.63859244318762));
#899=CARTESIAN_POINT('Ctrl Pts',(10.5791606294126,874.999379301878,6.05144102357958));
#900=CARTESIAN_POINT('Ctrl Pts',(10.1443355694989,924.99637092514,5.53051665080273));
#901=CARTESIAN_POINT('Ctrl Pts',(9.64221369502896,974.991739982732,4.99299050254105));
#902=CARTESIAN_POINT('Ctrl Pts',(8.79995318617694,1049.99131672229,4.24070139107075));
#903=CARTESIAN_POINT('Ctrl Pts',(7.98283769103835,1124.99501221967,3.64890755973237));
#904=CARTESIAN_POINT('Ctrl Pts',(7.51761863722689,1174.9984869602,3.29538112169262));
#905=CARTESIAN_POINT('Ctrl Pts',(7.33517886872305,1199.99999999999,3.2360786296008));
#906=CARTESIAN_POINT('Ctrl Pts',(9.04184957654719,0.,12.9792862662567));
#907=CARTESIAN_POINT('Ctrl Pts',(9.01540026704261,24.9998692012865,12.5017073202794));
#908=CARTESIAN_POINT('Ctrl Pts',(8.82101799851511,75.000988839684,11.8682700253804));
#909=CARTESIAN_POINT('Ctrl Pts',(8.55619291462331,150.000771279588,10.646736489602));
#910=CARTESIAN_POINT('Ctrl Pts',(8.20667738161484,225.000263900389,9.69117988161753));
#911=CARTESIAN_POINT('Ctrl Pts',(7.94023424047553,274.99998852332,9.27738582226003));
#912=CARTESIAN_POINT('Ctrl Pts',(7.67173545610428,324.997982378657,9.00109505682046));
#913=CARTESIAN_POINT('Ctrl Pts',(7.60895595185098,374.996052239591,8.67862957480222));
#914=CARTESIAN_POINT('Ctrl Pts',(7.83768349300919,449.996793276219,8.08353474489538));
#915=CARTESIAN_POINT('Ctrl Pts',(8.06172323094093,524.999033279578,7.48661475293813));
#916=CARTESIAN_POINT('Ctrl Pts',(7.98797631143428,575.000056752985,7.15850305735572));
#917=CARTESIAN_POINT('Ctrl Pts',(7.70593559965273,624.99977143509,6.89955919263264));
#918=CARTESIAN_POINT('Ctrl Pts',(7.38371852641415,674.999343988642,6.59043569734683));
#919=CARTESIAN_POINT('Ctrl Pts',(6.88213622162773,749.998838599633,5.97579351593163));
#920=CARTESIAN_POINT('Ctrl Pts',(6.40463023165269,824.99896609063,5.30189123677482));
#921=CARTESIAN_POINT('Ctrl Pts',(6.13384303596364,874.999502602731,4.86755500984823));
#922=CARTESIAN_POINT('Ctrl Pts',(5.90423442128726,924.996247842392,4.48308366432861));
#923=CARTESIAN_POINT('Ctrl Pts',(5.59425821692738,974.991640052583,4.06590402402918));
#924=CARTESIAN_POINT('Ctrl Pts',(5.0152937210537,1049.9915978776,3.45407683102736));
#925=CARTESIAN_POINT('Ctrl Pts',(4.45034418933591,1124.99548267443,2.98510707516387));
#926=CARTESIAN_POINT('Ctrl Pts',(4.14790261183194,1174.99884426535,2.65508140153724));
#927=CARTESIAN_POINT('Ctrl Pts',(4.05302214067427,1199.99999999999,2.64183406585572));
#928=CARTESIAN_POINT('Ctrl Pts',(2.32140248638126,0.,6.01747832278061));
#929=CARTESIAN_POINT('Ctrl Pts',(2.37519255116005,25.000008788303,5.6911774597485));
#930=CARTESIAN_POINT('Ctrl Pts',(2.3219288271952,75.0019528163872,5.53132769433111));
#931=CARTESIAN_POINT('Ctrl Pts',(2.33724026010469,150.001851877867,4.95931929230827));
#932=CARTESIAN_POINT('Ctrl Pts',(2.27347371196174,225.001096818418,4.61541678514484));
#933=CARTESIAN_POINT('Ctrl Pts',(2.19050348317508,275.000301592562,4.49922084956044));
#934=CARTESIAN_POINT('Ctrl Pts',(2.09626270479321,324.997669558453,4.42795206585226));
#935=CARTESIAN_POINT('Ctrl Pts',(2.08268640861548,374.995416078874,4.33304659423089));
#936=CARTESIAN_POINT('Ctrl Pts',(2.20651297879173,449.996233163039,4.08834244710397));
#937=CARTESIAN_POINT('Ctrl Pts',(2.32938547674257,524.998811111901,3.82617647798525));
#938=CARTESIAN_POINT('Ctrl Pts',(2.31197751197011,575.000032518513,3.69033034972965));
#939=CARTESIAN_POINT('Ctrl Pts',(2.21439024376986,624.99979530477,3.59205497432206));
#940=CARTESIAN_POINT('Ctrl Pts',(2.11749444648736,674.999438095853,3.49311174429727));
#941=CARTESIAN_POINT('Ctrl Pts',(2.02090361883984,749.999071726432,3.2620724775939));
#942=CARTESIAN_POINT('Ctrl Pts',(1.94423741760882,824.99924251252,2.97332342384402));
#943=CARTESIAN_POINT('Ctrl Pts',(1.89330864503172,874.999638219823,2.74523910340589));
#944=CARTESIAN_POINT('Ctrl Pts',(1.83838966802506,924.996112454985,2.52201027375663));
#945=CARTESIAN_POINT('Ctrl Pts',(1.73165524199659,974.991533940418,2.27297664558995));
#946=CARTESIAN_POINT('Ctrl Pts',(1.49578290602741,1049.99191909491,1.90932515307829));
#947=CARTESIAN_POINT('Ctrl Pts',(1.26423172424239,1124.99601934979,1.67424685159835));
#948=CARTESIAN_POINT('Ctrl Pts',(1.1383512737605,1174.99924010624,1.42065132848615));
#949=CARTESIAN_POINT('Ctrl Pts',(1.11767442513628,1200.,1.47035750725075));
#950=CARTESIAN_POINT('Ctrl Pts',(-0.00386745997803931,0.,1.82393593994751));
#951=CARTESIAN_POINT('Ctrl Pts',(0.0748589079057703,25.0000886159052,1.57969274083506));
#952=CARTESIAN_POINT('Ctrl Pts',(0.0531686007706267,75.002451298274,1.66599196986213));
#953=CARTESIAN_POINT('Ctrl Pts',(0.136926332656519,150.002434253944,1.43373163520474));
#954=CARTESIAN_POINT('Ctrl Pts',(0.149144772584383,225.001557854835,1.40672168980445));
#955=CARTESIAN_POINT('Ctrl Pts',(0.127539853574145,275.000479772624,1.44357232570215));
#956=CARTESIAN_POINT('Ctrl Pts',(0.102710404967201,324.997491495871,1.4771042205382));
#957=CARTESIAN_POINT('Ctrl Pts',(0.0877087304279919,374.995054723905,1.50013673518923));
#958=CARTESIAN_POINT('Ctrl Pts',(0.107393107396595,449.995918501211,1.44064967716376));
#959=CARTESIAN_POINT('Ctrl Pts',(0.128000494345479,524.998689971311,1.35692072916378));
#960=CARTESIAN_POINT('Ctrl Pts',(0.112764948991071,575.000020551006,1.32355178216908));
#961=CARTESIAN_POINT('Ctrl Pts',(0.0897090825093138,624.999807102308,1.3107410075157));
#962=CARTESIAN_POINT('Ctrl Pts',(0.0727291784271652,674.999490831871,1.31963489469513));
#963=CARTESIAN_POINT('Ctrl Pts',(0.105943476696926,749.999206240711,1.2853590762326));
#964=CARTESIAN_POINT('Ctrl Pts',(0.15543281186486,824.99940233337,1.20261534041608));
#965=CARTESIAN_POINT('Ctrl Pts',(0.178464031736699,874.999716776057,1.09752959088061));
#966=CARTESIAN_POINT('Ctrl Pts',(0.188964997382248,924.996034007422,0.982725131276634));
#967=CARTESIAN_POINT('Ctrl Pts',(0.183095365082739,974.991476859316,0.85452624972226));
#968=CARTESIAN_POINT('Ctrl Pts',(0.150438534891994,1049.99211887173,0.685935415057035));
#969=CARTESIAN_POINT('Ctrl Pts',(0.119376673692121,1124.99635371138,0.643159179146684));
#970=CARTESIAN_POINT('Ctrl Pts',(0.0854595563314334,1174.99947117035,0.475026983388284));
#971=CARTESIAN_POINT('Ctrl Pts',(0.0937546162131087,1200.,0.575916258461566));
#972=CARTESIAN_POINT('Ctrl Pts',(-0.156298401810479,0.,0.478533845652308));
#973=CARTESIAN_POINT('Ctrl Pts',(-0.0807731086830731,25.0001142336688,0.258226119868439));
#974=CARTESIAN_POINT('Ctrl Pts',(-0.116235213523133,75.0025788899054,0.40631802277493));
#975=CARTESIAN_POINT('Ctrl Pts',(-0.0529517285589948,150.002599402278,0.256502027976296));
#976=CARTESIAN_POINT('Ctrl Pts',(-0.0559389777950084,225.001696546032,0.303918561704246));
#977=CARTESIAN_POINT('Ctrl Pts',(-0.0779523846987219,275.000536495701,0.377420531039863));
#978=CARTESIAN_POINT('Ctrl Pts',(-0.0952452784647745,324.997434806243,0.437758258204372));
#979=CARTESIAN_POINT('Ctrl Pts',(-0.109092300232596,374.994940043396,0.485017571880724));
#980=CARTESIAN_POINT('Ctrl Pts',(-0.0963727002339368,449.99582055084,0.455971336374206));
#981=CARTESIAN_POINT('Ctrl Pts',(-0.0822527061886997,524.99865426947,0.40170530710015));
#982=CARTESIAN_POINT('Ctrl Pts',(-0.0954090637891109,575.000017656645,0.390240891590268));
#983=CARTESIAN_POINT('Ctrl Pts',(-0.109633640006669,624.999809955693,0.401386299371773));
#984=CARTESIAN_POINT('Ctrl Pts',(-0.125227297927145,674.999507441838,0.437615360615028));
#985=CARTESIAN_POINT('Ctrl Pts',(-0.101518674094037,749.999250268605,0.452683745697247));
#986=CARTESIAN_POINT('Ctrl Pts',(-0.0637860695228968,824.999454540711,0.427051928576644));
#987=CARTESIAN_POINT('Ctrl Pts',(-0.0436115046363522,874.999742472186,0.364196386106019));
#988=CARTESIAN_POINT('Ctrl Pts',(-0.0301608037638196,924.99600834186,0.293735430516268));
#989=CARTESIAN_POINT('Ctrl Pts',(-0.0220063839408522,974.991460722301,0.215437113626385));
#990=CARTESIAN_POINT('Ctrl Pts',(-0.0166100464152306,1049.99219212648,0.130502513501831));
#991=CARTESIAN_POINT('Ctrl Pts',(-0.00884773396332708,1124.99647675598,
0.173625605322687));
#992=CARTESIAN_POINT('Ctrl Pts',(-0.0278621119993707,1174.99954763646,0.0541447417681868));
#993=CARTESIAN_POINT('Ctrl Pts',(-0.0170838700529372,1200.,0.180321043685172));
#994=CARTESIAN_POINT('Ctrl Pts',(0.,0.,0.));
#995=CARTESIAN_POINT('Ctrl Pts',(0.0693620523589494,25.0001225350165,-0.213641516149986));
#996=CARTESIAN_POINT('Ctrl Pts',(0.0200201404644983,75.0026045900457,-0.0514007739777286));
#997=CARTESIAN_POINT('Ctrl Pts',(0.0617182894148189,150.002642458177,-0.180229680909869));
#998=CARTESIAN_POINT('Ctrl Pts',(0.0402745929705511,225.001737085512,-0.114748015269831));
#999=CARTESIAN_POINT('Ctrl Pts',(0.0106386462736876,275.000554690093,-0.0329407001277827));
#1000=CARTESIAN_POINT('Ctrl Pts',(-0.0106377411302025,324.997416613327,
0.0329379738547718));
#1001=CARTESIAN_POINT('Ctrl Pts',(-0.0235573246994428,374.994903398926,
0.0828950187001494));
#1002=CARTESIAN_POINT('Ctrl Pts',(-0.0020300006407909,449.995790147318,
0.0537504783744581));
#1003=CARTESIAN_POINT('Ctrl Pts',(0.0209982311037342,524.998644139603,-0.000374467513829941));
#1004=CARTESIAN_POINT('Ctrl Pts',(0.00897016179946117,575.000017140032,
-0.00866228047784013));
#1005=CARTESIAN_POINT('Ctrl Pts',(-0.00897009824705864,624.999810472301,
0.00866241047853884));
#1006=CARTESIAN_POINT('Ctrl Pts',(-0.0328231447206437,674.99951274974,0.0515993504626295));
#1007=CARTESIAN_POINT('Ctrl Pts',(-0.0289747083811131,749.999265000916,
0.0799174189023111));
#1008=CARTESIAN_POINT('Ctrl Pts',(-0.0124133657026423,824.999471898018,
0.0723252833705304));
#1009=CARTESIAN_POINT('Ctrl Pts',(-0.00312013782999037,874.999751021749,
0.0257575905641516));
#1010=CARTESIAN_POINT('Ctrl Pts',(0.00311971357706985,924.995999793751,
-0.0257523193126513));
#1011=CARTESIAN_POINT('Ctrl Pts',(0.00630734804479138,974.99145653758,-0.0822079242212027));
#1012=CARTESIAN_POINT('Ctrl Pts',(0.00813532788575692,1049.99222019775,
-0.128932373174933));
#1013=CARTESIAN_POINT('Ctrl Pts',(0.0133628734206448,1124.99652412836,-0.0453867879681511));
#1014=CARTESIAN_POINT('Ctrl Pts',(-0.00855115813409132,1174.99957346046,
-0.138600601785869));
#1015=CARTESIAN_POINT('Ctrl Pts',(8.00523594395651E-17,1200.,-8.44956380426293E-16));
#1016=CARTESIAN_POINT('Ctrl Pts',(145.544358941399,0.,36.2882843399501));
#1017=CARTESIAN_POINT('Ctrl Pts',(144.615669221579,11.9980413193661,35.6519149207033));
#1018=CARTESIAN_POINT('Ctrl Pts',(142.753145622315,35.994268861481,34.3964536089056));
#1019=CARTESIAN_POINT('Ctrl Pts',(139.943927774723,71.9890448839492,32.5650941198204));
#1020=CARTESIAN_POINT('Ctrl Pts',(136.167312874981,119.982952554351,30.2273703065588));
#1021=CARTESIAN_POINT('Ctrl Pts',(131.394415269701,179.976801925297,27.4803527430679));
#1022=CARTESIAN_POINT('Ctrl Pts',(126.569256792265,239.972108909946,24.9090757529445));
#1023=CARTESIAN_POINT('Ctrl Pts',(121.692603209389,299.968830038896,22.5112900292019));
#1024=CARTESIAN_POINT('Ctrl Pts',(116.766721524212,359.966864679109,20.2799233898935));
#1025=CARTESIAN_POINT('Ctrl Pts',(111.796043067402,419.966032332363,18.2009126142754));
#1026=CARTESIAN_POINT('Ctrl Pts',(106.78629545711,479.966108714323,16.2566514744947));
#1027=CARTESIAN_POINT('Ctrl Pts',(101.743684858883,539.96686043305,14.4292781943612));
#1028=CARTESIAN_POINT('Ctrl Pts',(96.6741146351251,599.968078846348,12.7038544214754));
#1029=CARTESIAN_POINT('Ctrl Pts',(91.5824262427387,659.96961367851,11.071486969183));
#1030=CARTESIAN_POINT('Ctrl Pts',(86.4716476505991,719.97140701541,9.5324466412492));
#1031=CARTESIAN_POINT('Ctrl Pts',(81.343402190455,779.973468393528,8.09342772129344));
#1032=CARTESIAN_POINT('Ctrl Pts',(76.1983157033784,839.975850484676,6.76481044456842));
#1033=CARTESIAN_POINT('Ctrl Pts',(71.0364251938878,899.978625096976,5.55789013234342));
#1034=CARTESIAN_POINT('Ctrl Pts',(65.8575934916049,959.98185915948,4.48203161909643));
#1035=CARTESIAN_POINT('Ctrl Pts',(60.661935200455,1019.9855903257,3.54170296788272));
#1036=CARTESIAN_POINT('Ctrl Pts',(55.4497002782091,1079.98983520581,2.73804302592715));
#1037=CARTESIAN_POINT('Ctrl Pts',(51.2668779307734,1127.99364460934,2.20383523213926));
#1038=CARTESIAN_POINT('Ctrl Pts',(48.1225323392257,1163.99673278825,1.86371177247704));
#1039=CARTESIAN_POINT('Ctrl Pts',(46.0231022132754,1187.99889387864,1.66375652845107));
#1040=CARTESIAN_POINT('Ctrl Pts',(44.9725872158593,1200.,1.57047735161254));
#1041=CARTESIAN_POINT('Ctrl Pts',(0.,-8.46086395744727E-16,-2.19897544560894E-15));
#1042=CARTESIAN_POINT('Ctrl Pts',(0.0693620523589494,25.0001225350165,-0.213641516149988));
#1043=CARTESIAN_POINT('Ctrl Pts',(0.0200201373069726,75.0026045900721,-0.0514007705448087));
#1044=CARTESIAN_POINT('Ctrl Pts',(0.0617182850387365,150.002642458226,-0.180229679142392));
#1045=CARTESIAN_POINT('Ctrl Pts',(0.0402745818573497,225.001737085603,-0.114748002749797));
#1046=CARTESIAN_POINT('Ctrl Pts',(-0.00417873075093154,299.998943757585,
0.0079612836915595));
#1047=CARTESIAN_POINT('Ctrl Pts',(-0.0235570497822483,374.997028844998,
0.0828951300145318));
#1048=CARTESIAN_POINT('Ctrl Pts',(-0.00202963609054843,449.996610386792,
0.053749541792981));
#1049=CARTESIAN_POINT('Ctrl Pts',(0.0209980280554734,524.998159119652,-0.000374004867261094));
#1050=CARTESIAN_POINT('Ctrl Pts',(0.00295669382602227,599.999382784191,
-0.0128066386755242));
#1051=CARTESIAN_POINT('Ctrl Pts',(-0.0328231553056548,674.999512750057,
0.0515992142564108));
#1052=CARTESIAN_POINT('Ctrl Pts',(-0.0289747290925995,749.999265001422,
0.0799172223966153));
#1053=CARTESIAN_POINT('Ctrl Pts',(-0.01241339731882,824.999471898707,0.0723250021368315));
#1054=CARTESIAN_POINT('Ctrl Pts',(0.00152598147843838,899.997490992673,
0.00247555881658375));
#1055=CARTESIAN_POINT('Ctrl Pts',(0.0063074431209437,974.995170264468,-0.0822115508622236));
#1056=CARTESIAN_POINT('Ctrl Pts',(0.00813518565931145,1049.99370571495,
-0.128933331091591));
#1057=CARTESIAN_POINT('Ctrl Pts',(0.013363015987418,1124.99578138912,-0.0453856706529061));
#1058=CARTESIAN_POINT('Ctrl Pts',(-0.00855141219710927,1174.99883067408,
-0.138604719741193));
#1059=CARTESIAN_POINT('Ctrl Pts',(0.,1200.,0.));
#1060=CARTESIAN_POINT('Ctrl Pts',(0.,0.,0.));
#1061=CARTESIAN_POINT('Ctrl Pts',(0.0693620523589494,25.0001225350165,-0.213641516149986));
#1062=CARTESIAN_POINT('Ctrl Pts',(0.0200201404644983,75.0026045900457,-0.0514007739777286));
#1063=CARTESIAN_POINT('Ctrl Pts',(0.0617182894148189,150.002642458177,-0.180229680909869));
#1064=CARTESIAN_POINT('Ctrl Pts',(0.0402745929705511,225.001737085512,-0.114748015269831));
#1065=CARTESIAN_POINT('Ctrl Pts',(0.0106386462736876,275.000554690093,-0.0329407001277827));
#1066=CARTESIAN_POINT('Ctrl Pts',(-0.0106377411302025,324.997416613327,
0.0329379738547718));
#1067=CARTESIAN_POINT('Ctrl Pts',(-0.0235573246994428,374.994903398926,
0.0828950187001494));
#1068=CARTESIAN_POINT('Ctrl Pts',(-0.0020300006407909,449.995790147318,
0.0537504783744581));
#1069=CARTESIAN_POINT('Ctrl Pts',(0.0209982311037342,524.998644139603,-0.000374467513829945));
#1070=CARTESIAN_POINT('Ctrl Pts',(0.00897016179946117,575.000017140032,
-0.00866228047784014));
#1071=CARTESIAN_POINT('Ctrl Pts',(-0.00897009824705864,624.999810472301,
0.00866241047853883));
#1072=CARTESIAN_POINT('Ctrl Pts',(-0.0328231447206437,674.99951274974,0.0515993504626295));
#1073=CARTESIAN_POINT('Ctrl Pts',(-0.0289747083811131,749.999265000916,
0.079917418902311));
#1074=CARTESIAN_POINT('Ctrl Pts',(-0.0124133657026423,824.999471898018,
0.0723252833705304));
#1075=CARTESIAN_POINT('Ctrl Pts',(-0.00312013782999037,874.999751021749,
0.0257575905641516));
#1076=CARTESIAN_POINT('Ctrl Pts',(0.00311971357706986,924.995999793751,
-0.0257523193126514));
#1077=CARTESIAN_POINT('Ctrl Pts',(0.00630734804479137,974.99145653758,-0.0822079242212026));
#1078=CARTESIAN_POINT('Ctrl Pts',(0.00813532788575688,1049.99222019775,
-0.128932373174933));
#1079=CARTESIAN_POINT('Ctrl Pts',(0.0133628734206448,1124.99652412836,-0.0453867879681504));
#1080=CARTESIAN_POINT('Ctrl Pts',(-0.0085511581340914,1174.99957346046,
-0.138600601785868));
#1081=CARTESIAN_POINT('Ctrl Pts',(0.,1200.,0.));
#1082=CARTESIAN_POINT('Ctrl Pts',(0.326390716027604,0.,-0.999300074195821));
#1083=CARTESIAN_POINT('Ctrl Pts',(0.382882358042203,25.0001398703366,-1.19902085340679));
#1084=CARTESIAN_POINT('Ctrl Pts',(0.304555887698453,75.0026582584587,-1.00723374527416));
#1085=CARTESIAN_POINT('Ctrl Pts',(0.301178378832459,150.002732369818,-1.0922362882977));
#1086=CARTESIAN_POINT('Ctrl Pts',(0.241192938199839,225.00182174223,-0.989030044084753));
#1087=CARTESIAN_POINT('Ctrl Pts',(0.19563919456957,275.000592684601,-0.889879059825055));
#1088=CARTESIAN_POINT('Ctrl Pts',(0.1660442618339,324.997378621903,-0.812429483143153));
#1089=CARTESIAN_POINT('Ctrl Pts',(0.155061404515216,374.994826875977,-0.756838891199987));
#1090=CARTESIAN_POINT('Ctrl Pts',(0.194981490938774,449.995726657051,-0.786188716928133));
#1091=CARTESIAN_POINT('Ctrl Pts',(0.236612383027456,524.998622985872,-0.840019044913954));
#1092=CARTESIAN_POINT('Ctrl Pts',(0.226940465933292,575.000016061215,-0.841673305855215));
#1093=CARTESIAN_POINT('Ctrl Pts',(0.201240915379517,624.999811551111,-0.811444703939914));
#1094=CARTESIAN_POINT('Ctrl Pts',(0.16014017019262,674.999523833986,-0.754500011349992));
#1095=CARTESIAN_POINT('Ctrl Pts',(0.122515496497848,749.999295765718,-0.69851324260316));
#1096=CARTESIAN_POINT('Ctrl Pts',(0.0948658731759409,824.999508144479,-0.668433946293778));
#1097=CARTESIAN_POINT('Ctrl Pts',(0.0814361087584433,874.999768875405,-0.680988476758873));
#1098=CARTESIAN_POINT('Ctrl Pts',(0.0726178770825005,924.99598194313,-0.69292379528943));
#1099=CARTESIAN_POINT('Ctrl Pts',(0.065433603650488,974.991447798822,-0.703766276064979));
#1100=CARTESIAN_POINT('Ctrl Pts',(0.0598099473502916,1049.99227881768,-0.67069823542377));
#1101=CARTESIAN_POINT('Ctrl Pts',(0.0597442564897726,1124.99662305391,-0.502740228803674));
#1102=CARTESIAN_POINT('Ctrl Pts',(0.0317750127432614,1174.99962738753,-0.541101778796476));
#1103=CARTESIAN_POINT('Ctrl Pts',(0.0356754548639847,1200.,-0.376556086828152));
#1104=CARTESIAN_POINT('Ctrl Pts',(2.71586008663868,0.,-2.28917910962363));
#1105=CARTESIAN_POINT('Ctrl Pts',(2.73778127869078,25.0001660478874,-2.47092203575835));
#1106=CARTESIAN_POINT('Ctrl Pts',(2.52652200685171,75.0027146143243,-2.26471984459205));
#1107=CARTESIAN_POINT('Ctrl Pts',(2.22914629881563,150.002851252739,-2.35163774644931));
#1108=CARTESIAN_POINT('Ctrl Pts',(1.88608741690762,225.001941836553,-2.26039992902186));
#1109=CARTESIAN_POINT('Ctrl Pts',(1.72796098035576,275.000649212571,-2.16219348606993));
#1110=CARTESIAN_POINT('Ctrl Pts',(1.65828096286458,324.997322084105,-2.07544692076946));
#1111=CARTESIAN_POINT('Ctrl Pts',(1.68828664899909,374.994713595801,-1.98978943421137));
#1112=CARTESIAN_POINT('Ctrl Pts',(1.91105867493554,449.995635029316,-1.94111804723097));
#1113=CARTESIAN_POINT('Ctrl Pts',(2.13565077671417,524.998595526228,-1.91485137909021));
#1114=CARTESIAN_POINT('Ctrl Pts',(2.16720589831831,575.000016346537,-1.88218079193315));
#1115=CARTESIAN_POINT('Ctrl Pts',(2.10171922415917,624.999811277512,-1.83724072223377));
#1116=CARTESIAN_POINT('Ctrl Pts',(1.95858882131872,674.999537882396,-1.78131839058979));
#1117=CARTESIAN_POINT('Ctrl Pts',(1.67159596969078,749.999341611841,-1.74081141840087));
#1118=CARTESIAN_POINT('Ctrl Pts',(1.38948650458841,824.999564277762,-1.70791265855276));
#1119=CARTESIAN_POINT('Ctrl Pts',(1.26375438879138,874.999796876759,-1.68467104645611));
#1120=CARTESIAN_POINT('Ctrl Pts',(1.20164148791793,924.995953940528,-1.63326083050169));
#1121=CARTESIAN_POINT('Ctrl Pts',(1.12173546387033,974.991436935687,-1.57820999665483));
#1122=CARTESIAN_POINT('Ctrl Pts',(0.979418674936582,1049.99237893723,-1.43802542411023));
#1123=CARTESIAN_POINT('Ctrl Pts',(0.845733295866099,1124.99679055312,-1.15453069412893));
#1124=CARTESIAN_POINT('Ctrl Pts',(0.751517245843286,1174.9997136368,-1.10715169482079));
#1125=CARTESIAN_POINT('Ctrl Pts',(0.732863539205941,1200.,-0.899646689052612));
#1126=CARTESIAN_POINT('Ctrl Pts',(9.92617496246757,0.,-2.1570666167882));
#1127=CARTESIAN_POINT('Ctrl Pts',(9.88065558492736,25.0001807706561,-2.33879984916772));
#1128=CARTESIAN_POINT('Ctrl Pts',(9.38061921841285,75.0026706744645,-2.20202558284023));
#1129=CARTESIAN_POINT('Ctrl Pts',(8.40814174475509,150.002866167559,-2.45140722374761));
#1130=CARTESIAN_POINT('Ctrl Pts',(7.39948284306681,225.001985354574,-2.53088409312734));
#1131=CARTESIAN_POINT('Ctrl Pts',(6.96620186418911,275.000678263615,-2.50141337678976));
#1132=CARTESIAN_POINT('Ctrl Pts',(6.78672813013736,324.997293006305,-2.43610268777405));
#1133=CARTESIAN_POINT('Ctrl Pts',(6.81200948137279,374.994657280033,-2.32165216244244));
#1134=CARTESIAN_POINT('Ctrl Pts',(7.18390620310868,449.995597053798,-2.14911440527508));
#1135=CARTESIAN_POINT('Ctrl Pts',(7.55698469491805,524.998594236204,-1.99357082155682));
#1136=CARTESIAN_POINT('Ctrl Pts',(7.58261819049163,575.000022537324,-1.92090128318708));
#1137=CARTESIAN_POINT('Ctrl Pts',(7.40567376672045,624.999805115442,-1.88340226318397));
#1138=CARTESIAN_POINT('Ctrl Pts',(7.02484407644991,674.999537218776,-1.88102037778041));
#1139=CARTESIAN_POINT('Ctrl Pts',(6.18752442019555,749.999365320539,-1.977948199993));
#1140=CARTESIAN_POINT('Ctrl Pts',(5.34925224454639,824.999600151697,-2.06208700824491));
#1141=CARTESIAN_POINT('Ctrl Pts',(4.97382202748092,874.999815866882,-2.05079749371241));
#1142=CARTESIAN_POINT('Ctrl Pts',(4.78492856652804,924.995934941956,-1.95301624126506));
#1143=CARTESIAN_POINT('Ctrl Pts',(4.49162132433324,974.991438008735,-1.87540785779473));
#1144=CARTESIAN_POINT('Ctrl Pts',(3.89988633181914,1049.99247115401,-1.73159116165235));
#1145=CARTESIAN_POINT('Ctrl Pts',(3.31804271071726,1124.99694075814,-1.4351760347031));
#1146=CARTESIAN_POINT('Ctrl Pts',(3.01413132541535,1174.99977720799,-1.33576111106809));
#1147=CARTESIAN_POINT('Ctrl Pts',(2.93374750861592,1200.,-1.09245822362179));
#1148=CARTESIAN_POINT('Ctrl Pts',(17.4713592505435,0.,-1.09095128707444));
#1149=CARTESIAN_POINT('Ctrl Pts',(17.352868582698,25.0001807076606,-1.28844291255349));
#1150=CARTESIAN_POINT('Ctrl Pts',(16.6114464636195,75.0025577055113,-1.24881329988341));
#1151=CARTESIAN_POINT('Ctrl Pts',(15.1163170043497,150.002788288196,-1.68137885131538));
#1152=CARTESIAN_POINT('Ctrl Pts',(13.5900964582426,225.001949082098,-1.94792256613442));
#1153=CARTESIAN_POINT('Ctrl Pts',(12.9188510891923,275.00067396329,-2.00171040776869));
#1154=CARTESIAN_POINT('Ctrl Pts',(12.606728418704,324.997297277207,-1.97757317014209));
#1155=CARTESIAN_POINT('Ctrl Pts',(12.5123546047969,374.994668813645,-1.87739773806099));
#1156=CARTESIAN_POINT('Ctrl Pts',(12.7223565447667,449.995617867116,-1.67937151593576));
#1157=CARTESIAN_POINT('Ctrl Pts',(12.9324436063153,524.998615753296,-1.49184317175864));
#1158=CARTESIAN_POINT('Ctrl Pts',(12.8363330095863,575.000031681744,-1.41997073972336));
#1159=CARTESIAN_POINT('Ctrl Pts',(12.5238731259381,624.999796002667,-1.40686348610456));
#1160=CARTESIAN_POINT('Ctrl Pts',(11.9299256096057,674.999524145671,-1.46626676685794));
#1161=CARTESIAN_POINT('Ctrl Pts',(10.6524095417372,749.999361992794,-1.70199920310752));
#1162=CARTESIAN_POINT('Ctrl Pts',(9.36947809017928,824.999606515088,-1.90961365651263));
#1163=CARTESIAN_POINT('Ctrl Pts',(8.77158955327304,874.999820712189,-1.92845346512891));
#1164=CARTESIAN_POINT('Ctrl Pts',(8.43557271520045,924.995930086079,-1.81491622545479));
#1165=CARTESIAN_POINT('Ctrl Pts',(7.93097350425528,974.991448773907,-1.75047783356896));
#1166=CARTESIAN_POINT('Ctrl Pts',(6.9257196371087,1049.99252493388,-1.6652612143613));
#1167=CARTESIAN_POINT('Ctrl Pts',(5.92974117382977,1124.99702456411,-1.42054783058159));
#1168=CARTESIAN_POINT('Ctrl Pts',(5.41479455918653,1174.99979983441,-1.30677781527904));
#1169=CARTESIAN_POINT('Ctrl Pts',(5.25999805921078,1200.,-1.04610988962959));
#1170=CARTESIAN_POINT('Ctrl Pts',(23.9620305708553,0.,0.245167794886991));
#1171=CARTESIAN_POINT('Ctrl Pts',(23.7721535922175,25.0001725811664,0.0241360962502984));
#1172=CARTESIAN_POINT('Ctrl Pts',(22.854700925858,75.0024154024713,-0.035960216763137));
#1173=CARTESIAN_POINT('Ctrl Pts',(21.0260990457533,150.002665477637,-0.632369948946019));
#1174=CARTESIAN_POINT('Ctrl Pts',(19.1687755870323,225.001871888118,-1.06398927681151));
#1175=CARTESIAN_POINT('Ctrl Pts',(18.3192302947574,275.000651749664,-1.19748062035446));
#1176=CARTESIAN_POINT('Ctrl Pts',(17.8703857584896,324.997319460618,-1.22297702983928));
#1177=CARTESIAN_POINT('Ctrl Pts',(17.6121501535682,374.994716620616,-1.16217186440502));
#1178=CARTESIAN_POINT('Ctrl Pts',(17.5335962085392,449.99566940424,-1.00102422903691));
#1179=CARTESIAN_POINT('Ctrl Pts',(17.453835358804,524.99864830387,-0.843672966295024));
#1180=CARTESIAN_POINT('Ctrl Pts',(17.1913888303011,575.000041843668,-0.797263202509242));
#1181=CARTESIAN_POINT('Ctrl Pts',(16.738825184074,624.999785872544,-0.816479640969529));
#1182=CARTESIAN_POINT('Ctrl Pts',(15.9707241490029,674.999505128434,-0.933072865204326));
#1183=CARTESIAN_POINT('Ctrl Pts',(14.3772423680496,749.999344102001,-1.28370554111462));
#1184=CARTESIAN_POINT('Ctrl Pts',(12.7749370556266,824.999596357337,-1.59462582334586));
#1185=CARTESIAN_POINT('Ctrl Pts',(11.9956461885899,874.999817527421,-1.64643130154043));
#1186=CARTESIAN_POINT('Ctrl Pts',(11.5107368381498,924.995933259252,-1.5350566493259));
#1187=CARTESIAN_POINT('Ctrl Pts',(10.8376706862426,974.991464045452,-1.49579578342967));
#1188=CARTESIAN_POINT('Ctrl Pts',(9.54955934618616,1049.99255403468,-1.47915564732583));
#1189=CARTESIAN_POINT('Ctrl Pts',(8.26917757940901,1124.99706634726,-1.29786344453147));
#1190=CARTESIAN_POINT('Ctrl Pts',(7.58421424855811,1174.99979865727,-1.18470493493601));
#1191=CARTESIAN_POINT('Ctrl Pts',(7.35287509544505,1200.,-0.917943935777732));
#1192=CARTESIAN_POINT('Ctrl Pts',(30.0208445342096,0.,1.82952471557003));
#1193=CARTESIAN_POINT('Ctrl Pts',(29.7514755125653,25.0001571825299,1.57569830664931));
#1194=CARTESIAN_POINT('Ctrl Pts',(28.6860529512227,75.0022332560829,1.40285894359705));
#1195=CARTESIAN_POINT('Ctrl Pts',(26.6285284897624,150.002492903365,0.641911415084456));
#1196=CARTESIAN_POINT('Ctrl Pts',(24.5428784917267,225.00175347072,0.0464296769937168));
#1197=CARTESIAN_POINT('Ctrl Pts',(23.5385205158736,275.000612858641,-0.172648913153211));
#1198=CARTESIAN_POINT('Ctrl Pts',(22.9319915808847,324.99735831324,-0.261091426232011));
#1199=CARTESIAN_POINT('Ctrl Pts',(22.4880137618521,374.994798570363,-0.260318044804104));
#1200=CARTESIAN_POINT('Ctrl Pts',(22.0863314566323,449.995751278253,-0.177029291514544));
#1201=CARTESIAN_POINT('Ctrl Pts',(21.6818158310697,524.998693541118,-0.0897770109720344));
#1202=CARTESIAN_POINT('Ctrl Pts',(21.2305002776599,575.00005409788,-0.0872996456104035));
#1203=CARTESIAN_POINT('Ctrl Pts',(20.6159877893039,624.999773656407,-0.149411541280352));
#1204=CARTESIAN_POINT('Ctrl Pts',(19.6803685794111,674.99947905436,-0.325047243074155));
#1205=CARTESIAN_POINT('Ctrl Pts',(17.8235021464197,749.999312641635,-0.780608789453893));
#1206=CARTESIAN_POINT('Ctrl Pts',(15.954796597739,824.999572135656,-1.18622608735133));
#1207=CARTESIAN_POINT('Ctrl Pts',(15.0014585857947,874.999807738223,-1.27542227797294));
#1208=CARTESIAN_POINT('Ctrl Pts',(14.3468994800922,924.995943032948,-1.18052720863702));
#1209=CARTESIAN_POINT('Ctrl Pts',(13.5296132076605,974.991484667494,-1.17437598012086));
#1210=CARTESIAN_POINT('Ctrl Pts',(12.0620862301162,1049.99256759475,-1.22880506470248));
#1211=CARTESIAN_POINT('Ctrl Pts',(10.5998843992256,1124.99708068578,-1.11409890688267));
#1212=CARTESIAN_POINT('Ctrl Pts',(9.76765803948639,1174.99977896398,-1.00872594968294));
#1213=CARTESIAN_POINT('Ctrl Pts',(9.44824327077692,1200.,-0.74388267796711));
#1214=CARTESIAN_POINT('Ctrl Pts',(37.4607661267552,0.,4.14039955715592));
#1215=CARTESIAN_POINT('Ctrl Pts',(37.0755778207611,25.0001280396984,3.83154700261546));
#1216=CARTESIAN_POINT('Ctrl Pts',(35.8334915445144,75.0019447701794,3.49291942890084));
#1217=CARTESIAN_POINT('Ctrl Pts',(33.5577383804742,150.002204852207,2.51176219918261));
#1218=CARTESIAN_POINT('Ctrl Pts',(31.2525857670516,225.001547123753,1.69925837573317));
#1219=CARTESIAN_POINT('Ctrl Pts',(30.0571810752374,275.000541241279,1.3587983885363));
#1220=CARTESIAN_POINT('Ctrl Pts',(29.215203307655,324.997429874508,1.17005032145551));
#1221=CARTESIAN_POINT('Ctrl Pts',(28.5293563490663,374.994948327337,1.071243794601));
#1222=CARTESIAN_POINT('Ctrl Pts',(27.7515648309093,449.995896412833,1.01788187796983));
#1223=CARTESIAN_POINT('Ctrl Pts',(26.9683485485445,524.998768876294,0.980141576828371));
#1224=CARTESIAN_POINT('Ctrl Pts',(26.2701653677898,575.000072915259,0.90720939802676));
#1225=CARTESIAN_POINT('Ctrl Pts',(25.4133977868338,624.999754894155,0.774934095223846));
#1226=CARTESIAN_POINT('Ctrl Pts',(24.2554090093397,674.999435884741,0.518749533227385));
#1227=CARTESIAN_POINT('Ctrl Pts',(22.0897421227446,749.999254559289,-0.0631420275776348));
#1228=CARTESIAN_POINT('Ctrl Pts',(19.9087056884779,824.999523155257,-0.583020564497543));
#1229=CARTESIAN_POINT('Ctrl Pts',(18.7252025654815,874.999786859018,-0.726877904294696));
#1230=CARTESIAN_POINT('Ctrl Pts',(17.8194734290924,924.995963888938,-0.671243650590721));
#1231=CARTESIAN_POINT('Ctrl Pts',(16.8361036572992,974.991518372575,-0.715886773929803));
#1232=CARTESIAN_POINT('Ctrl Pts',(15.2449682341108,1049.99256689767,-0.859299281339885));
#1233=CARTESIAN_POINT('Ctrl Pts',(13.6550183593867,1124.99706668374,-0.828383668765915));
#1234=CARTESIAN_POINT('Ctrl Pts',(12.6510279369674,1174.99973076345,-0.739312912383048));
#1235=CARTESIAN_POINT('Ctrl Pts',(12.2004383835032,1200.,-0.486668923027818));
#1236=CARTESIAN_POINT('Ctrl Pts',(45.308398403261,0.,6.95556375398077));
#1237=CARTESIAN_POINT('Ctrl Pts',(44.7779760766957,25.0000825332378,6.5674904347691));
#1238=CARTESIAN_POINT('Ctrl Pts',(43.3264551481375,75.0015558956584,6.01713281235611));
#1239=CARTESIAN_POINT('Ctrl Pts',(40.8120648646068,150.001797164827,4.78005662747388));
#1240=CARTESIAN_POINT('Ctrl Pts',(38.2638521422106,225.001244192295,3.71865151557387));
#1241=CARTESIAN_POINT('Ctrl Pts',(36.835374954634,275.000431489165,3.22803761608631));
#1242=CARTESIAN_POINT('Ctrl Pts',(35.6906228398305,324.997539553882,2.90112544777103));
#1243=CARTESIAN_POINT('Ctrl Pts',(34.7836985623448,374.995176633448,2.66954265254699));
#1244=CARTESIAN_POINT('Ctrl Pts',(33.7920690427405,449.996112826965,2.43992982249434));
#1245=CARTESIAN_POINT('Ctrl Pts',(32.7914239530524,524.99887577474,2.24109881065123));
#1246=CARTESIAN_POINT('Ctrl Pts',(31.8652089570474,575.000097744712,2.0667784163191));
#1247=CARTESIAN_POINT('Ctrl Pts',(30.6962146365552,624.999730134202,1.8355838577385));
#1248=CARTESIAN_POINT('Ctrl Pts',(29.2682517426649,674.999374834448,1.48406664606938));
#1249=CARTESIAN_POINT('Ctrl Pts',(26.7552660237542,749.999165292946,0.775268221885959));
#1250=CARTESIAN_POINT('Ctrl Pts',(24.223710476709,824.999443381643,0.13981431994559));
#1251=CARTESIAN_POINT('Ctrl Pts',(22.7629136610411,874.999751812801,-0.0745255278317712));
#1252=CARTESIAN_POINT('Ctrl Pts',(21.5370471453796,924.995998904184,-0.0891939449217834));
#1253=CARTESIAN_POINT('Ctrl Pts',(20.3719270315888,974.991565207582,-0.200091939354752));
#1254=CARTESIAN_POINT('Ctrl Pts',(18.7127511506081,1049.99253770362,-0.432075123097554));
#1255=CARTESIAN_POINT('Ctrl Pts',(17.048882256372,1124.99700090366,-0.485022121702273));
#1256=CARTESIAN_POINT('Ctrl Pts',(15.8546302706613,1174.99964413622,-0.422659065508758));
#1257=CARTESIAN_POINT('Ctrl Pts',(15.2360434738444,1200.,-0.198255709848244));
#1258=CARTESIAN_POINT('Ctrl Pts',(55.6720050151817,0.,10.3795078194569));
#1259=CARTESIAN_POINT('Ctrl Pts',(54.9651269551982,25.0000201987035,9.88550960387794));
#1260=CARTESIAN_POINT('Ctrl Pts',(53.2251415569157,75.0010732473426,9.07662285872257));
#1261=CARTESIAN_POINT('Ctrl Pts',(50.3198474843082,150.001272503756,7.54842022277369));
#1262=CARTESIAN_POINT('Ctrl Pts',(47.3732304818796,225.000844304095,6.20702102699792));
#1263=CARTESIAN_POINT('Ctrl Pts',(45.6240249710614,275.000282525296,5.53561131295028));
#1264=CARTESIAN_POINT('Ctrl Pts',(44.1057528564216,324.99768843443,5.028366163707));
#1265=CARTESIAN_POINT('Ctrl Pts',(42.9214260923272,374.99548583674,4.62283730044448));
#1266=CARTESIAN_POINT('Ctrl Pts',(41.6520141235083,449.996402568955,4.15987349075676));
#1267=CARTESIAN_POINT('Ctrl Pts',(40.3688136975062,524.999014964853,3.74674957866119));
#1268=CARTESIAN_POINT('Ctrl Pts',(39.1559154307019,575.000128719471,3.4378447243311));
#1269=CARTESIAN_POINT('Ctrl Pts',(37.6008179423136,624.999699238608,3.0757601433025));
#1270=CARTESIAN_POINT('Ctrl Pts',(35.8322448312711,674.999295216296,2.60912772695191));
#1271=CARTESIAN_POINT('Ctrl Pts',(32.8704075353364,749.999043661752,1.76257710177002));
#1272=CARTESIAN_POINT('Ctrl Pts',(29.8873007066174,824.999331802716,1.00011291816365));
#1273=CARTESIAN_POINT('Ctrl Pts',(28.0794224693759,874.999702172472,0.694692723584859));
#1274=CARTESIAN_POINT('Ctrl Pts',(26.4609831787838,924.996048508308,0.57591261556155));
#1275=CARTESIAN_POINT('Ctrl Pts',(24.9957865493968,974.991624758473,0.376590733977074));
#1276=CARTESIAN_POINT('Ctrl Pts',(23.0215765297691,1049.99247693735,0.0404103275419654));
#1277=CARTESIAN_POINT('Ctrl Pts',(21.0354763801135,1124.99687816006,-0.112482798327747));
#1278=CARTESIAN_POINT('Ctrl Pts',(19.5305458948883,1174.99951788424,-0.0948869450444592));
#1279=CARTESIAN_POINT('Ctrl Pts',(18.7059779970108,1200.,0.0838677988154488));
#1280=CARTESIAN_POINT('Ctrl Pts',(70.459986089897,0.,14.8045922760161));
#1281=CARTESIAN_POINT('Ctrl Pts',(69.5291469190548,24.9999369072672,14.16857482936));
#1282=CARTESIAN_POINT('Ctrl Pts',(67.4087666314869,75.0004673855507,13.0352590057304));
#1283=CARTESIAN_POINT('Ctrl Pts',(63.9674842368421,150.000597514592,11.1611261217531));
#1284=CARTESIAN_POINT('Ctrl Pts',(60.4742050590161,225.000321292354,9.48972940266934));
#1285=CARTESIAN_POINT('Ctrl Pts',(58.3025407373994,275.000084312139,8.59231566411762));
#1286=CARTESIAN_POINT('Ctrl Pts',(56.3071516266586,324.99788654025,7.8457205586214));
#1287=CARTESIAN_POINT('Ctrl Pts',(54.6736831352744,374.995896999287,7.20033228515249));
#1288=CARTESIAN_POINT('Ctrl Pts',(52.7651241287501,449.996785828471,6.39936920797841));
#1289=CARTESIAN_POINT('Ctrl Pts',(50.8363148025382,524.999196594943,5.67305463616551));
#1290=CARTESIAN_POINT('Ctrl Pts',(49.1616724410065,575.000168328017,5.17540280538926));
#1291=CARTESIAN_POINT('Ctrl Pts',(47.1124086435776,624.99965972852,4.63847214252629));
#1292=CARTESIAN_POINT('Ctrl Pts',(44.9039813219223,674.999190948816,4.02445456144486));
#1293=CARTESIAN_POINT('Ctrl Pts',(41.356805111061,749.998881225674,3.01098695196195));
#1294=CARTESIAN_POINT('Ctrl Pts',(37.7858902402052,824.999181280334,2.09341418607013));
#1295=CARTESIAN_POINT('Ctrl Pts',(35.5319334562936,874.999634899779,1.66728707314288));
#1296=CARTESIAN_POINT('Ctrl Pts',(33.413621763026,924.996115733721,1.40291109434913));
#1297=CARTESIAN_POINT('Ctrl Pts',(31.4717924809954,974.991700824285,1.08308850977412));
#1298=CARTESIAN_POINT('Ctrl Pts',(28.8131109360769,1049.9923814327,0.609369064333655));
#1299=CARTESIAN_POINT('Ctrl Pts',(26.1339306640953,1124.99669151939,0.323410809096778));
#1300=CARTESIAN_POINT('Ctrl Pts',(24.139708527602,1174.99934477794,0.271634850957043));
#1301=CARTESIAN_POINT('Ctrl Pts',(23.0536172640118,1200.,0.384443697575323));
#1302=CARTESIAN_POINT('Ctrl Pts',(88.2257777361516,0.,19.6326197179527));
#1303=CARTESIAN_POINT('Ctrl Pts',(87.0576074877203,24.9998463276119,18.8374771322926));
#1304=CARTESIAN_POINT('Ctrl Pts',(84.533605911188,74.999859482022,17.3666565711075));
#1305=CARTESIAN_POINT('Ctrl Pts',(80.5300109421585,149.999896931792,15.1481143601722));
#1306=CARTESIAN_POINT('Ctrl Pts',(76.4627170899751,224.999766503277,13.1508155537984));
#1307=CARTESIAN_POINT('Ctrl Pts',(73.8445818732039,274.999869420521,12.0153892933553));
#1308=CARTESIAN_POINT('Ctrl Pts',(71.3426431314172,324.998101317676,11.0019679852912));
#1309=CARTESIAN_POINT('Ctrl Pts',(69.0825514283158,374.996342848106,10.077949134346));
#1310=CARTESIAN_POINT('Ctrl Pts',(66.0463018502294,449.997199760946,8.86446627746336));
#1311=CARTESIAN_POINT('Ctrl Pts',(62.9823490107826,524.999390532172,7.7528429509428));
#1312=CARTESIAN_POINT('Ctrl Pts',(60.6664849018352,575.00021002542,7.03238740091805));
#1313=CARTESIAN_POINT('Ctrl Pts',(58.0909835046215,624.999618130188,6.29964518402872));
#1314=CARTESIAN_POINT('Ctrl Pts',(55.4124121236687,674.999078684289,5.5254371696208));
#1315=CARTESIAN_POINT('Ctrl Pts',(51.2379838713344,749.998703984187,4.3374563184535));
#1316=CARTESIAN_POINT('Ctrl Pts',(47.0383383736201,824.999016273702,3.25678550917626));
#1317=CARTESIAN_POINT('Ctrl Pts',(44.3100729412835,874.999561024044,2.69617305799428));
#1318=CARTESIAN_POINT('Ctrl Pts',(41.6624103385364,924.996189558413,2.26432664210465));
#1319=CARTESIAN_POINT('Ctrl Pts',(39.1137820117295,974.991779114446,1.80851289678269));
#1320=CARTESIAN_POINT('Ctrl Pts',(35.4249067996857,1049.99226188281,1.18319596808947));
#1321=CARTESIAN_POINT('Ctrl Pts',(31.7080394237318,1124.99646344166,0.749742001265009));
#1322=CARTESIAN_POINT('Ctrl Pts',(29.0963195807629,1174.99915315065,0.609768951166694));
#1323=CARTESIAN_POINT('Ctrl Pts',(27.7354711020114,1200.,0.645143957436748));
#1324=CARTESIAN_POINT('Ctrl Pts',(106.403314941417,0.,24.6704480853879));
#1325=CARTESIAN_POINT('Ctrl Pts',(104.994344566082,24.9997594081497,23.7095968758412));
#1326=CARTESIAN_POINT('Ctrl Pts',(102.060581624683,74.9993254888349,21.8972438133179));
#1327=CARTESIAN_POINT('Ctrl Pts',(97.4988895585379,149.999255782582,19.3064704499226));
#1328=CARTESIAN_POINT('Ctrl Pts',(92.8637388924695,224.999245822876,16.955443252271));
#1329=CARTESIAN_POINT('Ctrl Pts',(89.8006790261125,274.999662884366,15.5657535727375));
#1330=CARTESIAN_POINT('Ctrl Pts',(86.7905719962228,324.998307772941,14.2719273620259));
#1331=CARTESIAN_POINT('Ctrl Pts',(83.8897266154061,374.996772414181,13.0582466265014));
#1332=CARTESIAN_POINT('Ctrl Pts',(79.686201217629,449.997599006078,11.4183442125868));
#1333=CARTESIAN_POINT('Ctrl Pts',(75.4467549613818,524.999577577287,9.90890384348379));
#1334=CARTESIAN_POINT('Ctrl Pts',(72.4739508165164,575.000250665053,8.95712077490868));
#1335=CARTESIAN_POINT('Ctrl Pts',(69.3685255841125,624.999577562127,8.01900462162772));
#1336=CARTESIAN_POINT('Ctrl Pts',(66.2111706857955,674.998968600837,7.07500618012508));
#1337=CARTESIAN_POINT('Ctrl Pts',(61.3904950807363,749.998531759564,5.69779067416412));
#1338=CARTESIAN_POINT('Ctrl Pts',(56.5437830706931,824.998857706209,4.44136736446744));
#1339=CARTESIAN_POINT('Ctrl Pts',(53.3341254229402,874.999490455212,3.74024002428975));
#1340=CARTESIAN_POINT('Ctrl Pts',(50.1550314331962,924.99626009027,3.13728599819596));
#1341=CARTESIAN_POINT('Ctrl Pts',(47.0078410203443,974.991850263537,2.54426958732105));
#1342=CARTESIAN_POINT('Ctrl Pts',(42.3182367682271,1049.99213796226,1.76894580060041));
#1343=CARTESIAN_POINT('Ctrl Pts',(37.5964124209044,1124.99622909234,1.19034600609713));
#1344=CARTESIAN_POINT('Ctrl Pts',(34.3811246590844,1174.99897078869,0.95474629779356));
#1345=CARTESIAN_POINT('Ctrl Pts',(32.7488559572247,1200.,0.911720641445565));
#1346=CARTESIAN_POINT('Ctrl Pts',(124.369479099795,0.,29.7970802626204));
#1347=CARTESIAN_POINT('Ctrl Pts',(122.720697506611,24.9996785394697,28.6696345464893));
#1348=CARTESIAN_POINT('Ctrl Pts',(119.369132367092,74.9988660978083,26.5165664224385));
#1349=CARTESIAN_POINT('Ctrl Pts',(114.233412118587,149.998682579173,23.5266729244897));
#1350=CARTESIAN_POINT('Ctrl Pts',(109.016758459732,224.998769841484,20.7941708398613));
#1351=CARTESIAN_POINT('Ctrl Pts',(105.508684410235,274.999470248089,19.1384493275732));
#1352=CARTESIAN_POINT('Ctrl Pts',(101.998601130339,324.998500341406,17.5597990401354));
#1353=CARTESIAN_POINT('Ctrl Pts',(98.4916318398446,374.997174125348,16.0570291311211));
#1354=CARTESIAN_POINT('Ctrl Pts',(93.2128917095663,449.997973338723,13.9976901261217));
#1355=CARTESIAN_POINT('Ctrl Pts',(87.8895785195334,524.999753633337,12.0980059013583));
#1356=CARTESIAN_POINT('Ctrl Pts',(84.2935414115657,575.000289556177,10.9164044225676));
#1357=CARTESIAN_POINT('Ctrl Pts',(80.6651964580662,624.999538728291,9.77034053357511));
#1358=CARTESIAN_POINT('Ctrl Pts',(77.0253704743913,674.998863367594,8.65085157864813));
#1359=CARTESIAN_POINT('Ctrl Pts',(71.5379885911235,749.998369488954,7.07110714284466));
#1360=CARTESIAN_POINT('Ctrl Pts',(66.0240803860154,824.998710399648,5.62783448441117));
#1361=CARTESIAN_POINT('Ctrl Pts',(62.3302118952914,874.999425392064,4.78438761024034));
#1362=CARTESIAN_POINT('Ctrl Pts',(58.6274323340509,924.996325121942,4.01397961479132));
#1363=CARTESIAN_POINT('Ctrl Pts',(54.9109590924106,974.991913530022,3.2861737065525));
#1364=CARTESIAN_POINT('Ctrl Pts',(49.2982925770609,1049.99201767931,2.36249803215479));
#1365=CARTESIAN_POINT('Ctrl Pts',(43.6520699202289,1124.99600228768,1.6412953091941));
#1366=CARTESIAN_POINT('Ctrl Pts',(39.8675321794708,1174.99880385405,1.30736927294524));
#1367=CARTESIAN_POINT('Ctrl Pts',(37.9715912416965,1200.,1.18880946624543));
#1368=CARTESIAN_POINT('Ctrl Pts',(137.278374800193,0.,33.6957218466298));
#1369=CARTESIAN_POINT('Ctrl Pts',(135.454562121856,24.9996287422998,32.4462729659102));
#1370=CARTESIAN_POINT('Ctrl Pts',(131.78003604311,74.9986339809211,30.0435106971364));
#1371=CARTESIAN_POINT('Ctrl Pts',(126.186422394215,149.998360972239,26.7175817452066));
#1372=CARTESIAN_POINT('Ctrl Pts',(120.509952390867,224.998487845894,23.6603539448203));
#1373=CARTESIAN_POINT('Ctrl Pts',(116.670634435169,274.999350773274,21.791797136783));
#1374=CARTESIAN_POINT('Ctrl Pts',(112.805214976561,324.998619761246,19.9997699710171));
#1375=CARTESIAN_POINT('Ctrl Pts',(108.910311623949,374.997424943401,18.2877669966903));
#1376=CARTESIAN_POINT('Ctrl Pts',(102.996417896346,449.998209050305,15.9340528353458));
#1377=CARTESIAN_POINT('Ctrl Pts',(97.0310569003963,524.999866121134,13.762172162581));
#1378=CARTESIAN_POINT('Ctrl Pts',(93.033368176981,575.000315585811,12.4160170540942));
#1379=CARTESIAN_POINT('Ctrl Pts',(89.0313573351919,624.999512735215,11.1153731367596));
#1380=CARTESIAN_POINT('Ctrl Pts',(85.0283629623657,674.998793721144,9.85854464856973));
#1381=CARTESIAN_POINT('Ctrl Pts',(79.0106722194418,749.998266420646,8.10774333726565));
#1382=CARTESIAN_POINT('Ctrl Pts',(72.9663340295797,824.99862042507,6.50856725646393));
#1383=CARTESIAN_POINT('Ctrl Pts',(68.9087804615081,874.999386501468,5.55874622953023));
#1384=CARTESIAN_POINT('Ctrl Pts',(64.8322252118886,924.99636398702,4.6736960592651));
#1385=CARTESIAN_POINT('Ctrl Pts',(60.7390820610015,974.991948599792,3.85048643823225));
#1386=CARTESIAN_POINT('Ctrl Pts',(54.5585457990505,1049.9919389271,2.81612598104753));
#1387=CARTESIAN_POINT('Ctrl Pts',(48.3475081895121,1124.99585386484,1.98998034647922));
#1388=CARTESIAN_POINT('Ctrl Pts',(44.1933922743699,1174.99870641114,1.58115520172653));
#1389=CARTESIAN_POINT('Ctrl Pts',(42.1146272771814,1200.,1.41312108174591));
#1390=CARTESIAN_POINT('Ctrl Pts',(145.544358941399,0.,36.2882843399501));
#1391=CARTESIAN_POINT('Ctrl Pts',(143.609303488156,24.999604052664,34.9623192854112));
#1392=CARTESIAN_POINT('Ctrl Pts',(139.712506715361,74.9985545108778,32.400333947277));
#1393=CARTESIAN_POINT('Ctrl Pts',(133.786476987894,149.998223058477,28.8291908286065));
#1394=CARTESIAN_POINT('Ctrl Pts',(127.778938581049,224.99835514183,25.5325689372415));
#1395=CARTESIAN_POINT('Ctrl Pts',(123.720040415655,274.999290593746,23.51642488526));
#1396=CARTESIAN_POINT('Ctrl Pts',(119.635733221133,324.99867993589,21.5868854755471));
#1397=CARTESIAN_POINT('Ctrl Pts',(115.525938610099,374.99755274578,19.7438858634192));
#1398=CARTESIAN_POINT('Ctrl Pts',(109.293339657196,449.998331055153,17.2107301626684));
#1399=CARTESIAN_POINT('Ctrl Pts',(103.004571433806,524.999926017596,14.8739833177014));
#1400=CARTESIAN_POINT('Ctrl Pts',(98.7825878005434,575.000330490063,13.4259823634013));
#1401=CARTESIAN_POINT('Ctrl Pts',(94.5491609697506,624.999497831066,12.0266997179733));
#1402=CARTESIAN_POINT('Ctrl Pts',(90.3041819669854,674.998754803552,10.6760939140763));
#1403=CARTESIAN_POINT('Ctrl Pts',(83.9076199814674,749.998212596123,8.79813414786586));
#1404=CARTESIAN_POINT('Ctrl Pts',(77.4843285097329,824.99857653562,7.084230807017));
#1405=CARTESIAN_POINT('Ctrl Pts',(73.1846281838172,874.999368282732,6.06549539754147));
#1406=CARTESIAN_POINT('Ctrl Pts',(68.8764610359519,924.99638220266,5.11496278976898));
#1407=CARTESIAN_POINT('Ctrl Pts',(64.5596249466095,974.991963355647,4.23257879253869));
#1408=CARTESIAN_POINT('Ctrl Pts',(58.0576732284688,1049.99189808327,3.12132789279169));
#1409=CARTESIAN_POINT('Ctrl Pts',(51.5297741414266,1124.99577627044,2.22312805011728));
#1410=CARTESIAN_POINT('Ctrl Pts',(47.1610754390886,1174.99866305867,1.76480145025536));
#1411=CARTESIAN_POINT('Ctrl Pts',(44.9725872158593,1200.,1.57047735161254));
#1412=UNCERTAINTY_MEASURE_WITH_UNIT(LENGTH_MEASURE(0.01),#1416,
'DISTANCE_ACCURACY_VALUE',
'Maximum model space distance between geometric entities at asserted c
onnectivities');
#1413=UNCERTAINTY_MEASURE_WITH_UNIT(LENGTH_MEASURE(0.01),#1416,
'DISTANCE_ACCURACY_VALUE',
'Maximum model space distance between geometric entities at asserted c
onnectivities');
#1414=(
GEOMETRIC_REPRESENTATION_CONTEXT(3)
GLOBAL_UNCERTAINTY_ASSIGNED_CONTEXT((#1412))
GLOBAL_UNIT_ASSIGNED_CONTEXT((#1416,#1418,#1419))
REPRESENTATION_CONTEXT('','3D')
);
#1415=(
GEOMETRIC_REPRESENTATION_CONTEXT(3)
GLOBAL_UNCERTAINTY_ASSIGNED_CONTEXT((#1413))
GLOBAL_UNIT_ASSIGNED_CONTEXT((#1416,#1418,#1419))
REPRESENTATION_CONTEXT('','3D')
);
#1416=(
LENGTH_UNIT()
NAMED_UNIT(*)
SI_UNIT(.MILLI.,.METRE.)
);
#1417=(
LENGTH_UNIT()
NAMED_UNIT(*)
SI_UNIT($,.METRE.)
);
#1418=(
NAMED_UNIT(*)
PLANE_ANGLE_UNIT()
SI_UNIT($,.RADIAN.)
);
#1419=(
NAMED_UNIT(*)
SI_UNIT($,.STERADIAN.)
SOLID_ANGLE_UNIT()
);
#1420=SHAPE_DEFINITION_REPRESENTATION(#1421,#1422);
#1421=PRODUCT_DEFINITION_SHAPE('',$,#1424);
#1422=SHAPE_REPRESENTATION('',(#103),#1414);
#1423=PRODUCT_DEFINITION_CONTEXT('part definition',#1428,'design');
#1424=PRODUCT_DEFINITION('2026-05-26-22-15-00-733',
'Refined_blade_NACA4412_modified_150mm',#1425,#1423);
#1425=PRODUCT_DEFINITION_FORMATION('',$,#1430);
#1426=PRODUCT_RELATED_PRODUCT_CATEGORY(
'Refined_blade_NACA4412_modified_150mm',
'Refined_blade_NACA4412_modified_150mm',(#1430));
#1427=APPLICATION_PROTOCOL_DEFINITION('international standard',
'automotive_design',2009,#1428);
#1428=APPLICATION_CONTEXT(
'Core Data for Automotive Mechanical Design Process');
#1429=PRODUCT_CONTEXT('part definition',#1428,'mechanical');
#1430=PRODUCT('2026-05-26-22-15-00-733',
'Refined_blade_NACA4412_modified_150mm',$,(#1429));
#1431=PRESENTATION_STYLE_ASSIGNMENT((#1432));
#1432=SURFACE_STYLE_USAGE(.BOTH.,#1433);
#1433=SURFACE_SIDE_STYLE('',(#1434));
#1434=SURFACE_STYLE_FILL_AREA(#1435);
#1435=FILL_AREA_STYLE('Steel - Satin',(#1436));
#1436=FILL_AREA_STYLE_COLOUR('Steel - Satin',#1437);
#1437=COLOUR_RGB('Steel - Satin',0.627450980392157,0.627450980392157,0.627450980392157);
ENDSEC;
END-ISO-10303-21;
