ISO-10303-21;
HEADER;
/* Generated by software containing ST-Developer
 * from STEP Tools, Inc. (www.steptools.com) 
 */

FILE_DESCRIPTION(
/* description */ (''),
/* implementation_level */ '2;1');

FILE_NAME(
/* name */ 'Refined_blade_NACA4412_modified_300mm_0.8m.step',
/* time_stamp */ '2026-07-05T20:17:14+08:00',
/* author */ (''),
/* organization */ (''),
/* preprocessor_version */ 'ST-DEVELOPER v20.1',
/* originating_system */ 'Autodesk Translation Framework v15.8.0.0',
/* authorisation */ '');

FILE_SCHEMA (('AUTOMOTIVE_DESIGN { 1 0 10303 214 3 1 1 }'));
ENDSEC;

DATA;
#10=MECHANICAL_DESIGN_GEOMETRIC_PRESENTATION_REPRESENTATION('',(#13),#1554);
#11=SHAPE_REPRESENTATION_RELATIONSHIP('SRR','None',#1561,#12);
#12=ADVANCED_BREP_SHAPE_REPRESENTATION('',(#14),#1553);
#13=STYLED_ITEM('',(#1570),#14);
#14=MANIFOLD_SOLID_BREP('Body1',#100);
#15=B_SPLINE_CURVE_WITH_KNOTS('',3,(#1136,#1137,#1138,#1139,#1140,#1141,
#1142,#1143,#1144,#1145,#1146,#1147,#1148,#1149,#1150,#1151,#1152,#1153,
#1154),.UNSPECIFIED.,.F.,.F.,(4,1,1,1,1,1,1,1,1,1,1,1,1,1,1,1,4),(0.,5.00197464841127,
10.0019799789074,15.0010185044778,20.0001172565305,24.997405711696,29.9977015081126,
34.9993712496447,40.0001460057062,44.9998228240941,49.9996541700112,54.9997033823014,
60.0001770068987,64.9962741467502,69.9958129411878,74.997537461594,80.0002333454429),
 .UNSPECIFIED.);
#16=(
BOUNDED_CURVE()
B_SPLINE_CURVE(5,(#375,#376,#377,#378,#379,#380,#381,#382,#383,#384),
 .UNSPECIFIED.,.F.,.F.)
B_SPLINE_CURVE_WITH_KNOTS((6,1,1,1,1,6),(0.,0.2,0.4,0.6,0.8,1.),
 .UNSPECIFIED.)
CURVE()
GEOMETRIC_REPRESENTATION_ITEM()
RATIONAL_B_SPLINE_CURVE((1.,1.,1.,1.,1.,1.,1.,1.,1.,1.))
REPRESENTATION_ITEM('')
);
#17=(
BOUNDED_CURVE()
B_SPLINE_CURVE(5,(#386,#387,#388,#389,#390,#391,#392,#393,#394,#395,#396,
#397,#398,#399,#400,#401,#402,#403,#404,#405,#406,#407,#408),
 .UNSPECIFIED.,.F.,.F.)
B_SPLINE_CURVE_WITH_KNOTS((6,1,1,1,1,1,1,1,1,1,1,1,1,1,1,1,1,1,6),(0.,0.05,
0.1,0.15,0.2,0.25,0.3,0.35,0.4,0.45,0.5,0.55,0.6,0.65,0.7,0.75,0.8,0.85,
0.879558796610805),.UNSPECIFIED.)
CURVE()
GEOMETRIC_REPRESENTATION_ITEM()
RATIONAL_B_SPLINE_CURVE((1.,1.,1.,1.,1.,1.,1.,1.,1.,1.,1.,1.,1.,1.,1.,1.,
1.,1.,1.,1.,1.,1.,1.))
REPRESENTATION_ITEM('')
);
#18=(
BOUNDED_CURVE()
B_SPLINE_CURVE(5,(#410,#411,#412,#413,#414,#415,#416,#417),
 .UNSPECIFIED.,.F.,.F.)
B_SPLINE_CURVE_WITH_KNOTS((6,1,1,6),(0.879558796610805,0.9,0.95,1.),
 .UNSPECIFIED.)
CURVE()
GEOMETRIC_REPRESENTATION_ITEM()
RATIONAL_B_SPLINE_CURVE((1.,1.,1.,1.,1.,1.,1.,1.))
REPRESENTATION_ITEM('')
);
#19=(
BOUNDED_CURVE()
B_SPLINE_CURVE(5,(#418,#419,#420,#421,#422,#423,#424,#425,#426,#427,#428,
#429,#430,#431,#432),.UNSPECIFIED.,.F.,.F.)
B_SPLINE_CURVE_WITH_KNOTS((6,1,1,1,1,1,1,1,1,1,6),(0.,0.1,0.2,0.3,0.4,0.5,
0.6,0.7,0.8,0.9,1.),.UNSPECIFIED.)
CURVE()
GEOMETRIC_REPRESENTATION_ITEM()
RATIONAL_B_SPLINE_CURVE((1.,1.,1.,1.,1.,1.,1.,1.,1.,1.,1.,1.,1.,1.,1.))
REPRESENTATION_ITEM('')
);
#20=(
BOUNDED_CURVE()
B_SPLINE_CURVE(5,(#624,#625,#626,#627,#628,#629,#630,#631,#632,#633,#634,
#635,#636,#637,#638,#639),.UNSPECIFIED.,.F.,.F.)
B_SPLINE_CURVE_WITH_KNOTS((6,1,1,1,1,1,1,1,1,1,1,6),(-1.,-0.95,-0.9,-0.85,
-0.8,-0.75,-0.7,-0.65,-0.6,-0.55,-0.5,-0.489066743154429),.UNSPECIFIED.)
CURVE()
GEOMETRIC_REPRESENTATION_ITEM()
RATIONAL_B_SPLINE_CURVE((1.,1.,1.,1.,1.,1.,1.,1.,1.,1.,1.,1.,1.,1.,1.,1.))
REPRESENTATION_ITEM('')
);
#21=(
BOUNDED_CURVE()
B_SPLINE_CURVE(5,(#641,#642,#643,#644,#645,#646,#647,#648,#649,#650,#651,
#652,#653,#654),.UNSPECIFIED.,.F.,.F.)
B_SPLINE_CURVE_WITH_KNOTS((6,1,1,1,1,1,1,1,1,6),(-0.489066743154429,-0.45,
-0.4,-0.35,-0.3,-0.25,-0.2,-0.15,-0.1,-0.0977494827099851),
 .UNSPECIFIED.)
CURVE()
GEOMETRIC_REPRESENTATION_ITEM()
RATIONAL_B_SPLINE_CURVE((1.,1.,1.,1.,1.,1.,1.,1.,1.,1.,1.,1.,1.,1.))
REPRESENTATION_ITEM('')
);
#22=(
BOUNDED_CURVE()
B_SPLINE_CURVE(5,(#655,#656,#657,#658,#659,#660,#661),.UNSPECIFIED.,.F.,
 .F.)
B_SPLINE_CURVE_WITH_KNOTS((6,1,6),(-0.0977494827099851,-0.05,0.),
 .UNSPECIFIED.)
CURVE()
GEOMETRIC_REPRESENTATION_ITEM()
RATIONAL_B_SPLINE_CURVE((1.,1.,1.,1.,1.,1.,1.))
REPRESENTATION_ITEM('')
);
#23=(
BOUNDED_CURVE()
B_SPLINE_CURVE(5,(#665,#666,#667,#668,#669,#670,#671,#672,#673,#674,#675,
#676,#677,#678,#679,#680,#681,#682,#683,#684,#685,#686,#687,#688,#689),
 .UNSPECIFIED.,.F.,.F.)
B_SPLINE_CURVE_WITH_KNOTS((6,1,1,1,1,1,1,1,1,1,1,1,1,1,1,1,1,1,1,1,6),(-1.,
-0.95,-0.9,-0.85,-0.8,-0.75,-0.7,-0.65,-0.6,-0.55,-0.5,-0.45,-0.4,-0.35,
-0.3,-0.25,-0.2,-0.15,-0.1,-0.05,0.),.UNSPECIFIED.)
CURVE()
GEOMETRIC_REPRESENTATION_ITEM()
RATIONAL_B_SPLINE_CURVE((1.,1.,1.,1.,1.,1.,1.,1.,1.,1.,1.,1.,1.,1.,1.,1.,
1.,1.,1.,1.,1.,1.,1.,1.,1.))
REPRESENTATION_ITEM('')
);
#24=(
BOUNDED_CURVE()
B_SPLINE_CURVE(5,(#690,#691,#692,#693,#694,#695,#696,#697,#698,#699,#700,
#701,#702,#703,#704,#705,#706,#707,#708,#709,#710,#711,#712,#713,#714),
 .UNSPECIFIED.,.F.,.F.)
B_SPLINE_CURVE_WITH_KNOTS((6,1,1,1,1,1,1,1,1,1,1,1,1,1,1,1,1,1,1,1,6),(0.,
0.05,0.1,0.15,0.2,0.25,0.3,0.35,0.4,0.45,0.5,0.55,0.6,0.65,0.7,0.75,0.8,
0.85,0.9,0.95,1.),.UNSPECIFIED.)
CURVE()
GEOMETRIC_REPRESENTATION_ITEM()
RATIONAL_B_SPLINE_CURVE((1.,1.,1.,1.,1.,1.,1.,1.,1.,1.,1.,1.,1.,1.,1.,1.,
1.,1.,1.,1.,1.,1.,1.,1.,1.))
REPRESENTATION_ITEM('')
);
#25=(
BOUNDED_CURVE()
B_SPLINE_CURVE(5,(#1111,#1112,#1113,#1114,#1115,#1116,#1117,#1118,#1119,
#1120,#1121,#1122,#1123,#1124,#1125,#1126,#1127,#1128,#1129,#1130,#1131,
#1132,#1133,#1134,#1135),.UNSPECIFIED.,.F.,.F.)
B_SPLINE_CURVE_WITH_KNOTS((6,1,1,1,1,1,1,1,1,1,1,1,1,1,1,1,1,1,1,1,6),(0.,
0.05,0.1,0.15,0.2,0.25,0.3,0.35,0.4,0.45,0.5,0.55,0.6,0.65,0.7,0.75,0.8,
0.85,0.9,0.95,1.),.UNSPECIFIED.)
CURVE()
GEOMETRIC_REPRESENTATION_ITEM()
RATIONAL_B_SPLINE_CURVE((1.,1.,1.,1.,1.,1.,1.,1.,1.,1.,1.,1.,1.,1.,1.,1.,
1.,1.,1.,1.,1.,1.,1.,1.,1.))
REPRESENTATION_ITEM('')
);
#26=B_SPLINE_SURFACE_WITH_KNOTS('',3,3,((#134,#135,#136,#137,#138,#139,
#140,#141,#142,#143),(#144,#145,#146,#147,#148,#149,#150,#151,#152,#153),
(#154,#155,#156,#157,#158,#159,#160,#161,#162,#163),(#164,#165,#166,#167,
#168,#169,#170,#171,#172,#173),(#174,#175,#176,#177,#178,#179,#180,#181,
#182,#183),(#184,#185,#186,#187,#188,#189,#190,#191,#192,#193),(#194,#195,
#196,#197,#198,#199,#200,#201,#202,#203),(#204,#205,#206,#207,#208,#209,
#210,#211,#212,#213),(#214,#215,#216,#217,#218,#219,#220,#221,#222,#223),
(#224,#225,#226,#227,#228,#229,#230,#231,#232,#233),(#234,#235,#236,#237,
#238,#239,#240,#241,#242,#243),(#244,#245,#246,#247,#248,#249,#250,#251,
#252,#253),(#254,#255,#256,#257,#258,#259,#260,#261,#262,#263),(#264,#265,
#266,#267,#268,#269,#270,#271,#272,#273),(#274,#275,#276,#277,#278,#279,
#280,#281,#282,#283),(#284,#285,#286,#287,#288,#289,#290,#291,#292,#293),
(#294,#295,#296,#297,#298,#299,#300,#301,#302,#303),(#304,#305,#306,#307,
#308,#309,#310,#311,#312,#313),(#314,#315,#316,#317,#318,#319,#320,#321,
#322,#323),(#324,#325,#326,#327,#328,#329,#330,#331,#332,#333),(#334,#335,
#336,#337,#338,#339,#340,#341,#342,#343),(#344,#345,#346,#347,#348,#349,
#350,#351,#352,#353),(#354,#355,#356,#357,#358,#359,#360,#361,#362,#363),
(#364,#365,#366,#367,#368,#369,#370,#371,#372,#373)),.UNSPECIFIED.,.F.,
 .F.,.F.,(4,1,1,1,1,1,1,1,1,2,1,1,1,1,1,1,1,1,1,1,4),(4,1,1,1,1,1,1,4),
(0.,0.139153899437697,0.208730849156546,0.278307798875394,0.417461698313091,
0.46384633145899,0.510230964604889,0.556615597750789,0.626192547469637,
0.695769497188486,0.726192547469637,0.741404072610213,0.756615597750789,
0.78703864803194,0.817461698313091,0.847884748594243,0.878307798875394,
0.908730849156546,0.939153899437697,0.969576949718849,1.),(0.,0.142857142857143,
0.285714285714286,0.428571428571429,0.571428571428571,0.714285714285714,
0.857142857142857,1.),.UNSPECIFIED.);
#27=B_SPLINE_SURFACE_WITH_KNOTS('',3,3,((#433,#434,#435,#436,#437,#438,
#439,#440,#441,#442),(#443,#444,#445,#446,#447,#448,#449,#450,#451,#452),
(#453,#454,#455,#456,#457,#458,#459,#460,#461,#462),(#463,#464,#465,#466,
#467,#468,#469,#470,#471,#472),(#473,#474,#475,#476,#477,#478,#479,#480,
#481,#482),(#483,#484,#485,#486,#487,#488,#489,#490,#491,#492),(#493,#494,
#495,#496,#497,#498,#499,#500,#501,#502),(#503,#504,#505,#506,#507,#508,
#509,#510,#511,#512),(#513,#514,#515,#516,#517,#518,#519,#520,#521,#522),
(#523,#524,#525,#526,#527,#528,#529,#530,#531,#532),(#533,#534,#535,#536,
#537,#538,#539,#540,#541,#542),(#543,#544,#545,#546,#547,#548,#549,#550,
#551,#552),(#553,#554,#555,#556,#557,#558,#559,#560,#561,#562),(#563,#564,
#565,#566,#567,#568,#569,#570,#571,#572),(#573,#574,#575,#576,#577,#578,
#579,#580,#581,#582),(#583,#584,#585,#586,#587,#588,#589,#590,#591,#592),
(#593,#594,#595,#596,#597,#598,#599,#600,#601,#602),(#603,#604,#605,#606,
#607,#608,#609,#610,#611,#612),(#613,#614,#615,#616,#617,#618,#619,#620,
#621,#622)),.UNSPECIFIED.,.F.,.F.,.F.,(4,1,1,1,1,1,2,1,1,1,1,1,1,1,1,4),
(4,1,1,1,1,1,1,4),(0.,0.0743785267861346,0.111567790179202,0.148757053572269,
0.223135580358404,0.297514107144538,0.371892633930673,0.434703370537606,
0.497514107144538,0.560324843751471,0.623135580358404,0.685946316965336,
0.748757053572269,0.811567790179202,0.874378526786135,1.),(0.,0.142857142857143,
0.285714285714286,0.428571428571429,0.571428571428571,0.785714285714286,
0.857142857142857,1.),.UNSPECIFIED.);
#28=B_SPLINE_SURFACE_WITH_KNOTS('',3,3,((#715,#716,#717,#718,#719,#720,
#721,#722,#723,#724,#725,#726,#727,#728,#729,#730,#731,#732,#733,#734,#735,
#736),(#737,#738,#739,#740,#741,#742,#743,#744,#745,#746,#747,#748,#749,
#750,#751,#752,#753,#754,#755,#756,#757,#758),(#759,#760,#761,#762,#763,
#764,#765,#766,#767,#768,#769,#770,#771,#772,#773,#774,#775,#776,#777,#778,
#779,#780),(#781,#782,#783,#784,#785,#786,#787,#788,#789,#790,#791,#792,
#793,#794,#795,#796,#797,#798,#799,#800,#801,#802),(#803,#804,#805,#806,
#807,#808,#809,#810,#811,#812,#813,#814,#815,#816,#817,#818,#819,#820,#821,
#822,#823,#824),(#825,#826,#827,#828,#829,#830,#831,#832,#833,#834,#835,
#836,#837,#838,#839,#840,#841,#842,#843,#844,#845,#846),(#847,#848,#849,
#850,#851,#852,#853,#854,#855,#856,#857,#858,#859,#860,#861,#862,#863,#864,
#865,#866,#867,#868),(#869,#870,#871,#872,#873,#874,#875,#876,#877,#878,
#879,#880,#881,#882,#883,#884,#885,#886,#887,#888,#889,#890),(#891,#892,
#893,#894,#895,#896,#897,#898,#899,#900,#901,#902,#903,#904,#905,#906,#907,
#908,#909,#910,#911,#912),(#913,#914,#915,#916,#917,#918,#919,#920,#921,
#922,#923,#924,#925,#926,#927,#928,#929,#930,#931,#932,#933,#934),(#935,
#936,#937,#938,#939,#940,#941,#942,#943,#944,#945,#946,#947,#948,#949,#950,
#951,#952,#953,#954,#955,#956),(#957,#958,#959,#960,#961,#962,#963,#964,
#965,#966,#967,#968,#969,#970,#971,#972,#973,#974,#975,#976,#977,#978),
(#979,#980,#981,#982,#983,#984,#985,#986,#987,#988,#989,#990,#991,#992,
#993,#994,#995,#996,#997,#998,#999,#1000),(#1001,#1002,#1003,#1004,#1005,
#1006,#1007,#1008,#1009,#1010,#1011,#1012,#1013,#1014,#1015,#1016,#1017,
#1018,#1019,#1020,#1021,#1022),(#1023,#1024,#1025,#1026,#1027,#1028,#1029,
#1030,#1031,#1032,#1033,#1034,#1035,#1036,#1037,#1038,#1039,#1040,#1041,
#1042,#1043,#1044),(#1045,#1046,#1047,#1048,#1049,#1050,#1051,#1052,#1053,
#1054,#1055,#1056,#1057,#1058,#1059,#1060,#1061,#1062,#1063,#1064,#1065,
#1066),(#1067,#1068,#1069,#1070,#1071,#1072,#1073,#1074,#1075,#1076,#1077,
#1078,#1079,#1080,#1081,#1082,#1083,#1084,#1085,#1086,#1087,#1088),(#1089,
#1090,#1091,#1092,#1093,#1094,#1095,#1096,#1097,#1098,#1099,#1100,#1101,
#1102,#1103,#1104,#1105,#1106,#1107,#1108,#1109,#1110)),.UNSPECIFIED.,.F.,
 .F.,.F.,(4,1,1,1,1,1,2,1,1,1,1,1,1,1,4),(4,1,1,1,2,1,1,1,2,1,1,1,2,1,1,
1,4),(0.,0.131590801870176,0.263181603740351,0.394772405610527,0.526363207480703,
0.59215860841579,0.657954009350878,0.726363207480702,0.794772405610527,
0.828977004675439,0.863181603740351,0.897386202805263,0.931590801870176,
0.965795400935088,1.),(0.,0.0625825112439189,0.125140383246492,0.187686159010202,
0.250232688301222,0.312734702299796,0.375243282580307,0.437757009845328,
0.500266529872029,0.562772150184121,0.625279702388897,0.687789978344286,
0.750305560273538,0.812728703959408,0.875141002478656,0.937559061349935,
1.),.UNSPECIFIED.);
#29=B_SPLINE_SURFACE_WITH_KNOTS('',3,3,((#1155,#1156,#1157,#1158,#1159,
#1160,#1161,#1162,#1163,#1164,#1165,#1166,#1167,#1168,#1169,#1170,#1171,
#1172,#1173,#1174,#1175,#1176),(#1177,#1178,#1179,#1180,#1181,#1182,#1183,
#1184,#1185,#1186,#1187,#1188,#1189,#1190,#1191,#1192,#1193,#1194,#1195,
#1196,#1197,#1198),(#1199,#1200,#1201,#1202,#1203,#1204,#1205,#1206,#1207,
#1208,#1209,#1210,#1211,#1212,#1213,#1214,#1215,#1216,#1217,#1218,#1219,
#1220),(#1221,#1222,#1223,#1224,#1225,#1226,#1227,#1228,#1229,#1230,#1231,
#1232,#1233,#1234,#1235,#1236,#1237,#1238,#1239,#1240,#1241,#1242),(#1243,
#1244,#1245,#1246,#1247,#1248,#1249,#1250,#1251,#1252,#1253,#1254,#1255,
#1256,#1257,#1258,#1259,#1260,#1261,#1262,#1263,#1264),(#1265,#1266,#1267,
#1268,#1269,#1270,#1271,#1272,#1273,#1274,#1275,#1276,#1277,#1278,#1279,
#1280,#1281,#1282,#1283,#1284,#1285,#1286),(#1287,#1288,#1289,#1290,#1291,
#1292,#1293,#1294,#1295,#1296,#1297,#1298,#1299,#1300,#1301,#1302,#1303,
#1304,#1305,#1306,#1307,#1308),(#1309,#1310,#1311,#1312,#1313,#1314,#1315,
#1316,#1317,#1318,#1319,#1320,#1321,#1322,#1323,#1324,#1325,#1326,#1327,
#1328,#1329,#1330),(#1331,#1332,#1333,#1334,#1335,#1336,#1337,#1338,#1339,
#1340,#1341,#1342,#1343,#1344,#1345,#1346,#1347,#1348,#1349,#1350,#1351,
#1352),(#1353,#1354,#1355,#1356,#1357,#1358,#1359,#1360,#1361,#1362,#1363,
#1364,#1365,#1366,#1367,#1368,#1369,#1370,#1371,#1372,#1373,#1374),(#1375,
#1376,#1377,#1378,#1379,#1380,#1381,#1382,#1383,#1384,#1385,#1386,#1387,
#1388,#1389,#1390,#1391,#1392,#1393,#1394,#1395,#1396),(#1397,#1398,#1399,
#1400,#1401,#1402,#1403,#1404,#1405,#1406,#1407,#1408,#1409,#1410,#1411,
#1412,#1413,#1414,#1415,#1416,#1417,#1418),(#1419,#1420,#1421,#1422,#1423,
#1424,#1425,#1426,#1427,#1428,#1429,#1430,#1431,#1432,#1433,#1434,#1435,
#1436,#1437,#1438,#1439,#1440),(#1441,#1442,#1443,#1444,#1445,#1446,#1447,
#1448,#1449,#1450,#1451,#1452,#1453,#1454,#1455,#1456,#1457,#1458,#1459,
#1460,#1461,#1462),(#1463,#1464,#1465,#1466,#1467,#1468,#1469,#1470,#1471,
#1472,#1473,#1474,#1475,#1476,#1477,#1478,#1479,#1480,#1481,#1482,#1483,
#1484),(#1485,#1486,#1487,#1488,#1489,#1490,#1491,#1492,#1493,#1494,#1495,
#1496,#1497,#1498,#1499,#1500,#1501,#1502,#1503,#1504,#1505,#1506),(#1507,
#1508,#1509,#1510,#1511,#1512,#1513,#1514,#1515,#1516,#1517,#1518,#1519,
#1520,#1521,#1522,#1523,#1524,#1525,#1526,#1527,#1528),(#1529,#1530,#1531,
#1532,#1533,#1534,#1535,#1536,#1537,#1538,#1539,#1540,#1541,#1542,#1543,
#1544,#1545,#1546,#1547,#1548,#1549,#1550)),.UNSPECIFIED.,.F.,.F.,.F.,(4,
1,1,1,1,1,1,1,1,1,1,1,1,1,1,4),(4,1,1,1,2,1,1,1,2,1,1,1,2,1,1,1,4),(0.,
0.0357142857142857,0.0714285714285714,0.107142857142857,0.142857142857143,
0.19047619047619,0.238095238095238,0.285714285714286,0.333333333333333,
0.428571428571429,0.5,0.571428571428571,0.714285714285714,0.785714285714286,
0.857142857142857,1.),(0.,0.0625825112439189,0.125140383246492,0.187686159010202,
0.250232688301222,0.312734702299796,0.375243282580307,0.437757009845328,
0.500266529872029,0.562772150184121,0.625279702388897,0.687789978344286,
0.750305560273538,0.812728703959408,0.875141002478656,0.937559061349935,
1.),.UNSPECIFIED.);
#30=FACE_OUTER_BOUND('',#36,.T.);
#31=FACE_OUTER_BOUND('',#37,.T.);
#32=FACE_OUTER_BOUND('',#38,.T.);
#33=FACE_OUTER_BOUND('',#39,.T.);
#34=FACE_OUTER_BOUND('',#40,.T.);
#35=FACE_OUTER_BOUND('',#41,.T.);
#36=EDGE_LOOP('',(#66,#67));
#37=EDGE_LOOP('',(#68,#69,#70,#71,#72));
#38=EDGE_LOOP('',(#73,#74,#75,#76,#77,#78));
#39=EDGE_LOOP('',(#79,#80));
#40=EDGE_LOOP('',(#81,#82,#83,#84,#85,#86));
#41=EDGE_LOOP('',(#87,#88,#89,#90,#91));
#42=CIRCLE('',#115,50.);
#43=CIRCLE('',#116,50.);
#44=VERTEX_POINT('',#130);
#45=VERTEX_POINT('',#131);
#46=VERTEX_POINT('',#374);
#47=VERTEX_POINT('',#385);
#48=VERTEX_POINT('',#409);
#49=VERTEX_POINT('',#623);
#50=VERTEX_POINT('',#640);
#51=VERTEX_POINT('',#663);
#52=VERTEX_POINT('',#664);
#53=EDGE_CURVE('',#44,#45,#42,.T.);
#54=EDGE_CURVE('',#45,#44,#43,.T.);
#55=EDGE_CURVE('',#45,#46,#16,.T.);
#56=EDGE_CURVE('',#46,#47,#17,.T.);
#57=EDGE_CURVE('',#47,#48,#18,.T.);
#58=EDGE_CURVE('',#44,#48,#19,.T.);
#59=EDGE_CURVE('',#48,#49,#20,.T.);
#60=EDGE_CURVE('',#49,#50,#21,.T.);
#61=EDGE_CURVE('',#50,#46,#22,.T.);
#62=EDGE_CURVE('',#51,#52,#23,.T.);
#63=EDGE_CURVE('',#52,#51,#24,.T.);
#64=EDGE_CURVE('',#48,#51,#25,.T.);
#65=EDGE_CURVE('',#46,#52,#15,.T.);
#66=ORIENTED_EDGE('',*,*,#53,.F.);
#67=ORIENTED_EDGE('',*,*,#54,.F.);
#68=ORIENTED_EDGE('',*,*,#53,.T.);
#69=ORIENTED_EDGE('',*,*,#55,.T.);
#70=ORIENTED_EDGE('',*,*,#56,.T.);
#71=ORIENTED_EDGE('',*,*,#57,.T.);
#72=ORIENTED_EDGE('',*,*,#58,.F.);
#73=ORIENTED_EDGE('',*,*,#54,.T.);
#74=ORIENTED_EDGE('',*,*,#58,.T.);
#75=ORIENTED_EDGE('',*,*,#59,.T.);
#76=ORIENTED_EDGE('',*,*,#60,.T.);
#77=ORIENTED_EDGE('',*,*,#61,.T.);
#78=ORIENTED_EDGE('',*,*,#55,.F.);
#79=ORIENTED_EDGE('',*,*,#62,.F.);
#80=ORIENTED_EDGE('',*,*,#63,.F.);
#81=ORIENTED_EDGE('',*,*,#59,.F.);
#82=ORIENTED_EDGE('',*,*,#64,.T.);
#83=ORIENTED_EDGE('',*,*,#62,.T.);
#84=ORIENTED_EDGE('',*,*,#65,.F.);
#85=ORIENTED_EDGE('',*,*,#61,.F.);
#86=ORIENTED_EDGE('',*,*,#60,.F.);
#87=ORIENTED_EDGE('',*,*,#56,.F.);
#88=ORIENTED_EDGE('',*,*,#65,.T.);
#89=ORIENTED_EDGE('',*,*,#63,.T.);
#90=ORIENTED_EDGE('',*,*,#64,.F.);
#91=ORIENTED_EDGE('',*,*,#57,.F.);
#92=PLANE('',#114);
#93=PLANE('',#117);
#94=ADVANCED_FACE('',(#30),#92,.F.);
#95=ADVANCED_FACE('',(#31),#26,.T.);
#96=ADVANCED_FACE('',(#32),#27,.T.);
#97=ADVANCED_FACE('',(#33),#93,.T.);
#98=ADVANCED_FACE('',(#34),#28,.F.);
#99=ADVANCED_FACE('',(#35),#29,.F.);
#100=CLOSED_SHELL('',(#94,#95,#96,#97,#98,#99));
#101=DERIVED_UNIT_ELEMENT(#103,1.);
#102=DERIVED_UNIT_ELEMENT(#1556,-3.);
#103=(
MASS_UNIT()
NAMED_UNIT(*)
SI_UNIT(.KILO.,.GRAM.)
);
#104=DERIVED_UNIT((#101,#102));
#105=MEASURE_REPRESENTATION_ITEM('density measure',
POSITIVE_RATIO_MEASURE(7850.),#104);
#106=PROPERTY_DEFINITION_REPRESENTATION(#111,#108);
#107=PROPERTY_DEFINITION_REPRESENTATION(#112,#109);
#108=REPRESENTATION('material name',(#110),#1553);
#109=REPRESENTATION('density',(#105),#1553);
#110=DESCRIPTIVE_REPRESENTATION_ITEM('Steel','Steel');
#111=PROPERTY_DEFINITION('material property','material name',#1563);
#112=PROPERTY_DEFINITION('material property','density of part',#1563);
#113=AXIS2_PLACEMENT_3D('',#128,#118,#119);
#114=AXIS2_PLACEMENT_3D('',#129,#120,#121);
#115=AXIS2_PLACEMENT_3D('',#132,#122,#123);
#116=AXIS2_PLACEMENT_3D('',#133,#124,#125);
#117=AXIS2_PLACEMENT_3D('',#662,#126,#127);
#118=DIRECTION('axis',(0.,0.,1.));
#119=DIRECTION('refdir',(1.,0.,0.));
#120=DIRECTION('center_axis',(0.,1.,0.));
#121=DIRECTION('ref_axis',(0.,0.,1.));
#122=DIRECTION('center_axis',(0.,1.,0.));
#123=DIRECTION('ref_axis',(1.,0.,0.));
#124=DIRECTION('center_axis',(0.,1.,0.));
#125=DIRECTION('ref_axis',(1.,0.,0.));
#126=DIRECTION('center_axis',(0.,1.,0.));
#127=DIRECTION('ref_axis',(0.,0.,1.));
#128=CARTESIAN_POINT('',(0.,0.,0.));
#129=CARTESIAN_POINT('Origin',(49.9975482340912,-200.,0.447122961666122));
#130=CARTESIAN_POINT('',(99.9950964681825,-200.,-4.45476988630844E-14));
#131=CARTESIAN_POINT('',(8.88178419700125E-15,-200.,3.67761376907083E-15));
#132=CARTESIAN_POINT('Origin',(49.9975482340913,-200.,0.495147028386197));
#133=CARTESIAN_POINT('Origin',(49.9975482340913,-200.,0.495147028386197));
#134=CARTESIAN_POINT('Ctrl Pts',(99.9950964681825,-200.,1.38777878078145E-16));
#135=CARTESIAN_POINT('Ctrl Pts',(101.804368204172,-188.785011265165,3.70789509051667));
#136=CARTESIAN_POINT('Ctrl Pts',(107.3334507604,-166.798226639937,11.0576803802525));
#137=CARTESIAN_POINT('Ctrl Pts',(121.6287290683,-135.210269489414,21.8750144534144));
#138=CARTESIAN_POINT('Ctrl Pts',(142.552404300814,-105.159919243369,32.4633521023831));
#139=CARTESIAN_POINT('Ctrl Pts',(170.51221692914,-76.7417605458738,42.8086067974727));
#140=CARTESIAN_POINT('Ctrl Pts',(205.017140863885,-49.8418887660075,52.9277424018729));
#141=CARTESIAN_POINT('Ctrl Pts',(245.173877062884,-24.2530829436098,62.851620417803));
#142=CARTESIAN_POINT('Ctrl Pts',(275.258646141773,-7.96254638123264,69.3530611573224));
#143=CARTESIAN_POINT('Ctrl Pts',(291.088717882799,0.,72.5765686799002));
#144=CARTESIAN_POINT('Ctrl Pts',(99.9432447926217,-200.,-5.23573100765737));
#145=CARTESIAN_POINT('Ctrl Pts',(101.748735481636,-188.817026363336,-1.36366432208492));
#146=CARTESIAN_POINT('Ctrl Pts',(106.928295116329,-166.928854230491,6.23193304512453));
#147=CARTESIAN_POINT('Ctrl Pts',(119.827017717912,-135.536339106304,17.2192388573882));
#148=CARTESIAN_POINT('Ctrl Pts',(138.630788146054,-105.672730573997,27.8268537019921));
#149=CARTESIAN_POINT('Ctrl Pts',(163.897414049174,-77.3763896772812,38.0889370383412));
#150=CARTESIAN_POINT('Ctrl Pts',(195.285145085367,-50.4771881848769,48.070564511785));
#151=CARTESIAN_POINT('Ctrl Pts',(232.052393610282,-24.7116815362633,57.851122432828));
#152=CARTESIAN_POINT('Ctrl Pts',(259.793439364851,-8.14761461371688,64.2848683205885));
#153=CARTESIAN_POINT('Ctrl Pts',(274.456735584062,0.,67.4897174192774));
#154=CARTESIAN_POINT('Ctrl Pts',(98.6216293477003,-200.,-13.0761473233613));
#155=CARTESIAN_POINT('Ctrl Pts',(100.25581025076,-188.999474906049,-9.03763811482061));
#156=CARTESIAN_POINT('Ctrl Pts',(104.687391842629,-167.46873329213,-1.18731121134705));
#157=CARTESIAN_POINT('Ctrl Pts',(115.389924388606,-136.532101267424,9.98711267116759));
#158=CARTESIAN_POINT('Ctrl Pts',(131.053567513,-106.977291209926,20.6260874669589));
#159=CARTESIAN_POINT('Ctrl Pts',(152.377469173514,-78.7795073488885,30.802601282374));
#160=CARTESIAN_POINT('Ctrl Pts',(179.208553300618,-51.7266536137206,40.6232890001087));
#161=CARTESIAN_POINT('Ctrl Pts',(211.009278431312,-25.5251347264014,50.2108981948922));
#162=CARTESIAN_POINT('Ctrl Pts',(235.299508352137,-8.45901184675463,56.52412726816));
#163=CARTESIAN_POINT('Ctrl Pts',(248.229740647923,0.,59.6775137611508));
#164=CARTESIAN_POINT('Ctrl Pts',(94.5021440062194,-200.,-22.738958402661));
#165=CARTESIAN_POINT('Ctrl Pts',(95.7217177476023,-189.40962225971,-18.6129936431961));
#166=CARTESIAN_POINT('Ctrl Pts',(98.910785273936,-168.610965899946,-10.6377131242342));
#167=CARTESIAN_POINT('Ctrl Pts',(106.618409010139,-138.469462135907,0.592590420201923));
#168=CARTESIAN_POINT('Ctrl Pts',(118.216953448676,-109.345713409332,11.1705379889961));
#169=CARTESIAN_POINT('Ctrl Pts',(134.499039434097,-81.1631416395978,21.1835045970318));
#170=CARTESIAN_POINT('Ctrl Pts',(155.521852006363,-53.7115471832819,30.7589251452343));
#171=CARTESIAN_POINT('Ctrl Pts',(181.006668680462,-26.7291678981187,40.04646462537));
#172=CARTESIAN_POINT('Ctrl Pts',(200.899365957654,-8.90124406492086,46.1401013472803));
#173=CARTESIAN_POINT('Ctrl Pts',(211.613454708771,0.,49.1826468783712));
#174=CARTESIAN_POINT('Ctrl Pts',(88.9285706341079,-200.,-31.6430940051583));
#175=CARTESIAN_POINT('Ctrl Pts',(89.6577685770698,-189.897034979775,-27.5109315947256));
#176=CARTESIAN_POINT('Ctrl Pts',(91.5272148013211,-169.946300582852,-19.545561355315));
#177=CARTESIAN_POINT('Ctrl Pts',(96.294514187132,-140.678729167523,-8.39619440950997));
#178=CARTESIAN_POINT('Ctrl Pts',(103.995275118483,-111.986247866914,2.03182317899484));
#179=CARTESIAN_POINT('Ctrl Pts',(115.463557612217,-83.7588040092091,11.8224660587187));
#180=CARTESIAN_POINT('Ctrl Pts',(130.940305668552,-55.8177028835866,21.1076475092739));
#181=CARTESIAN_POINT('Ctrl Pts',(150.386429392627,-27.9689264539302,30.048560696862));
#182=CARTESIAN_POINT('Ctrl Pts',(166.063575096451,-9.3479822676619,35.8805866974805));
#183=CARTESIAN_POINT('Ctrl Pts',(174.644729083264,0.,38.7857170922789));
#184=CARTESIAN_POINT('Ctrl Pts',(81.9896617735956,-200.,-38.4464509594012));
#185=CARTESIAN_POINT('Ctrl Pts',(82.2316627545522,-190.403333986574,-34.4088044318477));
#186=CARTESIAN_POINT('Ctrl Pts',(82.9296011441976,-171.314193711299,-26.623228824854));
#187=CARTESIAN_POINT('Ctrl Pts',(85.3218578514941,-142.892761073711,-15.7324237842451));
#188=CARTESIAN_POINT('Ctrl Pts',(89.9462907815835,-114.578455813025,-5.57249963113041));
#189=CARTESIAN_POINT('Ctrl Pts',(97.5935435621801,-86.2511618971482,3.9194041809829));
#190=CARTESIAN_POINT('Ctrl Pts',(108.608132752478,-57.7894551093436,12.8622213408086));
#191=CARTESIAN_POINT('Ctrl Pts',(123.113938900664,-29.0941400946671,21.4115620362467));
#192=CARTESIAN_POINT('Ctrl Pts',(135.263293834235,-9.74510082926035,26.9452313329382));
#193=CARTESIAN_POINT('Ctrl Pts',(142.03135744265,0.,29.6900243479993));
#194=CARTESIAN_POINT('Ctrl Pts',(74.6121940161925,-200.,-43.1309242495554));
#195=CARTESIAN_POINT('Ctrl Pts',(74.4883038686091,-190.836157150418,-39.2415301116243));
#196=CARTESIAN_POINT('Ctrl Pts',(74.4320003008764,-172.477311343908,-31.723159671316));
#197=CARTESIAN_POINT('Ctrl Pts',(75.4819140421853,-144.759149217121,-21.1734495548856));
#198=CARTESIAN_POINT('Ctrl Pts',(78.3603059373081,-116.746600709493,-11.3265646386706));
#199=CARTESIAN_POINT('Ctrl Pts',(83.6984326154154,-88.3197094158035,-2.15163596865663));
#200=CARTESIAN_POINT('Ctrl Pts',(91.8009125255835,-59.4121451262043,6.44489108423153));
#201=CARTESIAN_POINT('Ctrl Pts',(102.801517919076,-30.0104434751104,14.5993560866879));
#202=CARTESIAN_POINT('Ctrl Pts',(112.203586732735,-10.0660645072198,19.8237887923205));
#203=CARTESIAN_POINT('Ctrl Pts',(117.482962377458,0.,22.3985445653352));
#204=CARTESIAN_POINT('Ctrl Pts',(69.9176623102655,-200.,-45.4654365889971));
#205=CARTESIAN_POINT('Ctrl Pts',(69.6080888840391,-191.080063179392,-41.681828696374));
#206=CARTESIAN_POINT('Ctrl Pts',(69.2088395740165,-173.131390155199,-34.3524466791472));
#207=CARTESIAN_POINT('Ctrl Pts',(69.7093968847521,-145.805172589751,-24.0384932114022));
#208=CARTESIAN_POINT('Ctrl Pts',(71.8596004752315,-117.958248330473,-14.4014514722619));
#209=CARTESIAN_POINT('Ctrl Pts',(76.1641817455797,-89.4728136042351,-5.43247051943744));
#210=CARTESIAN_POINT('Ctrl Pts',(82.8666005717891,-60.3145123538623,2.94359247098091));
#211=CARTESIAN_POINT('Ctrl Pts',(92.0649567459674,-30.5184858712122,10.8479303494934));
#212=CARTESIAN_POINT('Ctrl Pts',(99.9641749436417,-10.2436227654126,15.8754088906308));
#213=CARTESIAN_POINT('Ctrl Pts',(104.402685402902,0.,18.3412095802756));
#214=CARTESIAN_POINT('Ctrl Pts',(64.1852632347063,-200.,-47.6007209148814));
#215=CARTESIAN_POINT('Ctrl Pts',(63.711090592991,-191.337388882605,-43.957996434459));
#216=CARTESIAN_POINT('Ctrl Pts',(63.0479821083207,-173.820448860343,-36.8809781746645));
#217=CARTESIAN_POINT('Ctrl Pts',(63.1871045436917,-146.904539840416,-26.8819341628133));
#218=CARTESIAN_POINT('Ctrl Pts',(64.8222167247044,-119.229554872483,-17.5227781899222));
#219=CARTESIAN_POINT('Ctrl Pts',(68.2879952454917,-90.6817430704427,-8.82141210443175));
#220=CARTESIAN_POINT('Ctrl Pts',(73.7223990006075,-61.2604658293544,-0.725902965625371));
#221=CARTESIAN_POINT('Ctrl Pts',(81.1448215130592,-31.0511258638456,6.865116491206));
#222=CARTESIAN_POINT('Ctrl Pts',(87.4574289084672,-10.4297461386215,11.6481223032053));
#223=CARTESIAN_POINT('Ctrl Pts',(90.9812227619402,0.,13.9791289356292));
#224=CARTESIAN_POINT('Ctrl Pts',(57.3602156673282,-200.,-49.1682952689428));
#225=CARTESIAN_POINT('Ctrl Pts',(56.7901714283325,-191.579984714424,-45.708425600405));
#226=CARTESIAN_POINT('Ctrl Pts',(56.0128291288648,-174.469407257067,-38.9651651163266));
#227=CARTESIAN_POINT('Ctrl Pts',(56.0292655238461,-147.938280123329,-29.3965936102991));
#228=CARTESIAN_POINT('Ctrl Pts',(57.3884083068278,-120.424687832092,-20.4243738435596));
#229=CARTESIAN_POINT('Ctrl Pts',(60.2369124036052,-91.8204875117709,-12.0933337052491));
#230=CARTESIAN_POINT('Ctrl Pts',(64.5786156200283,-62.1551336098935,-4.37541592383256));
#231=CARTESIAN_POINT('Ctrl Pts',(70.3190045683039,-31.5577772343129,2.80927650967391));
#232=CARTESIAN_POINT('Ctrl Pts',(75.0347490081667,-10.6074120184527,7.28807207265517));
#233=CARTESIAN_POINT('Ctrl Pts',(77.6153144021149,0.,9.45464065099848));
#234=CARTESIAN_POINT('Ctrl Pts',(52.1203246159667,-200.,-49.5283752936514));
#235=CARTESIAN_POINT('Ctrl Pts',(51.5855746778827,-191.698595110619,-46.2211137578079));
#236=CARTESIAN_POINT('Ctrl Pts',(50.8506766589476,-174.787195599502,-39.771756225967));
#237=CARTESIAN_POINT('Ctrl Pts',(50.7914045261517,-148.445900932499,-30.6167577839347));
#238=CARTESIAN_POINT('Ctrl Pts',(51.8699374583853,-121.015414419078,-22.0388268436577));
#239=CARTESIAN_POINT('Ctrl Pts',(54.1727319191687,-92.3910226617921,-14.0906135478391));
#240=CARTESIAN_POINT('Ctrl Pts',(57.6580695023632,-62.6126725740269,-6.75118329805673));
#241=CARTESIAN_POINT('Ctrl Pts',(62.1944998460763,-31.8239467700942,0.0534870957509265));
#242=CARTESIAN_POINT('Ctrl Pts',(65.8451167440408,-10.7023605594397,4.27319998839673));
#243=CARTESIAN_POINT('Ctrl Pts',(67.8202748181651,0.,6.30787872441024));
#244=CARTESIAN_POINT('Ctrl Pts',(48.3578226677494,-200.,-49.4909879718791));
#245=CARTESIAN_POINT('Ctrl Pts',(47.8956423765524,-191.754967750986,-46.2974457195346));
#246=CARTESIAN_POINT('Ctrl Pts',(47.2317369154003,-174.938969756038,-40.0728276859263));
#247=CARTESIAN_POINT('Ctrl Pts',(47.059532339954,-148.69033687859,-31.2478381028152));
#248=CARTESIAN_POINT('Ctrl Pts',(47.81406133407,-121.303662479028,-22.9927480684943));
#249=CARTESIAN_POINT('Ctrl Pts',(49.5888284481991,-92.6758239689059,-15.3604000637626));
#250=CARTESIAN_POINT('Ctrl Pts',(52.3500631408688,-62.8483590706106,-8.32987217464468));
#251=CARTESIAN_POINT('Ctrl Pts',(55.9714938200761,-31.9664412074556,-1.82770678538044));
#252=CARTESIAN_POINT('Ctrl Pts',(58.8924781397823,-10.7544026641924,2.19505839671752));
#253=CARTESIAN_POINT('Ctrl Pts',(60.4728458606257,0.,4.13216410149664));
#254=CARTESIAN_POINT('Ctrl Pts',(46.1409802836004,-200.,-49.4123825857624));
#255=CARTESIAN_POINT('Ctrl Pts',(45.7104480648223,-191.75911042194,-46.2992231185933));
#256=CARTESIAN_POINT('Ctrl Pts',(45.0838141829976,-174.949134343105,-40.2198726471255));
#257=CARTESIAN_POINT('Ctrl Pts',(44.8893245470487,-148.70407445128,-31.5756561077345));
#258=CARTESIAN_POINT('Ctrl Pts',(45.5391117688946,-121.317842091275,-23.4737476744794));
#259=CARTESIAN_POINT('Ctrl Pts',(47.1233493515019,-92.6894893713975,-15.9764392687855));
#260=CARTESIAN_POINT('Ctrl Pts',(49.6062990309952,-62.8605588061208,-9.07347839098385));
#261=CARTESIAN_POINT('Ctrl Pts',(52.8627887296864,-31.9746740753341,-2.70251555138798));
#262=CARTESIAN_POINT('Ctrl Pts',(55.4806451277724,-10.7575589283678,1.22255607208288));
#263=CARTESIAN_POINT('Ctrl Pts',(56.8950234811813,0.,3.10665229161278));
#264=CARTESIAN_POINT('Ctrl Pts',(42.3850943354022,-200.,-48.9528523571278));
#265=CARTESIAN_POINT('Ctrl Pts',(41.994169021123,-191.729089735528,-45.9933230976782));
#266=CARTESIAN_POINT('Ctrl Pts',(41.422733439423,-174.86540309753,-40.1855699915842));
#267=CARTESIAN_POINT('Ctrl Pts',(41.2288842720932,-148.561488262162,-31.8638664833237));
#268=CARTESIAN_POINT('Ctrl Pts',(41.7862950007857,-121.143759398716,-24.0197671557865));
#269=CARTESIAN_POINT('Ctrl Pts',(43.1742303407517,-92.5164637062586,-16.7360797250677));
#270=CARTESIAN_POINT('Ctrl Pts',(45.3519683111953,-62.7199737363479,-10.0262360878745));
#271=CARTESIAN_POINT('Ctrl Pts',(48.1924230681589,-31.8921832351154,-3.85411978918619));
#272=CARTESIAN_POINT('Ctrl Pts',(50.4585079854267,-10.7278679468385,-0.082178320250452));
#273=CARTESIAN_POINT('Ctrl Pts',(51.6771155591095,0.,1.71613441132726));
#274=CARTESIAN_POINT('Ctrl Pts',(38.1774864686813,-200.,-48.1768716534621));
#275=CARTESIAN_POINT('Ctrl Pts',(37.8245567187238,-191.67791329752,-45.3984341138985));
#276=CARTESIAN_POINT('Ctrl Pts',(37.3088913531453,-174.723785760203,-39.9120001096104));
#277=CARTESIAN_POINT('Ctrl Pts',(37.1283522021092,-148.323205609331,-31.9734481786253));
#278=CARTESIAN_POINT('Ctrl Pts',(37.6146602014355,-120.854928641315,-24.4357753894278));
#279=CARTESIAN_POINT('Ctrl Pts',(38.8337777414899,-92.2297268158621,-17.4041213568019));
#280=CARTESIAN_POINT('Ctrl Pts',(40.7389174927432,-62.4861071471431,-10.9185745753468));
#281=CARTESIAN_POINT('Ctrl Pts',(43.2027395014987,-31.7540869732475,-4.97257957100057));
#282=CARTESIAN_POINT('Ctrl Pts',(45.1465267477966,-10.6780062511252,-1.37201756748718));
#283=CARTESIAN_POINT('Ctrl Pts',(46.1854642292128,0.,0.331062466331248));
#284=CARTESIAN_POINT('Ctrl Pts',(32.2327763101881,-200.,-46.4677230773277));
#285=CARTESIAN_POINT('Ctrl Pts',(31.9245366467084,-191.579038991129,-43.9605644072239));
#286=CARTESIAN_POINT('Ctrl Pts',(31.4769480220694,-174.45129627989,-38.9638346059961));
#287=CARTESIAN_POINT('Ctrl Pts',(31.3214986253433,-147.867619245249,-31.6290479257965));
#288=CARTESIAN_POINT('Ctrl Pts',(31.7376567682272,-120.304821004185,-24.5889022036684));
#289=CARTESIAN_POINT('Ctrl Pts',(32.7739151792878,-91.6839463603936,-17.9735863959328));
#290=CARTESIAN_POINT('Ctrl Pts',(34.3782221039751,-62.0400324425007,-11.8552389682763));
#291=CARTESIAN_POINT('Ctrl Pts',(36.4264096075978,-31.4897813114655,-6.26436681504396));
#292=CARTESIAN_POINT('Ctrl Pts',(38.0175630298807,-10.5824131204979,-2.91634769275471));
#293=CARTESIAN_POINT('Ctrl Pts',(38.8603550028695,0.,-1.34886285005366));
#294=CARTESIAN_POINT('Ctrl Pts',(24.6240629185415,-200.,-42.8866967937749));
#295=CARTESIAN_POINT('Ctrl Pts',(24.3656584290633,-191.419786290411,-40.7558919481114));
#296=CARTESIAN_POINT('Ctrl Pts',(23.9897130622607,-174.013379972479,-36.4649722962942));
#297=CARTESIAN_POINT('Ctrl Pts',(23.8492911047961,-147.13797576002,-30.064109062537));
#298=CARTESIAN_POINT('Ctrl Pts',(24.1716397703546,-119.425648114867,-23.8436616599384));
#299=CARTESIAN_POINT('Ctrl Pts',(24.9900892462873,-90.811952321507,-17.9452683907557));
#300=CARTESIAN_POINT('Ctrl Pts',(26.2550475934176,-61.3264728664669,-12.4625747643024));
#301=CARTESIAN_POINT('Ctrl Pts',(27.8573921282941,-31.066157441876,-7.45521945428963));
#302=CARTESIAN_POINT('Ctrl Pts',(29.0882188644797,-10.4290487961172,-4.47910273091086));
#303=CARTESIAN_POINT('Ctrl Pts',(29.7355542157478,0.,-3.097097589516));
#304=CARTESIAN_POINT('Ctrl Pts',(17.2352499699189,-200.,-37.6511982716507));
#305=CARTESIAN_POINT('Ctrl Pts',(17.0235817851772,-191.235172537804,-35.9265228612419));
#306=CARTESIAN_POINT('Ctrl Pts',(16.7095456460898,-173.506354296846,-32.4263249983158));
#307=CARTESIAN_POINT('Ctrl Pts',(16.5664794003246,-146.294825454999,-27.1388685202335));
#308=CARTESIAN_POINT('Ctrl Pts',(16.7809087794112,-118.410898480626,-21.9466325497246));
#309=CARTESIAN_POINT('Ctrl Pts',(17.3777919333487,-89.8056182459281,-16.9793674623099));
#310=CARTESIAN_POINT('Ctrl Pts',(18.318284821441,-60.5023597785253,-12.3299898331788));
#311=CARTESIAN_POINT('Ctrl Pts',(19.5177995771642,-30.5763159564996,-8.06499944314047));
#312=CARTESIAN_POINT('Ctrl Pts',(20.4417078243498,-10.251604954058,-5.52685956369874));
#313=CARTESIAN_POINT('Ctrl Pts',(20.9279151596322,0.,-4.34937815727146));
#314=CARTESIAN_POINT('Ctrl Pts',(10.7282746689228,-200.,-30.9257476506611));
#315=CARTESIAN_POINT('Ctrl Pts',(10.5609379801593,-191.040440214468,-29.6159337160467));
#316=CARTESIAN_POINT('Ctrl Pts',(10.3046246449028,-172.972038815803,-26.9464475451685));
#317=CARTESIAN_POINT('Ctrl Pts',(10.1576840951863,-145.407601358727,-22.8819711035273));
#318=CARTESIAN_POINT('Ctrl Pts',(10.2713539503847,-117.344039081304,-18.8582943785841));
#319=CARTESIAN_POINT('Ctrl Pts',(10.6655213831392,-88.7476615892892,-14.9746673397837));
#320=CARTESIAN_POINT('Ctrl Pts',(11.3154183371558,-59.6354095972309,-11.3045259245734));
#321=CARTESIAN_POINT('Ctrl Pts',(12.1642366756013,-30.0604963150009,-7.90290778441518));
#322=CARTESIAN_POINT('Ctrl Pts',(12.8304467022455,-10.0646546442695,-5.85394556459293));
#323=CARTESIAN_POINT('Ctrl Pts',(13.1842652446195,0.,-4.89631048849068));
#324=CARTESIAN_POINT('Ctrl Pts',(5.61716778645869,-200.,-23.1350318273612));
#325=CARTESIAN_POINT('Ctrl Pts',(5.49245184542205,-190.85083180156,-22.2277678388065));
#326=CARTESIAN_POINT('Ctrl Pts',(5.29538147396794,-172.452253092164,-20.3777848003371));
#327=CARTESIAN_POINT('Ctrl Pts',(5.16069929406859,-144.545736499743,-17.5511155204767));
#328=CARTESIAN_POINT('Ctrl Pts',(5.20329708591868,-116.308536896742,-14.7345089864941));
#329=CARTESIAN_POINT('Ctrl Pts',(5.437591828135,-87.7207998072225,-11.9886370394751));
#330=CARTESIAN_POINT('Ctrl Pts',(5.8509557133027,-58.793338741139,-9.35853365655421));
#331=CARTESIAN_POINT('Ctrl Pts',(6.41134295408247,-29.5589379770441,-6.87809466830913));
#332=CARTESIAN_POINT('Ctrl Pts',(6.86498784689722,-9.88277091670107,-5.34869629777437));
#333=CARTESIAN_POINT('Ctrl Pts',(7.10956743678296,0.,-4.62250870905067));
#334=CARTESIAN_POINT('Ctrl Pts',(2.16485024865646,-200.,-14.8948369951275));
#335=CARTESIAN_POINT('Ctrl Pts',(2.08173836760213,-190.681589780243,-14.3567678526234));
#336=CARTESIAN_POINT('Ctrl Pts',(1.94794779147864,-171.988816688741,-13.2620686564488));
#337=CARTESIAN_POINT('Ctrl Pts',(1.84737847769125,-143.778663906584,-11.5874506871952));
#338=CARTESIAN_POINT('Ctrl Pts',(1.85536923203607,-115.387858906782,-9.90671861952553));
#339=CARTESIAN_POINT('Ctrl Pts',(1.97950602187806,-86.80775035536,-8.24580970210206));
#340=CARTESIAN_POINT('Ctrl Pts',(2.21484597679889,-58.0438636288046,-6.62344340664376));
#341=CARTESIAN_POINT('Ctrl Pts',(2.54755309214607,-29.1118804022935,-5.0531564416394));
#342=CARTESIAN_POINT('Ctrl Pts',(2.82649233106522,-9.72052682130201,-4.05095090236644));
#343=CARTESIAN_POINT('Ctrl Pts',(2.97939342622549,0.,-3.56409051977086));
#344=CARTESIAN_POINT('Ctrl Pts',(0.346189253774174,-200.,-6.8912206468168));
#345=CARTESIAN_POINT('Ctrl Pts',(0.304358805464455,-190.547956631673,-6.66794768007982));
#346=CARTESIAN_POINT('Ctrl Pts',(0.237156341602046,-171.623549168347,-6.21474446015443));
#347=CARTESIAN_POINT('Ctrl Pts',(0.186004670994266,-143.175816607792,-5.51837917676267));
#348=CARTESIAN_POINT('Ctrl Pts',(0.186012386766467,-114.665472091265,-4.80958537039781));
#349=CARTESIAN_POINT('Ctrl Pts',(0.238491728103349,-86.0912306893341,-4.09237987135565));
#350=CARTESIAN_POINT('Ctrl Pts',(0.342211930439793,-57.4547006787828,-3.36931300639642));
#351=CARTESIAN_POINT('Ctrl Pts',(0.494084520252327,-28.7595630504135,-2.64185735409595));
#352=CARTESIAN_POINT('Ctrl Pts',(0.625735411054409,-9.59249540802165,-2.15515841722623));
#353=CARTESIAN_POINT('Ctrl Pts',(0.698929086594621,0.,-1.91178352120444));
#354=CARTESIAN_POINT('Ctrl Pts',(0.0212088918793142,-200.,-2.14157115752717));
#355=CARTESIAN_POINT('Ctrl Pts',(0.00714702091207931,-190.492768768566,
-2.07786748092956));
#356=CARTESIAN_POINT('Ctrl Pts',(-0.0152227629633174,-171.473363118646,
-1.94804732843586));
#357=CARTESIAN_POINT('Ctrl Pts',(-0.0316374374692902,-142.929690623867,
-1.74621100742947));
#358=CARTESIAN_POINT('Ctrl Pts',(-0.0312137042813979,-114.371719650443,
-1.53715476152347));
#359=CARTESIAN_POINT('Ctrl Pts',(-0.0142092725084546,-85.7997157396292,
-1.32082486052706));
#360=CARTESIAN_POINT('Ctrl Pts',(0.0190878142602407,-57.2139444326801,-1.09712602937142));
#361=CARTESIAN_POINT('Ctrl Pts',(0.068482867769859,-28.6146712708502,-0.866090848679309));
#362=CARTESIAN_POINT('Ctrl Pts',(0.111874194432371,-9.53966495388006,-0.707005251968168));
#363=CARTESIAN_POINT('Ctrl Pts',(0.136184051857919,0.,-0.626245241756706));
#364=CARTESIAN_POINT('Ctrl Pts',(8.88178419700125E-15,-200.,-1.85268467234323E-14));
#365=CARTESIAN_POINT('Ctrl Pts',(8.89015291088061E-15,-190.47619047619,
-1.85000204337133E-14));
#366=CARTESIAN_POINT('Ctrl Pts',(8.53719535135493E-15,-171.428571428572,
-1.77131639914454E-14));
#367=CARTESIAN_POINT('Ctrl Pts',(7.21555546788557E-15,-142.857142857145,
-1.49617281934079E-14));
#368=CARTESIAN_POINT('Ctrl Pts',(5.41859345790769E-15,-114.28571428572,
-1.12676017145891E-14));
#369=CARTESIAN_POINT('Ctrl Pts',(3.46319073909363E-15,-85.7142857142936,
-7.25924500884312E-15));
#370=CARTESIAN_POINT('Ctrl Pts',(1.66622872911574E-15,-57.1428571428659,
-3.56511853002429E-15));
#371=CARTESIAN_POINT('Ctrl Pts',(3.44588845646354E-16,-28.5714285714351,
-8.1368273198683E-16));
#372=CARTESIAN_POINT('Ctrl Pts',(-8.3687138793458E-18,-9.52380952381216,
-2.68262897189556E-17));
#373=CARTESIAN_POINT('Ctrl Pts',(0.,0.,0.));
#374=CARTESIAN_POINT('',(0.,0.,0.));
#375=CARTESIAN_POINT('Ctrl Pts',(0.,-200.,0.));
#376=CARTESIAN_POINT('Ctrl Pts',(7.02971965866279E-18,-192.,2.25340833639379E-17));
#377=CARTESIAN_POINT('Ctrl Pts',(2.10891589759859E-17,-176.,6.76022500918101E-17));
#378=CARTESIAN_POINT('Ctrl Pts',(4.2178317951963E-17,-152.000000000001,
1.35204500183608E-16));
#379=CARTESIAN_POINT('Ctrl Pts',(7.02971965865862E-17,-120.000000000005,
2.25340833639321E-16));
#380=CARTESIAN_POINT('Ctrl Pts',(1.05445794879852E-16,-80.0000000000089,
3.38011250458947E-16));
#381=CARTESIAN_POINT('Ctrl Pts',(1.33564673514458E-16,-48.0000000000091,
4.28147583914641E-16));
#382=CARTESIAN_POINT('Ctrl Pts',(1.54653832490412E-16,-24.0000000000058,
4.95749834006411E-16));
#383=CARTESIAN_POINT('Ctrl Pts',(1.68713271807713E-16,-8.00000000000221,
5.40818000734256E-16));
#384=CARTESIAN_POINT('Ctrl Pts',(1.75742991466363E-16,0.,5.63352084098179E-16));
#385=CARTESIAN_POINT('',(248.797937480454,0.,59.9219710976035));
#386=CARTESIAN_POINT('Ctrl Pts',(0.,0.,0.));
#387=CARTESIAN_POINT('Ctrl Pts',(0.244904200276889,0.,-1.12619714289046));
#388=CARTESIAN_POINT('Ctrl Pts',(1.4194818126947,0.,-3.0280987739195));
#389=CARTESIAN_POINT('Ctrl Pts',(5.23613817520408,0.,-4.82933625264806));
#390=CARTESIAN_POINT('Ctrl Pts',(13.9302935210307,0.,-5.29837686595598));
#391=CARTESIAN_POINT('Ctrl Pts',(28.224231951664,0.,-3.56574266937083));
#392=CARTESIAN_POINT('Ctrl Pts',(43.0906017359078,0.,-0.559591949282144));
#393=CARTESIAN_POINT('Ctrl Pts',(56.7007069171811,0.,2.93277963150219));
#394=CARTESIAN_POINT('Ctrl Pts',(68.7591377948104,0.,6.55428289121909));
#395=CARTESIAN_POINT('Ctrl Pts',(79.8188569171184,0.,10.2038761980036));
#396=CARTESIAN_POINT('Ctrl Pts',(90.891005629253,0.,13.9476696160113));
#397=CARTESIAN_POINT('Ctrl Pts',(102.954008093288,0.,17.9003653714872));
#398=CARTESIAN_POINT('Ctrl Pts',(116.488513077044,0.,22.1166326942468));
#399=CARTESIAN_POINT('Ctrl Pts',(131.575673994043,0.,26.6008419541179));
#400=CARTESIAN_POINT('Ctrl Pts',(148.022557085384,0.,31.323857659219));
#401=CARTESIAN_POINT('Ctrl Pts',(165.473396975378,0.,36.2365453327895));
#402=CARTESIAN_POINT('Ctrl Pts',(183.514965720433,0.,41.2831317108336));
#403=CARTESIAN_POINT('Ctrl Pts',(201.798719690931,0.,46.4163130598284));
#404=CARTESIAN_POINT('Ctrl Pts',(218.595828957999,0.,51.1795007715192));
#405=CARTESIAN_POINT('Ctrl Pts',(231.641028560381,0.,54.9259561380145));
#406=CARTESIAN_POINT('Ctrl Pts',(240.979833609354,0.,57.6361856504054));
#407=CARTESIAN_POINT('Ctrl Pts',(246.683337815724,0.,59.3025798178587));
#408=CARTESIAN_POINT('Ctrl Pts',(248.797937480454,0.,59.9219710976035));
#409=CARTESIAN_POINT('',(291.088717882799,0.,72.5765686799002));
#410=CARTESIAN_POINT('Ctrl Pts',(248.797937480454,0.,59.9219710976035));
#411=CARTESIAN_POINT('Ctrl Pts',(250.260275829427,0.,60.3503073148542));
#412=CARTESIAN_POINT('Ctrl Pts',(255.292225188073,0.,61.8268147012495));
#413=CARTESIAN_POINT('Ctrl Pts',(263.851825157453,0.,64.3538302499616));
#414=CARTESIAN_POINT('Ctrl Pts',(272.331669497079,0.,66.8843322101691));
#415=CARTESIAN_POINT('Ctrl Pts',(280.729192500223,0.,69.4177923672339));
#416=CARTESIAN_POINT('Ctrl Pts',(287.644963910235,0.,71.5233049184336));
#417=CARTESIAN_POINT('Ctrl Pts',(291.088717882799,0.,72.5765686799002));
#418=CARTESIAN_POINT('Ctrl Pts',(99.9950964681825,-200.,0.));
#419=CARTESIAN_POINT('Ctrl Pts',(100.754990597298,-195.289704731369,1.557315938017));
#420=CARTESIAN_POINT('Ctrl Pts',(102.557793062003,-185.934765754036,4.66217030042238));
#421=CARTESIAN_POINT('Ctrl Pts',(106.111073878773,-172.099319970946,9.29011811123615));
#422=CARTESIAN_POINT('Ctrl Pts',(112.574575416248,-154.05239591097,15.4010928417957));
#423=CARTESIAN_POINT('Ctrl Pts',(123.709750152972,-132.202602401205,22.934240212619));
#424=CARTESIAN_POINT('Ctrl Pts',(138.117367702262,-111.111926174299,30.3543319365061));
#425=CARTESIAN_POINT('Ctrl Pts',(155.969648426158,-90.8203176467431,37.6554181816076));
#426=CARTESIAN_POINT('Ctrl Pts',(177.202515298074,-71.3129126998683,44.8397126671826));
#427=CARTESIAN_POINT('Ctrl Pts',(201.550692483919,-52.5281745912724,51.9163800854053));
#428=CARTESIAN_POINT('Ctrl Pts',(228.71327289761,-34.3963011020407,58.8958161092437));
#429=CARTESIAN_POINT('Ctrl Pts',(252.481572691457,-20.3636172244837,64.4089484101055));
#430=CARTESIAN_POINT('Ctrl Pts',(271.376405484667,-10.0869921506522,68.5068795993494));
#431=CARTESIAN_POINT('Ctrl Pts',(284.440087751568,-3.34426948011771,71.2226955204175));
#432=CARTESIAN_POINT('Ctrl Pts',(291.088717882799,0.,72.5765686799002));
#433=CARTESIAN_POINT('Ctrl Pts',(8.88178419700125E-15,-200.,3.67761376907083E-15));
#434=CARTESIAN_POINT('Ctrl Pts',(8.89015291088061E-15,-190.47619047619,
3.7044400587898E-15));
#435=CARTESIAN_POINT('Ctrl Pts',(8.53719535135493E-15,-171.428571428572,
3.58499199115962E-15));
#436=CARTESIAN_POINT('Ctrl Pts',(7.21555546788557E-15,-142.857142857145,
3.03488993171122E-15));
#437=CARTESIAN_POINT('Ctrl Pts',(5.41859345790769E-15,-114.28571428572,
2.26222989746092E-15));
#438=CARTESIAN_POINT('Ctrl Pts',(3.13729028595796E-15,-80.9523809523893,
1.27424286730151E-15));
#439=CARTESIAN_POINT('Ctrl Pts',(1.37993845318911E-15,-52.3809523809611,
5.20129330951359E-16));
#440=CARTESIAN_POINT('Ctrl Pts',(2.5634945576493E-16,-23.8095238095294,
6.27597610037031E-17));
#441=CARTESIAN_POINT('Ctrl Pts',(-8.3687138793458E-18,-9.52380952381216,
-2.68262897189556E-17));
#442=CARTESIAN_POINT('Ctrl Pts',(0.,0.,0.));
#443=CARTESIAN_POINT('Ctrl Pts',(-0.0518516755608209,-200.,5.23573100765746));
#444=CARTESIAN_POINT('Ctrl Pts',(-0.0174730962686701,-190.435659728874,
5.0799877283872));
#445=CARTESIAN_POINT('Ctrl Pts',(0.0363741200049467,-171.319064331511,4.76320185128153));
#446=CARTESIAN_POINT('Ctrl Pts',(0.076785671312702,-142.679777472658,4.26955471004007));
#447=CARTESIAN_POINT('Ctrl Pts',(0.0761036558388626,-114.075447653521,3.758197079564));
#448=CARTESIAN_POINT('Ctrl Pts',(0.0286114427747485,-80.7437553471405,3.14046422316946));
#449=CARTESIAN_POINT('Ctrl Pts',(-0.0635623927073267,-52.2158066761978,
2.58960327212595));
#450=CARTESIAN_POINT('Ctrl Pts',(-0.192766568170007,-23.720542853805,2.0193595775668));
#451=CARTESIAN_POINT('Ctrl Pts',(-0.273510962588152,-9.48504603628829,1.72849233017347));
#452=CARTESIAN_POINT('Ctrl Pts',(-0.332943904551024,0.,1.53104958438532));
#453=CARTESIAN_POINT('Ctrl Pts',(1.15370098378214,-200.,13.7562930379757));
#454=CARTESIAN_POINT('Ctrl Pts',(1.24762299691585,-190.431338538815,13.4931028369531));
#455=CARTESIAN_POINT('Ctrl Pts',(1.41639699855467,-171.308219095032,12.9065160193039));
#456=CARTESIAN_POINT('Ctrl Pts',(1.59297006053738,-142.664531811082,11.8672577926288));
#457=CARTESIAN_POINT('Ctrl Pts',(1.67340033034043,-114.059152820076,10.6850528482384));
#458=CARTESIAN_POINT('Ctrl Pts',(1.63221178665233,-80.727687439581,9.1579360254385));
#459=CARTESIAN_POINT('Ctrl Pts',(1.42836649776471,-52.2014944411526,7.72203808288095));
#460=CARTESIAN_POINT('Ctrl Pts',(1.06157766462683,-23.7119672910524,6.23437765946973));
#461=CARTESIAN_POINT('Ctrl Pts',(0.813579844258668,-9.48109275155168,5.47689314339393));
#462=CARTESIAN_POINT('Ctrl Pts',(0.616352200260277,0.,4.97050504311663));
#463=CARTESIAN_POINT('Ctrl Pts',(5.90677676497503,-200.,24.6268680393386));
#464=CARTESIAN_POINT('Ctrl Pts',(6.082864761659,-190.493179062117,24.4032343647677));
#465=CARTESIAN_POINT('Ctrl Pts',(6.39606019411999,-171.477451636508,23.8032546156462));
#466=CARTESIAN_POINT('Ctrl Pts',(6.71199189739944,-142.944634063962,22.4909810461984));
#467=CARTESIAN_POINT('Ctrl Pts',(6.83713421665677,-114.395857149914,20.7958031510918));
#468=CARTESIAN_POINT('Ctrl Pts',(6.71705627062138,-81.062174786741,18.4044656011528));
#469=CARTESIAN_POINT('Ctrl Pts',(6.2849700842286,-52.4623508046397,15.9871066413823));
#470=CARTESIAN_POINT('Ctrl Pts',(5.53784378289551,-23.8503860488516,13.407996427437));
#471=CARTESIAN_POINT('Ctrl Pts',(5.04006262035207,-9.5408586814992,12.0729844063324));
#472=CARTESIAN_POINT('Ctrl Pts',(4.64690966110781,0.,11.1743119906066));
#473=CARTESIAN_POINT('Ctrl Pts',(12.540894795721,-200.,34.5648719750428));
#474=CARTESIAN_POINT('Ctrl Pts',(12.7966064711145,-190.584971741522,34.4795019176097));
#475=CARTESIAN_POINT('Ctrl Pts',(13.2384658302285,-171.728100095357,34.0655918891276));
#476=CARTESIAN_POINT('Ctrl Pts',(13.6513996238699,-143.357964508386,32.7747114973455));
#477=CARTESIAN_POINT('Ctrl Pts',(13.7710584815926,-114.891588844281,30.8430609053144));
#478=CARTESIAN_POINT('Ctrl Pts',(13.5180127455676,-81.5546596909312,27.873582143547));
#479=CARTESIAN_POINT('Ctrl Pts',(12.8298073643168,-52.8475422969412,24.6703415632109));
#480=CARTESIAN_POINT('Ctrl Pts',(11.7086044049775,-24.0553937342309,21.1489975582754));
#481=CARTESIAN_POINT('Ctrl Pts',(10.9781379809571,-9.62953362334371,19.2928012351007));
#482=CARTESIAN_POINT('Ctrl Pts',(10.4092908533292,0.,18.0300081516683));
#483=CARTESIAN_POINT('Ctrl Pts',(23.7780867494523,-200.,44.1668964009534));
#484=CARTESIAN_POINT('Ctrl Pts',(24.1203259570448,-190.727530538607,44.3959835940302));
#485=CARTESIAN_POINT('Ctrl Pts',(24.6820546175629,-172.117104288091,44.5269791851357));
#486=CARTESIAN_POINT('Ctrl Pts',(25.134266865007,-143.998696030149,43.7851223513113));
#487=CARTESIAN_POINT('Ctrl Pts',(25.1707961543922,-115.659567611181,42.0994459225041));
#488=CARTESIAN_POINT('Ctrl Pts',(24.6989668021158,-82.3178676301501,39.0206777368413));
#489=CARTESIAN_POINT('Ctrl Pts',(23.7178405208835,-53.4453642159374,35.3035464663458));
#490=CARTESIAN_POINT('Ctrl Pts',(22.2520233026215,-24.3740457675436,30.9865189620039));
#491=CARTESIAN_POINT('Ctrl Pts',(21.3339241048922,-9.76748987493395,28.6329057551865));
#492=CARTESIAN_POINT('Ctrl Pts',(20.6365748748499,0.,26.996021986314));
#493=CARTESIAN_POINT('Ctrl Pts',(38.3819241105154,-200.,49.7933896817177));
#494=CARTESIAN_POINT('Ctrl Pts',(38.780840268089,-190.852414308064,50.4873961309108));
#495=CARTESIAN_POINT('Ctrl Pts',(39.4388150169502,-172.45874318716,51.5199447324215));
#496=CARTESIAN_POINT('Ctrl Pts',(40.0109680802259,-144.563733344911,51.9828239415393));
#497=CARTESIAN_POINT('Ctrl Pts',(40.1696523140845,-116.338885859216,51.2694978954675));
#498=CARTESIAN_POINT('Ctrl Pts',(39.8735959811653,-82.9942204981393,48.9542487465996));
#499=CARTESIAN_POINT('Ctrl Pts',(39.1146362216882,-53.9751360032201,45.4363269427424));
#500=CARTESIAN_POINT('Ctrl Pts',(37.9729860534492,-24.6563782896637,40.938677739952));
#501=CARTESIAN_POINT('Ctrl Pts',(37.2611689498092,-9.88972366202724,38.3478219318629));
#502=CARTESIAN_POINT('Ctrl Pts',(36.7255852344083,0.,36.4821361701404));
#503=CARTESIAN_POINT('Ctrl Pts',(46.3667052176713,-200.,50.4602175629176));
#504=CARTESIAN_POINT('Ctrl Pts',(46.754400094289,-190.844415293959,51.4298613458337));
#505=CARTESIAN_POINT('Ctrl Pts',(47.4557371861119,-172.438874416474,53.0200173043523));
#506=CARTESIAN_POINT('Ctrl Pts',(48.2893161490614,-144.536297842301,54.3053608695974));
#507=CARTESIAN_POINT('Ctrl Pts',(48.9025441512135,-116.310554569373,54.3606238523716));
#508=CARTESIAN_POINT('Ctrl Pts',(49.3590489803697,-82.9683516017884,52.8324904573031));
#509=CARTESIAN_POINT('Ctrl Pts',(49.4797564497469,-53.9540764501974,49.8364869880152));
#510=CARTESIAN_POINT('Ctrl Pts',(49.4042477536896,-24.6446481589092,45.7127716471134));
#511=CARTESIAN_POINT('Ctrl Pts',(49.2942114205907,-9.88454115443228,43.2492328762836));
#512=CARTESIAN_POINT('Ctrl Pts',(49.1905721163993,0.,41.4380240664255));
#513=CARTESIAN_POINT('Ctrl Pts',(52.155804003451,-200.,50.5190788727702));
#514=CARTESIAN_POINT('Ctrl Pts',(52.5024514940949,-190.767078083884,51.6843644622285));
#515=CARTESIAN_POINT('Ctrl Pts',(53.2244554070421,-172.230656569101,53.6625793880228));
#516=CARTESIAN_POINT('Ctrl Pts',(54.3870517013884,-144.20095796839,55.5188641020222));
#517=CARTESIAN_POINT('Ctrl Pts',(55.6182019471901,-115.915109179183,56.1349769760713));
#518=CARTESIAN_POINT('Ctrl Pts',(57.1215649690955,-82.5784228822297,55.2495855308673));
#519=CARTESIAN_POINT('Ctrl Pts',(58.4775370795425,-53.6471908954108,52.7936693671203));
#520=CARTESIAN_POINT('Ctrl Pts',(59.8928038307561,-24.4801838121239,49.2003595082269));
#521=CARTESIAN_POINT('Ctrl Pts',(60.6227427082332,-9.81314497426787,46.9996403777506));
#522=CARTESIAN_POINT('Ctrl Pts',(61.119223759692,0.,45.3619224498872));
#523=CARTESIAN_POINT('Ctrl Pts',(57.4606953562539,-200.,50.1486907694025));
#524=CARTESIAN_POINT('Ctrl Pts',(57.8064990589431,-190.666828379823,51.4933124186441));
#525=CARTESIAN_POINT('Ctrl Pts',(58.6177024296035,-171.963271944123,53.8263298314812));
#526=CARTESIAN_POINT('Ctrl Pts',(60.1889196006406,-143.77707322318,56.2078633184887));
#527=CARTESIAN_POINT('Ctrl Pts',(62.1124227657272,-115.425006830602,57.3464314187891));
#528=CARTESIAN_POINT('Ctrl Pts',(64.7603617038843,-82.1107581710122,57.0731860020523));
#529=CARTESIAN_POINT('Ctrl Pts',(67.4407939129939,-53.2932298215468,55.1471103766246));
#530=CARTESIAN_POINT('Ctrl Pts',(70.4245206016549,-24.2974985415745,52.0890417017655));
#531=CARTESIAN_POINT('Ctrl Pts',(72.0273594415426,-9.73573363902409,50.1572365598225));
#532=CARTESIAN_POINT('Ctrl Pts',(73.1437110162886,0.,48.7001390025859));
#533=CARTESIAN_POINT('Ctrl Pts',(65.2305818695431,-200.,48.3403575975301));
#534=CARTESIAN_POINT('Ctrl Pts',(65.6643248599764,-190.448911945358,49.9540539445066));
#535=CARTESIAN_POINT('Ctrl Pts',(66.7747906931781,-171.385067691283,52.8048063977619));
#536=CARTESIAN_POINT('Ctrl Pts',(69.2001965750709,-142.868694323152,55.9267094485955));
#537=CARTESIAN_POINT('Ctrl Pts',(72.4471598688372,-114.388020971608,57.8004494219816));
#538=CARTESIAN_POINT('Ctrl Pts',(77.2423420497149,-81.1446018044293,58.4157499285623));
#539=CARTESIAN_POINT('Ctrl Pts',(82.3781162520716,-52.5845491847249,57.3127794558085));
#540=CARTESIAN_POINT('Ctrl Pts',(88.2305316871796,-23.9433825910974,55.1460707182098));
#541=CARTESIAN_POINT('Ctrl Pts',(91.4182041166024,-9.58892668092536,53.6887602028574));
#542=CARTESIAN_POINT('Ctrl Pts',(93.6562947186238,0.,52.5636318289293));
#543=CARTESIAN_POINT('Ctrl Pts',(72.6160977204415,-200.,45.323597486668));
#544=CARTESIAN_POINT('Ctrl Pts',(73.2059624830299,-190.184212442368,47.2059374728016));
#545=CARTESIAN_POINT('Ctrl Pts',(74.7257226499083,-170.682779888432,50.5608874526547));
#546=CARTESIAN_POINT('Ctrl Pts',(78.1351814833757,-141.765673984701,54.3838947800316));
#547=CARTESIAN_POINT('Ctrl Pts',(82.854378702244,-113.13137310785,56.9543044527097));
#548=CARTESIAN_POINT('Ctrl Pts',(90.0480609686919,-79.9809711096464,58.4383305580601));
#549=CARTESIAN_POINT('Ctrl Pts',(97.9536641307384,-51.7392467659117,58.1880294726098));
#550=CARTESIAN_POINT('Ctrl Pts',(107.072270288344,-23.5253561931638,56.9985650921308));
#551=CARTESIAN_POINT('Ctrl Pts',(112.075922379685,-9.41684564204642,56.0814272308888));
#552=CARTESIAN_POINT('Ctrl Pts',(115.608561657274,0.,55.3450706078863));
#553=CARTESIAN_POINT('Ctrl Pts',(79.4308965951441,-200.,41.175306338317));
#554=CARTESIAN_POINT('Ctrl Pts',(80.2240431290341,-189.893488680702,43.3253572383919));
#555=CARTESIAN_POINT('Ctrl Pts',(82.2220243616811,-169.909452300936,47.1820408382905));
#556=CARTESIAN_POINT('Ctrl Pts',(86.6813812957672,-140.545922551613,51.7072810515392));
#557=CARTESIAN_POINT('Ctrl Pts',(92.9495793677931,-111.737233570685,54.9894271632125));
#558=CARTESIAN_POINT('Ctrl Pts',(102.69439392419,-78.6870510582199,57.3866027684925));
#559=CARTESIAN_POINT('Ctrl Pts',(113.594628391854,-50.7984398091421,58.0640849870017));
#560=CARTESIAN_POINT('Ctrl Pts',(126.297430042681,-23.0595969449699,57.9611614555105));
#561=CARTESIAN_POINT('Ctrl Pts',(133.31542059622,-9.22490639684021,57.6528372970167));
#562=CARTESIAN_POINT('Ctrl Pts',(138.296294603618,0.,57.3578189328054));
#563=CARTESIAN_POINT('Ctrl Pts',(85.5022944956574,-200.,35.9998356254791));
#564=CARTESIAN_POINT('Ctrl Pts',(86.5248603147303,-189.597499470211,38.4161630476414));
#565=CARTESIAN_POINT('Ctrl Pts',(89.0485704235301,-169.118128694158,42.7858961376495));
#566=CARTESIAN_POINT('Ctrl Pts',(94.6344694366933,-139.287350367676,48.067083209484));
#567=CARTESIAN_POINT('Ctrl Pts',(102.557616717356,-110.287772691473,52.1460687254646));
#568=CARTESIAN_POINT('Ctrl Pts',(115.036438805056,-77.3300266217062,55.5863572615588));
#569=CARTESIAN_POINT('Ctrl Pts',(129.164298931468,-49.8032455584506,57.3275598349349));
#570=CARTESIAN_POINT('Ctrl Pts',(145.754526411546,-22.5622824437118,58.4549665116347));
#571=CARTESIAN_POINT('Ctrl Pts',(154.966672255025,-9.01852481975964,58.8286993272226));
#572=CARTESIAN_POINT('Ctrl Pts',(161.530343452419,0.,59.0233496699169));
#573=CARTESIAN_POINT('Ctrl Pts',(90.6781405768825,-200.,29.928171279149));
#574=CARTESIAN_POINT('Ctrl Pts',(91.935240709755,-189.317003620745,32.6088391649069));
#575=CARTESIAN_POINT('Ctrl Pts',(95.0273654375314,-168.361852833462,37.5157696809081));
#576=CARTESIAN_POINT('Ctrl Pts',(101.887269512915,-138.067867776678,43.6549300815641));
#577=CARTESIAN_POINT('Ctrl Pts',(111.681704645583,-108.865160801573,48.6801227599714));
#578=CARTESIAN_POINT('Ctrl Pts',(127.210556977835,-75.9770827716615,53.3715631664602));
#579=CARTESIAN_POINT('Ctrl Pts',(144.886830125593,-48.7947812578721,56.3678942460341));
#580=CARTESIAN_POINT('Ctrl Pts',(165.704004430752,-22.0495902865859,58.9000289635646));
#581=CARTESIAN_POINT('Ctrl Pts',(177.284101650231,-8.80311678525751,60.0330907561743));
#582=CARTESIAN_POINT('Ctrl Pts',(185.546008903758,0.,60.7615041941374));
#583=CARTESIAN_POINT('Ctrl Pts',(94.8253565057366,-200.,23.1130769034489));
#584=CARTESIAN_POINT('Ctrl Pts',(96.3010834957605,-189.072759942153,26.0556475276727));
#585=CARTESIAN_POINT('Ctrl Pts',(100.002084078546,-167.693668484211,31.53195745135));
#586=CARTESIAN_POINT('Ctrl Pts',(108.362228495803,-136.965385122405,38.6614707567499));
#587=CARTESIAN_POINT('Ctrl Pts',(120.36545822869,-107.551568232344,44.8222107177231));
#588=CARTESIAN_POINT('Ctrl Pts',(139.406911469984,-74.6954044796423,51.0200267368953));
#589=CARTESIAN_POINT('Ctrl Pts',(161.051262202575,-47.8141641514413,55.4947735143517));
#590=CARTESIAN_POINT('Ctrl Pts',(186.4775374119,-21.5376980707883,59.6211836738761));
#591=CARTESIAN_POINT('Ctrl Pts',(200.595562063977,-8.58409816778685,61.5913571299976));
#592=CARTESIAN_POINT('Ctrl Pts',(210.652020645721,0.,62.8933919918413));
#593=CARTESIAN_POINT('Ctrl Pts',(98.8499214085878,-200.,13.2655808784216));
#594=CARTESIAN_POINT('Ctrl Pts',(100.567910952263,-188.823116344996,16.5534359649097));
#595=CARTESIAN_POINT('Ctrl Pts',(105.111050070607,-166.990936387622,22.831457114508));
#596=CARTESIAN_POINT('Ctrl Pts',(115.807265926903,-135.755288624061,31.4602156345682));
#597=CARTESIAN_POINT('Ctrl Pts',(131.271112194974,-106.055031009411,39.3890581011163));
#598=CARTESIAN_POINT('Ctrl Pts',(155.687219309523,-73.1711007963923,47.9333954295551));
#599=CARTESIAN_POINT('Ctrl Pts',(183.218229921619,-46.5986272604435,54.6682208775986));
#600=CARTESIAN_POINT('Ctrl Pts',(215.297147426476,-20.8778118344244,61.1613112349966));
#601=CARTESIAN_POINT('Ctrl Pts',(233.004371409111,-8.29448039980497,64.3433495466706));
#602=CARTESIAN_POINT('Ctrl Pts',(245.556487332521,0.,66.4577093321691));
#603=CARTESIAN_POINT('Ctrl Pts',(100.047601942642,-200.,5.30174845321556));
#604=CARTESIAN_POINT('Ctrl Pts',(101.860359760789,-188.752538332988,8.84340529879344));
#605=CARTESIAN_POINT('Ctrl Pts',(107.029813865721,-166.75515587844,15.7632927170445));
#606=CARTESIAN_POINT('Ctrl Pts',(119.837284132965,-135.256947186754,25.6904587793901));
#607=CARTESIAN_POINT('Ctrl Pts',(138.473492324309,-105.342668067293,35.1928290637062));
#608=CARTESIAN_POINT('Ctrl Pts',(167.682628511055,-72.3363262856623,45.8230455116382));
#609=CARTESIAN_POINT('Ctrl Pts',(200.268415064621,-45.8520971155207,54.5303660224938));
#610=CARTESIAN_POINT('Ctrl Pts',(237.853186223933,-20.4326298607328,63.0296360486823));
#611=CARTESIAN_POINT('Ctrl Pts',(258.451403733848,-8.08809882272438,67.2149081787392));
#612=CARTESIAN_POINT('Ctrl Pts',(272.962364789477,0.,69.9855909706426));
#613=CARTESIAN_POINT('Ctrl Pts',(99.9950964681825,-200.,-4.45476988630844E-14));
#614=CARTESIAN_POINT('Ctrl Pts',(101.804368204172,-188.785011265165,3.70789509051662));
#615=CARTESIAN_POINT('Ctrl Pts',(107.333105666506,-166.798146587587,11.0576923024817));
#616=CARTESIAN_POINT('Ctrl Pts',(121.629638429978,-135.210480436467,21.8749830369837));
#617=CARTESIAN_POINT('Ctrl Pts',(142.550855094934,-105.159559869951,32.463405624013));
#618=CARTESIAN_POINT('Ctrl Pts',(175.176839172872,-72.0064802413428,44.5326551461643));
#619=CARTESIAN_POINT('Ctrl Pts',(211.302698357363,-45.48262113243,54.5957910299209));
#620=CARTESIAN_POINT('Ctrl Pts',(252.691045706237,-20.1795154316807,64.4771196100569));
#621=CARTESIAN_POINT('Ctrl Pts',(275.258646141773,-7.96254638123264,69.3530611573224));
#622=CARTESIAN_POINT('Ctrl Pts',(291.088717882799,0.,72.5765686799002));
#623=CARTESIAN_POINT('',(116.040618850808,0.,55.2500017997472));
#624=CARTESIAN_POINT('Ctrl Pts',(291.088717882799,0.,72.5765686799002));
#625=CARTESIAN_POINT('Ctrl Pts',(287.171098096816,0.,72.0165847997138));
#626=CARTESIAN_POINT('Ctrl Pts',(279.395154068601,0.,70.9247500357831));
#627=CARTESIAN_POINT('Ctrl Pts',(267.909125431356,0.,69.3713968051476));
#628=CARTESIAN_POINT('Ctrl Pts',(252.951640587374,0.,67.4697465147986));
#629=CARTESIAN_POINT('Ctrl Pts',(234.851338412871,0.,65.3752849831753));
#630=CARTESIAN_POINT('Ctrl Pts',(217.335938809832,0.,63.5566402277707));
#631=CARTESIAN_POINT('Ctrl Pts',(200.370433541482,0.,61.9945492139616));
#632=CARTESIAN_POINT('Ctrl Pts',(183.884047451958,0.,60.65124228146));
#633=CARTESIAN_POINT('Ctrl Pts',(167.759650956967,0.,59.46420318356));
#634=CARTESIAN_POINT('Ctrl Pts',(151.815297748931,0.,58.3388884755891));
#635=CARTESIAN_POINT('Ctrl Pts',(138.342956789644,0.,57.3335155030489));
#636=CARTESIAN_POINT('Ctrl Pts',(127.962570124099,0.,56.4485123176702));
#637=CARTESIAN_POINT('Ctrl Pts',(120.742333060726,0.,55.746467330847));
#638=CARTESIAN_POINT('Ctrl Pts',(116.756448477992,0.,55.3265009862312));
#639=CARTESIAN_POINT('Ctrl Pts',(116.040618850808,0.,55.2500017997472));
#640=CARTESIAN_POINT('',(5.60306720668762,0.,12.2158947025091));
#641=CARTESIAN_POINT('Ctrl Pts',(116.040618850808,0.,55.2500017997472));
#642=CARTESIAN_POINT('Ctrl Pts',(113.482814476273,0.,54.9766546981371));
#643=CARTESIAN_POINT('Ctrl Pts',(107.63268279304,0.,54.3201432038413));
#644=CARTESIAN_POINT('Ctrl Pts',(98.4320779452759,0.,53.1621251866995));
#645=CARTESIAN_POINT('Ctrl Pts',(85.801073889662,0.,51.2316202211247));
#646=CARTESIAN_POINT('Ctrl Pts',(69.8118330657533,0.,47.9474327665926));
#647=CARTESIAN_POINT('Ctrl Pts',(53.518889013306,0.,43.2853762165243));
#648=CARTESIAN_POINT('Ctrl Pts',(38.2370621153776,0.,37.2034105231662));
#649=CARTESIAN_POINT('Ctrl Pts',(24.6264695045396,0.,29.7146508687485));
#650=CARTESIAN_POINT('Ctrl Pts',(15.5084172506686,0.,22.794552679201));
#651=CARTESIAN_POINT('Ctrl Pts',(10.0132224149975,0.,17.4492427050953));
#652=CARTESIAN_POINT('Ctrl Pts',(7.0090896231714,0.,13.9937727154775));
#653=CARTESIAN_POINT('Ctrl Pts',(5.66079338103237,0.,12.289197993994));
#654=CARTESIAN_POINT('Ctrl Pts',(5.60306720668762,0.,12.2158947025091));
#655=CARTESIAN_POINT('Ctrl Pts',(5.60306720668762,0.,12.2158947025091));
#656=CARTESIAN_POINT('Ctrl Pts',(4.37828436408613,0.,10.6606103841555));
#657=CARTESIAN_POINT('Ctrl Pts',(2.19095704515864,0.,7.58326641376921));
#658=CARTESIAN_POINT('Ctrl Pts',(0.682694524917043,0.,4.80739804841024));
#659=CARTESIAN_POINT('Ctrl Pts',(-0.107073990122503,0.,2.50171347222477));
#660=CARTESIAN_POINT('Ctrl Pts',(-0.163224793266408,0.,0.750592662835854));
#661=CARTESIAN_POINT('Ctrl Pts',(0.,0.,0.));
#662=CARTESIAN_POINT('Origin',(41.2284447493612,800.,2.58346801497893));
#663=CARTESIAN_POINT('',(89.9451744317186,800.,3.14095470322508));
#664=CARTESIAN_POINT('',(0.,800.,0.));
#665=CARTESIAN_POINT('Ctrl Pts',(89.9451744317186,800.,3.14095470322509));
#666=CARTESIAN_POINT('Ctrl Pts',(89.2541159424455,800.,3.1954142118422));
#667=CARTESIAN_POINT('Ctrl Pts',(87.8370764090616,800.,3.30674453143846));
#668=CARTESIAN_POINT('Ctrl Pts',(85.6067494173126,800.,3.48097387692739));
#669=CARTESIAN_POINT('Ctrl Pts',(82.4225898326918,800.,3.72780679901143));
#670=CARTESIAN_POINT('Ctrl Pts',(78.0911869598408,800.,4.06066102505731));
#671=CARTESIAN_POINT('Ctrl Pts',(73.4158140533751,800.,4.41752561668713));
#672=CARTESIAN_POINT('Ctrl Pts',(68.4179578256257,800.,4.79730059394509));
#673=CARTESIAN_POINT('Ctrl Pts',(63.1405057256868,800.,5.19769535498386));
#674=CARTESIAN_POINT('Ctrl Pts',(57.6547633509445,800.,5.61472933243451));
#675=CARTESIAN_POINT('Ctrl Pts',(52.0483135304883,800.,6.04034964948359));
#676=CARTESIAN_POINT('Ctrl Pts',(46.413559739502,800.,6.45994942949182));
#677=CARTESIAN_POINT('Ctrl Pts',(40.83675518976,800.,6.84998964610611));
#678=CARTESIAN_POINT('Ctrl Pts',(35.3858088788336,800.,7.17503959647761));
#679=CARTESIAN_POINT('Ctrl Pts',(30.1007390547665,800.,7.38583366981982));
#680=CARTESIAN_POINT('Ctrl Pts',(24.9761913517623,800.,7.41431058580357));
#681=CARTESIAN_POINT('Ctrl Pts',(19.9912531267942,800.,7.18701316098747));
#682=CARTESIAN_POINT('Ctrl Pts',(15.1498462437532,800.,6.64271886094691));
#683=CARTESIAN_POINT('Ctrl Pts',(10.5204796685847,800.,5.75019384303742));
#684=CARTESIAN_POINT('Ctrl Pts',(6.27061903260444,800.,4.52400433972028));
#685=CARTESIAN_POINT('Ctrl Pts',(2.71996937291057,800.,3.04857221978082));
#686=CARTESIAN_POINT('Ctrl Pts',(0.81623374864991,800.,1.79417564524906));
#687=CARTESIAN_POINT('Ctrl Pts',(0.105476619493494,800.,0.878614330602367));
#688=CARTESIAN_POINT('Ctrl Pts',(-0.0224812250635154,800.,0.289355090181171));
#689=CARTESIAN_POINT('Ctrl Pts',(0.,800.,0.));
#690=CARTESIAN_POINT('Ctrl Pts',(0.,800.,0.));
#691=CARTESIAN_POINT('Ctrl Pts',(0.0236492989908044,800.,-0.304389330335928));
#692=CARTESIAN_POINT('Ctrl Pts',(0.256857939400952,800.,-0.852497676738211));
#693=CARTESIAN_POINT('Ctrl Pts',(1.16448165324476,800.,-1.49263712938247));
#694=CARTESIAN_POINT('Ctrl Pts',(3.37963797710355,800.,-2.00476244271645));
#695=CARTESIAN_POINT('Ctrl Pts',(7.25692530484313,800.,-2.19806973203698));
#696=CARTESIAN_POINT('Ctrl Pts',(11.6220316786502,800.,-2.08911977459468));
#697=CARTESIAN_POINT('Ctrl Pts',(16.0808956745145,800.,-1.79535242890473));
#698=CARTESIAN_POINT('Ctrl Pts',(20.4587193203335,800.,-1.40297039663698));
#699=CARTESIAN_POINT('Ctrl Pts',(24.7241313408561,800.,-0.973949862869925));
#700=CARTESIAN_POINT('Ctrl Pts',(28.9379264101284,800.,-0.548990749850695));
#701=CARTESIAN_POINT('Ctrl Pts',(33.1966398930437,800.,-0.151841912938409));
#702=CARTESIAN_POINT('Ctrl Pts',(37.5711645627727,800.,0.207248371737005));
#703=CARTESIAN_POINT('Ctrl Pts',(42.0997140630737,800.,0.528144943462525));
#704=CARTESIAN_POINT('Ctrl Pts',(46.7995068826201,800.,0.81781869697529));
#705=CARTESIAN_POINT('Ctrl Pts',(51.6717389005291,800.,1.08729305606226));
#706=CARTESIAN_POINT('Ctrl Pts',(56.7086225479394,800.,1.34889696411296));
#707=CARTESIAN_POINT('Ctrl Pts',(61.8997816717359,800.,1.61305151371195));
#708=CARTESIAN_POINT('Ctrl Pts',(67.2365089016494,800.,1.88661717217486));
#709=CARTESIAN_POINT('Ctrl Pts',(72.7112838016117,800.,2.17399733091721));
#710=CARTESIAN_POINT('Ctrl Pts',(78.3182730403419,800.,2.47757928573733));
#711=CARTESIAN_POINT('Ctrl Pts',(82.9062986644059,800.,2.73422915493508));
#712=CARTESIAN_POINT('Ctrl Pts',(86.4038440805974,800.,2.93455558093178));
#713=CARTESIAN_POINT('Ctrl Pts',(88.7605609631763,800.,3.07157665282363));
#714=CARTESIAN_POINT('Ctrl Pts',(89.9451744317186,800.,3.14095470322509));
#715=CARTESIAN_POINT('Ctrl Pts',(291.088717882799,0.,72.5765686799002));
#716=CARTESIAN_POINT('Ctrl Pts',(287.219153636579,16.6646427306106,69.9244439423838));
#717=CARTESIAN_POINT('Ctrl Pts',(279.426969613041,49.9919876352826,64.8006890101171));
#718=CARTESIAN_POINT('Ctrl Pts',(267.575446249594,99.9896119840472,57.6586186869961));
#719=CARTESIAN_POINT('Ctrl Pts',(255.560205421848,149.989964493471,51.0656871226621));
#720=CARTESIAN_POINT('Ctrl Pts',(247.441102418197,183.328889020509,47.0331386658009));
#721=CARTESIAN_POINT('Ctrl Pts',(239.273021586012,216.659242155882,43.1747005233755));
#722=CARTESIAN_POINT('Ctrl Pts',(231.054764549498,249.986206522687,39.4895180625402));
#723=CARTESIAN_POINT('Ctrl Pts',(218.588623976415,299.990550461361,34.422795895306));
#724=CARTESIAN_POINT('Ctrl Pts',(206.009167471965,349.999515465816,29.7483267462772));
#725=CARTESIAN_POINT('Ctrl Pts',(197.564739917503,383.335161958014,26.8519345920113));
#726=CARTESIAN_POINT('Ctrl Pts',(189.098991722379,416.663802353908,24.0535065103825));
#727=CARTESIAN_POINT('Ctrl Pts',(180.610046509555,449.992860626977,21.3523974108654));
#728=CARTESIAN_POINT('Ctrl Pts',(167.817664033047,499.989710046857,17.5965393070095));
#729=CARTESIAN_POINT('Ctrl Pts',(154.970586252281,549.991794636283,14.1686550153431));
#730=CARTESIAN_POINT('Ctrl Pts',(146.370112195453,583.329677298647,12.1310838790123));
#731=CARTESIAN_POINT('Ctrl Pts',(137.75770623448,616.645671758732,10.2310778062154));
#732=CARTESIAN_POINT('Ctrl Pts',(129.129887888786,649.953414495823,8.46748930195148));
#733=CARTESIAN_POINT('Ctrl Pts',(116.126050092031,699.953192218166,6.24475575701049));
#734=CARTESIAN_POINT('Ctrl Pts',(103.065089666224,749.975736648098,4.44728532236613));
#735=CARTESIAN_POINT('Ctrl Pts',(94.3238873499621,783.325702180771,3.52994629054682));
#736=CARTESIAN_POINT('Ctrl Pts',(89.9451744317186,800.,3.14095470322508));
#737=CARTESIAN_POINT('Ctrl Pts',(275.77449880723,0.,70.3875569103952));
#738=CARTESIAN_POINT('Ctrl Pts',(272.126321335221,16.6645486527974,67.7905055348643));
#739=CARTESIAN_POINT('Ctrl Pts',(264.759603892103,49.9917583719453,62.7695711951321));
#740=CARTESIAN_POINT('Ctrl Pts',(253.528665637594,99.9893254737386,55.7862769608044));
#741=CARTESIAN_POINT('Ctrl Pts',(242.150448508305,149.989752950803,49.3831022739539));
#742=CARTESIAN_POINT('Ctrl Pts',(234.489750799841,183.328806757997,45.5153475009048));
#743=CARTESIAN_POINT('Ctrl Pts',(226.808136336486,216.659324359847,41.8495973903554));
#744=CARTESIAN_POINT('Ctrl Pts',(219.130272101887,249.986339553545,38.4021656814372));
#745=CARTESIAN_POINT('Ctrl Pts',(207.550253377157,299.990582034807,33.747079265131));
#746=CARTESIAN_POINT('Ctrl Pts',(195.845697975815,349.999430992859,29.4588608988253));
#747=CARTESIAN_POINT('Ctrl Pts',(187.919195155869,383.335099167561,26.7494314673455));
#748=CARTESIAN_POINT('Ctrl Pts',(179.909746152062,416.663865140444,24.0758872742418));
#749=CARTESIAN_POINT('Ctrl Pts',(171.785216125877,449.992930312254,21.4446040248096));
#750=CARTESIAN_POINT('Ctrl Pts',(159.423129537712,499.989630423366,17.6892950878733));
#751=CARTESIAN_POINT('Ctrl Pts',(147.049344165467,549.991602432645,14.2187486549761));
#752=CARTESIAN_POINT('Ctrl Pts',(138.899288241172,583.329565489315,12.1645904218725));
#753=CARTESIAN_POINT('Ctrl Pts',(130.857467040736,616.645783402738,10.2742536127537));
#754=CARTESIAN_POINT('Ctrl Pts',(122.894705546119,649.953443662775,8.52951898249488));
#755=CARTESIAN_POINT('Ctrl Pts',(111.070318118074,699.952742798393,6.35201721713025));
#756=CARTESIAN_POINT('Ctrl Pts',(99.2678617993154,749.975015926828,4.60611142004435));
#757=CARTESIAN_POINT('Ctrl Pts',(91.3497345666477,783.325313809071,3.72028725094781));
#758=CARTESIAN_POINT('Ctrl Pts',(87.3614570255634,800.,3.34456696257626));
#759=CARTESIAN_POINT('Ctrl Pts',(246.237008844243,0.,66.5241256618352));
#760=CARTESIAN_POINT('Ctrl Pts',(243.022025068293,16.6642742981862,64.0172494127526));
#761=CARTESIAN_POINT('Ctrl Pts',(236.508544500242,49.9910341930192,59.1834216989776));
#762=CARTESIAN_POINT('Ctrl Pts',(226.536728910702,99.988318756935,52.5202767884076));
#763=CARTESIAN_POINT('Ctrl Pts',(216.415494479536,149.988939473492,46.4948613563193));
#764=CARTESIAN_POINT('Ctrl Pts',(209.604473000561,183.32847567941,42.9278211922424));
#765=CARTESIAN_POINT('Ctrl Pts',(202.785071816459,216.659654946956,39.5910123040673));
#766=CARTESIAN_POINT('Ctrl Pts',(196.055189741036,249.986953769478,36.5562557870723));
#767=CARTESIAN_POINT('Ctrl Pts',(186.021692202209,299.990962850082,32.6241293018919));
#768=CARTESIAN_POINT('Ctrl Pts',(175.855464810132,349.999384404178,29.0132874769936));
#769=CARTESIAN_POINT('Ctrl Pts',(168.860394269876,383.334979829376,26.6265976259165));
#770=CARTESIAN_POINT('Ctrl Pts',(161.690517251241,416.663985051603,24.1640601330933));
#771=CARTESIAN_POINT('Ctrl Pts',(154.300547684253,449.993036348254,21.6669046961026));
#772=CARTESIAN_POINT('Ctrl Pts',(142.925893431725,499.98934813266,17.9548056821551));
#773=CARTESIAN_POINT('Ctrl Pts',(131.624114051805,549.991051883656,14.4481829815515));
#774=CARTESIAN_POINT('Ctrl Pts',(124.377134361796,583.329258937246,12.3712804954987));
#775=CARTESIAN_POINT('Ctrl Pts',(117.397773278521,616.646089054798,10.4856406020203));
#776=CARTESIAN_POINT('Ctrl Pts',(110.657178255911,649.953521380916,8.76629983630578));
#777=CARTESIAN_POINT('Ctrl Pts',(100.96135073221,699.951542502296,6.66363083578317));
#778=CARTESIAN_POINT('Ctrl Pts',(91.3968840633767,749.973108299618,5.00095481488202));
#779=CARTESIAN_POINT('Ctrl Pts',(84.9198008762338,783.324290495715,4.15599777140474));
#780=CARTESIAN_POINT('Ctrl Pts',(81.6084418542362,799.999999999999,3.79183850443041));
#781=CARTESIAN_POINT('Ctrl Pts',(205.193856271949,0.,62.2858074766567));
#782=CARTESIAN_POINT('Ctrl Pts',(202.598521167766,16.6637594418794,59.8840715227747));
#783=CARTESIAN_POINT('Ctrl Pts',(197.339632939216,49.9896230657505,55.2930677073616));
#784=CARTESIAN_POINT('Ctrl Pts',(189.24154099192,99.9862744391324,49.0790280824102));
#785=CARTESIAN_POINT('Ctrl Pts',(180.932416196969,149.987242129485,43.5712387537195));
#786=CARTESIAN_POINT('Ctrl Pts',(175.254873709118,183.327779273179,40.378759183121));
#787=CARTESIAN_POINT('Ctrl Pts',(169.51601902496,216.660350213721,37.4185871136705));
#788=CARTESIAN_POINT('Ctrl Pts',(163.854755632475,249.988300541269,34.8291742132626));
#789=CARTESIAN_POINT('Ctrl Pts',(155.41351451907,299.99193785026,31.642988490494));
#790=CARTESIAN_POINT('Ctrl Pts',(146.855909154493,349.99947762411,28.7212005847078));
#791=CARTESIAN_POINT('Ctrl Pts',(140.961778974465,383.334808302619,26.6702056228194));
#792=CARTESIAN_POINT('Ctrl Pts',(134.914435681742,416.664158142427,24.4449856155796));
#793=CARTESIAN_POINT('Ctrl Pts',(128.674604403217,449.993167223893,22.1414226868397));
#794=CARTESIAN_POINT('Ctrl Pts',(119.121317334032,499.988789644227,18.59531612046));
#795=CARTESIAN_POINT('Ctrl Pts',(109.744966334923,549.990028246162,15.1570634043759));
#796=CARTESIAN_POINT('Ctrl Pts',(103.854121058985,583.328699562625,13.084050661999));
#797=CARTESIAN_POINT('Ctrl Pts',(98.267418908309,616.646646509646,11.1922118467499));
#798=CARTESIAN_POINT('Ctrl Pts',(93.0155808633159,649.953647674099,9.48045932463799));
#799=CARTESIAN_POINT('Ctrl Pts',(85.7263838753103,699.949359377961,7.41599700650206));
#800=CARTESIAN_POINT('Ctrl Pts',(78.6250183462863,749.969678439182,5.79383098455989));
#801=CARTESIAN_POINT('Ctrl Pts',(73.7500834320071,783.322460102924,4.95677191875377));
#802=CARTESIAN_POINT('Ctrl Pts',(71.2106539761515,800.,4.58608158582086));
#803=CARTESIAN_POINT('Ctrl Pts',(167.065931415276,0.,59.369801783644));
#804=CARTESIAN_POINT('Ctrl Pts',(165.058712102336,16.6632963168061,57.0728491715918));
#805=CARTESIAN_POINT('Ctrl Pts',(160.996901814981,49.9883592790997,52.7135557629468));
#806=CARTESIAN_POINT('Ctrl Pts',(154.688580415699,99.9844625426661,46.9053047783943));
#807=CARTESIAN_POINT('Ctrl Pts',(148.095839726872,149.985761687422,41.8491244386663));
#808=CARTESIAN_POINT('Ctrl Pts',(143.471052680742,183.327182660646,38.9736899314));
#809=CARTESIAN_POINT('Ctrl Pts',(138.719352391147,216.660945623677,36.3259226672019));
#810=CARTESIAN_POINT('Ctrl Pts',(133.87105343495,249.989453477808,34.0336483000095));
#811=CARTESIAN_POINT('Ctrl Pts',(126.402127525399,299.992767492845,31.2493567780884));
#812=CARTESIAN_POINT('Ctrl Pts',(118.847784094871,349.999530164898,28.6799854396896));
#813=CARTESIAN_POINT('Ctrl Pts',(113.828084730419,383.334633365089,26.8320841660827));
#814=CARTESIAN_POINT('Ctrl Pts',(108.84870325168,416.664334964212,24.8020830049516));
#815=CARTESIAN_POINT('Ctrl Pts',(103.822832192721,449.993341992702,22.6941226248989));
#816=CARTESIAN_POINT('Ctrl Pts',(96.3440636149812,499.98833021255,19.3919618342582));
#817=CARTESIAN_POINT('Ctrl Pts',(89.1049528708366,549.989107023347,16.1212191666909));
#818=CARTESIAN_POINT('Ctrl Pts',(84.5509670408397,583.328189698899,14.0974794617222));
#819=CARTESIAN_POINT('Ctrl Pts',(80.1909928861147,616.647154287791,12.2168604211192));
#820=CARTESIAN_POINT('Ctrl Pts',(76.0937402345155,649.953735189353,10.4974491459501));
#821=CARTESIAN_POINT('Ctrl Pts',(70.4226960463512,699.947314712675,8.39638574392994));
#822=CARTESIAN_POINT('Ctrl Pts',(64.9266626135689,749.966510623688,6.73216692819653));
#823=CARTESIAN_POINT('Ctrl Pts',(61.1813373480641,783.320777545691,5.8714850451717));
#824=CARTESIAN_POINT('Ctrl Pts',(59.2388066691171,800.,5.49146397746348));
#825=CARTESIAN_POINT('Ctrl Pts',(136.081325476248,0.,57.2558248624391));
#826=CARTESIAN_POINT('Ctrl Pts',(134.536760972179,16.6630828548816,55.0707117430858));
#827=CARTESIAN_POINT('Ctrl Pts',(131.405686761554,49.9878223474124,50.9370214767731));
#828=CARTESIAN_POINT('Ctrl Pts',(126.485278513582,99.9837853024299,45.4792176063204));
#829=CARTESIAN_POINT('Ctrl Pts',(121.248342655222,149.985287105222,40.7887037372409));
#830=CARTESIAN_POINT('Ctrl Pts',(117.491801064791,183.327018431863,38.1648845374742));
#831=CARTESIAN_POINT('Ctrl Pts',(113.584388524448,216.661109262939,35.7677084011701));
#832=CARTESIAN_POINT('Ctrl Pts',(109.462880603414,249.989736777814,33.656923633812));
#833=CARTESIAN_POINT('Ctrl Pts',(102.920170774668,299.992880084101,31.0246844449869));
#834=CARTESIAN_POINT('Ctrl Pts',(96.3183036119841,349.999370150831,28.5689231757451));
#835=CARTESIAN_POINT('Ctrl Pts',(92.0776101448382,383.334475521185,26.8291045175876));
#836=CARTESIAN_POINT('Ctrl Pts',(88.0112648618774,416.664494054231,24.9576138674309));
#837=CARTESIAN_POINT('Ctrl Pts',(84.0148371051332,449.993584170854,23.0149061319127));
#838=CARTESIAN_POINT('Ctrl Pts',(78.258297008016,499.988224975298,19.9393343394561));
#839=CARTESIAN_POINT('Ctrl Pts',(72.7437658785246,549.988675025896,16.8490443974922));
#840=CARTESIAN_POINT('Ctrl Pts',(69.2221163977881,583.327930362718,14.9028893038784));
#841=CARTESIAN_POINT('Ctrl Pts',(65.7753887073676,616.647412370637,13.0716950442874));
#842=CARTESIAN_POINT('Ctrl Pts',(62.4655216644695,649.953735413708,11.3681302971569));
#843=CARTESIAN_POINT('Ctrl Pts',(57.7692894065044,699.94616069379,9.24027995497195));
#844=CARTESIAN_POINT('Ctrl Pts',(53.2116785008991,749.964781078457,7.54038248718449));
#845=CARTESIAN_POINT('Ctrl Pts',(50.181466537951,783.319868363422,6.67423198329444));
#846=CARTESIAN_POINT('Ctrl Pts',(48.64750346203,800.,6.30165675479115));
#847=CARTESIAN_POINT('Ctrl Pts',(110.587229263145,0.,54.7588113610801));
#848=CARTESIAN_POINT('Ctrl Pts',(109.39562735201,16.6630930747859,52.6927658049439));
#849=CARTESIAN_POINT('Ctrl Pts',(106.956430135795,49.9879386388553,48.8004450595605));
#850=CARTESIAN_POINT('Ctrl Pts',(103.060243718755,99.9841264443513,43.708303145538));
#851=CARTESIAN_POINT('Ctrl Pts',(98.8625842459557,149.985709926312,39.3794098877657));
#852=CARTESIAN_POINT('Ctrl Pts',(95.8288706483659,183.327236625086,36.9868234229466));
#853=CARTESIAN_POINT('Ctrl Pts',(92.66957481463,216.660891033294,34.8105425787245));
#854=CARTESIAN_POINT('Ctrl Pts',(89.3415463433607,249.98924730765,32.8622167413279));
#855=CARTESIAN_POINT('Ctrl Pts',(84.0640362057761,299.992348311427,30.3717729599982));
#856=CARTESIAN_POINT('Ctrl Pts',(78.7416587163655,349.999017954738,28.02670038366));
#857=CARTESIAN_POINT('Ctrl Pts',(75.3228411497231,383.334336527976,26.3887761695062));
#858=CARTESIAN_POINT('Ctrl Pts',(72.0418920984465,416.664633597932,24.6601374184537));
#859=CARTESIAN_POINT('Ctrl Pts',(68.8465649375577,449.993871847613,22.8586644082591));
#860=CARTESIAN_POINT('Ctrl Pts',(64.2976394759919,499.988424412977,19.9753632874474));
#861=CARTESIAN_POINT('Ctrl Pts',(59.9533702512035,549.988680994496,17.0509138860925));
#862=CARTESIAN_POINT('Ctrl Pts',(57.1572525329432,583.32789677375,15.1953050346643));
#863=CARTESIAN_POINT('Ctrl Pts',(54.3932557140309,616.647445529139,13.443028936338));
#864=CARTESIAN_POINT('Ctrl Pts',(51.6951297489865,649.953667729946,11.7957554086631));
#865=CARTESIAN_POINT('Ctrl Pts',(47.798013881986,699.945828036567,9.71626943943831));
#866=CARTESIAN_POINT('Ctrl Pts',(44.014221606359,749.964358815942,8.05629735054555));
#867=CARTESIAN_POINT('Ctrl Pts',(41.5453758718074,783.319658548203,7.22789990468935));
#868=CARTESIAN_POINT('Ctrl Pts',(40.3191658609271,800.,6.88095468867329));
#869=CARTESIAN_POINT('Ctrl Pts',(97.5969514498365,0.,53.0005172762573));
#870=CARTESIAN_POINT('Ctrl Pts',(96.5759932111724,16.6631715132853,51.0063551002188));
#871=CARTESIAN_POINT('Ctrl Pts',(94.4606243828631,49.9882180555219,47.2640551756612));
#872=CARTESIAN_POINT('Ctrl Pts',(91.0365372484424,99.9846552553369,42.4026126286582));
#873=CARTESIAN_POINT('Ctrl Pts',(87.3359743999359,149.986246671767,38.2965791924893));
#874=CARTESIAN_POINT('Ctrl Pts',(84.6762591309744,183.327487249207,36.0379857746777));
#875=CARTESIAN_POINT('Ctrl Pts',(81.925199122188,216.66064061742,33.9833377833572));
#876=CARTESIAN_POINT('Ctrl Pts',(79.070345402821,249.988712289905,32.1325445466371));
#877=CARTESIAN_POINT('Ctrl Pts',(74.6019756795176,299.991829379171,29.744530604058));
#878=CARTESIAN_POINT('Ctrl Pts',(70.0924706728699,349.998750129112,27.4858798326517));
#879=CARTESIAN_POINT('Ctrl Pts',(67.1542336090997,383.334261859832,25.9137899778404));
#880=CARTESIAN_POINT('Ctrl Pts',(64.2911595838018,416.664708309616,24.2650159934859));
#881=CARTESIAN_POINT('Ctrl Pts',(61.4882369257692,449.994052986287,22.5425915231083));
#882=CARTESIAN_POINT('Ctrl Pts',(57.4732763387949,499.988638177985,19.7710151380012));
#883=CARTESIAN_POINT('Ctrl Pts',(53.6296717843877,549.988826210486,16.9485607677293));
#884=CARTESIAN_POINT('Ctrl Pts',(51.159186398614,583.327950371584,15.1529522517929));
#885=CARTESIAN_POINT('Ctrl Pts',(48.7235243876011,616.64739198055,13.4558176074082));
#886=CARTESIAN_POINT('Ctrl Pts',(46.334917156557,649.953607228201,11.8558729726235));
#887=CARTESIAN_POINT('Ctrl Pts',(42.8701230051735,699.945902008559,9.83389911161723));
#888=CARTESIAN_POINT('Ctrl Pts',(39.5104780469206,749.964537334802,8.22698445905152));
#889=CARTESIAN_POINT('Ctrl Pts',(37.3348291396568,783.319763116113,7.43671417351673));
#890=CARTESIAN_POINT('Ctrl Pts',(36.2618295316469,800.,7.11089209389331));
#891=CARTESIAN_POINT('Ctrl Pts',(84.3000517214159,0.,50.8077115515885));
#892=CARTESIAN_POINT('Ctrl Pts',(83.4500915875128,16.6632954299668,48.8944202792947));
#893=CARTESIAN_POINT('Ctrl Pts',(81.6504331461626,49.9886359397441,45.32517637564));
#894=CARTESIAN_POINT('Ctrl Pts',(78.6787786157862,99.9854097969605,40.7347708479101));
#895=CARTESIAN_POINT('Ctrl Pts',(75.4670336012414,149.986989466946,36.8886062606815));
#896=CARTESIAN_POINT('Ctrl Pts',(73.1958234846521,183.327827726893,34.7807978631826));
#897=CARTESIAN_POINT('Ctrl Pts',(70.8836092390491,216.660300445874,32.8581355737181));
#898=CARTESIAN_POINT('Ctrl Pts',(68.5426684257503,249.987992287763,31.1203227212287));
#899=CARTESIAN_POINT('Ctrl Pts',(64.9587353429282,299.991147768158,28.8649639941084));
#900=CARTESIAN_POINT('Ctrl Pts',(61.3351315381554,349.998421559586,26.7222381289395));
#901=CARTESIAN_POINT('Ctrl Pts',(58.9137040254823,383.334182620693,25.2296697639111));
#902=CARTESIAN_POINT('Ctrl Pts',(56.4931390222994,416.664787485874,23.6682264710399));
#903=CARTESIAN_POINT('Ctrl Pts',(54.0882841401452,449.9942598146,22.0349826510237));
#904=CARTESIAN_POINT('Ctrl Pts',(50.5826689250371,499.988924296968,19.3958768824448));
#905=CARTESIAN_POINT('Ctrl Pts',(47.2062036539937,549.989059586601,16.697743177948));
#906=CARTESIAN_POINT('Ctrl Pts',(45.0493626040753,583.328047259025,14.9750058288248));
#907=CARTESIAN_POINT('Ctrl Pts',(42.9434040772349,616.647295279564,13.3434074314756));
#908=CARTESIAN_POINT('Ctrl Pts',(40.8748689706514,649.9535298687,11.8034394209241));
#909=CARTESIAN_POINT('Ctrl Pts',(37.8739139594649,699.946122129249,9.86091011472748));
#910=CARTESIAN_POINT('Ctrl Pts',(34.9736854510221,749.964953387378,8.32889075768329));
#911=CARTESIAN_POINT('Ctrl Pts',(33.1092374280867,783.319995418139,7.58952203713097));
#912=CARTESIAN_POINT('Ctrl Pts',(32.1950593899382,800.,7.2903796516928));
#913=CARTESIAN_POINT('Ctrl Pts',(68.7247557735233,0.,47.8651395882452));
#914=CARTESIAN_POINT('Ctrl Pts',(68.0670029244636,16.6636624171264,46.1114807224901));
#915=CARTESIAN_POINT('Ctrl Pts',(66.6283762208007,49.9908976139235,42.8659362912878));
#916=CARTESIAN_POINT('Ctrl Pts',(64.2472716514572,99.9880862336632,38.5392997160341));
#917=CARTESIAN_POINT('Ctrl Pts',(61.6580073373175,149.989127563919,34.9255511520103));
#918=CARTESIAN_POINT('Ctrl Pts',(59.8340896873291,183.328660521915,33.0072522751029));
#919=CARTESIAN_POINT('Ctrl Pts',(57.9904697952729,216.659468774878,31.3225373823558));
#920=CARTESIAN_POINT('Ctrl Pts',(56.2465508608615,249.986275874717,29.7518676116219));
#921=CARTESIAN_POINT('Ctrl Pts',(53.759568031508,299.989586526894,27.6181177089867));
#922=CARTESIAN_POINT('Ctrl Pts',(51.2397335378939,349.997743829193,25.5753226459645));
#923=CARTESIAN_POINT('Ctrl Pts',(49.4286591421703,383.334070421766,24.2036054777619));
#924=CARTESIAN_POINT('Ctrl Pts',(47.4947107603767,416.664898845712,22.8202294747332));
#925=CARTESIAN_POINT('Ctrl Pts',(45.5208075997711,449.994599135651,21.3239286995562));
#926=CARTESIAN_POINT('Ctrl Pts',(42.5667206591032,499.989578116092,18.815746159147));
#927=CARTESIAN_POINT('Ctrl Pts',(39.7076806599659,549.989751870281,16.2323407171452));
#928=CARTESIAN_POINT('Ctrl Pts',(37.9156581964631,583.32837282497,14.6091131880738));
#929=CARTESIAN_POINT('Ctrl Pts',(36.2060826138993,616.646970666255,13.1097144080181));
#930=CARTESIAN_POINT('Ctrl Pts',(34.4702980678945,649.953261446501,11.6859748871144));
#931=CARTESIAN_POINT('Ctrl Pts',(31.8682547270156,699.946843966272,9.87714519321367));
#932=CARTESIAN_POINT('Ctrl Pts',(29.3561044988567,749.966197941791,8.4553754665148));
#933=CARTESIAN_POINT('Ctrl Pts',(27.7975171516918,783.320895686398,7.74045931903079));
#934=CARTESIAN_POINT('Ctrl Pts',(27.0668207700042,800.,7.47710803074282));
#935=CARTESIAN_POINT('Ctrl Pts',(46.7439285885435,0.,40.9285859205177));
#936=CARTESIAN_POINT('Ctrl Pts',(46.3350294889077,16.664490939329,39.4883366534837));
#937=CARTESIAN_POINT('Ctrl Pts',(45.3727166796831,49.9964995196453,36.9533167601107));
#938=CARTESIAN_POINT('Ctrl Pts',(43.8755999179742,99.9943182300307,33.1974675767221));
#939=CARTESIAN_POINT('Ctrl Pts',(42.1992369899457,149.993889693302,30.083965977903));
#940=CARTESIAN_POINT('Ctrl Pts',(40.9710246615197,183.330436893479,28.538525857065));
#941=CARTESIAN_POINT('Ctrl Pts',(39.6998421615193,216.65769495558,27.2990503010904));
#942=CARTESIAN_POINT('Ctrl Pts',(38.7456996139305,249.98264624132,26.0610766168725));
#943=CARTESIAN_POINT('Ctrl Pts',(37.7913472256905,299.98633494166,24.2076171122252));
#944=CARTESIAN_POINT('Ctrl Pts',(36.8193132825503,349.996392273449,22.4117171575651));
#945=CARTESIAN_POINT('Ctrl Pts',(35.827568882048,383.33388966416,21.2978141163294));
#946=CARTESIAN_POINT('Ctrl Pts',(34.5064715645656,416.665077453983,20.2649530339694));
#947=CARTESIAN_POINT('Ctrl Pts',(33.0889277707684,449.99520822915,19.0652855284403));
#948=CARTESIAN_POINT('Ctrl Pts',(30.8872542706718,499.990945437288,16.8951489247877));
#949=CARTESIAN_POINT('Ctrl Pts',(28.7548077396507,549.991317053799,14.6235105534601));
#950=CARTESIAN_POINT('Ctrl Pts',(27.4732138184635,583.329130762185,13.2304853857896));
#951=CARTESIAN_POINT('Ctrl Pts',(26.3099835089678,616.646215039311,12.0041899074769));
#952=CARTESIAN_POINT('Ctrl Pts',(25.0363792429845,649.952638967477,10.8211287974787));
#953=CARTESIAN_POINT('Ctrl Pts',(22.9913154508469,699.948536478246,9.28439982038014));
#954=CARTESIAN_POINT('Ctrl Pts',(21.0138194168316,749.969054694221,8.08175992258905));
#955=CARTESIAN_POINT('Ctrl Pts',(19.8583900324361,783.323054109484,7.37809911426811));
#956=CARTESIAN_POINT('Ctrl Pts',(19.3705326557839,800.,7.18333324949179));
#957=CARTESIAN_POINT('Ctrl Pts',(30.2361898421371,0.,32.8055993413541));
#958=CARTESIAN_POINT('Ctrl Pts',(30.0098671133455,16.6652366610452,31.6369473115309));
#959=CARTESIAN_POINT('Ctrl Pts',(29.3818324397802,50.0015572989923,29.8020956399566));
#960=CARTESIAN_POINT('Ctrl Pts',(28.5187914714077,99.9999068393623,26.7677693670394));
#961=CARTESIAN_POINT('Ctrl Pts',(27.4942032037839,149.998135560205,24.3116990145535));
#962=CARTESIAN_POINT('Ctrl Pts',(26.6916026141758,183.332011974479,23.1596324003805));
#963=CARTESIAN_POINT('Ctrl Pts',(25.8306012724216,216.65612216265,22.2986267256044));
#964=CARTESIAN_POINT('Ctrl Pts',(25.3623500407342,249.979435218284,21.3855835915287));
#965=CARTESIAN_POINT('Ctrl Pts',(25.2694323321457,299.983473164554,19.8953186069843));
#966=CARTESIAN_POINT('Ctrl Pts',(25.1709316689519,349.995219874098,18.4352698854029));
#967=CARTESIAN_POINT('Ctrl Pts',(24.688602073313,383.333743540227,17.5842400213426));
#968=CARTESIAN_POINT('Ctrl Pts',(23.8100482742008,416.665221630334,16.8517540650703));
#969=CARTESIAN_POINT('Ctrl Pts',(22.8315247995267,449.995724715583,15.9668196674974));
#970=CARTESIAN_POINT('Ctrl Pts',(21.2902716332449,499.992156150221,14.2703373153296));
#971=CARTESIAN_POINT('Ctrl Pts',(19.8043751986944,549.992727480955,12.4559171395642));
#972=CARTESIAN_POINT('Ctrl Pts',(18.9392410680048,583.329818112713,11.3321200450117));
#973=CARTESIAN_POINT('Ctrl Pts',(18.1837394818004,616.645529781255,10.3556524616003));
#974=CARTESIAN_POINT('Ctrl Pts',(17.286604946484,649.952080978771,9.38749130683052));
#975=CARTESIAN_POINT('Ctrl Pts',(15.7507844720271,699.950092615803,8.08690005985517));
#976=CARTESIAN_POINT('Ctrl Pts',(14.2635953418198,749.971670758977,7.07783153057883));
#977=CARTESIAN_POINT('Ctrl Pts',(13.4336767436316,783.325025395395,6.39168664029527));
#978=CARTESIAN_POINT('Ctrl Pts',(13.1239239067608,800.,6.26750595074992));
#979=CARTESIAN_POINT('Ctrl Pts',(19.1855489271885,0.,25.6186056605085));
#980=CARTESIAN_POINT('Ctrl Pts',(19.0824901704745,16.6658026053677,24.652220737353));
#981=CARTESIAN_POINT('Ctrl Pts',(18.666070786488,50.0053666203034,23.3796712788904));
#982=CARTESIAN_POINT('Ctrl Pts',(18.2011053037475,100.004117559425,21.0017519902217));
#983=CARTESIAN_POINT('Ctrl Pts',(17.5854419298354,150.001333654256,19.1529991662631));
#984=CARTESIAN_POINT('Ctrl Pts',(17.0580889757237,183.333198441317,18.3311421308446));
#985=CARTESIAN_POINT('Ctrl Pts',(16.470892660036,216.654937388035,17.7485274091311));
#986=CARTESIAN_POINT('Ctrl Pts',(16.2584152178486,249.977019063106,17.0965754205597));
#987=CARTESIAN_POINT('Ctrl Pts',(16.5358398565943,299.981326456223,15.9393187522868));
#988=CARTESIAN_POINT('Ctrl Pts',(16.8157324376159,349.994347878754,14.7922427108063));
#989=CARTESIAN_POINT('Ctrl Pts',(16.6047978871081,383.333638900177,14.1566982387685));
#990=CARTESIAN_POINT('Ctrl Pts',(16.0216616173119,416.665324835517,13.6452764955632));
#991=CARTESIAN_POINT('Ctrl Pts',(15.358568960886,449.99610625821,13.0235378954326));
#992=CARTESIAN_POINT('Ctrl Pts',(14.3271454394089,499.993069323618,11.7722318421126));
#993=CARTESIAN_POINT('Ctrl Pts',(13.3432420887138,549.993799023176,10.3950021553008));
#994=CARTESIAN_POINT('Ctrl Pts',(12.7817441437807,583.330341723003,9.50894521666166));
#995=CARTESIAN_POINT('Ctrl Pts',(12.3023986220883,616.645007732832,8.72717884248292));
#996=CARTESIAN_POINT('Ctrl Pts',(11.6786092121296,649.951660524613,7.92548075114619));
#997=CARTESIAN_POINT('Ctrl Pts',(10.5423710981539,699.951292773415,6.80857118665041));
#998=CARTESIAN_POINT('Ctrl Pts',(9.44106862829132,749.973685652264,5.95467257024108));
#999=CARTESIAN_POINT('Ctrl Pts',(8.84727796343754,783.326532297472,5.29376881904847));
#1000=CARTESIAN_POINT('Ctrl Pts',(8.65695583715303,800.,5.23074201052101));
#1001=CARTESIAN_POINT('Ctrl Pts',(10.1645973779354,0.,17.7722162588185));
#1002=CARTESIAN_POINT('Ctrl Pts',(10.1657177541111,16.6663405005364,16.9948066514447));
#1003=CARTESIAN_POINT('Ctrl Pts',(9.91015074007554,50.008919757371,16.2817553443343));
#1004=CARTESIAN_POINT('Ctrl Pts',(9.736954521835,100.008065348844,14.6245168653528));
#1005=CARTESIAN_POINT('Ctrl Pts',(9.42177353591844,150.004341058611,13.4491507781792));
#1006=CARTESIAN_POINT('Ctrl Pts',(9.11125299407366,183.334318272926,12.969055769023));
#1007=CARTESIAN_POINT('Ctrl Pts',(8.75408461052583,216.653819142176,12.6427689288549));
#1008=CARTESIAN_POINT('Ctrl Pts',(8.67794359526669,249.974740823135,12.2538368986599));
#1009=CARTESIAN_POINT('Ctrl Pts',(9.03124913833485,299.979309248623,11.4709156327741));
#1010=CARTESIAN_POINT('Ctrl Pts',(9.39305289565179,349.993536048543,10.679396252351));
#1011=CARTESIAN_POINT('Ctrl Pts',(9.33009852339028,383.333544896719,10.2642149476235));
#1012=CARTESIAN_POINT('Ctrl Pts',(8.9932683646569,416.665417510805,9.95544136779972));
#1013=CARTESIAN_POINT('Ctrl Pts',(8.61265798157154,449.996461531053,9.60239532631203));
#1014=CARTESIAN_POINT('Ctrl Pts',(8.06590745971208,499.993934339782,8.84427912386642));
#1015=CARTESIAN_POINT('Ctrl Pts',(7.56057694235339,549.994818895824,7.95864035467668));
#1016=CARTESIAN_POINT('Ctrl Pts',(7.27292444614993,583.330841039809,7.32934288407832));
#1017=CARTESIAN_POINT('Ctrl Pts',(7.02512752993305,616.644509885315,6.74126680146661));
#1018=CARTESIAN_POINT('Ctrl Pts',(6.65462242513791,649.951266150458,6.10927644466151));
#1019=CARTESIAN_POINT('Ctrl Pts',(5.92538476237532,699.952457996127,5.19152654768637));
#1020=CARTESIAN_POINT('Ctrl Pts',(5.21893867809407,749.97564088977,4.51519053336386));
#1021=CARTESIAN_POINT('Ctrl Pts',(4.8450908835603,783.327973826503,3.90334054353551));
#1022=CARTESIAN_POINT('Ctrl Pts',(4.7539867573402,800.,3.91003190389769));
#1023=CARTESIAN_POINT('Ctrl Pts',(3.73329370998569,0.,10.1527275800996));
#1024=CARTESIAN_POINT('Ctrl Pts',(3.81409203969576,16.6668156287715,9.53913989878304));
#1025=CARTESIAN_POINT('Ctrl Pts',(3.66391342792982,50.0119445438239,9.32321057216522));
#1026=CARTESIAN_POINT('Ctrl Pts',(3.66825310957617,100.011468006467,8.34118171627047));
#1027=CARTESIAN_POINT('Ctrl Pts',(3.53746508529324,150.006953389072,7.79836593039131));
#1028=CARTESIAN_POINT('Ctrl Pts',(3.3778698449262,183.335299672168,7.62838419851108));
#1029=CARTESIAN_POINT('Ctrl Pts',(3.19700603619532,216.65283913088,7.51976062755934));
#1030=CARTESIAN_POINT('Ctrl Pts',(3.16572678088555,249.972746297561,7.37000543597683));
#1031=CARTESIAN_POINT('Ctrl Pts',(3.39800435791507,299.977551417816,6.95253515196405));
#1032=CARTESIAN_POINT('Ctrl Pts',(3.6418027621447,349.992837246753,6.50972712837572));
#1033=CARTESIAN_POINT('Ctrl Pts',(3.62942883732574,383.333467216006,6.29602427155655));
#1034=CARTESIAN_POINT('Ctrl Pts',(3.47717205723159,416.665494056749,6.15728389819169));
#1035=CARTESIAN_POINT('Ctrl Pts',(3.314853773068,449.996770088254,6.04030476681191));
#1036=CARTESIAN_POINT('Ctrl Pts',(3.1515638061229,499.994697903746,5.73204737931395));
#1037=CARTESIAN_POINT('Ctrl Pts',(3.02449659656325,549.995721705415,5.30309581616038));
#1038=CARTESIAN_POINT('Ctrl Pts',(2.94768602916125,583.331283671496,4.91629988624145));
#1039=CARTESIAN_POINT('Ctrl Pts',(2.87186329910723,616.644068542555,4.51256189518412));
#1040=CARTESIAN_POINT('Ctrl Pts',(2.71750564054473,649.950925898898,4.05468528846545));
#1041=CARTESIAN_POINT('Ctrl Pts',(2.37438829993428,699.953520294904,3.37008545426628));
#1042=CARTESIAN_POINT('Ctrl Pts',(2.04451173839904,749.977423971107,2.91572200640786));
#1043=CARTESIAN_POINT('Ctrl Pts',(1.86021655978717,783.329256174571,2.39165130895019));
#1044=CARTESIAN_POINT('Ctrl Pts',(1.84205275956205,800.,2.47697569936065));
#1045=CARTESIAN_POINT('Ctrl Pts',(0.196460607432578,0.,3.8430587376945));
#1046=CARTESIAN_POINT('Ctrl Pts',(0.327020972792817,16.6671931807875,3.35627331069197));
#1047=CARTESIAN_POINT('Ctrl Pts',(0.229667800787528,50.0141688427098,3.51046333342708));
#1048=CARTESIAN_POINT('Ctrl Pts',(0.312186987531735,100.014043283158,3.03324878628077));
#1049=CARTESIAN_POINT('Ctrl Pts',(0.264848980134052,150.008966257265,2.9600740017566));
#1050=CARTESIAN_POINT('Ctrl Pts',(0.190377448068817,183.336070796356,3.02029794954211));
#1051=CARTESIAN_POINT('Ctrl Pts',(0.122148333457675,216.652069040325,3.07407260122725));
#1052=CARTESIAN_POINT('Ctrl Pts',(0.0945082895952019,249.971181250936,3.10331955452904));
#1053=CARTESIAN_POINT('Ctrl Pts',(0.173277454277395,299.976182844027,2.96052509743807));
#1054=CARTESIAN_POINT('Ctrl Pts',(0.262601473122551,349.992304358712,2.77847095829798));
#1055=CARTESIAN_POINT('Ctrl Pts',(0.251717725542329,383.333411576172,2.71303825943174));
#1056=CARTESIAN_POINT('Ctrl Pts',(0.2096801085093,416.665548907266,2.69751746170181));
#1057=CARTESIAN_POINT('Ctrl Pts',(0.169892547077875,449.997011506166,2.74202758277221));
#1058=CARTESIAN_POINT('Ctrl Pts',(0.21180521999224,499.995306727101,2.73746549033677));
#1059=CARTESIAN_POINT('Ctrl Pts',(0.284813193885516,549.996442027129,2.62950289516995));
#1060=CARTESIAN_POINT('Ctrl Pts',(0.322297980636841,583.331637211882,2.4338443026006));
#1061=CARTESIAN_POINT('Ctrl Pts',(0.343908345111222,616.643715969214,2.19674957429991));
#1062=CARTESIAN_POINT('Ctrl Pts',(0.337663883945124,649.950667809197,1.91554032172026));
#1063=CARTESIAN_POINT('Ctrl Pts',(0.290026585126301,699.954411652358,1.50754315952779));
#1064=CARTESIAN_POINT('Ctrl Pts',(0.249706781770893,749.978922414437,1.33253546185431));
#1065=CARTESIAN_POINT('Ctrl Pts',(0.196540219487937,783.330285491942,0.946856805922746));
#1066=CARTESIAN_POINT('Ctrl Pts',(0.218974863020172,800.,1.12008627350717));
#1067=CARTESIAN_POINT('Ctrl Pts',(-0.225054716652949,0.,1.03491887277562));
#1068=CARTESIAN_POINT('Ctrl Pts',(-0.0848750600427828,16.6673567194567,
0.600082425640382));
#1069=CARTESIAN_POINT('Ctrl Pts',(-0.177186701553123,50.0149365953915,0.884899486134602));
#1070=CARTESIAN_POINT('Ctrl Pts',(-0.0900812720523258,100.01502043016,0.582256921319205));
#1071=CARTESIAN_POINT('Ctrl Pts',(-0.130198773575206,150.009772273247,0.667077198945302));
#1072=CARTESIAN_POINT('Ctrl Pts',(-0.188791497910883,183.336396847055,0.806957962245455));
#1073=CARTESIAN_POINT('Ctrl Pts',(-0.2310081603474,216.651743404665,0.921086667438771));
#1074=CARTESIAN_POINT('Ctrl Pts',(-0.258148606339513,249.970521417328,1.0077368017175));
#1075=CARTESIAN_POINT('Ctrl Pts',(-0.217594142652961,299.975616548955,0.940164074074126));
#1076=CARTESIAN_POINT('Ctrl Pts',(-0.170444020681282,349.992094943759,0.826449304268675));
#1077=CARTESIAN_POINT('Ctrl Pts',(-0.188802842492015,383.333392956844,0.80391436977279));
#1078=CARTESIAN_POINT('Ctrl Pts',(-0.215344649121948,416.665567266203,0.829864853667382));
#1079=CARTESIAN_POINT('Ctrl Pts',(-0.248286542747398,449.99711405384,0.913222424713943));
#1080=CARTESIAN_POINT('Ctrl Pts',(-0.209630939281712,499.995573916609,0.97174972587669));
#1081=CARTESIAN_POINT('Ctrl Pts',(-0.143804549472171,549.996756997839,0.946745189818091));
#1082=CARTESIAN_POINT('Ctrl Pts',(-0.106799141763921,583.331791921655,0.828406328379567));
#1083=CARTESIAN_POINT('Ctrl Pts',(-0.0799055123497687,616.643561648752,
0.68505014791241));
#1084=CARTESIAN_POINT('Ctrl Pts',(-0.0615387026246697,649.950569220092,
0.518166063858106));
#1085=CARTESIAN_POINT('Ctrl Pts',(-0.0436518584121943,699.954846612614,
0.318095520334778));
#1086=CARTESIAN_POINT('Ctrl Pts',(-0.0192936452008466,749.97965661184,0.364467223689703));
#1087=CARTESIAN_POINT('Ctrl Pts',(-0.0508592817667797,783.330740490184,
0.108805020849192));
#1088=CARTESIAN_POINT('Ctrl Pts',(-0.0269638263382586,800.,0.347050500125916));
#1089=CARTESIAN_POINT('Ctrl Pts',(9.0607961837024E-16,0.,-4.16662628197536E-15));
#1090=CARTESIAN_POINT('Ctrl Pts',(0.1381989458741,16.6674105909905,-0.418988931061927));
#1091=CARTESIAN_POINT('Ctrl Pts',(0.0422437881963742,50.0150963550354,-0.100824364804537));
#1092=CARTESIAN_POINT('Ctrl Pts',(0.124930062737746,100.015277007172,-0.354013085968325));
#1093=CARTESIAN_POINT('Ctrl Pts',(0.0815334147041989,150.010007239962,-0.225839638671908));
#1094=CARTESIAN_POINT('Ctrl Pts',(0.0215768720431169,183.336500863492,-0.0648045012172623));
#1095=CARTESIAN_POINT('Ctrl Pts',(-0.0215608028126897,216.651639462258,
0.0647572734451872));
#1096=CARTESIAN_POINT('Ctrl Pts',(-0.0479280952990703,249.970311656849,
0.162965949249401));
#1097=CARTESIAN_POINT('Ctrl Pts',(-0.00515934013653362,299.975441572263,
0.105570755000513));
#1098=CARTESIAN_POINT('Ctrl Pts',(0.0412312046537092,349.992035524416,-0.00067742080152377));
#1099=CARTESIAN_POINT('Ctrl Pts',(0.0176972813851481,383.333389237241,-0.0170747250247645));
#1100=CARTESIAN_POINT('Ctrl Pts',(-0.0176962043754501,416.665570985574,
0.0170763119304159));
#1101=CARTESIAN_POINT('Ctrl Pts',(-0.0649593110710719,449.997147337236,
0.101770899773187));
#1102=CARTESIAN_POINT('Ctrl Pts',(-0.0571026718450055,499.995663960719,
0.158187556546187));
#1103=CARTESIAN_POINT('Ctrl Pts',(-0.0243007117280295,549.996862250027,
0.14343241679353));
#1104=CARTESIAN_POINT('Ctrl Pts',(-0.00606511056409545,583.331843621217,
0.0511535379063484));
#1105=CARTESIAN_POINT('Ctrl Pts',(0.00605783984719269,616.643510025636,
-0.0510638207710771));
#1106=CARTESIAN_POINT('Ctrl Pts',(0.012088044120625,649.950542964555,-0.163279246432114));
#1107=CARTESIAN_POINT('Ctrl Pts',(0.0153651790487785,699.955012921258,-0.255899360398447));
#1108=CARTESIAN_POINT('Ctrl Pts',(0.0256384020821733,749.979938782753,-0.0918572994391679));
#1109=CARTESIAN_POINT('Ctrl Pts',(-0.0172143926375164,783.330894521803,
-0.272420235316115));
#1110=CARTESIAN_POINT('Ctrl Pts',(0.,800.,0.));
#1111=CARTESIAN_POINT('Ctrl Pts',(291.088717882799,0.,72.5765686799002));
#1112=CARTESIAN_POINT('Ctrl Pts',(289.233660857956,7.98897772381284,71.3051483565667));
#1113=CARTESIAN_POINT('Ctrl Pts',(285.513094677936,23.9677476793928,68.7967397853376));
#1114=CARTESIAN_POINT('Ctrl Pts',(279.900889082245,47.9383461314104,65.1374229381503));
#1115=CARTESIAN_POINT('Ctrl Pts',(272.354979171586,79.9040510922691,60.465770698731));
#1116=CARTESIAN_POINT('Ctrl Pts',(262.8166760944,119.869416099811,54.975241964858));
#1117=CARTESIAN_POINT('Ctrl Pts',(253.172195672443,159.842975273072,49.8349804523358));
#1118=CARTESIAN_POINT('Ctrl Pts',(243.423107701903,199.824485471458,45.0405562079286));
#1119=CARTESIAN_POINT('Ctrl Pts',(233.574039190446,239.813383314377,40.5779725451252));
#1120=CARTESIAN_POINT('Ctrl Pts',(223.634032405494,279.80865693403,36.4193255034059));
#1121=CARTESIAN_POINT('Ctrl Pts',(213.614777261589,319.809047776889,32.5296401960219));
#1122=CARTESIAN_POINT('Ctrl Pts',(203.528935291142,359.813245622482,28.8734241872638));
#1123=CARTESIAN_POINT('Ctrl Pts',(193.38854027863,399.820078723489,25.4209959407451));
#1124=CARTESIAN_POINT('Ctrl Pts',(183.203445202318,439.828702319002,22.1546893670821));
#1125=CARTESIAN_POINT('Ctrl Pts',(172.979776227887,479.838790366045,19.0750908414658));
#1126=CARTESIAN_POINT('Ctrl Pts',(162.720771844184,519.85039639597,16.1956046311421));
#1127=CARTESIAN_POINT('Ctrl Pts',(152.427626510403,559.863816527498,13.5369828072863));
#1128=CARTESIAN_POINT('Ctrl Pts',(142.100334226425,599.879454632045,11.1218004415103));
#1129=CARTESIAN_POINT('Ctrl Pts',(131.738544554582,639.897687373942,8.96878280064954));
#1130=CARTESIAN_POINT('Ctrl Pts',(121.342443849966,679.918726739991,7.08687189212796));
#1131=CARTESIAN_POINT('Ctrl Pts',(110.912514499193,719.942666098519,5.47834536007413));
#1132=CARTESIAN_POINT('Ctrl Pts',(102.541960143825,751.964151714903,4.40900255433612));
#1133=CARTESIAN_POINT('Ctrl Pts',(96.2492840471199,775.981570564208,3.72808137650719));
#1134=CARTESIAN_POINT('Ctrl Pts',(92.0476332117655,791.993760608262,3.32773077039348));
#1135=CARTESIAN_POINT('Ctrl Pts',(89.9451744317186,800.,3.14095470322509));
#1136=CARTESIAN_POINT('Ctrl Pts',(-1.79294342860149E-14,4.48235857150371E-15,
0.));
#1137=CARTESIAN_POINT('Ctrl Pts',(0.138198945874081,16.6674105909905,-0.418988931061922));
#1138=CARTESIAN_POINT('Ctrl Pts',(0.0422437367386883,50.0150963562027,-0.100824291557857));
#1139=CARTESIAN_POINT('Ctrl Pts',(0.124929992863242,100.015277009328,-0.354013024478035));
#1140=CARTESIAN_POINT('Ctrl Pts',(0.08153322984624,150.010007244084,-0.225839370806828));
#1141=CARTESIAN_POINT('Ctrl Pts',(-0.00839085488271833,199.993813847735,
0.01568440116972));
#1142=CARTESIAN_POINT('Ctrl Pts',(-0.04792340264316,249.982722733523,0.162967996463181));
#1143=CARTESIAN_POINT('Ctrl Pts',(-0.005152880207771,299.98025245427,0.10555477792432));
#1144=CARTESIAN_POINT('Ctrl Pts',(0.0412276649216473,349.989243601677,-0.000669289097966985));
#1145=CARTESIAN_POINT('Ctrl Pts',(0.00594009227630823,399.996380582957,
-0.0252807796626021));
#1146=CARTESIAN_POINT('Ctrl Pts',(-0.0649594568439109,449.99714735017,0.101768939532967));
#1147=CARTESIAN_POINT('Ctrl Pts',(-0.0571029821814001,499.995663982363,
0.158184645233644));
#1148=CARTESIAN_POINT('Ctrl Pts',(-0.0243011995821234,549.996862279846,
0.143428137742853));
#1149=CARTESIAN_POINT('Ctrl Pts',(0.00304432595878945,599.985453470765,
0.00504596042568527));
#1150=CARTESIAN_POINT('Ctrl Pts',(0.0120895788441065,649.972093201016,-0.163341192272603));
#1151=CARTESIAN_POINT('Ctrl Pts',(0.0153627780145829,699.963634274569,-0.255915000303386));
#1152=CARTESIAN_POINT('Ctrl Pts',(0.0256409267870043,749.975629038891,-0.091837769471377));
#1153=CARTESIAN_POINT('Ctrl Pts',(-0.0172188457897128,783.326582428705,
-0.272490707089058));
#1154=CARTESIAN_POINT('Ctrl Pts',(0.,800.,0.));
#1155=CARTESIAN_POINT('Ctrl Pts',(0.,0.,0.));
#1156=CARTESIAN_POINT('Ctrl Pts',(0.138198945874099,16.6674105909905,-0.418988931061923));
#1157=CARTESIAN_POINT('Ctrl Pts',(0.0422437881963736,50.0150963550354,-0.100824364804535));
#1158=CARTESIAN_POINT('Ctrl Pts',(0.124930062737747,100.015277007172,-0.354013085968327));
#1159=CARTESIAN_POINT('Ctrl Pts',(0.0815334147042002,150.010007239962,-0.225839638671914));
#1160=CARTESIAN_POINT('Ctrl Pts',(0.0215768720431185,183.336500863492,-0.0648045012172695));
#1161=CARTESIAN_POINT('Ctrl Pts',(-0.021560802812688,216.651639462258,0.0647572734451801));
#1162=CARTESIAN_POINT('Ctrl Pts',(-0.047928095299069,249.970311656849,0.162965949249395));
#1163=CARTESIAN_POINT('Ctrl Pts',(-0.0051593401365332,299.975441572263,
0.105570755000511));
#1164=CARTESIAN_POINT('Ctrl Pts',(0.0412312046537087,349.992035524416,-0.000677420801521774));
#1165=CARTESIAN_POINT('Ctrl Pts',(0.0176972813851472,383.333389237241,-0.0170747250247611));
#1166=CARTESIAN_POINT('Ctrl Pts',(-0.0176962043754509,416.665570985574,
0.0170763119304193));
#1167=CARTESIAN_POINT('Ctrl Pts',(-0.0649593110710725,449.997147337236,
0.10177089977319));
#1168=CARTESIAN_POINT('Ctrl Pts',(-0.0571026718450058,499.995663960719,
0.158187556546188));
#1169=CARTESIAN_POINT('Ctrl Pts',(-0.0243007117280293,549.996862250027,
0.143432416793528));
#1170=CARTESIAN_POINT('Ctrl Pts',(-0.00606511056409508,583.331843621217,
0.0511535379063455));
#1171=CARTESIAN_POINT('Ctrl Pts',(0.00605783984719306,616.643510025636,
-0.0510638207710801));
#1172=CARTESIAN_POINT('Ctrl Pts',(0.0120880441206253,649.950542964555,-0.163279246432117));
#1173=CARTESIAN_POINT('Ctrl Pts',(0.0153651790487787,699.955012921258,-0.255899360398449));
#1174=CARTESIAN_POINT('Ctrl Pts',(0.0256384020821733,749.979938782753,-0.0918572994391682));
#1175=CARTESIAN_POINT('Ctrl Pts',(-0.0172143926375164,783.330894521803,
-0.272420235316115));
#1176=CARTESIAN_POINT('Ctrl Pts',(0.,800.,0.));
#1177=CARTESIAN_POINT('Ctrl Pts',(0.234987945236178,0.,-1.08059703443011));
#1178=CARTESIAN_POINT('Ctrl Pts',(0.371118757845186,16.6674668402495,-1.48303898840775));
#1179=CARTESIAN_POINT('Ctrl Pts',(0.271359270312295,50.0152631659825,-1.13005505922129));
#1180=CARTESIAN_POINT('Ctrl Pts',(0.349431341876548,100.015544908711,-1.33160719495132));
#1181=CARTESIAN_POINT('Ctrl Pts',(0.302610815809563,150.01025257739,-1.15816710133967));
#1182=CARTESIAN_POINT('Ctrl Pts',(0.24123026004301,183.336609470897,-0.975043900194329));
#1183=CARTESIAN_POINT('Ctrl Pts',(0.197130922089604,216.65153093215,-0.829367887460472));
#1184=CARTESIAN_POINT('Ctrl Pts',(0.171570907745916,249.970092638183,-0.719090511371295));
#1185=CARTESIAN_POINT('Ctrl Pts',(0.216651686454698,299.975258872634,-0.765858966951869));
#1186=CARTESIAN_POINT('Ctrl Pts',(0.262249128644075,349.991973482484,-0.864310996070685));
#1187=CARTESIAN_POINT('Ctrl Pts',(0.233311690727831,383.333385353466,-0.874299773746083));
#1188=CARTESIAN_POINT('Ctrl Pts',(0.188675839724951,416.665574869107,-0.831586236336936));
#1189=CARTESIAN_POINT('Ctrl Pts',(0.126459425306219,449.99718208966,-0.745495619855619));
#1190=CARTESIAN_POINT('Ctrl Pts',(0.102157727974376,499.995757979102,-0.691282764876456));
#1191=CARTESIAN_POINT('Ctrl Pts',(0.100477660824981,549.996972147726,-0.695336131239675));
#1192=CARTESIAN_POINT('Ctrl Pts',(0.0991150134477359,583.331897602639,-0.760404819450988));
#1193=CARTESIAN_POINT('Ctrl Pts',(0.095815352148208,616.643456124033,-0.819667614253559));
#1194=CARTESIAN_POINT('Ctrl Pts',(0.088964450842555,649.950515550179,-0.874801473726129));
#1195=CARTESIAN_POINT('Ctrl Pts',(0.0769870484907004,699.955186570258,-0.855228623990749));
#1196=CARTESIAN_POINT('Ctrl Pts',(0.0725536128509679,749.98023340783,-0.568322594837935));
#1197=CARTESIAN_POINT('Ctrl Pts',(0.0179154792521192,783.331055351907,-0.670471611224695));
#1198=CARTESIAN_POINT('Ctrl Pts',(0.0281539273700052,800.,-0.362368250399914));
#1199=CARTESIAN_POINT('Ctrl Pts',(1.47765459959518,0.,-2.88893282486178));
#1200=CARTESIAN_POINT('Ctrl Pts',(1.60352020233307,16.6675665707818,-3.26379252167396));
#1201=CARTESIAN_POINT('Ctrl Pts',(1.46938150650947,50.015521958334,-2.86074899082705));
#1202=CARTESIAN_POINT('Ctrl Pts',(1.47404344182527,100.015991297927,-2.99386679417584));
#1203=CARTESIAN_POINT('Ctrl Pts',(1.35598623241359,150.010671192884,-2.76353692704266));
#1204=CARTESIAN_POINT('Ctrl Pts',(1.26382101953427,183.336798214305,-2.55110947292332));
#1205=CARTESIAN_POINT('Ctrl Pts',(1.20491687141411,216.651342299779,-2.3809825880616));
#1206=CARTESIAN_POINT('Ctrl Pts',(1.19649674151487,249.969712744487,-2.23962341455181));
#1207=CARTESIAN_POINT('Ctrl Pts',(1.31213882967675,299.974945159728,-2.23172033193611));
#1208=CARTESIAN_POINT('Ctrl Pts',(1.42246187637197,349.991871101644,-2.28004046055839));
#1209=CARTESIAN_POINT('Ctrl Pts',(1.39899490909629,383.333381160996,-2.26797512199403));
#1210=CARTESIAN_POINT('Ctrl Pts',(1.32398385513251,416.665579080376,-2.2129878744618));
#1211=CARTESIAN_POINT('Ctrl Pts',(1.19895611215688,449.99723962883,-2.13287670930254));
#1212=CARTESIAN_POINT('Ctrl Pts',(1.02931370813568,499.99592283645,-2.10252357679411));
#1213=CARTESIAN_POINT('Ctrl Pts',(0.877768162944571,549.997167748464,-2.1059484140118));
#1214=CARTESIAN_POINT('Ctrl Pts',(0.804511202972586,583.331994167912,-2.12790492119557));
#1215=CARTESIAN_POINT('Ctrl Pts',(0.758858134619135,616.643359694255,-2.10970766651396));
#1216=CARTESIAN_POINT('Ctrl Pts',(0.702423948968831,649.950470492552,-2.07052443031796));
#1217=CARTESIAN_POINT('Ctrl Pts',(0.605541114844402,699.955508601364,-1.87400769226146));
#1218=CARTESIAN_POINT('Ctrl Pts',(0.516925182840015,749.980777757623,-1.39018462612656));
#1219=CARTESIAN_POINT('Ctrl Pts',(0.414319155918536,783.331345211242,-1.35661632596773));
#1220=CARTESIAN_POINT('Ctrl Pts',(0.404363997364409,800.,-0.983155356733955));
#1221=CARTESIAN_POINT('Ctrl Pts',(5.74819332581965,0.,-4.46699152254387));
#1222=CARTESIAN_POINT('Ctrl Pts',(5.84119522681295,16.6676800130429,-4.81622783043767));
#1223=CARTESIAN_POINT('Ctrl Pts',(5.57740967228478,50.01569953641,-4.39613998218113));
#1224=CARTESIAN_POINT('Ctrl Pts',(5.28382040922592,100.016408259522,-4.53291414803146));
#1225=CARTESIAN_POINT('Ctrl Pts',(4.87018584714526,150.011094992836,-4.32016413277437));
#1226=CARTESIAN_POINT('Ctrl Pts',(4.65049079909586,183.337000527266,-4.10857419648163));
#1227=CARTESIAN_POINT('Ctrl Pts',(4.5326768630876,216.65114008418,-3.9240642570706));
#1228=CARTESIAN_POINT('Ctrl Pts',(4.56134137414632,249.969308041799,-3.73062220645141));
#1229=CARTESIAN_POINT('Ctrl Pts',(4.87210078755473,299.974621361571,-3.58830663993065));
#1230=CARTESIAN_POINT('Ctrl Pts',(5.16982259638042,349.991779118778,-3.50583704592564));
#1231=CARTESIAN_POINT('Ctrl Pts',(5.16802466856186,383.333385008207,-3.44871518578595));
#1232=CARTESIAN_POINT('Ctrl Pts',(5.01350933697018,416.665575280671,-3.38928275714747));
#1233=CARTESIAN_POINT('Ctrl Pts',(4.71001771687165,449.997291907384,-3.34027998892119));
#1234=CARTESIAN_POINT('Ctrl Pts',(4.12014079660675,499.996104243055,-3.39236359336966));
#1235=CARTESIAN_POINT('Ctrl Pts',(3.54193526614486,549.99739244553,-3.44522247166535));
#1236=CARTESIAN_POINT('Ctrl Pts',(3.27720410827346,583.332106659127,-3.43180725269485));
#1237=CARTESIAN_POINT('Ctrl Pts',(3.13519212437465,616.64324735263,-3.32152855182351));
#1238=CARTESIAN_POINT('Ctrl Pts',(2.93368860535137,649.950430493111,-3.19957081664274));
#1239=CARTESIAN_POINT('Ctrl Pts',(2.5460668350809,699.955919480723,-2.87920668309093));
#1240=CARTESIAN_POINT('Ctrl Pts',(2.16676473963454,749.98146610095,-2.24545227527826));
#1241=CARTESIAN_POINT('Ctrl Pts',(1.91992437188757,783.331689687457,-2.0706268318289));
#1242=CARTESIAN_POINT('Ctrl Pts',(1.86191827494806,800.,-1.61623189689686));
#1243=CARTESIAN_POINT('Ctrl Pts',(12.225758092416,0.,-4.93578651241817));
#1244=CARTESIAN_POINT('Ctrl Pts',(12.2693528957729,16.6677593241112,-5.27436942422197));
#1245=CARTESIAN_POINT('Ctrl Pts',(11.8098775726779,50.0156804204433,-4.8905779243064));
#1246=CARTESIAN_POINT('Ctrl Pts',(11.0637095432075,100.016588157393,-5.12709969250719));
#1247=CARTESIAN_POINT('Ctrl Pts',(10.1996059920712,150.01132671919,-5.02481878527984));
#1248=CARTESIAN_POINT('Ctrl Pts',(9.7832797480637,183.337126603225,-4.85503813096414));
#1249=CARTESIAN_POINT('Ctrl Pts',(9.57179524650687,216.651014027639,-4.67739828750145));
#1250=CARTESIAN_POINT('Ctrl Pts',(9.60681106644954,249.969059152649,-4.44298195215874));
#1251=CARTESIAN_POINT('Ctrl Pts',(10.072703269821,299.97443604491,-4.16528428652744));
#1252=CARTESIAN_POINT('Ctrl Pts',(10.5187837534314,349.99174522206,-3.94804722362578));
#1253=CARTESIAN_POINT('Ctrl Pts',(10.5098405851651,383.333398420853,-3.85082515020671));
#1254=CARTESIAN_POINT('Ctrl Pts',(10.2436094137204,416.665561941712,-3.80032435972428));
#1255=CARTESIAN_POINT('Ctrl Pts',(9.70271763958747,449.997312035776,-3.79921941166519));
#1256=CARTESIAN_POINT('Ctrl Pts',(8.56376312504697,499.996223436896,-3.96515350666587));
#1257=CARTESIAN_POINT('Ctrl Pts',(7.43041364377181,549.997552303101,-4.10235093247184));
#1258=CARTESIAN_POINT('Ctrl Pts',(6.91588221349492,583.332188624251,-4.07705736009256));
#1259=CARTESIAN_POINT('Ctrl Pts',(6.64637841276172,616.643165483084,-3.89756779261538));
#1260=CARTESIAN_POINT('Ctrl Pts',(6.23993357637794,649.950416354193,-3.74468099927582));
#1261=CARTESIAN_POINT('Ctrl Pts',(5.4281604474688,699.956261831103,-3.42323382859009));
#1262=CARTESIAN_POINT('Ctrl Pts',(4.62382089395193,749.982032782156,-2.76594296656919));
#1263=CARTESIAN_POINT('Ctrl Pts',(4.17143090869929,783.331948968074,-2.50515969291388));
#1264=CARTESIAN_POINT('Ctrl Pts',(4.04857836725794,800.,-1.98599912829956));
#1265=CARTESIAN_POINT('Ctrl Pts',(21.3725354643249,0.,-4.35624419483664));
#1266=CARTESIAN_POINT('Ctrl Pts',(21.3438765300094,16.6678118042481,-4.69875533360259));
#1267=CARTESIAN_POINT('Ctrl Pts',(20.6147743856078,50.0154560843017,-4.40583726838932));
#1268=CARTESIAN_POINT('Ctrl Pts',(19.2552638321103,100.016541942791,-4.83811598536534));
#1269=CARTESIAN_POINT('Ctrl Pts',(17.7795514011627,150.011384167679,-4.9401652233661));
#1270=CARTESIAN_POINT('Ctrl Pts',(17.0893863255316,183.337187064399,-4.85462188850678));
#1271=CARTESIAN_POINT('Ctrl Pts',(16.7373579033647,216.650953509934,-4.70707456781005));
#1272=CARTESIAN_POINT('Ctrl Pts',(16.7081399622999,249.968945383059,-4.45427680983969));
#1273=CARTESIAN_POINT('Ctrl Pts',(17.1872887313269,299.974374795532,-4.07140563500023));
#1274=CARTESIAN_POINT('Ctrl Pts',(17.6400503934465,349.991768203036,-3.74653296459179));
#1275=CARTESIAN_POINT('Ctrl Pts',(17.5538234012081,383.333423313298,-3.62546724770958));
#1276=CARTESIAN_POINT('Ctrl Pts',(17.1295950260457,416.665537156085,-3.59909969108609));
#1277=CARTESIAN_POINT('Ctrl Pts',(16.290031165265,449.997300763757,-3.66438518775929));
#1278=CARTESIAN_POINT('Ctrl Pts',(14.486768888209,499.996290821235,-3.97617806001869));
#1279=CARTESIAN_POINT('Ctrl Pts',(12.6827681206343,549.997662176673,-4.23005637924653));
#1280=CARTESIAN_POINT('Ctrl Pts',(11.8564610120157,583.33224781414,-4.21168056567027));
#1281=CARTESIAN_POINT('Ctrl Pts',(11.4125918209732,616.643106343939,-3.97932603615978));
#1282=CARTESIAN_POINT('Ctrl Pts',(10.7327854363454,649.950427459919,-3.83731785033894));
#1283=CARTESIAN_POINT('Ctrl Pts',(9.36134568761088,699.956570118399,-3.61594379002828));
#1284=CARTESIAN_POINT('Ctrl Pts',(7.99541980569348,749.982534491526,-3.03753938578343));
#1285=CARTESIAN_POINT('Ctrl Pts',(7.26755388507532,783.332148074539,-2.73014116972999));
#1286=CARTESIAN_POINT('Ctrl Pts',(7.05506020894171,800.,-2.15594846884717));
#1287=CARTESIAN_POINT('Ctrl Pts',(33.0226900278306,0.,-2.58057638066177));
#1288=CARTESIAN_POINT('Ctrl Pts',(32.8935921629987,16.6678267115095,-2.94652702521034));
#1289=CARTESIAN_POINT('Ctrl Pts',(31.8339717241273,50.0149685069947,-2.80424159987966));
#1290=CARTESIAN_POINT('Ctrl Pts',(29.7538672667692,100.016197480089,-3.52382122170804));
#1291=CARTESIAN_POINT('Ctrl Pts',(27.558698360069,150.011207845428,-3.91859928370303));
#1292=CARTESIAN_POINT('Ctrl Pts',(26.5296113568782,183.337157911885,-3.96127441896654));
#1293=CARTESIAN_POINT('Ctrl Pts',(25.9789560923835,216.650982508166,-3.87416841280619));
#1294=CARTESIAN_POINT('Ctrl Pts',(25.762603169079,249.969015843083,-3.64778161361402));
#1295=CARTESIAN_POINT('Ctrl Pts',(25.9730019862807,299.974481245714,-3.24513467370282));
#1296=CARTESIAN_POINT('Ctrl Pts',(26.1508821703146,349.991866309217,-2.89399313501195));
#1297=CARTESIAN_POINT('Ctrl Pts',(25.8654287193808,383.333462695856,-2.78558861031237));
#1298=CARTESIAN_POINT('Ctrl Pts',(25.2264055890667,416.665497919503,-2.80316351261641));
#1299=CARTESIAN_POINT('Ctrl Pts',(24.0488113455779,449.997247874103,-2.95291007941146));
#1300=CARTESIAN_POINT('Ctrl Pts',(21.5474571495906,499.996286685069,-3.4347425160123));
#1301=CARTESIAN_POINT('Ctrl Pts',(19.0388919291119,549.997701612039,-3.8308614661496));
#1302=CARTESIAN_POINT('Ctrl Pts',(17.861000087257,583.332274619077,-3.83979405979486));
#1303=CARTESIAN_POINT('Ctrl Pts',(17.1857721229911,616.64307952876,-3.57836874387553));
#1304=CARTESIAN_POINT('Ctrl Pts',(16.1805653188413,649.950471627817,-3.48699238734073));
#1305=CARTESIAN_POINT('Ctrl Pts',(14.178136813138,699.956821890032,-3.4499884109241));
#1306=CARTESIAN_POINT('Ctrl Pts',(12.1780530652815,749.982931482861,-3.03712420962276));
#1307=CARTESIAN_POINT('Ctrl Pts',(11.120830130426,783.332260185363,-2.72155598803241));
#1308=CARTESIAN_POINT('Ctrl Pts',(10.7885339098653,800.,-2.1072255003573));
#1309=CARTESIAN_POINT('Ctrl Pts',(46.0804938681961,0.,0.231082580436138));
#1310=CARTESIAN_POINT('Ctrl Pts',(45.8178802707735,16.6677944561527,-0.182422530154019));
#1311=CARTESIAN_POINT('Ctrl Pts',(44.405219459801,50.0141693413707,-0.244004243674265));
#1312=CARTESIAN_POINT('Ctrl Pts',(41.6257669580302,100.015492537944,-1.30506418612801));
#1313=CARTESIAN_POINT('Ctrl Pts',(38.731560636999,150.010745442289,-2.04272511480288));
#1314=CARTESIAN_POINT('Ctrl Pts',(37.3360559269555,183.337017693736,-2.24807025532737));
#1315=CARTESIAN_POINT('Ctrl Pts',(36.5184269451768,216.651122463874,-2.25852077996531));
#1316=CARTESIAN_POINT('Ctrl Pts',(35.9801704177289,249.969314498049,-2.11782309148621));
#1317=CARTESIAN_POINT('Ctrl Pts',(35.6196192661528,299.974794440858,-1.8134909473209));
#1318=CARTESIAN_POINT('Ctrl Pts',(35.2210537126327,349.992055819081,-1.54927417949588));
#1319=CARTESIAN_POINT('Ctrl Pts',(34.6029545324083,383.333519257401,-1.50275882077447));
#1320=CARTESIAN_POINT('Ctrl Pts',(33.6825962213524,416.665441542206,-1.58856427645355));
#1321=CARTESIAN_POINT('Ctrl Pts',(32.1533234174709,449.997144143316,-1.84134341167472));
#1322=CARTESIAN_POINT('Ctrl Pts',(29.0118080473078,499.996193290015,-2.51249480764245));
#1323=CARTESIAN_POINT('Ctrl Pts',(25.8566348431554,549.997652284339,-3.07239986947961));
#1324=CARTESIAN_POINT('Ctrl Pts',(24.3133322526535,583.332260447669,-3.13125189619408));
#1325=CARTESIAN_POINT('Ctrl Pts',(23.3404151026422,616.643093617068,-2.8714344543971));
#1326=CARTESIAN_POINT('Ctrl Pts',(22.0040272307774,649.950555554411,-2.85320039623618));
#1327=CARTESIAN_POINT('Ctrl Pts',(19.4519742167606,699.956996274345,-3.0232277818231));
#1328=CARTESIAN_POINT('Ctrl Pts',(16.897726587428,749.98318690928,-2.80185021481963));
#1329=CARTESIAN_POINT('Ctrl Pts',(15.5033302554314,783.332261315812,-2.50041006119586));
#1330=CARTESIAN_POINT('Ctrl Pts',(15.0161997776405,800.,-1.86551570704254));
#1331=CARTESIAN_POINT('Ctrl Pts',(58.376190142654,0.,3.46282557332519));
#1332=CARTESIAN_POINT('Ctrl Pts',(57.9583013964877,16.6677184825836,2.98163103371051));
#1333=CARTESIAN_POINT('Ctrl Pts',(56.2244247387084,50.0131358979181,2.69303229245615));
#1334=CARTESIAN_POINT('Ctrl Pts',(52.899837383095,100.014495313372,1.3023610345565));
#1335=CARTESIAN_POINT('Ctrl Pts',(49.4599343596799,150.010041550024,0.237745158118081));
#1336=CARTESIAN_POINT('Ctrl Pts',(47.7261435163156,183.336779883436,-0.138770570602895));
#1337=CARTESIAN_POINT('Ctrl Pts',(46.5958537051307,216.651359900099,-0.275932772788028));
#1338=CARTESIAN_POINT('Ctrl Pts',(45.6942100324349,249.969812841852,-0.261334476743756));
#1339=CARTESIAN_POINT('Ctrl Pts',(44.7068658821018,299.975285054086,-0.129883327138707));
#1340=CARTESIAN_POINT('Ctrl Pts',(43.6770379881116,349.992319511413,-0.0232589805548585));
#1341=CARTESIAN_POINT('Ctrl Pts',(42.6868953827436,383.333588064581,-0.0710907085734855));
#1342=CARTESIAN_POINT('Ctrl Pts',(41.4422887925001,416.665372958473,-0.244024930010342));
#1343=CARTESIAN_POINT('Ctrl Pts',(39.5759825728144,449.996998835326,-0.610492786892959));
#1344=CARTESIAN_POINT('Ctrl Pts',(35.902330352683,499.996019703054,-1.47600967885096));
#1345=CARTESIAN_POINT('Ctrl Pts',(32.2091620585424,549.997519769653,-2.20897815764042));
#1346=CARTESIAN_POINT('Ctrl Pts',(30.3161225953454,583.332207202561,-2.33656958684131));
#1347=CARTESIAN_POINT('Ctrl Pts',(29.0042383753628,616.643146707174,-2.10874681934607));
#1348=CARTESIAN_POINT('Ctrl Pts',(27.3811648249623,649.950671132051,-2.16434924152871));
#1349=CARTESIAN_POINT('Ctrl Pts',(24.4743739295524,699.957079006946,-2.49984689810232));
#1350=CARTESIAN_POINT('Ctrl Pts',(21.5599839268583,749.983280133694,-2.43281046853197));
#1351=CARTESIAN_POINT('Ctrl Pts',(19.8715744393024,783.332153402363,-2.15093634991642));
#1352=CARTESIAN_POINT('Ctrl Pts',(19.2077565737124,800.,-1.51648724072507));
#1353=CARTESIAN_POINT('Ctrl Pts',(73.4487549830685,0.,8.022549298066));
#1354=CARTESIAN_POINT('Ctrl Pts',(72.7977339843207,16.6675654252501,7.42672633506737));
#1355=CARTESIAN_POINT('Ctrl Pts',(70.6770157476867,50.0114895437786,6.81417679638839));
#1356=CARTESIAN_POINT('Ctrl Pts',(66.8210222537213,100.012825209828,5.01638130992815));
#1357=CARTESIAN_POINT('Ctrl Pts',(62.8479178073236,150.008819130065,3.55298975030566));
#1358=CARTESIAN_POINT('Ctrl Pts',(60.700319743932,183.336347159604,2.94374275534857));
#1359=CARTESIAN_POINT('Ctrl Pts',(59.0983698006303,216.651792025489,2.60204476444563));
#1360=CARTESIAN_POINT('Ctrl Pts',(57.718520374506,249.970714116789,2.41138815728282));
#1361=CARTESIAN_POINT('Ctrl Pts',(55.9966545644548,299.976149564959,2.25774262268754));
#1362=CARTESIAN_POINT('Ctrl Pts',(54.2274812579922,349.992758922155,2.10430788411681));
#1363=CARTESIAN_POINT('Ctrl Pts',(52.7498797490046,383.333694311385,1.90302898473189));
#1364=CARTESIAN_POINT('Ctrl Pts',(51.0211920645711,416.6652670339,1.59058553084908));
#1365=CARTESIAN_POINT('Ctrl Pts',(48.7111202626913,449.996755582471,1.05964729520632));
#1366=CARTESIAN_POINT('Ctrl Pts',(44.4221604652364,499.99569291111,-0.0703662635380457));
#1367=CARTESIAN_POINT('Ctrl Pts',(40.106620759431,549.997244398136,-1.04431889107251));
#1368=CARTESIAN_POINT('Ctrl Pts',(37.7542126901767,583.332089902355,-1.28590488529126));
#1369=CARTESIAN_POINT('Ctrl Pts',(35.9406949184744,616.643263724635,-1.13734396188142));
#1370=CARTESIAN_POINT('Ctrl Pts',(33.9814402046057,649.950861980562,-1.28590975086503));
#1371=CARTESIAN_POINT('Ctrl Pts',(30.8138391677468,699.957078608284,-1.77294742817641));
#1372=CARTESIAN_POINT('Ctrl Pts',(27.6305455085376,749.983208768111,-1.84774525618574));
#1373=CARTESIAN_POINT('Ctrl Pts',(25.5948401684801,783.331880268819,-1.59227225309895));
#1374=CARTESIAN_POINT('Ctrl Pts',(24.6693511235449,800.,-0.983488328820414));
#1375=CARTESIAN_POINT('Ctrl Pts',(89.0017357791889,0.,13.3545098083773));
#1376=CARTESIAN_POINT('Ctrl Pts',(88.0493182053421,16.6673167731509,12.592759428184));
#1377=CARTESIAN_POINT('Ctrl Pts',(85.5218255431493,50.0092586129315,11.5829406872721));
#1378=CARTESIAN_POINT('Ctrl Pts',(81.2611295850326,100.010454822858,9.37015933774686));
#1379=CARTESIAN_POINT('Ctrl Pts',(76.8797792668668,150.007029100347,7.50828575639781));
#1380=CARTESIAN_POINT('Ctrl Pts',(74.2892275827443,183.33568957936,6.62799146679887));
#1381=CARTESIAN_POINT('Ctrl Pts',(72.0745766866246,216.652448769869,6.00168465611013));
#1382=CARTESIAN_POINT('Ctrl Pts',(70.2422946124846,249.97207797255,5.54256657483559));
#1383=CARTESIAN_POINT('Ctrl Pts',(68.074025297448,299.977432911632,5.0421700788577));
#1384=CARTESIAN_POINT('Ctrl Pts',(65.8545362429793,349.993382764759,4.57708206896993));
#1385=CARTESIAN_POINT('Ctrl Pts',(63.9171166439472,383.333835257783,4.17969783319108));
#1386=CARTESIAN_POINT('Ctrl Pts',(61.5657357268311,416.665126493887,3.67406334141831));
#1387=CARTESIAN_POINT('Ctrl Pts',(58.722414515754,449.996408393841,2.93962763509377));
#1388=CARTESIAN_POINT('Ctrl Pts',(53.756118508931,499.9951839291,1.50851019158379));
#1389=CARTESIAN_POINT('Ctrl Pts',(48.7564871122253,549.996788696149,0.252919711353048));
#1390=CARTESIAN_POINT('Ctrl Pts',(45.8554614499909,583.331889564268,-0.148925316915923));
#1391=CARTESIAN_POINT('Ctrl Pts',(43.402819923759,616.643463628567,-0.144696972374113));
#1392=CARTESIAN_POINT('Ctrl Pts',(41.06642726453,649.951129484509,-0.396996244578069));
#1393=CARTESIAN_POINT('Ctrl Pts',(37.7201318425186,699.956910739396,-0.972541338646464));
#1394=CARTESIAN_POINT('Ctrl Pts',(34.347959101739,749.982833067105,-1.13231543574548));
#1395=CARTESIAN_POINT('Ctrl Pts',(31.9210513937195,783.331382157305,-0.914614698819436));
#1396=CARTESIAN_POINT('Ctrl Pts',(30.6623052689098,800.,-0.372038289513805));
#1397=CARTESIAN_POINT('Ctrl Pts',(109.479047597704,0.,19.9872776644474));
#1398=CARTESIAN_POINT('Ctrl Pts',(108.153780790005,16.6669697396782,19.0040400409736));
#1399=CARTESIAN_POINT('Ctrl Pts',(105.075603325317,50.0064810911548,17.4922424649391));
#1400=CARTESIAN_POINT('Ctrl Pts',(100.177520205209,100.007399224092,14.7663882716724));
#1401=CARTESIAN_POINT('Ctrl Pts',(95.1535311712872,150.004669094348,12.4164295366995));
#1402=CARTESIAN_POINT('Ctrl Pts',(91.9677953846679,183.334800841502,11.1929003233705));
#1403=CARTESIAN_POINT('Ctrl Pts',(88.9928111439732,216.653336467386,10.1940854555045));
#1404=CARTESIAN_POINT('Ctrl Pts',(86.5864392213753,249.973918138898,9.38342014419652));
#1405=CARTESIAN_POINT('Ctrl Pts',(83.8273799158555,299.979147087591,8.42644386678688));
#1406=CARTESIAN_POINT('Ctrl Pts',(81.0135739776469,349.994195316821,7.55035029650467));
#1407=CARTESIAN_POINT('Ctrl Pts',(78.4955240283375,383.334011682718,6.8950879765014));
#1408=CARTESIAN_POINT('Ctrl Pts',(75.3749382668597,416.664950530002,6.13595285325705));
#1409=CARTESIAN_POINT('Ctrl Pts',(71.8563743420353,449.995953267294,5.16644822394716));
#1410=CARTESIAN_POINT('Ctrl Pts',(66.005472002954,499.994485848512,3.42981950373551));
#1411=CARTESIAN_POINT('Ctrl Pts',(60.1151152074519,549.996146703225,1.88457806851618));
#1412=CARTESIAN_POINT('Ctrl Pts',(56.5244484926193,583.331603660711,1.28439859836723));
#1413=CARTESIAN_POINT('Ctrl Pts',(53.2881736728215,616.643748954282,1.07387025775753));
#1414=CARTESIAN_POINT('Ctrl Pts',(50.3401317049969,649.951471282798,0.66648760010372));
#1415=CARTESIAN_POINT('Ctrl Pts',(46.3275128534267,699.956557484134,-0.0482473328344307));
#1416=CARTESIAN_POINT('Ctrl Pts',(42.2773877191651,749.982122820589,-0.349585181001733));
#1417=CARTESIAN_POINT('Ctrl Pts',(39.2230211277784,783.330651990125,-0.222995047191189));
#1418=CARTESIAN_POINT('Ctrl Pts',(37.55693551421,800.,0.210504069075629));
#1419=CARTESIAN_POINT('Ctrl Pts',(139.11035366283,0.,28.8833086460985));
#1420=CARTESIAN_POINT('Ctrl Pts',(137.30845667462,16.6665022753391,27.6044293728404));
#1421=CARTESIAN_POINT('Ctrl Pts',(133.440169541342,50.0029892089793,25.4290271636897));
#1422=CARTESIAN_POINT('Ctrl Pts',(127.476564866139,100.003464660113,21.9957611963439));
#1423=CARTESIAN_POINT('Ctrl Pts',(121.379819991253,150.001583937838,18.973223102729));
#1424=CARTESIAN_POINT('Ctrl Pts',(117.348606567414,183.333620506477,17.2862548463678));
#1425=CARTESIAN_POINT('Ctrl Pts',(113.400107416778,216.65451544406,15.7936400600036));
#1426=CARTESIAN_POINT('Ctrl Pts',(110.084875835022,249.97636097305,14.4967350058293));
#1427=CARTESIAN_POINT('Ctrl Pts',(106.048598276928,299.981412148291,12.8713253359741));
#1428=CARTESIAN_POINT('Ctrl Pts',(101.95330178659,349.995255801094,11.3863933125985));
#1429=CARTESIAN_POINT('Ctrl Pts',(98.5185159564745,383.334237665216,10.3671128483348));
#1430=CARTESIAN_POINT('Ctrl Pts',(94.4138040950278,416.664725120361,9.27010113596341));
#1431=CARTESIAN_POINT('Ctrl Pts',(90.0163869892475,449.995355807566,8.01402514839597));
#1432=CARTESIAN_POINT('Ctrl Pts',(82.9905504122217,499.993550919821,5.94613130833998));
#1433=CARTESIAN_POINT('Ctrl Pts',(75.9192364484427,549.995278021748,4.085256616196));
#1434=CARTESIAN_POINT('Ctrl Pts',(71.4350845308663,583.331214996036,3.2357777569747));
#1435=CARTESIAN_POINT('Ctrl Pts',(67.2009435092734,616.644136850268,2.7248069530898));
#1436=CARTESIAN_POINT('Ctrl Pts',(63.2965072804917,649.951908870296,2.08415813884946));
#1437=CARTESIAN_POINT('Ctrl Pts',(57.9036069528919,699.956000881551,1.12298322545885));
#1438=CARTESIAN_POINT('Ctrl Pts',(52.4598337577397,749.981038897287,0.568434863474359));
#1439=CARTESIAN_POINT('Ctrl Pts',(48.4313925118827,783.329648575814,0.530672975874313));
#1440=CARTESIAN_POINT('Ctrl Pts',(46.2486800008464,800.,0.806700274267167));
#1441=CARTESIAN_POINT('Ctrl Pts',(175.331578370612,0.,38.9746250865679));
#1442=CARTESIAN_POINT('Ctrl Pts',(173.023989885895,16.6659910064688,37.3678136634824));
#1443=CARTESIAN_POINT('Ctrl Pts',(168.210840231935,49.999481593567,34.4616469446552));
#1444=CARTESIAN_POINT('Ctrl Pts',(160.811687855942,99.9993774418125,30.1952243577457));
#1445=CARTESIAN_POINT('Ctrl Pts',(153.271300127712,149.99831186735,26.3786120870773));
#1446=CARTESIAN_POINT('Ctrl Pts',(148.24050497934,183.332342576493,24.161509200591));
#1447=CARTESIAN_POINT('Ctrl Pts',(143.257887540037,216.655791915985,22.1215491795656));
#1448=CARTESIAN_POINT('Ctrl Pts',(138.704984940189,249.979006661249,20.2589228005615));
#1449=CARTESIAN_POINT('Ctrl Pts',(132.495714214095,299.983856653415,17.8079849655435));
#1450=CARTESIAN_POINT('Ctrl Pts',(126.22182705428,349.996388328267,15.5616991050062));
#1451=CARTESIAN_POINT('Ctrl Pts',(121.538890271191,383.334475873824,14.107902562117));
#1452=CARTESIAN_POINT('Ctrl Pts',(116.386110552299,416.664487491263,12.6319173269964));
#1453=CARTESIAN_POINT('Ctrl Pts',(111.040216202546,449.99471142806,11.0786464617692));
#1454=CARTESIAN_POINT('Ctrl Pts',(102.728102177573,499.992528786759,8.70776490924621));
#1455=CARTESIAN_POINT('Ctrl Pts',(94.3663101666062,549.994323783026,6.5582298789291));
#1456=CARTESIAN_POINT('Ctrl Pts',(88.9228584524025,583.330787266241,5.44584373574846));
#1457=CARTESIAN_POINT('Ctrl Pts',(83.6317258526464,616.644563748597,4.59013921347739));
#1458=CARTESIAN_POINT('Ctrl Pts',(78.5254875547153,649.952359978795,3.66425375650573));
#1459=CARTESIAN_POINT('Ctrl Pts',(71.1059362538414,699.955303433262,2.36568506440873));
#1460=CARTESIAN_POINT('Ctrl Pts',(63.6244630160243,749.979711841979,1.46492973789622));
#1461=CARTESIAN_POINT('Ctrl Pts',(58.3807533879458,783.328536136045,1.20168676187468));
#1462=CARTESIAN_POINT('Ctrl Pts',(55.6551239070451,800.,1.29528835827118));
#1463=CARTESIAN_POINT('Ctrl Pts',(212.371004706588,0.,49.3977883267288));
#1464=CARTESIAN_POINT('Ctrl Pts',(209.558169751578,16.6655017544025,47.4557583507024));
#1465=CARTESIAN_POINT('Ctrl Pts',(203.789698016988,49.9964032397459,43.8224108094863));
#1466=CARTESIAN_POINT('Ctrl Pts',(194.944592846883,99.9956359669514,38.6849279164564));
#1467=CARTESIAN_POINT('Ctrl Pts',(185.950300739732,149.995238517118,34.034505326377));
#1468=CARTESIAN_POINT('Ctrl Pts',(179.917247352194,183.331113541494,31.2632271923593));
#1469=CARTESIAN_POINT('Ctrl Pts',(173.902046412954,216.657019719865,28.6556552156666));
#1470=CARTESIAN_POINT('Ctrl Pts',(168.086272980415,249.981557095374,26.210443265055));
#1471=CARTESIAN_POINT('Ctrl Pts',(159.625742362684,299.986215348326,22.9096069928936));
#1472=CARTESIAN_POINT('Ctrl Pts',(151.091224302489,349.997480667232,19.8766261243));
#1473=CARTESIAN_POINT('Ctrl Pts',(145.127275010394,383.334707890377,17.9689500191473));
#1474=CARTESIAN_POINT('Ctrl Pts',(138.917843114829,416.664255888483,16.0917277406196));
#1475=CARTESIAN_POINT('Ctrl Pts',(132.606801920858,449.994080175918,14.2147924583636));
#1476=CARTESIAN_POINT('Ctrl Pts',(122.974149548844,499.991536714692,11.495512489158));
#1477=CARTESIAN_POINT('Ctrl Pts',(113.28912100987,549.993407785476,9.01819326990553));
#1478=CARTESIAN_POINT('Ctrl Pts',(106.873187516156,583.330379097433,7.62790240390276));
#1479=CARTESIAN_POINT('Ctrl Pts',(100.520205516901,616.644971176912,6.42279528127013));
#1480=CARTESIAN_POINT('Ctrl Pts',(94.2280798571823,649.952769361926,5.21556578019177));
#1481=CARTESIAN_POINT('Ctrl Pts',(84.8395169970159,699.954581522866,3.59991919614967));
#1482=CARTESIAN_POINT('Ctrl Pts',(75.3832187954098,749.978350274438,2.37888994447462));
#1483=CARTESIAN_POINT('Ctrl Pts',(68.9489654940867,783.327478184538,1.89019239616342));
#1484=CARTESIAN_POINT('Ctrl Pts',(65.6850062476015,800.,1.80621413352242));
#1485=CARTESIAN_POINT('Ctrl Pts',(248.802493935518,0.,59.8456771186696));
#1486=CARTESIAN_POINT('Ctrl Pts',(245.494547675265,16.6650488696632,57.5718957114921));
#1487=CARTESIAN_POINT('Ctrl Pts',(238.78886497243,49.9937594668488,53.232192005824));
#1488=CARTESIAN_POINT('Ctrl Pts',(228.541746155247,99.9922910010623,47.2121838986254));
#1489=CARTESIAN_POINT('Ctrl Pts',(218.137942469136,149.992426181799,41.7132543576004));
#1490=CARTESIAN_POINT('Ctrl Pts',(211.128335335536,183.329965841209,38.380836063501));
#1491=CARTESIAN_POINT('Ctrl Pts',(204.102286646131,216.658166311583,35.2032349163763));
#1492=CARTESIAN_POINT('Ctrl Pts',(197.088535364822,249.983944596125,32.1816313656963));
#1493=CARTESIAN_POINT('Ctrl Pts',(186.538529624572,299.988428414591,28.0485854214484));
#1494=CARTESIAN_POINT('Ctrl Pts',(175.9018283141,349.998508839816,24.2440994346923));
#1495=CARTESIAN_POINT('Ctrl Pts',(168.714961454877,383.334929676433,21.8832436139887));
#1496=CARTESIAN_POINT('Ctrl Pts',(161.46160691735,416.664034437244,19.5962198992637));
#1497=CARTESIAN_POINT('Ctrl Pts',(154.180496029593,449.993477716956,17.3755262652565));
#1498=CARTESIAN_POINT('Ctrl Pts',(143.195772352759,499.990603787065,14.2615161820591));
#1499=CARTESIAN_POINT('Ctrl Pts',(132.156866099602,549.992558518022,11.416802757051));
#1500=CARTESIAN_POINT('Ctrl Pts',(124.765742303266,583.330003500708,9.7409814919534));
#1501=CARTESIAN_POINT('Ctrl Pts',(117.365761851089,616.645346107543,8.1965655445845));
#1502=CARTESIAN_POINT('Ctrl Pts',(109.942526266415,649.953132512491,6.72049761469753));
#1503=CARTESIAN_POINT('Ctrl Pts',(98.7292337967165,699.953882108606,4.81225861732135));
#1504=CARTESIAN_POINT('Ctrl Pts',(87.4468317627255,749.977035237726,3.30175561182271));
#1505=CARTESIAN_POINT('Ctrl Pts',(79.8841966086847,783.326511116727,2.59926273984419));
#1506=CARTESIAN_POINT('Ctrl Pts',(76.0952589378029,800.,2.35088925385812));
#1507=CARTESIAN_POINT('Ctrl Pts',(274.689889442016,0.,67.5610269586307));
#1508=CARTESIAN_POINT('Ctrl Pts',(271.033079891439,16.6647745334858,65.0516983407603));
#1509=CARTESIAN_POINT('Ctrl Pts',(263.662652457505,49.9924324940334,60.2231343176294));
#1510=CARTESIAN_POINT('Ctrl Pts',(252.439409265021,99.9904151206636,53.5340878911157));
#1511=CARTESIAN_POINT('Ctrl Pts',(241.05478298289,149.990755174211,47.3857398274));
#1512=CARTESIAN_POINT('Ctrl Pts',(233.362181617056,183.329251402803,43.6315688709703));
#1513=CARTESIAN_POINT('Ctrl Pts',(225.625751469351,216.658880031501,40.0362070961601));
#1514=CARTESIAN_POINT('Ctrl Pts',(217.839151988666,249.985440065451,36.6042254052073));
#1515=CARTESIAN_POINT('Ctrl Pts',(206.026919549299,299.989824907693,31.89109060454));
#1516=CARTESIAN_POINT('Ctrl Pts',(194.113771378297,349.999165734109,27.5471486432746));
#1517=CARTESIAN_POINT('Ctrl Pts',(186.125793544221,383.335077639414,24.8578351864457));
#1518=CARTESIAN_POINT('Ctrl Pts',(178.124576721249,416.663886667249,22.2608881432238));
#1519=CARTESIAN_POINT('Ctrl Pts',(170.117279673993,449.993080810474,19.7584025733285));
#1520=CARTESIAN_POINT('Ctrl Pts',(158.073070024283,499.990014619763,16.282314891191));
#1521=CARTESIAN_POINT('Ctrl Pts',(145.974202625233,549.992043030887,13.1064349189301));
#1522=CARTESIAN_POINT('Ctrl Pts',(137.855418744409,583.329780420177,11.2119425164313));
#1523=CARTESIAN_POINT('Ctrl Pts',(129.707247431726,616.645568789682,9.43925766597273));
#1524=CARTESIAN_POINT('Ctrl Pts',(121.530217601334,649.953332146173,7.78323610318594));
#1525=CARTESIAN_POINT('Ctrl Pts',(109.179459603379,699.953426510272,5.68478058229652));
#1526=CARTESIAN_POINT('Ctrl Pts',(96.7646132320696,749.976179538783,3.99639206783411));
#1527=CARTESIAN_POINT('Ctrl Pts',(88.4602293314735,783.325949435106,3.15622301004493));
#1528=CARTESIAN_POINT('Ctrl Pts',(84.3041579148504,800.,2.81058303464671));
#1529=CARTESIAN_POINT('Ctrl Pts',(291.088717882799,0.,72.5765686799002));
#1530=CARTESIAN_POINT('Ctrl Pts',(287.219153636579,16.6646427306106,69.9244439423838));
#1531=CARTESIAN_POINT('Ctrl Pts',(279.426969613041,49.9919876352826,64.8006890101171));
#1532=CARTESIAN_POINT('Ctrl Pts',(267.575446249594,99.9896119840473,57.658618686996));
#1533=CARTESIAN_POINT('Ctrl Pts',(255.560205421848,149.989964493471,51.0656871226621));
#1534=CARTESIAN_POINT('Ctrl Pts',(247.441102418197,183.328889020509,47.0331386658009));
#1535=CARTESIAN_POINT('Ctrl Pts',(239.273021586012,216.659242155882,43.1747005233755));
#1536=CARTESIAN_POINT('Ctrl Pts',(231.054764549498,249.986206522687,39.4895180625402));
#1537=CARTESIAN_POINT('Ctrl Pts',(218.588623976415,299.990550461361,34.422795895306));
#1538=CARTESIAN_POINT('Ctrl Pts',(206.009167471965,349.999515465817,29.7483267462772));
#1539=CARTESIAN_POINT('Ctrl Pts',(197.564739917503,383.335161958015,26.8519345920113));
#1540=CARTESIAN_POINT('Ctrl Pts',(189.098991722379,416.663802353908,24.0535065103825));
#1541=CARTESIAN_POINT('Ctrl Pts',(180.610046509555,449.992860626976,21.3523974108654));
#1542=CARTESIAN_POINT('Ctrl Pts',(167.817664033047,499.989710046857,17.5965393070095));
#1543=CARTESIAN_POINT('Ctrl Pts',(154.970586252281,549.991794636282,14.1686550153431));
#1544=CARTESIAN_POINT('Ctrl Pts',(146.370112195453,583.329677298647,12.1310838790123));
#1545=CARTESIAN_POINT('Ctrl Pts',(137.75770623448,616.645671758733,10.2310778062154));
#1546=CARTESIAN_POINT('Ctrl Pts',(129.129887888786,649.953414495823,8.46748930195146));
#1547=CARTESIAN_POINT('Ctrl Pts',(116.126050092031,699.953192218165,6.24475575701049));
#1548=CARTESIAN_POINT('Ctrl Pts',(103.065089666224,749.975736648098,4.44728532236613));
#1549=CARTESIAN_POINT('Ctrl Pts',(94.3238873499621,783.325702180771,3.52994629054682));
#1550=CARTESIAN_POINT('Ctrl Pts',(89.9451744317186,800.,3.14095470322508));
#1551=UNCERTAINTY_MEASURE_WITH_UNIT(LENGTH_MEASURE(0.01),#1555,
'DISTANCE_ACCURACY_VALUE',
'Maximum model space distance between geometric entities at asserted c
onnectivities');
#1552=UNCERTAINTY_MEASURE_WITH_UNIT(LENGTH_MEASURE(0.01),#1555,
'DISTANCE_ACCURACY_VALUE',
'Maximum model space distance between geometric entities at asserted c
onnectivities');
#1553=(
GEOMETRIC_REPRESENTATION_CONTEXT(3)
GLOBAL_UNCERTAINTY_ASSIGNED_CONTEXT((#1551))
GLOBAL_UNIT_ASSIGNED_CONTEXT((#1555,#1557,#1558))
REPRESENTATION_CONTEXT('','3D')
);
#1554=(
GEOMETRIC_REPRESENTATION_CONTEXT(3)
GLOBAL_UNCERTAINTY_ASSIGNED_CONTEXT((#1552))
GLOBAL_UNIT_ASSIGNED_CONTEXT((#1555,#1557,#1558))
REPRESENTATION_CONTEXT('','3D')
);
#1555=(
LENGTH_UNIT()
NAMED_UNIT(*)
SI_UNIT(.MILLI.,.METRE.)
);
#1556=(
LENGTH_UNIT()
NAMED_UNIT(*)
SI_UNIT($,.METRE.)
);
#1557=(
NAMED_UNIT(*)
PLANE_ANGLE_UNIT()
SI_UNIT($,.RADIAN.)
);
#1558=(
NAMED_UNIT(*)
SI_UNIT($,.STERADIAN.)
SOLID_ANGLE_UNIT()
);
#1559=SHAPE_DEFINITION_REPRESENTATION(#1560,#1561);
#1560=PRODUCT_DEFINITION_SHAPE('',$,#1563);
#1561=SHAPE_REPRESENTATION('',(#113),#1553);
#1562=PRODUCT_DEFINITION_CONTEXT('part definition',#1567,'design');
#1563=PRODUCT_DEFINITION('2026-05-26-22-15-00-733',
'Refined_blade_NACA4412_modified_300mm',#1564,#1562);
#1564=PRODUCT_DEFINITION_FORMATION('',$,#1569);
#1565=PRODUCT_RELATED_PRODUCT_CATEGORY(
'Refined_blade_NACA4412_modified_300mm',
'Refined_blade_NACA4412_modified_300mm',(#1569));
#1566=APPLICATION_PROTOCOL_DEFINITION('international standard',
'automotive_design',2009,#1567);
#1567=APPLICATION_CONTEXT(
'Core Data for Automotive Mechanical Design Process');
#1568=PRODUCT_CONTEXT('part definition',#1567,'mechanical');
#1569=PRODUCT('2026-05-26-22-15-00-733',
'Refined_blade_NACA4412_modified_300mm',$,(#1568));
#1570=PRESENTATION_STYLE_ASSIGNMENT((#1571));
#1571=SURFACE_STYLE_USAGE(.BOTH.,#1572);
#1572=SURFACE_SIDE_STYLE('',(#1573));
#1573=SURFACE_STYLE_FILL_AREA(#1574);
#1574=FILL_AREA_STYLE('Steel - Satin',(#1575));
#1575=FILL_AREA_STYLE_COLOUR('Steel - Satin',#1576);
#1576=COLOUR_RGB('Steel - Satin',0.627450980392157,0.627450980392157,0.627450980392157);
ENDSEC;
END-ISO-10303-21;
