ISO-10303-21;
HEADER;
/* Generated by software containing ST-Developer
 * from STEP Tools, Inc. (www.steptools.com) 
 */

FILE_DESCRIPTION(
/* description */ (''),
/* implementation_level */ '2;1');

FILE_NAME(
/* name */ 'Refined_blade_NACA4412_modified_300mm_1.6m.step',
/* time_stamp */ '2026-07-09T14:54:28+08:00',
/* author */ (''),
/* organization */ (''),
/* preprocessor_version */ 'ST-DEVELOPER v20.1',
/* originating_system */ 'Autodesk Translation Framework v15.8.0.0',
/* authorisation */ '');

FILE_SCHEMA (('AUTOMOTIVE_DESIGN { 1 0 10303 214 3 1 1 }'));
ENDSEC;

DATA;
#10=MECHANICAL_DESIGN_GEOMETRIC_PRESENTATION_REPRESENTATION('',(#13),#1806);
#11=SHAPE_REPRESENTATION_RELATIONSHIP('SRR','None',#1813,#12);
#12=ADVANCED_BREP_SHAPE_REPRESENTATION('',(#14),#1805);
#13=STYLED_ITEM('',(#1822),#14);
#14=MANIFOLD_SOLID_BREP('Body1',#95);
#15=B_SPLINE_CURVE_WITH_KNOTS('',3,(#1322,#1323,#1324,#1325,#1326,#1327,
#1328,#1329,#1330,#1331,#1332,#1333,#1334,#1335,#1336,#1337,#1338,#1339,
#1340),.UNSPECIFIED.,.F.,.F.,(4,1,1,1,1,1,1,1,1,1,1,1,1,1,1,1,4),(0.,10.001012531689,
20.0010195393067,30.0005287825722,40.0000600819226,49.99866506282,59.998819002051,
69.9996788759353,80.000074822847,89.9999079944568,99.9998253878924,109.999852812954,
120.00009059955,129.99809340034,139.997853164037,149.998733514104,160.000119083349),
 .UNSPECIFIED.);
#16=(
BOUNDED_CURVE()
B_SPLINE_CURVE(5,(#370,#371,#372,#373,#374,#375,#376,#377,#378,#379),
 .UNSPECIFIED.,.F.,.F.)
B_SPLINE_CURVE_WITH_KNOTS((6,1,1,1,1,6),(0.,0.2,0.4,0.6,0.8,1.),
 .UNSPECIFIED.)
CURVE()
GEOMETRIC_REPRESENTATION_ITEM()
RATIONAL_B_SPLINE_CURVE((1.,1.,1.,1.,1.,1.,1.,1.,1.,1.))
REPRESENTATION_ITEM('')
);
#17=(
BOUNDED_CURVE()
B_SPLINE_CURVE(5,(#381,#382,#383,#384,#385,#386,#387,#388,#389,#390,#391,
#392,#393,#394,#395,#396,#397,#398,#399,#400,#401,#402),.UNSPECIFIED.,.F.,
 .F.)
B_SPLINE_CURVE_WITH_KNOTS((6,1,1,1,1,1,1,1,1,1,1,1,1,1,1,1,1,6),(0.,0.05,
0.1,0.15,0.2,0.25,0.3,0.35,0.4,0.45,0.5,0.55,0.6,0.65,0.7,0.75,0.8,0.828831356595136),
 .UNSPECIFIED.)
CURVE()
GEOMETRIC_REPRESENTATION_ITEM()
RATIONAL_B_SPLINE_CURVE((1.,1.,1.,1.,1.,1.,1.,1.,1.,1.,1.,1.,1.,1.,1.,1.,
1.,1.,1.,1.,1.,1.))
REPRESENTATION_ITEM('')
);
#18=(
BOUNDED_CURVE()
B_SPLINE_CURVE(5,(#404,#405,#406,#407,#408,#409,#410,#411,#412),
 .UNSPECIFIED.,.F.,.F.)
B_SPLINE_CURVE_WITH_KNOTS((6,1,1,1,6),(0.828831356595136,0.85,0.9,0.95,
1.),.UNSPECIFIED.)
CURVE()
GEOMETRIC_REPRESENTATION_ITEM()
RATIONAL_B_SPLINE_CURVE((1.,1.,1.,1.,1.,1.,1.,1.,1.))
REPRESENTATION_ITEM('')
);
#19=(
BOUNDED_CURVE()
B_SPLINE_CURVE(5,(#413,#414,#415,#416,#417,#418,#419,#420,#421,#422,#423,
#424,#425,#426,#427),.UNSPECIFIED.,.F.,.F.)
B_SPLINE_CURVE_WITH_KNOTS((6,1,1,1,1,1,1,1,1,1,6),(0.,0.1,0.2,0.3,0.4,0.5,
0.6,0.7,0.8,0.9,1.),.UNSPECIFIED.)
CURVE()
GEOMETRIC_REPRESENTATION_ITEM()
RATIONAL_B_SPLINE_CURVE((1.,1.,1.,1.,1.,1.,1.,1.,1.,1.,1.,1.,1.,1.,1.))
REPRESENTATION_ITEM('')
);
#20=(
BOUNDED_CURVE()
B_SPLINE_CURVE(5,(#619,#620,#621,#622,#623,#624,#625,#626,#627,#628,#629,
#630,#631,#632),.UNSPECIFIED.,.F.,.F.)
B_SPLINE_CURVE_WITH_KNOTS((6,1,1,1,1,1,1,1,1,6),(-1.,-0.95,-0.9,-0.85,-0.8,
-0.75,-0.7,-0.65,-0.6,-0.577216499998231),.UNSPECIFIED.)
CURVE()
GEOMETRIC_REPRESENTATION_ITEM()
RATIONAL_B_SPLINE_CURVE((1.,1.,1.,1.,1.,1.,1.,1.,1.,1.,1.,1.,1.,1.))
REPRESENTATION_ITEM('')
);
#21=(
BOUNDED_CURVE()
B_SPLINE_CURVE(5,(#633,#634,#635,#636,#637,#638,#639,#640,#641,#642,#643,
#644,#645,#646,#647,#648,#649),.UNSPECIFIED.,.F.,.F.)
B_SPLINE_CURVE_WITH_KNOTS((6,1,1,1,1,1,1,1,1,1,1,1,6),(-0.577216499998231,
-0.55,-0.5,-0.45,-0.4,-0.35,-0.3,-0.25,-0.2,-0.15,-0.1,-0.05,0.),
 .UNSPECIFIED.)
CURVE()
GEOMETRIC_REPRESENTATION_ITEM()
RATIONAL_B_SPLINE_CURVE((1.,1.,1.,1.,1.,1.,1.,1.,1.,1.,1.,1.,1.,1.,1.,1.,
1.))
REPRESENTATION_ITEM('')
);
#22=(
BOUNDED_CURVE()
B_SPLINE_CURVE(5,(#653,#654,#655,#656,#657,#658,#659,#660,#661,#662,#663,
#664,#665,#666,#667,#668,#669,#670,#671,#672,#673,#674,#675,#676,#677),
 .UNSPECIFIED.,.F.,.F.)
B_SPLINE_CURVE_WITH_KNOTS((6,1,1,1,1,1,1,1,1,1,1,1,1,1,1,1,1,1,1,1,6),(-1.,
-0.95,-0.9,-0.85,-0.8,-0.75,-0.7,-0.65,-0.6,-0.55,-0.5,-0.45,-0.4,-0.35,
-0.3,-0.25,-0.2,-0.15,-0.1,-0.05,0.),.UNSPECIFIED.)
CURVE()
GEOMETRIC_REPRESENTATION_ITEM()
RATIONAL_B_SPLINE_CURVE((1.,1.,1.,1.,1.,1.,1.,1.,1.,1.,1.,1.,1.,1.,1.,1.,
1.,1.,1.,1.,1.,1.,1.,1.,1.))
REPRESENTATION_ITEM('')
);
#23=(
BOUNDED_CURVE()
B_SPLINE_CURVE(5,(#678,#679,#680,#681,#682,#683,#684,#685,#686,#687,#688,
#689,#690,#691,#692,#693,#694,#695,#696,#697,#698,#699,#700,#701,#702),
 .UNSPECIFIED.,.F.,.F.)
B_SPLINE_CURVE_WITH_KNOTS((6,1,1,1,1,1,1,1,1,1,1,1,1,1,1,1,1,1,1,1,6),(0.,
0.05,0.1,0.15,0.2,0.25,0.3,0.35,0.4,0.45,0.5,0.55,0.6,0.65,0.7,0.75,0.8,
0.85,0.9,0.95,1.),.UNSPECIFIED.)
CURVE()
GEOMETRIC_REPRESENTATION_ITEM()
RATIONAL_B_SPLINE_CURVE((1.,1.,1.,1.,1.,1.,1.,1.,1.,1.,1.,1.,1.,1.,1.,1.,
1.,1.,1.,1.,1.,1.,1.,1.,1.))
REPRESENTATION_ITEM('')
);
#24=(
BOUNDED_CURVE()
B_SPLINE_CURVE(5,(#1297,#1298,#1299,#1300,#1301,#1302,#1303,#1304,#1305,
#1306,#1307,#1308,#1309,#1310,#1311,#1312,#1313,#1314,#1315,#1316,#1317,
#1318,#1319,#1320,#1321),.UNSPECIFIED.,.F.,.F.)
B_SPLINE_CURVE_WITH_KNOTS((6,1,1,1,1,1,1,1,1,1,1,1,1,1,1,1,1,1,1,1,6),(0.,
0.05,0.1,0.15,0.2,0.25,0.3,0.35,0.4,0.45,0.5,0.55,0.6,0.65,0.7,0.75,0.8,
0.85,0.9,0.95,1.),.UNSPECIFIED.)
CURVE()
GEOMETRIC_REPRESENTATION_ITEM()
RATIONAL_B_SPLINE_CURVE((1.,1.,1.,1.,1.,1.,1.,1.,1.,1.,1.,1.,1.,1.,1.,1.,
1.,1.,1.,1.,1.,1.,1.,1.,1.))
REPRESENTATION_ITEM('')
);
#25=B_SPLINE_SURFACE_WITH_KNOTS('',3,3,((#129,#130,#131,#132,#133,#134,
#135,#136,#137,#138),(#139,#140,#141,#142,#143,#144,#145,#146,#147,#148),
(#149,#150,#151,#152,#153,#154,#155,#156,#157,#158),(#159,#160,#161,#162,
#163,#164,#165,#166,#167,#168),(#169,#170,#171,#172,#173,#174,#175,#176,
#177,#178),(#179,#180,#181,#182,#183,#184,#185,#186,#187,#188),(#189,#190,
#191,#192,#193,#194,#195,#196,#197,#198),(#199,#200,#201,#202,#203,#204,
#205,#206,#207,#208),(#209,#210,#211,#212,#213,#214,#215,#216,#217,#218),
(#219,#220,#221,#222,#223,#224,#225,#226,#227,#228),(#229,#230,#231,#232,
#233,#234,#235,#236,#237,#238),(#239,#240,#241,#242,#243,#244,#245,#246,
#247,#248),(#249,#250,#251,#252,#253,#254,#255,#256,#257,#258),(#259,#260,
#261,#262,#263,#264,#265,#266,#267,#268),(#269,#270,#271,#272,#273,#274,
#275,#276,#277,#278),(#279,#280,#281,#282,#283,#284,#285,#286,#287,#288),
(#289,#290,#291,#292,#293,#294,#295,#296,#297,#298),(#299,#300,#301,#302,
#303,#304,#305,#306,#307,#308),(#309,#310,#311,#312,#313,#314,#315,#316,
#317,#318),(#319,#320,#321,#322,#323,#324,#325,#326,#327,#328),(#329,#330,
#331,#332,#333,#334,#335,#336,#337,#338),(#339,#340,#341,#342,#343,#344,
#345,#346,#347,#348),(#349,#350,#351,#352,#353,#354,#355,#356,#357,#358),
(#359,#360,#361,#362,#363,#364,#365,#366,#367,#368)),.UNSPECIFIED.,.F.,
 .F.,.F.,(4,1,1,1,1,1,1,1,1,2,1,1,1,1,1,1,1,1,1,1,4),(4,1,1,1,1,1,1,4),
(0.,0.139153899437697,0.208730849156546,0.278307798875394,0.417461698313091,
0.46384633145899,0.510230964604889,0.556615597750789,0.626192547469637,
0.695769497188486,0.726192547469637,0.741404072610213,0.756615597750789,
0.78703864803194,0.817461698313091,0.847884748594243,0.878307798875394,
0.908730849156546,0.939153899437697,0.969576949718849,1.),(0.,0.142857142857143,
0.285714285714286,0.428571428571429,0.571428571428571,0.714285714285714,
0.857142857142857,1.),.UNSPECIFIED.);
#26=B_SPLINE_SURFACE_WITH_KNOTS('',3,3,((#428,#429,#430,#431,#432,#433,
#434,#435,#436,#437),(#438,#439,#440,#441,#442,#443,#444,#445,#446,#447),
(#448,#449,#450,#451,#452,#453,#454,#455,#456,#457),(#458,#459,#460,#461,
#462,#463,#464,#465,#466,#467),(#468,#469,#470,#471,#472,#473,#474,#475,
#476,#477),(#478,#479,#480,#481,#482,#483,#484,#485,#486,#487),(#488,#489,
#490,#491,#492,#493,#494,#495,#496,#497),(#498,#499,#500,#501,#502,#503,
#504,#505,#506,#507),(#508,#509,#510,#511,#512,#513,#514,#515,#516,#517),
(#518,#519,#520,#521,#522,#523,#524,#525,#526,#527),(#528,#529,#530,#531,
#532,#533,#534,#535,#536,#537),(#538,#539,#540,#541,#542,#543,#544,#545,
#546,#547),(#548,#549,#550,#551,#552,#553,#554,#555,#556,#557),(#558,#559,
#560,#561,#562,#563,#564,#565,#566,#567),(#568,#569,#570,#571,#572,#573,
#574,#575,#576,#577),(#578,#579,#580,#581,#582,#583,#584,#585,#586,#587),
(#588,#589,#590,#591,#592,#593,#594,#595,#596,#597),(#598,#599,#600,#601,
#602,#603,#604,#605,#606,#607),(#608,#609,#610,#611,#612,#613,#614,#615,
#616,#617)),.UNSPECIFIED.,.F.,.F.,.F.,(4,1,1,1,1,1,2,1,1,1,1,1,1,1,1,4),
(4,1,1,1,1,1,1,4),(0.,0.0743785267861346,0.111567790179202,0.148757053572269,
0.223135580358404,0.297514107144538,0.371892633930673,0.434703370537606,
0.497514107144538,0.560324843751471,0.623135580358404,0.685946316965336,
0.748757053572269,0.811567790179202,0.874378526786135,1.),(0.,0.142857142857143,
0.285714285714286,0.428571428571429,0.571428571428571,0.785714285714286,
0.857142857142857,1.),.UNSPECIFIED.);
#27=B_SPLINE_SURFACE_WITH_KNOTS('',3,3,((#703,#704,#705,#706,#707,#708,
#709,#710,#711,#712,#713,#714,#715,#716,#717,#718,#719,#720,#721,#722,#723,
#724),(#725,#726,#727,#728,#729,#730,#731,#732,#733,#734,#735,#736,#737,
#738,#739,#740,#741,#742,#743,#744,#745,#746),(#747,#748,#749,#750,#751,
#752,#753,#754,#755,#756,#757,#758,#759,#760,#761,#762,#763,#764,#765,#766,
#767,#768),(#769,#770,#771,#772,#773,#774,#775,#776,#777,#778,#779,#780,
#781,#782,#783,#784,#785,#786,#787,#788,#789,#790),(#791,#792,#793,#794,
#795,#796,#797,#798,#799,#800,#801,#802,#803,#804,#805,#806,#807,#808,#809,
#810,#811,#812),(#813,#814,#815,#816,#817,#818,#819,#820,#821,#822,#823,
#824,#825,#826,#827,#828,#829,#830,#831,#832,#833,#834),(#835,#836,#837,
#838,#839,#840,#841,#842,#843,#844,#845,#846,#847,#848,#849,#850,#851,#852,
#853,#854,#855,#856),(#857,#858,#859,#860,#861,#862,#863,#864,#865,#866,
#867,#868,#869,#870,#871,#872,#873,#874,#875,#876,#877,#878),(#879,#880,
#881,#882,#883,#884,#885,#886,#887,#888,#889,#890,#891,#892,#893,#894,#895,
#896,#897,#898,#899,#900),(#901,#902,#903,#904,#905,#906,#907,#908,#909,
#910,#911,#912,#913,#914,#915,#916,#917,#918,#919,#920,#921,#922),(#923,
#924,#925,#926,#927,#928,#929,#930,#931,#932,#933,#934,#935,#936,#937,#938,
#939,#940,#941,#942,#943,#944),(#945,#946,#947,#948,#949,#950,#951,#952,
#953,#954,#955,#956,#957,#958,#959,#960,#961,#962,#963,#964,#965,#966),
(#967,#968,#969,#970,#971,#972,#973,#974,#975,#976,#977,#978,#979,#980,
#981,#982,#983,#984,#985,#986,#987,#988),(#989,#990,#991,#992,#993,#994,
#995,#996,#997,#998,#999,#1000,#1001,#1002,#1003,#1004,#1005,#1006,#1007,
#1008,#1009,#1010),(#1011,#1012,#1013,#1014,#1015,#1016,#1017,#1018,#1019,
#1020,#1021,#1022,#1023,#1024,#1025,#1026,#1027,#1028,#1029,#1030,#1031,
#1032),(#1033,#1034,#1035,#1036,#1037,#1038,#1039,#1040,#1041,#1042,#1043,
#1044,#1045,#1046,#1047,#1048,#1049,#1050,#1051,#1052,#1053,#1054),(#1055,
#1056,#1057,#1058,#1059,#1060,#1061,#1062,#1063,#1064,#1065,#1066,#1067,
#1068,#1069,#1070,#1071,#1072,#1073,#1074,#1075,#1076),(#1077,#1078,#1079,
#1080,#1081,#1082,#1083,#1084,#1085,#1086,#1087,#1088,#1089,#1090,#1091,
#1092,#1093,#1094,#1095,#1096,#1097,#1098),(#1099,#1100,#1101,#1102,#1103,
#1104,#1105,#1106,#1107,#1108,#1109,#1110,#1111,#1112,#1113,#1114,#1115,
#1116,#1117,#1118,#1119,#1120),(#1121,#1122,#1123,#1124,#1125,#1126,#1127,
#1128,#1129,#1130,#1131,#1132,#1133,#1134,#1135,#1136,#1137,#1138,#1139,
#1140,#1141,#1142),(#1143,#1144,#1145,#1146,#1147,#1148,#1149,#1150,#1151,
#1152,#1153,#1154,#1155,#1156,#1157,#1158,#1159,#1160,#1161,#1162,#1163,
#1164),(#1165,#1166,#1167,#1168,#1169,#1170,#1171,#1172,#1173,#1174,#1175,
#1176,#1177,#1178,#1179,#1180,#1181,#1182,#1183,#1184,#1185,#1186),(#1187,
#1188,#1189,#1190,#1191,#1192,#1193,#1194,#1195,#1196,#1197,#1198,#1199,
#1200,#1201,#1202,#1203,#1204,#1205,#1206,#1207,#1208),(#1209,#1210,#1211,
#1212,#1213,#1214,#1215,#1216,#1217,#1218,#1219,#1220,#1221,#1222,#1223,
#1224,#1225,#1226,#1227,#1228,#1229,#1230),(#1231,#1232,#1233,#1234,#1235,
#1236,#1237,#1238,#1239,#1240,#1241,#1242,#1243,#1244,#1245,#1246,#1247,
#1248,#1249,#1250,#1251,#1252),(#1253,#1254,#1255,#1256,#1257,#1258,#1259,
#1260,#1261,#1262,#1263,#1264,#1265,#1266,#1267,#1268,#1269,#1270,#1271,
#1272,#1273,#1274),(#1275,#1276,#1277,#1278,#1279,#1280,#1281,#1282,#1283,
#1284,#1285,#1286,#1287,#1288,#1289,#1290,#1291,#1292,#1293,#1294,#1295,
#1296)),.UNSPECIFIED.,.F.,.F.,.F.,(4,1,1,1,1,1,1,1,1,1,2,1,1,1,1,1,1,1,
1,1,1,1,1,4),(4,1,1,1,2,1,1,1,2,1,1,1,2,1,1,1,4),(0.,0.131590246492748,
0.263180492985497,0.394770739478245,0.460565862724619,0.526360985970993,
0.592156109217367,0.608604890028961,0.625053670840555,0.641502451652148,
0.657951232463742,0.692156109217367,0.726360985970993,0.760565862724619,
0.777668301101432,0.781943910695635,0.786219520289839,0.794770739478245,
0.846078054608684,0.863180492985497,0.897385369739123,0.931590246492748,
0.965795123246374,1.),(0.,0.0625210939815066,0.125035901952995,0.187547598162375,
0.250059432254849,0.312559881241474,0.375062068738022,0.437565590911597,
0.500068001814949,0.562569411315273,0.62507134722266,0.687573970854693,
0.7500779092979,0.812558264932248,0.875035869494662,0.937514983893307,1.),
 .UNSPECIFIED.);
#28=B_SPLINE_SURFACE_WITH_KNOTS('',3,3,((#1341,#1342,#1343,#1344,#1345,
#1346,#1347,#1348,#1349,#1350,#1351,#1352,#1353,#1354,#1355,#1356,#1357,
#1358,#1359,#1360,#1361,#1362),(#1363,#1364,#1365,#1366,#1367,#1368,#1369,
#1370,#1371,#1372,#1373,#1374,#1375,#1376,#1377,#1378,#1379,#1380,#1381,
#1382,#1383,#1384),(#1385,#1386,#1387,#1388,#1389,#1390,#1391,#1392,#1393,
#1394,#1395,#1396,#1397,#1398,#1399,#1400,#1401,#1402,#1403,#1404,#1405,
#1406),(#1407,#1408,#1409,#1410,#1411,#1412,#1413,#1414,#1415,#1416,#1417,
#1418,#1419,#1420,#1421,#1422,#1423,#1424,#1425,#1426,#1427,#1428),(#1429,
#1430,#1431,#1432,#1433,#1434,#1435,#1436,#1437,#1438,#1439,#1440,#1441,
#1442,#1443,#1444,#1445,#1446,#1447,#1448,#1449,#1450),(#1451,#1452,#1453,
#1454,#1455,#1456,#1457,#1458,#1459,#1460,#1461,#1462,#1463,#1464,#1465,
#1466,#1467,#1468,#1469,#1470,#1471,#1472),(#1473,#1474,#1475,#1476,#1477,
#1478,#1479,#1480,#1481,#1482,#1483,#1484,#1485,#1486,#1487,#1488,#1489,
#1490,#1491,#1492,#1493,#1494),(#1495,#1496,#1497,#1498,#1499,#1500,#1501,
#1502,#1503,#1504,#1505,#1506,#1507,#1508,#1509,#1510,#1511,#1512,#1513,
#1514,#1515,#1516),(#1517,#1518,#1519,#1520,#1521,#1522,#1523,#1524,#1525,
#1526,#1527,#1528,#1529,#1530,#1531,#1532,#1533,#1534,#1535,#1536,#1537,
#1538),(#1539,#1540,#1541,#1542,#1543,#1544,#1545,#1546,#1547,#1548,#1549,
#1550,#1551,#1552,#1553,#1554,#1555,#1556,#1557,#1558,#1559,#1560),(#1561,
#1562,#1563,#1564,#1565,#1566,#1567,#1568,#1569,#1570,#1571,#1572,#1573,
#1574,#1575,#1576,#1577,#1578,#1579,#1580,#1581,#1582),(#1583,#1584,#1585,
#1586,#1587,#1588,#1589,#1590,#1591,#1592,#1593,#1594,#1595,#1596,#1597,
#1598,#1599,#1600,#1601,#1602,#1603,#1604),(#1605,#1606,#1607,#1608,#1609,
#1610,#1611,#1612,#1613,#1614,#1615,#1616,#1617,#1618,#1619,#1620,#1621,
#1622,#1623,#1624,#1625,#1626),(#1627,#1628,#1629,#1630,#1631,#1632,#1633,
#1634,#1635,#1636,#1637,#1638,#1639,#1640,#1641,#1642,#1643,#1644,#1645,
#1646,#1647,#1648),(#1649,#1650,#1651,#1652,#1653,#1654,#1655,#1656,#1657,
#1658,#1659,#1660,#1661,#1662,#1663,#1664,#1665,#1666,#1667,#1668,#1669,
#1670),(#1671,#1672,#1673,#1674,#1675,#1676,#1677,#1678,#1679,#1680,#1681,
#1682,#1683,#1684,#1685,#1686,#1687,#1688,#1689,#1690,#1691,#1692),(#1693,
#1694,#1695,#1696,#1697,#1698,#1699,#1700,#1701,#1702,#1703,#1704,#1705,
#1706,#1707,#1708,#1709,#1710,#1711,#1712,#1713,#1714),(#1715,#1716,#1717,
#1718,#1719,#1720,#1721,#1722,#1723,#1724,#1725,#1726,#1727,#1728,#1729,
#1730,#1731,#1732,#1733,#1734,#1735,#1736),(#1737,#1738,#1739,#1740,#1741,
#1742,#1743,#1744,#1745,#1746,#1747,#1748,#1749,#1750,#1751,#1752,#1753,
#1754,#1755,#1756,#1757,#1758),(#1759,#1760,#1761,#1762,#1763,#1764,#1765,
#1766,#1767,#1768,#1769,#1770,#1771,#1772,#1773,#1774,#1775,#1776,#1777,
#1778,#1779,#1780),(#1781,#1782,#1783,#1784,#1785,#1786,#1787,#1788,#1789,
#1790,#1791,#1792,#1793,#1794,#1795,#1796,#1797,#1798,#1799,#1800,#1801,
#1802)),.UNSPECIFIED.,.F.,.F.,.F.,(4,1,1,1,1,1,1,1,1,1,1,1,1,1,1,1,1,1,
4),(4,1,1,1,2,1,1,1,2,1,1,1,2,1,1,1,4),(0.,0.0357142857142857,0.0714285714285714,
0.107142857142857,0.142857142857143,0.19047619047619,0.238095238095238,
0.285714285714286,0.333333333333333,0.428571428571429,0.5,0.571428571428571,
0.678571428571428,0.696428571428571,0.705357142857143,0.714285714285714,
0.785714285714286,0.857142857142857,1.),(0.,0.0625210939815066,0.125035901952995,
0.187547598162375,0.250059432254849,0.312559881241474,0.375062068738022,
0.437565590911597,0.500068001814949,0.562569411315273,0.62507134722266,
0.687573970854693,0.7500779092979,0.812558264932248,0.875035869494662,0.937514983893307,
1.),.UNSPECIFIED.);
#29=FACE_OUTER_BOUND('',#35,.T.);
#30=FACE_OUTER_BOUND('',#36,.T.);
#31=FACE_OUTER_BOUND('',#37,.T.);
#32=FACE_OUTER_BOUND('',#38,.T.);
#33=FACE_OUTER_BOUND('',#39,.T.);
#34=FACE_OUTER_BOUND('',#40,.T.);
#35=EDGE_LOOP('',(#63,#64));
#36=EDGE_LOOP('',(#65,#66,#67,#68,#69));
#37=EDGE_LOOP('',(#70,#71,#72,#73,#74));
#38=EDGE_LOOP('',(#75,#76));
#39=EDGE_LOOP('',(#77,#78,#79,#80,#81));
#40=EDGE_LOOP('',(#82,#83,#84,#85,#86));
#41=CIRCLE('',#110,50.);
#42=CIRCLE('',#111,50.);
#43=VERTEX_POINT('',#125);
#44=VERTEX_POINT('',#126);
#45=VERTEX_POINT('',#369);
#46=VERTEX_POINT('',#380);
#47=VERTEX_POINT('',#403);
#48=VERTEX_POINT('',#618);
#49=VERTEX_POINT('',#651);
#50=VERTEX_POINT('',#652);
#51=EDGE_CURVE('',#43,#44,#41,.T.);
#52=EDGE_CURVE('',#44,#43,#42,.T.);
#53=EDGE_CURVE('',#44,#45,#16,.T.);
#54=EDGE_CURVE('',#45,#46,#17,.T.);
#55=EDGE_CURVE('',#46,#47,#18,.T.);
#56=EDGE_CURVE('',#43,#47,#19,.T.);
#57=EDGE_CURVE('',#47,#48,#20,.T.);
#58=EDGE_CURVE('',#48,#45,#21,.T.);
#59=EDGE_CURVE('',#49,#50,#22,.T.);
#60=EDGE_CURVE('',#50,#49,#23,.T.);
#61=EDGE_CURVE('',#47,#49,#24,.T.);
#62=EDGE_CURVE('',#45,#50,#15,.T.);
#63=ORIENTED_EDGE('',*,*,#51,.F.);
#64=ORIENTED_EDGE('',*,*,#52,.F.);
#65=ORIENTED_EDGE('',*,*,#51,.T.);
#66=ORIENTED_EDGE('',*,*,#53,.T.);
#67=ORIENTED_EDGE('',*,*,#54,.T.);
#68=ORIENTED_EDGE('',*,*,#55,.T.);
#69=ORIENTED_EDGE('',*,*,#56,.F.);
#70=ORIENTED_EDGE('',*,*,#52,.T.);
#71=ORIENTED_EDGE('',*,*,#56,.T.);
#72=ORIENTED_EDGE('',*,*,#57,.T.);
#73=ORIENTED_EDGE('',*,*,#58,.T.);
#74=ORIENTED_EDGE('',*,*,#53,.F.);
#75=ORIENTED_EDGE('',*,*,#59,.F.);
#76=ORIENTED_EDGE('',*,*,#60,.F.);
#77=ORIENTED_EDGE('',*,*,#57,.F.);
#78=ORIENTED_EDGE('',*,*,#61,.T.);
#79=ORIENTED_EDGE('',*,*,#59,.T.);
#80=ORIENTED_EDGE('',*,*,#62,.F.);
#81=ORIENTED_EDGE('',*,*,#58,.F.);
#82=ORIENTED_EDGE('',*,*,#54,.F.);
#83=ORIENTED_EDGE('',*,*,#62,.T.);
#84=ORIENTED_EDGE('',*,*,#60,.T.);
#85=ORIENTED_EDGE('',*,*,#61,.F.);
#86=ORIENTED_EDGE('',*,*,#55,.F.);
#87=PLANE('',#109);
#88=PLANE('',#112);
#89=ADVANCED_FACE('',(#29),#87,.F.);
#90=ADVANCED_FACE('',(#30),#25,.T.);
#91=ADVANCED_FACE('',(#31),#26,.T.);
#92=ADVANCED_FACE('',(#32),#88,.T.);
#93=ADVANCED_FACE('',(#33),#27,.F.);
#94=ADVANCED_FACE('',(#34),#28,.F.);
#95=CLOSED_SHELL('',(#89,#90,#91,#92,#93,#94));
#96=DERIVED_UNIT_ELEMENT(#98,1.);
#97=DERIVED_UNIT_ELEMENT(#1808,-3.);
#98=(
MASS_UNIT()
NAMED_UNIT(*)
SI_UNIT(.KILO.,.GRAM.)
);
#99=DERIVED_UNIT((#96,#97));
#100=MEASURE_REPRESENTATION_ITEM('density measure',
POSITIVE_RATIO_MEASURE(7850.),#99);
#101=PROPERTY_DEFINITION_REPRESENTATION(#106,#103);
#102=PROPERTY_DEFINITION_REPRESENTATION(#107,#104);
#103=REPRESENTATION('material name',(#105),#1805);
#104=REPRESENTATION('density',(#100),#1805);
#105=DESCRIPTIVE_REPRESENTATION_ITEM('Steel','Steel');
#106=PROPERTY_DEFINITION('material property','material name',#1815);
#107=PROPERTY_DEFINITION('material property','density of part',#1815);
#108=AXIS2_PLACEMENT_3D('',#123,#113,#114);
#109=AXIS2_PLACEMENT_3D('',#124,#115,#116);
#110=AXIS2_PLACEMENT_3D('',#127,#117,#118);
#111=AXIS2_PLACEMENT_3D('',#128,#119,#120);
#112=AXIS2_PLACEMENT_3D('',#650,#121,#122);
#113=DIRECTION('axis',(0.,0.,1.));
#114=DIRECTION('refdir',(1.,0.,0.));
#115=DIRECTION('center_axis',(0.,1.,0.));
#116=DIRECTION('ref_axis',(0.,0.,1.));
#117=DIRECTION('center_axis',(0.,1.,0.));
#118=DIRECTION('ref_axis',(1.,0.,0.));
#119=DIRECTION('center_axis',(0.,1.,0.));
#120=DIRECTION('ref_axis',(1.,0.,0.));
#121=DIRECTION('center_axis',(0.,1.,0.));
#122=DIRECTION('ref_axis',(0.,0.,1.));
#123=CARTESIAN_POINT('',(0.,0.,0.));
#124=CARTESIAN_POINT('Origin',(49.9975482340912,-200.,0.447122961666122));
#125=CARTESIAN_POINT('',(99.9950964681825,-200.,-4.45476988630844E-14));
#126=CARTESIAN_POINT('',(8.88178419700125E-15,-200.,3.67761376907083E-15));
#127=CARTESIAN_POINT('Origin',(49.9975482340913,-200.,0.495147028386197));
#128=CARTESIAN_POINT('Origin',(49.9975482340913,-200.,0.495147028386197));
#129=CARTESIAN_POINT('Ctrl Pts',(99.9950964681825,-200.,1.38777878078145E-16));
#130=CARTESIAN_POINT('Ctrl Pts',(101.804368204172,-188.785011265165,3.70789509051667));
#131=CARTESIAN_POINT('Ctrl Pts',(107.3334507604,-166.798226639937,11.0576803802525));
#132=CARTESIAN_POINT('Ctrl Pts',(121.6287290683,-135.210269489414,21.8750144534144));
#133=CARTESIAN_POINT('Ctrl Pts',(142.552404300814,-105.159919243369,32.4633521023831));
#134=CARTESIAN_POINT('Ctrl Pts',(170.51221692914,-76.7417605458738,42.8086067974727));
#135=CARTESIAN_POINT('Ctrl Pts',(205.017140863885,-49.8418887660075,52.9277424018729));
#136=CARTESIAN_POINT('Ctrl Pts',(245.173877062884,-24.2530829436098,62.851620417803));
#137=CARTESIAN_POINT('Ctrl Pts',(275.258646141773,-7.96254638123264,69.3530611573224));
#138=CARTESIAN_POINT('Ctrl Pts',(291.088717882799,0.,72.5765686799002));
#139=CARTESIAN_POINT('Ctrl Pts',(99.9432447926217,-200.,-5.23573100765737));
#140=CARTESIAN_POINT('Ctrl Pts',(101.748735481636,-188.817026363336,-1.36366432208492));
#141=CARTESIAN_POINT('Ctrl Pts',(106.928295116329,-166.928854230491,6.23193304512453));
#142=CARTESIAN_POINT('Ctrl Pts',(119.827017717912,-135.536339106304,17.2192388573882));
#143=CARTESIAN_POINT('Ctrl Pts',(138.630788146054,-105.672730573997,27.8268537019921));
#144=CARTESIAN_POINT('Ctrl Pts',(163.897414049174,-77.3763896772812,38.0889370383412));
#145=CARTESIAN_POINT('Ctrl Pts',(195.285145085367,-50.4771881848769,48.070564511785));
#146=CARTESIAN_POINT('Ctrl Pts',(232.052393610282,-24.7116815362633,57.851122432828));
#147=CARTESIAN_POINT('Ctrl Pts',(259.793439364851,-8.14761461371688,64.2848683205885));
#148=CARTESIAN_POINT('Ctrl Pts',(274.456735584062,0.,67.4897174192774));
#149=CARTESIAN_POINT('Ctrl Pts',(98.6216293477003,-200.,-13.0761473233613));
#150=CARTESIAN_POINT('Ctrl Pts',(100.25581025076,-188.999474906049,-9.03763811482061));
#151=CARTESIAN_POINT('Ctrl Pts',(104.687391842629,-167.46873329213,-1.18731121134705));
#152=CARTESIAN_POINT('Ctrl Pts',(115.389924388606,-136.532101267424,9.98711267116759));
#153=CARTESIAN_POINT('Ctrl Pts',(131.053567513,-106.977291209926,20.6260874669589));
#154=CARTESIAN_POINT('Ctrl Pts',(152.377469173514,-78.7795073488885,30.802601282374));
#155=CARTESIAN_POINT('Ctrl Pts',(179.208553300618,-51.7266536137206,40.6232890001087));
#156=CARTESIAN_POINT('Ctrl Pts',(211.009278431312,-25.5251347264014,50.2108981948922));
#157=CARTESIAN_POINT('Ctrl Pts',(235.299508352137,-8.45901184675463,56.52412726816));
#158=CARTESIAN_POINT('Ctrl Pts',(248.229740647923,0.,59.6775137611508));
#159=CARTESIAN_POINT('Ctrl Pts',(94.5021440062194,-200.,-22.738958402661));
#160=CARTESIAN_POINT('Ctrl Pts',(95.7217177476023,-189.40962225971,-18.6129936431961));
#161=CARTESIAN_POINT('Ctrl Pts',(98.910785273936,-168.610965899946,-10.6377131242342));
#162=CARTESIAN_POINT('Ctrl Pts',(106.618409010139,-138.469462135907,0.592590420201923));
#163=CARTESIAN_POINT('Ctrl Pts',(118.216953448676,-109.345713409332,11.1705379889961));
#164=CARTESIAN_POINT('Ctrl Pts',(134.499039434097,-81.1631416395978,21.1835045970318));
#165=CARTESIAN_POINT('Ctrl Pts',(155.521852006363,-53.7115471832819,30.7589251452343));
#166=CARTESIAN_POINT('Ctrl Pts',(181.006668680462,-26.7291678981187,40.04646462537));
#167=CARTESIAN_POINT('Ctrl Pts',(200.899365957654,-8.90124406492086,46.1401013472803));
#168=CARTESIAN_POINT('Ctrl Pts',(211.613454708771,0.,49.1826468783712));
#169=CARTESIAN_POINT('Ctrl Pts',(88.9285706341079,-200.,-31.6430940051583));
#170=CARTESIAN_POINT('Ctrl Pts',(89.6577685770698,-189.897034979775,-27.5109315947256));
#171=CARTESIAN_POINT('Ctrl Pts',(91.5272148013211,-169.946300582852,-19.545561355315));
#172=CARTESIAN_POINT('Ctrl Pts',(96.294514187132,-140.678729167523,-8.39619440950997));
#173=CARTESIAN_POINT('Ctrl Pts',(103.995275118483,-111.986247866914,2.03182317899484));
#174=CARTESIAN_POINT('Ctrl Pts',(115.463557612217,-83.7588040092091,11.8224660587187));
#175=CARTESIAN_POINT('Ctrl Pts',(130.940305668552,-55.8177028835866,21.1076475092739));
#176=CARTESIAN_POINT('Ctrl Pts',(150.386429392627,-27.9689264539302,30.048560696862));
#177=CARTESIAN_POINT('Ctrl Pts',(166.063575096451,-9.3479822676619,35.8805866974805));
#178=CARTESIAN_POINT('Ctrl Pts',(174.644729083264,0.,38.7857170922789));
#179=CARTESIAN_POINT('Ctrl Pts',(81.9896617735956,-200.,-38.4464509594012));
#180=CARTESIAN_POINT('Ctrl Pts',(82.2316627545522,-190.403333986574,-34.4088044318477));
#181=CARTESIAN_POINT('Ctrl Pts',(82.9296011441976,-171.314193711299,-26.623228824854));
#182=CARTESIAN_POINT('Ctrl Pts',(85.3218578514941,-142.892761073711,-15.7324237842451));
#183=CARTESIAN_POINT('Ctrl Pts',(89.9462907815835,-114.578455813025,-5.57249963113041));
#184=CARTESIAN_POINT('Ctrl Pts',(97.5935435621801,-86.2511618971482,3.9194041809829));
#185=CARTESIAN_POINT('Ctrl Pts',(108.608132752478,-57.7894551093436,12.8622213408086));
#186=CARTESIAN_POINT('Ctrl Pts',(123.113938900664,-29.0941400946671,21.4115620362467));
#187=CARTESIAN_POINT('Ctrl Pts',(135.263293834235,-9.74510082926035,26.9452313329382));
#188=CARTESIAN_POINT('Ctrl Pts',(142.03135744265,0.,29.6900243479993));
#189=CARTESIAN_POINT('Ctrl Pts',(74.6121940161925,-200.,-43.1309242495554));
#190=CARTESIAN_POINT('Ctrl Pts',(74.4883038686091,-190.836157150418,-39.2415301116243));
#191=CARTESIAN_POINT('Ctrl Pts',(74.4320003008764,-172.477311343908,-31.723159671316));
#192=CARTESIAN_POINT('Ctrl Pts',(75.4819140421853,-144.759149217121,-21.1734495548856));
#193=CARTESIAN_POINT('Ctrl Pts',(78.3603059373081,-116.746600709493,-11.3265646386706));
#194=CARTESIAN_POINT('Ctrl Pts',(83.6984326154154,-88.3197094158035,-2.15163596865663));
#195=CARTESIAN_POINT('Ctrl Pts',(91.8009125255835,-59.4121451262043,6.44489108423153));
#196=CARTESIAN_POINT('Ctrl Pts',(102.801517919076,-30.0104434751104,14.5993560866879));
#197=CARTESIAN_POINT('Ctrl Pts',(112.203586732735,-10.0660645072198,19.8237887923205));
#198=CARTESIAN_POINT('Ctrl Pts',(117.482962377458,0.,22.3985445653352));
#199=CARTESIAN_POINT('Ctrl Pts',(69.9176623102655,-200.,-45.4654365889971));
#200=CARTESIAN_POINT('Ctrl Pts',(69.6080888840391,-191.080063179392,-41.681828696374));
#201=CARTESIAN_POINT('Ctrl Pts',(69.2088395740165,-173.131390155199,-34.3524466791472));
#202=CARTESIAN_POINT('Ctrl Pts',(69.7093968847521,-145.805172589751,-24.0384932114022));
#203=CARTESIAN_POINT('Ctrl Pts',(71.8596004752315,-117.958248330473,-14.4014514722619));
#204=CARTESIAN_POINT('Ctrl Pts',(76.1641817455797,-89.4728136042351,-5.43247051943744));
#205=CARTESIAN_POINT('Ctrl Pts',(82.8666005717891,-60.3145123538623,2.94359247098091));
#206=CARTESIAN_POINT('Ctrl Pts',(92.0649567459674,-30.5184858712122,10.8479303494934));
#207=CARTESIAN_POINT('Ctrl Pts',(99.9641749436417,-10.2436227654126,15.8754088906308));
#208=CARTESIAN_POINT('Ctrl Pts',(104.402685402902,0.,18.3412095802756));
#209=CARTESIAN_POINT('Ctrl Pts',(64.1852632347063,-200.,-47.6007209148814));
#210=CARTESIAN_POINT('Ctrl Pts',(63.711090592991,-191.337388882605,-43.957996434459));
#211=CARTESIAN_POINT('Ctrl Pts',(63.0479821083207,-173.820448860343,-36.8809781746645));
#212=CARTESIAN_POINT('Ctrl Pts',(63.1871045436917,-146.904539840416,-26.8819341628133));
#213=CARTESIAN_POINT('Ctrl Pts',(64.8222167247044,-119.229554872483,-17.5227781899222));
#214=CARTESIAN_POINT('Ctrl Pts',(68.2879952454917,-90.6817430704427,-8.82141210443175));
#215=CARTESIAN_POINT('Ctrl Pts',(73.7223990006075,-61.2604658293544,-0.725902965625371));
#216=CARTESIAN_POINT('Ctrl Pts',(81.1448215130592,-31.0511258638456,6.865116491206));
#217=CARTESIAN_POINT('Ctrl Pts',(87.4574289084672,-10.4297461386215,11.6481223032053));
#218=CARTESIAN_POINT('Ctrl Pts',(90.9812227619402,0.,13.9791289356292));
#219=CARTESIAN_POINT('Ctrl Pts',(57.3602156673282,-200.,-49.1682952689428));
#220=CARTESIAN_POINT('Ctrl Pts',(56.7901714283325,-191.579984714424,-45.708425600405));
#221=CARTESIAN_POINT('Ctrl Pts',(56.0128291288648,-174.469407257067,-38.9651651163266));
#222=CARTESIAN_POINT('Ctrl Pts',(56.0292655238461,-147.938280123329,-29.3965936102991));
#223=CARTESIAN_POINT('Ctrl Pts',(57.3884083068278,-120.424687832092,-20.4243738435596));
#224=CARTESIAN_POINT('Ctrl Pts',(60.2369124036052,-91.8204875117709,-12.0933337052491));
#225=CARTESIAN_POINT('Ctrl Pts',(64.5786156200283,-62.1551336098935,-4.37541592383256));
#226=CARTESIAN_POINT('Ctrl Pts',(70.3190045683039,-31.5577772343129,2.80927650967391));
#227=CARTESIAN_POINT('Ctrl Pts',(75.0347490081667,-10.6074120184527,7.28807207265517));
#228=CARTESIAN_POINT('Ctrl Pts',(77.6153144021149,0.,9.45464065099848));
#229=CARTESIAN_POINT('Ctrl Pts',(52.1203246159667,-200.,-49.5283752936514));
#230=CARTESIAN_POINT('Ctrl Pts',(51.5855746778827,-191.698595110619,-46.2211137578079));
#231=CARTESIAN_POINT('Ctrl Pts',(50.8506766589476,-174.787195599502,-39.771756225967));
#232=CARTESIAN_POINT('Ctrl Pts',(50.7914045261517,-148.445900932499,-30.6167577839347));
#233=CARTESIAN_POINT('Ctrl Pts',(51.8699374583853,-121.015414419078,-22.0388268436577));
#234=CARTESIAN_POINT('Ctrl Pts',(54.1727319191687,-92.3910226617921,-14.0906135478391));
#235=CARTESIAN_POINT('Ctrl Pts',(57.6580695023632,-62.6126725740269,-6.75118329805673));
#236=CARTESIAN_POINT('Ctrl Pts',(62.1944998460763,-31.8239467700942,0.0534870957509265));
#237=CARTESIAN_POINT('Ctrl Pts',(65.8451167440408,-10.7023605594397,4.27319998839673));
#238=CARTESIAN_POINT('Ctrl Pts',(67.8202748181651,0.,6.30787872441024));
#239=CARTESIAN_POINT('Ctrl Pts',(48.3578226677494,-200.,-49.4909879718791));
#240=CARTESIAN_POINT('Ctrl Pts',(47.8956423765524,-191.754967750986,-46.2974457195346));
#241=CARTESIAN_POINT('Ctrl Pts',(47.2317369154003,-174.938969756038,-40.0728276859263));
#242=CARTESIAN_POINT('Ctrl Pts',(47.059532339954,-148.69033687859,-31.2478381028152));
#243=CARTESIAN_POINT('Ctrl Pts',(47.81406133407,-121.303662479028,-22.9927480684943));
#244=CARTESIAN_POINT('Ctrl Pts',(49.5888284481991,-92.6758239689059,-15.3604000637626));
#245=CARTESIAN_POINT('Ctrl Pts',(52.3500631408688,-62.8483590706106,-8.32987217464468));
#246=CARTESIAN_POINT('Ctrl Pts',(55.9714938200761,-31.9664412074556,-1.82770678538044));
#247=CARTESIAN_POINT('Ctrl Pts',(58.8924781397823,-10.7544026641924,2.19505839671752));
#248=CARTESIAN_POINT('Ctrl Pts',(60.4728458606257,0.,4.13216410149664));
#249=CARTESIAN_POINT('Ctrl Pts',(46.1409802836004,-200.,-49.4123825857624));
#250=CARTESIAN_POINT('Ctrl Pts',(45.7104480648223,-191.75911042194,-46.2992231185933));
#251=CARTESIAN_POINT('Ctrl Pts',(45.0838141829976,-174.949134343105,-40.2198726471255));
#252=CARTESIAN_POINT('Ctrl Pts',(44.8893245470487,-148.70407445128,-31.5756561077345));
#253=CARTESIAN_POINT('Ctrl Pts',(45.5391117688946,-121.317842091275,-23.4737476744794));
#254=CARTESIAN_POINT('Ctrl Pts',(47.1233493515019,-92.6894893713975,-15.9764392687855));
#255=CARTESIAN_POINT('Ctrl Pts',(49.6062990309952,-62.8605588061208,-9.07347839098385));
#256=CARTESIAN_POINT('Ctrl Pts',(52.8627887296864,-31.9746740753341,-2.70251555138798));
#257=CARTESIAN_POINT('Ctrl Pts',(55.4806451277724,-10.7575589283678,1.22255607208288));
#258=CARTESIAN_POINT('Ctrl Pts',(56.8950234811813,0.,3.10665229161278));
#259=CARTESIAN_POINT('Ctrl Pts',(42.3850943354022,-200.,-48.9528523571278));
#260=CARTESIAN_POINT('Ctrl Pts',(41.994169021123,-191.729089735528,-45.9933230976782));
#261=CARTESIAN_POINT('Ctrl Pts',(41.422733439423,-174.86540309753,-40.1855699915842));
#262=CARTESIAN_POINT('Ctrl Pts',(41.2288842720932,-148.561488262162,-31.8638664833237));
#263=CARTESIAN_POINT('Ctrl Pts',(41.7862950007857,-121.143759398716,-24.0197671557865));
#264=CARTESIAN_POINT('Ctrl Pts',(43.1742303407517,-92.5164637062586,-16.7360797250677));
#265=CARTESIAN_POINT('Ctrl Pts',(45.3519683111953,-62.7199737363479,-10.0262360878745));
#266=CARTESIAN_POINT('Ctrl Pts',(48.1924230681589,-31.8921832351154,-3.85411978918619));
#267=CARTESIAN_POINT('Ctrl Pts',(50.4585079854267,-10.7278679468385,-0.082178320250452));
#268=CARTESIAN_POINT('Ctrl Pts',(51.6771155591095,0.,1.71613441132726));
#269=CARTESIAN_POINT('Ctrl Pts',(38.1774864686813,-200.,-48.1768716534621));
#270=CARTESIAN_POINT('Ctrl Pts',(37.8245567187238,-191.67791329752,-45.3984341138985));
#271=CARTESIAN_POINT('Ctrl Pts',(37.3088913531453,-174.723785760203,-39.9120001096104));
#272=CARTESIAN_POINT('Ctrl Pts',(37.1283522021092,-148.323205609331,-31.9734481786253));
#273=CARTESIAN_POINT('Ctrl Pts',(37.6146602014355,-120.854928641315,-24.4357753894278));
#274=CARTESIAN_POINT('Ctrl Pts',(38.8337777414899,-92.2297268158621,-17.4041213568019));
#275=CARTESIAN_POINT('Ctrl Pts',(40.7389174927432,-62.4861071471431,-10.9185745753468));
#276=CARTESIAN_POINT('Ctrl Pts',(43.2027395014987,-31.7540869732475,-4.97257957100057));
#277=CARTESIAN_POINT('Ctrl Pts',(45.1465267477966,-10.6780062511252,-1.37201756748718));
#278=CARTESIAN_POINT('Ctrl Pts',(46.1854642292128,0.,0.331062466331248));
#279=CARTESIAN_POINT('Ctrl Pts',(32.2327763101881,-200.,-46.4677230773277));
#280=CARTESIAN_POINT('Ctrl Pts',(31.9245366467084,-191.579038991129,-43.9605644072239));
#281=CARTESIAN_POINT('Ctrl Pts',(31.4769480220694,-174.45129627989,-38.9638346059961));
#282=CARTESIAN_POINT('Ctrl Pts',(31.3214986253433,-147.867619245249,-31.6290479257965));
#283=CARTESIAN_POINT('Ctrl Pts',(31.7376567682272,-120.304821004185,-24.5889022036684));
#284=CARTESIAN_POINT('Ctrl Pts',(32.7739151792878,-91.6839463603936,-17.9735863959328));
#285=CARTESIAN_POINT('Ctrl Pts',(34.3782221039751,-62.0400324425007,-11.8552389682763));
#286=CARTESIAN_POINT('Ctrl Pts',(36.4264096075978,-31.4897813114655,-6.26436681504396));
#287=CARTESIAN_POINT('Ctrl Pts',(38.0175630298807,-10.5824131204979,-2.91634769275471));
#288=CARTESIAN_POINT('Ctrl Pts',(38.8603550028695,0.,-1.34886285005366));
#289=CARTESIAN_POINT('Ctrl Pts',(24.6240629185415,-200.,-42.8866967937749));
#290=CARTESIAN_POINT('Ctrl Pts',(24.3656584290633,-191.419786290411,-40.7558919481114));
#291=CARTESIAN_POINT('Ctrl Pts',(23.9897130622607,-174.013379972479,-36.4649722962942));
#292=CARTESIAN_POINT('Ctrl Pts',(23.8492911047961,-147.13797576002,-30.064109062537));
#293=CARTESIAN_POINT('Ctrl Pts',(24.1716397703546,-119.425648114867,-23.8436616599384));
#294=CARTESIAN_POINT('Ctrl Pts',(24.9900892462873,-90.811952321507,-17.9452683907557));
#295=CARTESIAN_POINT('Ctrl Pts',(26.2550475934176,-61.3264728664669,-12.4625747643024));
#296=CARTESIAN_POINT('Ctrl Pts',(27.8573921282941,-31.066157441876,-7.45521945428963));
#297=CARTESIAN_POINT('Ctrl Pts',(29.0882188644797,-10.4290487961172,-4.47910273091086));
#298=CARTESIAN_POINT('Ctrl Pts',(29.7355542157478,0.,-3.097097589516));
#299=CARTESIAN_POINT('Ctrl Pts',(17.2352499699189,-200.,-37.6511982716507));
#300=CARTESIAN_POINT('Ctrl Pts',(17.0235817851772,-191.235172537804,-35.9265228612419));
#301=CARTESIAN_POINT('Ctrl Pts',(16.7095456460898,-173.506354296846,-32.4263249983158));
#302=CARTESIAN_POINT('Ctrl Pts',(16.5664794003246,-146.294825454999,-27.1388685202335));
#303=CARTESIAN_POINT('Ctrl Pts',(16.7809087794112,-118.410898480626,-21.9466325497246));
#304=CARTESIAN_POINT('Ctrl Pts',(17.3777919333487,-89.8056182459281,-16.9793674623099));
#305=CARTESIAN_POINT('Ctrl Pts',(18.318284821441,-60.5023597785253,-12.3299898331788));
#306=CARTESIAN_POINT('Ctrl Pts',(19.5177995771642,-30.5763159564996,-8.06499944314047));
#307=CARTESIAN_POINT('Ctrl Pts',(20.4417078243498,-10.251604954058,-5.52685956369874));
#308=CARTESIAN_POINT('Ctrl Pts',(20.9279151596322,0.,-4.34937815727146));
#309=CARTESIAN_POINT('Ctrl Pts',(10.7282746689228,-200.,-30.9257476506611));
#310=CARTESIAN_POINT('Ctrl Pts',(10.5609379801593,-191.040440214468,-29.6159337160467));
#311=CARTESIAN_POINT('Ctrl Pts',(10.3046246449028,-172.972038815803,-26.9464475451685));
#312=CARTESIAN_POINT('Ctrl Pts',(10.1576840951863,-145.407601358727,-22.8819711035273));
#313=CARTESIAN_POINT('Ctrl Pts',(10.2713539503847,-117.344039081304,-18.8582943785841));
#314=CARTESIAN_POINT('Ctrl Pts',(10.6655213831392,-88.7476615892892,-14.9746673397837));
#315=CARTESIAN_POINT('Ctrl Pts',(11.3154183371558,-59.6354095972309,-11.3045259245734));
#316=CARTESIAN_POINT('Ctrl Pts',(12.1642366756013,-30.0604963150009,-7.90290778441518));
#317=CARTESIAN_POINT('Ctrl Pts',(12.8304467022455,-10.0646546442695,-5.85394556459293));
#318=CARTESIAN_POINT('Ctrl Pts',(13.1842652446195,0.,-4.89631048849068));
#319=CARTESIAN_POINT('Ctrl Pts',(5.61716778645869,-200.,-23.1350318273612));
#320=CARTESIAN_POINT('Ctrl Pts',(5.49245184542205,-190.85083180156,-22.2277678388065));
#321=CARTESIAN_POINT('Ctrl Pts',(5.29538147396794,-172.452253092164,-20.3777848003371));
#322=CARTESIAN_POINT('Ctrl Pts',(5.16069929406859,-144.545736499743,-17.5511155204767));
#323=CARTESIAN_POINT('Ctrl Pts',(5.20329708591868,-116.308536896742,-14.7345089864941));
#324=CARTESIAN_POINT('Ctrl Pts',(5.437591828135,-87.7207998072225,-11.9886370394751));
#325=CARTESIAN_POINT('Ctrl Pts',(5.8509557133027,-58.793338741139,-9.35853365655421));
#326=CARTESIAN_POINT('Ctrl Pts',(6.41134295408247,-29.5589379770441,-6.87809466830913));
#327=CARTESIAN_POINT('Ctrl Pts',(6.86498784689722,-9.88277091670107,-5.34869629777437));
#328=CARTESIAN_POINT('Ctrl Pts',(7.10956743678296,0.,-4.62250870905067));
#329=CARTESIAN_POINT('Ctrl Pts',(2.16485024865646,-200.,-14.8948369951275));
#330=CARTESIAN_POINT('Ctrl Pts',(2.08173836760213,-190.681589780243,-14.3567678526234));
#331=CARTESIAN_POINT('Ctrl Pts',(1.94794779147864,-171.988816688741,-13.2620686564488));
#332=CARTESIAN_POINT('Ctrl Pts',(1.84737847769125,-143.778663906584,-11.5874506871952));
#333=CARTESIAN_POINT('Ctrl Pts',(1.85536923203607,-115.387858906782,-9.90671861952553));
#334=CARTESIAN_POINT('Ctrl Pts',(1.97950602187806,-86.80775035536,-8.24580970210206));
#335=CARTESIAN_POINT('Ctrl Pts',(2.21484597679889,-58.0438636288046,-6.62344340664376));
#336=CARTESIAN_POINT('Ctrl Pts',(2.54755309214607,-29.1118804022935,-5.0531564416394));
#337=CARTESIAN_POINT('Ctrl Pts',(2.82649233106522,-9.72052682130201,-4.05095090236644));
#338=CARTESIAN_POINT('Ctrl Pts',(2.97939342622549,0.,-3.56409051977086));
#339=CARTESIAN_POINT('Ctrl Pts',(0.346189253774174,-200.,-6.8912206468168));
#340=CARTESIAN_POINT('Ctrl Pts',(0.304358805464455,-190.547956631673,-6.66794768007982));
#341=CARTESIAN_POINT('Ctrl Pts',(0.237156341602046,-171.623549168347,-6.21474446015443));
#342=CARTESIAN_POINT('Ctrl Pts',(0.186004670994266,-143.175816607792,-5.51837917676267));
#343=CARTESIAN_POINT('Ctrl Pts',(0.186012386766467,-114.665472091265,-4.80958537039781));
#344=CARTESIAN_POINT('Ctrl Pts',(0.238491728103349,-86.0912306893341,-4.09237987135565));
#345=CARTESIAN_POINT('Ctrl Pts',(0.342211930439793,-57.4547006787828,-3.36931300639642));
#346=CARTESIAN_POINT('Ctrl Pts',(0.494084520252327,-28.7595630504135,-2.64185735409595));
#347=CARTESIAN_POINT('Ctrl Pts',(0.625735411054409,-9.59249540802165,-2.15515841722623));
#348=CARTESIAN_POINT('Ctrl Pts',(0.698929086594621,0.,-1.91178352120444));
#349=CARTESIAN_POINT('Ctrl Pts',(0.0212088918793142,-200.,-2.14157115752717));
#350=CARTESIAN_POINT('Ctrl Pts',(0.00714702091207931,-190.492768768566,
-2.07786748092956));
#351=CARTESIAN_POINT('Ctrl Pts',(-0.0152227629633174,-171.473363118646,
-1.94804732843586));
#352=CARTESIAN_POINT('Ctrl Pts',(-0.0316374374692902,-142.929690623867,
-1.74621100742947));
#353=CARTESIAN_POINT('Ctrl Pts',(-0.0312137042813979,-114.371719650443,
-1.53715476152347));
#354=CARTESIAN_POINT('Ctrl Pts',(-0.0142092725084546,-85.7997157396292,
-1.32082486052706));
#355=CARTESIAN_POINT('Ctrl Pts',(0.0190878142602407,-57.2139444326801,-1.09712602937142));
#356=CARTESIAN_POINT('Ctrl Pts',(0.068482867769859,-28.6146712708502,-0.866090848679309));
#357=CARTESIAN_POINT('Ctrl Pts',(0.111874194432371,-9.53966495388006,-0.707005251968168));
#358=CARTESIAN_POINT('Ctrl Pts',(0.136184051857919,0.,-0.626245241756706));
#359=CARTESIAN_POINT('Ctrl Pts',(8.88178419700125E-15,-200.,-1.85268467234323E-14));
#360=CARTESIAN_POINT('Ctrl Pts',(8.89015291088061E-15,-190.47619047619,
-1.85000204337133E-14));
#361=CARTESIAN_POINT('Ctrl Pts',(8.53719535135493E-15,-171.428571428572,
-1.77131639914454E-14));
#362=CARTESIAN_POINT('Ctrl Pts',(7.21555546788557E-15,-142.857142857145,
-1.49617281934079E-14));
#363=CARTESIAN_POINT('Ctrl Pts',(5.41859345790769E-15,-114.28571428572,
-1.12676017145891E-14));
#364=CARTESIAN_POINT('Ctrl Pts',(3.46319073909363E-15,-85.7142857142936,
-7.25924500884312E-15));
#365=CARTESIAN_POINT('Ctrl Pts',(1.66622872911574E-15,-57.1428571428659,
-3.56511853002429E-15));
#366=CARTESIAN_POINT('Ctrl Pts',(3.44588845646354E-16,-28.5714285714351,
-8.1368273198683E-16));
#367=CARTESIAN_POINT('Ctrl Pts',(-8.3687138793458E-18,-9.52380952381216,
-2.68262897189556E-17));
#368=CARTESIAN_POINT('Ctrl Pts',(0.,0.,0.));
#369=CARTESIAN_POINT('',(0.,0.,0.));
#370=CARTESIAN_POINT('Ctrl Pts',(0.,-200.,0.));
#371=CARTESIAN_POINT('Ctrl Pts',(7.02971965866279E-18,-192.,2.25340833639379E-17));
#372=CARTESIAN_POINT('Ctrl Pts',(2.10891589759859E-17,-176.,6.76022500918101E-17));
#373=CARTESIAN_POINT('Ctrl Pts',(4.2178317951963E-17,-152.000000000001,
1.35204500183608E-16));
#374=CARTESIAN_POINT('Ctrl Pts',(7.02971965865862E-17,-120.000000000005,
2.25340833639321E-16));
#375=CARTESIAN_POINT('Ctrl Pts',(1.05445794879852E-16,-80.0000000000089,
3.38011250458947E-16));
#376=CARTESIAN_POINT('Ctrl Pts',(1.33564673514458E-16,-48.0000000000091,
4.28147583914641E-16));
#377=CARTESIAN_POINT('Ctrl Pts',(1.54653832490412E-16,-24.0000000000058,
4.95749834006411E-16));
#378=CARTESIAN_POINT('Ctrl Pts',(1.68713271807713E-16,-8.00000000000221,
5.40818000734256E-16));
#379=CARTESIAN_POINT('Ctrl Pts',(1.75742991466363E-16,0.,5.63352084098179E-16));
#380=CARTESIAN_POINT('',(230.530751109742,0.,54.616411457803));
#381=CARTESIAN_POINT('Ctrl Pts',(0.,0.,0.));
#382=CARTESIAN_POINT('Ctrl Pts',(0.244904200276889,0.,-1.12619714289046));
#383=CARTESIAN_POINT('Ctrl Pts',(1.4194818126947,0.,-3.0280987739195));
#384=CARTESIAN_POINT('Ctrl Pts',(5.23613817520408,0.,-4.82933625264806));
#385=CARTESIAN_POINT('Ctrl Pts',(13.9302935210307,0.,-5.29837686595598));
#386=CARTESIAN_POINT('Ctrl Pts',(28.224231951664,0.,-3.56574266937083));
#387=CARTESIAN_POINT('Ctrl Pts',(43.0906017359078,0.,-0.559591949282144));
#388=CARTESIAN_POINT('Ctrl Pts',(56.7007069171811,0.,2.93277963150219));
#389=CARTESIAN_POINT('Ctrl Pts',(68.7591377948104,0.,6.55428289121909));
#390=CARTESIAN_POINT('Ctrl Pts',(79.8188569171184,0.,10.2038761980036));
#391=CARTESIAN_POINT('Ctrl Pts',(90.891005629253,0.,13.9476696160113));
#392=CARTESIAN_POINT('Ctrl Pts',(102.954008093288,0.,17.9003653714872));
#393=CARTESIAN_POINT('Ctrl Pts',(116.488513077044,0.,22.1166326942468));
#394=CARTESIAN_POINT('Ctrl Pts',(131.575673994043,0.,26.6008419541179));
#395=CARTESIAN_POINT('Ctrl Pts',(148.022557085384,0.,31.323857659219));
#396=CARTESIAN_POINT('Ctrl Pts',(165.473396975378,0.,36.2365453327895));
#397=CARTESIAN_POINT('Ctrl Pts',(183.514965720433,0.,41.2831317108336));
#398=CARTESIAN_POINT('Ctrl Pts',(200.250550619316,0.,45.981663117791));
#399=CARTESIAN_POINT('Ctrl Pts',(213.335182279718,0.,49.6881915920858));
#400=CARTESIAN_POINT('Ctrl Pts',(222.720594765804,0.,52.3701042239214));
#401=CARTESIAN_POINT('Ctrl Pts',(228.441587964299,0.,54.0145616232382));
#402=CARTESIAN_POINT('Ctrl Pts',(230.530751109742,0.,54.616411457803));
#403=CARTESIAN_POINT('',(291.088717882799,0.,72.5765686799002));
#404=CARTESIAN_POINT('Ctrl Pts',(230.530751109742,0.,54.616411457803));
#405=CARTESIAN_POINT('Ctrl Pts',(232.06466261663,0.,55.0583034128048));
#406=CARTESIAN_POINT('Ctrl Pts',(237.215845226729,0.,56.544688982405));
#407=CARTESIAN_POINT('Ctrl Pts',(245.950728794618,0.,59.0793369135961));
#408=CARTESIAN_POINT('Ctrl Pts',(258.190642473546,0.,62.6673006808083));
#409=CARTESIAN_POINT('Ctrl Pts',(270.270741280658,0.,66.2625679683899));
#410=CARTESIAN_POINT('Ctrl Pts',(280.729192500223,0.,69.4177923672339));
#411=CARTESIAN_POINT('Ctrl Pts',(287.644963910235,0.,71.5233049184336));
#412=CARTESIAN_POINT('Ctrl Pts',(291.088717882799,0.,72.5765686799002));
#413=CARTESIAN_POINT('Ctrl Pts',(99.9950964681825,-200.,0.));
#414=CARTESIAN_POINT('Ctrl Pts',(100.754990597298,-195.289704731369,1.557315938017));
#415=CARTESIAN_POINT('Ctrl Pts',(102.557793062003,-185.934765754036,4.66217030042238));
#416=CARTESIAN_POINT('Ctrl Pts',(106.111073878773,-172.099319970946,9.29011811123615));
#417=CARTESIAN_POINT('Ctrl Pts',(112.574575416248,-154.05239591097,15.4010928417957));
#418=CARTESIAN_POINT('Ctrl Pts',(123.709750152972,-132.202602401205,22.934240212619));
#419=CARTESIAN_POINT('Ctrl Pts',(138.117367702262,-111.111926174299,30.3543319365061));
#420=CARTESIAN_POINT('Ctrl Pts',(155.969648426158,-90.8203176467431,37.6554181816076));
#421=CARTESIAN_POINT('Ctrl Pts',(177.202515298074,-71.3129126998683,44.8397126671826));
#422=CARTESIAN_POINT('Ctrl Pts',(201.550692483919,-52.5281745912724,51.9163800854053));
#423=CARTESIAN_POINT('Ctrl Pts',(228.71327289761,-34.3963011020407,58.8958161092437));
#424=CARTESIAN_POINT('Ctrl Pts',(252.481572691457,-20.3636172244837,64.4089484101055));
#425=CARTESIAN_POINT('Ctrl Pts',(271.376405484667,-10.0869921506522,68.5068795993494));
#426=CARTESIAN_POINT('Ctrl Pts',(284.440087751568,-3.34426948011771,71.2226955204175));
#427=CARTESIAN_POINT('Ctrl Pts',(291.088717882799,0.,72.5765686799002));
#428=CARTESIAN_POINT('Ctrl Pts',(8.88178419700125E-15,-200.,3.67761376907083E-15));
#429=CARTESIAN_POINT('Ctrl Pts',(8.89015291088061E-15,-190.47619047619,
3.7044400587898E-15));
#430=CARTESIAN_POINT('Ctrl Pts',(8.53719535135493E-15,-171.428571428572,
3.58499199115962E-15));
#431=CARTESIAN_POINT('Ctrl Pts',(7.21555546788557E-15,-142.857142857145,
3.03488993171122E-15));
#432=CARTESIAN_POINT('Ctrl Pts',(5.41859345790769E-15,-114.28571428572,
2.26222989746092E-15));
#433=CARTESIAN_POINT('Ctrl Pts',(3.13729028595796E-15,-80.9523809523893,
1.27424286730151E-15));
#434=CARTESIAN_POINT('Ctrl Pts',(1.37993845318911E-15,-52.3809523809611,
5.20129330951359E-16));
#435=CARTESIAN_POINT('Ctrl Pts',(2.5634945576493E-16,-23.8095238095294,
6.27597610037031E-17));
#436=CARTESIAN_POINT('Ctrl Pts',(-8.3687138793458E-18,-9.52380952381216,
-2.68262897189556E-17));
#437=CARTESIAN_POINT('Ctrl Pts',(0.,0.,0.));
#438=CARTESIAN_POINT('Ctrl Pts',(-0.0518516755608209,-200.,5.23573100765746));
#439=CARTESIAN_POINT('Ctrl Pts',(-0.0174730962686701,-190.435659728874,
5.0799877283872));
#440=CARTESIAN_POINT('Ctrl Pts',(0.0363741200049467,-171.319064331511,4.76320185128153));
#441=CARTESIAN_POINT('Ctrl Pts',(0.076785671312702,-142.679777472658,4.26955471004007));
#442=CARTESIAN_POINT('Ctrl Pts',(0.0761036558388626,-114.075447653521,3.758197079564));
#443=CARTESIAN_POINT('Ctrl Pts',(0.0286114427747485,-80.7437553471405,3.14046422316946));
#444=CARTESIAN_POINT('Ctrl Pts',(-0.0635623927073267,-52.2158066761978,
2.58960327212595));
#445=CARTESIAN_POINT('Ctrl Pts',(-0.192766568170007,-23.720542853805,2.0193595775668));
#446=CARTESIAN_POINT('Ctrl Pts',(-0.273510962588152,-9.48504603628829,1.72849233017347));
#447=CARTESIAN_POINT('Ctrl Pts',(-0.332943904551024,0.,1.53104958438532));
#448=CARTESIAN_POINT('Ctrl Pts',(1.15370098378214,-200.,13.7562930379757));
#449=CARTESIAN_POINT('Ctrl Pts',(1.24762299691585,-190.431338538815,13.4931028369531));
#450=CARTESIAN_POINT('Ctrl Pts',(1.41639699855467,-171.308219095032,12.9065160193039));
#451=CARTESIAN_POINT('Ctrl Pts',(1.59297006053738,-142.664531811082,11.8672577926288));
#452=CARTESIAN_POINT('Ctrl Pts',(1.67340033034043,-114.059152820076,10.6850528482384));
#453=CARTESIAN_POINT('Ctrl Pts',(1.63221178665233,-80.727687439581,9.1579360254385));
#454=CARTESIAN_POINT('Ctrl Pts',(1.42836649776471,-52.2014944411526,7.72203808288095));
#455=CARTESIAN_POINT('Ctrl Pts',(1.06157766462683,-23.7119672910524,6.23437765946973));
#456=CARTESIAN_POINT('Ctrl Pts',(0.813579844258668,-9.48109275155168,5.47689314339393));
#457=CARTESIAN_POINT('Ctrl Pts',(0.616352200260277,0.,4.97050504311663));
#458=CARTESIAN_POINT('Ctrl Pts',(5.90677676497503,-200.,24.6268680393386));
#459=CARTESIAN_POINT('Ctrl Pts',(6.082864761659,-190.493179062117,24.4032343647677));
#460=CARTESIAN_POINT('Ctrl Pts',(6.39606019411999,-171.477451636508,23.8032546156462));
#461=CARTESIAN_POINT('Ctrl Pts',(6.71199189739944,-142.944634063962,22.4909810461984));
#462=CARTESIAN_POINT('Ctrl Pts',(6.83713421665677,-114.395857149914,20.7958031510918));
#463=CARTESIAN_POINT('Ctrl Pts',(6.71705627062138,-81.062174786741,18.4044656011528));
#464=CARTESIAN_POINT('Ctrl Pts',(6.2849700842286,-52.4623508046397,15.9871066413823));
#465=CARTESIAN_POINT('Ctrl Pts',(5.53784378289551,-23.8503860488516,13.407996427437));
#466=CARTESIAN_POINT('Ctrl Pts',(5.04006262035207,-9.5408586814992,12.0729844063324));
#467=CARTESIAN_POINT('Ctrl Pts',(4.64690966110781,0.,11.1743119906066));
#468=CARTESIAN_POINT('Ctrl Pts',(12.540894795721,-200.,34.5648719750428));
#469=CARTESIAN_POINT('Ctrl Pts',(12.7966064711145,-190.584971741522,34.4795019176097));
#470=CARTESIAN_POINT('Ctrl Pts',(13.2384658302285,-171.728100095357,34.0655918891276));
#471=CARTESIAN_POINT('Ctrl Pts',(13.6513996238699,-143.357964508386,32.7747114973455));
#472=CARTESIAN_POINT('Ctrl Pts',(13.7710584815926,-114.891588844281,30.8430609053144));
#473=CARTESIAN_POINT('Ctrl Pts',(13.5180127455676,-81.5546596909312,27.873582143547));
#474=CARTESIAN_POINT('Ctrl Pts',(12.8298073643168,-52.8475422969412,24.6703415632109));
#475=CARTESIAN_POINT('Ctrl Pts',(11.7086044049775,-24.0553937342309,21.1489975582754));
#476=CARTESIAN_POINT('Ctrl Pts',(10.9781379809571,-9.62953362334371,19.2928012351007));
#477=CARTESIAN_POINT('Ctrl Pts',(10.4092908533292,0.,18.0300081516683));
#478=CARTESIAN_POINT('Ctrl Pts',(23.7780867494523,-200.,44.1668964009534));
#479=CARTESIAN_POINT('Ctrl Pts',(24.1203259570448,-190.727530538607,44.3959835940302));
#480=CARTESIAN_POINT('Ctrl Pts',(24.6820546175629,-172.117104288091,44.5269791851357));
#481=CARTESIAN_POINT('Ctrl Pts',(25.134266865007,-143.998696030149,43.7851223513113));
#482=CARTESIAN_POINT('Ctrl Pts',(25.1707961543922,-115.659567611181,42.0994459225041));
#483=CARTESIAN_POINT('Ctrl Pts',(24.6989668021158,-82.3178676301501,39.0206777368413));
#484=CARTESIAN_POINT('Ctrl Pts',(23.7178405208835,-53.4453642159374,35.3035464663458));
#485=CARTESIAN_POINT('Ctrl Pts',(22.2520233026215,-24.3740457675436,30.9865189620039));
#486=CARTESIAN_POINT('Ctrl Pts',(21.3339241048922,-9.76748987493395,28.6329057551865));
#487=CARTESIAN_POINT('Ctrl Pts',(20.6365748748499,0.,26.996021986314));
#488=CARTESIAN_POINT('Ctrl Pts',(38.3819241105154,-200.,49.7933896817177));
#489=CARTESIAN_POINT('Ctrl Pts',(38.780840268089,-190.852414308064,50.4873961309108));
#490=CARTESIAN_POINT('Ctrl Pts',(39.4388150169502,-172.45874318716,51.5199447324215));
#491=CARTESIAN_POINT('Ctrl Pts',(40.0109680802259,-144.563733344911,51.9828239415393));
#492=CARTESIAN_POINT('Ctrl Pts',(40.1696523140845,-116.338885859216,51.2694978954675));
#493=CARTESIAN_POINT('Ctrl Pts',(39.8735959811653,-82.9942204981393,48.9542487465996));
#494=CARTESIAN_POINT('Ctrl Pts',(39.1146362216882,-53.9751360032201,45.4363269427424));
#495=CARTESIAN_POINT('Ctrl Pts',(37.9729860534492,-24.6563782896637,40.938677739952));
#496=CARTESIAN_POINT('Ctrl Pts',(37.2611689498092,-9.88972366202724,38.3478219318629));
#497=CARTESIAN_POINT('Ctrl Pts',(36.7255852344083,0.,36.4821361701404));
#498=CARTESIAN_POINT('Ctrl Pts',(46.3667052176713,-200.,50.4602175629176));
#499=CARTESIAN_POINT('Ctrl Pts',(46.754400094289,-190.844415293959,51.4298613458337));
#500=CARTESIAN_POINT('Ctrl Pts',(47.4557371861119,-172.438874416474,53.0200173043523));
#501=CARTESIAN_POINT('Ctrl Pts',(48.2893161490614,-144.536297842301,54.3053608695974));
#502=CARTESIAN_POINT('Ctrl Pts',(48.9025441512135,-116.310554569373,54.3606238523716));
#503=CARTESIAN_POINT('Ctrl Pts',(49.3590489803697,-82.9683516017884,52.8324904573031));
#504=CARTESIAN_POINT('Ctrl Pts',(49.4797564497469,-53.9540764501974,49.8364869880152));
#505=CARTESIAN_POINT('Ctrl Pts',(49.4042477536896,-24.6446481589092,45.7127716471134));
#506=CARTESIAN_POINT('Ctrl Pts',(49.2942114205907,-9.88454115443228,43.2492328762836));
#507=CARTESIAN_POINT('Ctrl Pts',(49.1905721163993,0.,41.4380240664255));
#508=CARTESIAN_POINT('Ctrl Pts',(52.155804003451,-200.,50.5190788727702));
#509=CARTESIAN_POINT('Ctrl Pts',(52.5024514940949,-190.767078083884,51.6843644622285));
#510=CARTESIAN_POINT('Ctrl Pts',(53.2244554070421,-172.230656569101,53.6625793880228));
#511=CARTESIAN_POINT('Ctrl Pts',(54.3870517013884,-144.20095796839,55.5188641020222));
#512=CARTESIAN_POINT('Ctrl Pts',(55.6182019471901,-115.915109179183,56.1349769760713));
#513=CARTESIAN_POINT('Ctrl Pts',(57.1215649690955,-82.5784228822297,55.2495855308673));
#514=CARTESIAN_POINT('Ctrl Pts',(58.4775370795425,-53.6471908954108,52.7936693671203));
#515=CARTESIAN_POINT('Ctrl Pts',(59.8928038307561,-24.4801838121239,49.2003595082269));
#516=CARTESIAN_POINT('Ctrl Pts',(60.6227427082332,-9.81314497426787,46.9996403777506));
#517=CARTESIAN_POINT('Ctrl Pts',(61.119223759692,0.,45.3619224498872));
#518=CARTESIAN_POINT('Ctrl Pts',(57.4606953562539,-200.,50.1486907694025));
#519=CARTESIAN_POINT('Ctrl Pts',(57.8064990589431,-190.666828379823,51.4933124186441));
#520=CARTESIAN_POINT('Ctrl Pts',(58.6177024296035,-171.963271944123,53.8263298314812));
#521=CARTESIAN_POINT('Ctrl Pts',(60.1889196006406,-143.77707322318,56.2078633184887));
#522=CARTESIAN_POINT('Ctrl Pts',(62.1124227657272,-115.425006830602,57.3464314187891));
#523=CARTESIAN_POINT('Ctrl Pts',(64.7603617038843,-82.1107581710122,57.0731860020523));
#524=CARTESIAN_POINT('Ctrl Pts',(67.4407939129939,-53.2932298215468,55.1471103766246));
#525=CARTESIAN_POINT('Ctrl Pts',(70.4245206016549,-24.2974985415745,52.0890417017655));
#526=CARTESIAN_POINT('Ctrl Pts',(72.0273594415426,-9.73573363902409,50.1572365598225));
#527=CARTESIAN_POINT('Ctrl Pts',(73.1437110162886,0.,48.7001390025859));
#528=CARTESIAN_POINT('Ctrl Pts',(65.2305818695431,-200.,48.3403575975301));
#529=CARTESIAN_POINT('Ctrl Pts',(65.6643248599764,-190.448911945358,49.9540539445066));
#530=CARTESIAN_POINT('Ctrl Pts',(66.7747906931781,-171.385067691283,52.8048063977619));
#531=CARTESIAN_POINT('Ctrl Pts',(69.2001965750709,-142.868694323152,55.9267094485955));
#532=CARTESIAN_POINT('Ctrl Pts',(72.4471598688372,-114.388020971608,57.8004494219816));
#533=CARTESIAN_POINT('Ctrl Pts',(77.2423420497149,-81.1446018044293,58.4157499285623));
#534=CARTESIAN_POINT('Ctrl Pts',(82.3781162520716,-52.5845491847249,57.3127794558085));
#535=CARTESIAN_POINT('Ctrl Pts',(88.2305316871796,-23.9433825910974,55.1460707182098));
#536=CARTESIAN_POINT('Ctrl Pts',(91.4182041166024,-9.58892668092536,53.6887602028574));
#537=CARTESIAN_POINT('Ctrl Pts',(93.6562947186238,0.,52.5636318289293));
#538=CARTESIAN_POINT('Ctrl Pts',(72.6160977204415,-200.,45.323597486668));
#539=CARTESIAN_POINT('Ctrl Pts',(73.2059624830299,-190.184212442368,47.2059374728016));
#540=CARTESIAN_POINT('Ctrl Pts',(74.7257226499083,-170.682779888432,50.5608874526547));
#541=CARTESIAN_POINT('Ctrl Pts',(78.1351814833757,-141.765673984701,54.3838947800316));
#542=CARTESIAN_POINT('Ctrl Pts',(82.854378702244,-113.13137310785,56.9543044527097));
#543=CARTESIAN_POINT('Ctrl Pts',(90.0480609686919,-79.9809711096464,58.4383305580601));
#544=CARTESIAN_POINT('Ctrl Pts',(97.9536641307384,-51.7392467659117,58.1880294726098));
#545=CARTESIAN_POINT('Ctrl Pts',(107.072270288344,-23.5253561931638,56.9985650921308));
#546=CARTESIAN_POINT('Ctrl Pts',(112.075922379685,-9.41684564204642,56.0814272308888));
#547=CARTESIAN_POINT('Ctrl Pts',(115.608561657274,0.,55.3450706078863));
#548=CARTESIAN_POINT('Ctrl Pts',(79.4308965951441,-200.,41.175306338317));
#549=CARTESIAN_POINT('Ctrl Pts',(80.2240431290341,-189.893488680702,43.3253572383919));
#550=CARTESIAN_POINT('Ctrl Pts',(82.2220243616811,-169.909452300936,47.1820408382905));
#551=CARTESIAN_POINT('Ctrl Pts',(86.6813812957672,-140.545922551613,51.7072810515392));
#552=CARTESIAN_POINT('Ctrl Pts',(92.9495793677931,-111.737233570685,54.9894271632125));
#553=CARTESIAN_POINT('Ctrl Pts',(102.69439392419,-78.6870510582199,57.3866027684925));
#554=CARTESIAN_POINT('Ctrl Pts',(113.594628391854,-50.7984398091421,58.0640849870017));
#555=CARTESIAN_POINT('Ctrl Pts',(126.297430042681,-23.0595969449699,57.9611614555105));
#556=CARTESIAN_POINT('Ctrl Pts',(133.31542059622,-9.22490639684021,57.6528372970167));
#557=CARTESIAN_POINT('Ctrl Pts',(138.296294603618,0.,57.3578189328054));
#558=CARTESIAN_POINT('Ctrl Pts',(85.5022944956574,-200.,35.9998356254791));
#559=CARTESIAN_POINT('Ctrl Pts',(86.5248603147303,-189.597499470211,38.4161630476414));
#560=CARTESIAN_POINT('Ctrl Pts',(89.0485704235301,-169.118128694158,42.7858961376495));
#561=CARTESIAN_POINT('Ctrl Pts',(94.6344694366933,-139.287350367676,48.067083209484));
#562=CARTESIAN_POINT('Ctrl Pts',(102.557616717356,-110.287772691473,52.1460687254646));
#563=CARTESIAN_POINT('Ctrl Pts',(115.036438805056,-77.3300266217062,55.5863572615588));
#564=CARTESIAN_POINT('Ctrl Pts',(129.164298931468,-49.8032455584506,57.3275598349349));
#565=CARTESIAN_POINT('Ctrl Pts',(145.754526411546,-22.5622824437118,58.4549665116347));
#566=CARTESIAN_POINT('Ctrl Pts',(154.966672255025,-9.01852481975964,58.8286993272226));
#567=CARTESIAN_POINT('Ctrl Pts',(161.530343452419,0.,59.0233496699169));
#568=CARTESIAN_POINT('Ctrl Pts',(90.6781405768825,-200.,29.928171279149));
#569=CARTESIAN_POINT('Ctrl Pts',(91.935240709755,-189.317003620745,32.6088391649069));
#570=CARTESIAN_POINT('Ctrl Pts',(95.0273654375314,-168.361852833462,37.5157696809081));
#571=CARTESIAN_POINT('Ctrl Pts',(101.887269512915,-138.067867776678,43.6549300815641));
#572=CARTESIAN_POINT('Ctrl Pts',(111.681704645583,-108.865160801573,48.6801227599714));
#573=CARTESIAN_POINT('Ctrl Pts',(127.210556977835,-75.9770827716615,53.3715631664602));
#574=CARTESIAN_POINT('Ctrl Pts',(144.886830125593,-48.7947812578721,56.3678942460341));
#575=CARTESIAN_POINT('Ctrl Pts',(165.704004430752,-22.0495902865859,58.9000289635646));
#576=CARTESIAN_POINT('Ctrl Pts',(177.284101650231,-8.80311678525751,60.0330907561743));
#577=CARTESIAN_POINT('Ctrl Pts',(185.546008903758,0.,60.7615041941374));
#578=CARTESIAN_POINT('Ctrl Pts',(94.8253565057366,-200.,23.1130769034489));
#579=CARTESIAN_POINT('Ctrl Pts',(96.3010834957605,-189.072759942153,26.0556475276727));
#580=CARTESIAN_POINT('Ctrl Pts',(100.002084078546,-167.693668484211,31.53195745135));
#581=CARTESIAN_POINT('Ctrl Pts',(108.362228495803,-136.965385122405,38.6614707567499));
#582=CARTESIAN_POINT('Ctrl Pts',(120.36545822869,-107.551568232344,44.8222107177231));
#583=CARTESIAN_POINT('Ctrl Pts',(139.406911469984,-74.6954044796423,51.0200267368953));
#584=CARTESIAN_POINT('Ctrl Pts',(161.051262202575,-47.8141641514413,55.4947735143517));
#585=CARTESIAN_POINT('Ctrl Pts',(186.4775374119,-21.5376980707883,59.6211836738761));
#586=CARTESIAN_POINT('Ctrl Pts',(200.595562063977,-8.58409816778685,61.5913571299976));
#587=CARTESIAN_POINT('Ctrl Pts',(210.652020645721,0.,62.8933919918413));
#588=CARTESIAN_POINT('Ctrl Pts',(98.8499214085878,-200.,13.2655808784216));
#589=CARTESIAN_POINT('Ctrl Pts',(100.567910952263,-188.823116344996,16.5534359649097));
#590=CARTESIAN_POINT('Ctrl Pts',(105.111050070607,-166.990936387622,22.831457114508));
#591=CARTESIAN_POINT('Ctrl Pts',(115.807265926903,-135.755288624061,31.4602156345682));
#592=CARTESIAN_POINT('Ctrl Pts',(131.271112194974,-106.055031009411,39.3890581011163));
#593=CARTESIAN_POINT('Ctrl Pts',(155.687219309523,-73.1711007963923,47.9333954295551));
#594=CARTESIAN_POINT('Ctrl Pts',(183.218229921619,-46.5986272604435,54.6682208775986));
#595=CARTESIAN_POINT('Ctrl Pts',(215.297147426476,-20.8778118344244,61.1613112349966));
#596=CARTESIAN_POINT('Ctrl Pts',(233.004371409111,-8.29448039980497,64.3433495466706));
#597=CARTESIAN_POINT('Ctrl Pts',(245.556487332521,0.,66.4577093321691));
#598=CARTESIAN_POINT('Ctrl Pts',(100.047601942642,-200.,5.30174845321556));
#599=CARTESIAN_POINT('Ctrl Pts',(101.860359760789,-188.752538332988,8.84340529879344));
#600=CARTESIAN_POINT('Ctrl Pts',(107.029813865721,-166.75515587844,15.7632927170445));
#601=CARTESIAN_POINT('Ctrl Pts',(119.837284132965,-135.256947186754,25.6904587793901));
#602=CARTESIAN_POINT('Ctrl Pts',(138.473492324309,-105.342668067293,35.1928290637062));
#603=CARTESIAN_POINT('Ctrl Pts',(167.682628511055,-72.3363262856623,45.8230455116382));
#604=CARTESIAN_POINT('Ctrl Pts',(200.268415064621,-45.8520971155207,54.5303660224938));
#605=CARTESIAN_POINT('Ctrl Pts',(237.853186223933,-20.4326298607328,63.0296360486823));
#606=CARTESIAN_POINT('Ctrl Pts',(258.451403733848,-8.08809882272438,67.2149081787392));
#607=CARTESIAN_POINT('Ctrl Pts',(272.962364789477,0.,69.9855909706426));
#608=CARTESIAN_POINT('Ctrl Pts',(99.9950964681825,-200.,-4.45476988630844E-14));
#609=CARTESIAN_POINT('Ctrl Pts',(101.804368204172,-188.785011265165,3.70789509051662));
#610=CARTESIAN_POINT('Ctrl Pts',(107.333105666506,-166.798146587587,11.0576923024817));
#611=CARTESIAN_POINT('Ctrl Pts',(121.629638429978,-135.210480436467,21.8749830369837));
#612=CARTESIAN_POINT('Ctrl Pts',(142.550855094934,-105.159559869951,32.463405624013));
#613=CARTESIAN_POINT('Ctrl Pts',(175.176839172872,-72.0064802413428,44.5326551461643));
#614=CARTESIAN_POINT('Ctrl Pts',(211.302698357363,-45.48262113243,54.5957910299209));
#615=CARTESIAN_POINT('Ctrl Pts',(252.691045706237,-20.1795154316807,64.4771196100569));
#616=CARTESIAN_POINT('Ctrl Pts',(275.258646141773,-7.96254638123264,69.3530611573224));
#617=CARTESIAN_POINT('Ctrl Pts',(291.088717882799,0.,72.5765686799002));
#618=CARTESIAN_POINT('',(144.527182933185,0.,57.7788795886962));
#619=CARTESIAN_POINT('Ctrl Pts',(291.088717882799,0.,72.5765686799002));
#620=CARTESIAN_POINT('Ctrl Pts',(287.171098096816,0.,72.0165847997138));
#621=CARTESIAN_POINT('Ctrl Pts',(279.395154068601,0.,70.9247500357831));
#622=CARTESIAN_POINT('Ctrl Pts',(267.909125431356,0.,69.3713968051476));
#623=CARTESIAN_POINT('Ctrl Pts',(252.951640587374,0.,67.4697465147986));
#624=CARTESIAN_POINT('Ctrl Pts',(234.851338412871,0.,65.3752849831753));
#625=CARTESIAN_POINT('Ctrl Pts',(217.335938809832,0.,63.5566402277707));
#626=CARTESIAN_POINT('Ctrl Pts',(200.370433541482,0.,61.9945492139616));
#627=CARTESIAN_POINT('Ctrl Pts',(183.884047451958,0.,60.65124228146));
#628=CARTESIAN_POINT('Ctrl Pts',(169.515049505677,0.,59.5934313819836));
#629=CARTESIAN_POINT('Ctrl Pts',(158.47843160063,0.,58.8098828710284));
#630=CARTESIAN_POINT('Ctrl Pts',(150.63971159036,0.,58.2400999667117));
#631=CARTESIAN_POINT('Ctrl Pts',(145.985220240174,0.,57.8899532665978));
#632=CARTESIAN_POINT('Ctrl Pts',(144.527182933185,0.,57.7788795886962));
#633=CARTESIAN_POINT('Ctrl Pts',(144.527182933185,0.,57.7788795886962));
#634=CARTESIAN_POINT('Ctrl Pts',(142.78545438577,0.,57.6461942350773));
#635=CARTESIAN_POINT('Ctrl Pts',(137.839762833074,0.,57.2638111394092));
#636=CARTESIAN_POINT('Ctrl Pts',(129.665947692258,0.,56.6003527916241));
#637=CARTESIAN_POINT('Ctrl Pts',(118.184904592765,0.,55.5599362904091));
#638=CARTESIAN_POINT('Ctrl Pts',(103.233008995544,0.,53.8835058507603));
#639=CARTESIAN_POINT('Ctrl Pts',(86.5323110094172,0.,51.3818162061272));
#640=CARTESIAN_POINT('Ctrl Pts',(69.8118330657533,0.,47.9474327665926));
#641=CARTESIAN_POINT('Ctrl Pts',(53.518889013306,0.,43.2853762165243));
#642=CARTESIAN_POINT('Ctrl Pts',(38.2370621153776,0.,37.2034105231662));
#643=CARTESIAN_POINT('Ctrl Pts',(24.6264695045396,0.,29.7146508687485));
#644=CARTESIAN_POINT('Ctrl Pts',(13.3557291672031,0.,21.1607812887458));
#645=CARTESIAN_POINT('Ctrl Pts',(5.03731057194313,0.,12.3135889955196));
#646=CARTESIAN_POINT('Ctrl Pts',(1.13206497184659,0.,6.09977648917401));
#647=CARTESIAN_POINT('Ctrl Pts',(-0.105781212403172,0.,2.54203008106174));
#648=CARTESIAN_POINT('Ctrl Pts',(-0.163224793266408,0.,0.750592662835854));
#649=CARTESIAN_POINT('Ctrl Pts',(0.,0.,0.));
#650=CARTESIAN_POINT('Origin',(41.2284447493612,1600.,2.58346801497893));
#651=CARTESIAN_POINT('',(89.9451744317186,1600.,3.14095470322509));
#652=CARTESIAN_POINT('',(0.,1600.,0.));
#653=CARTESIAN_POINT('Ctrl Pts',(89.9451744317186,1600.,3.14095470322509));
#654=CARTESIAN_POINT('Ctrl Pts',(89.2541159424455,1600.,3.19541421184221));
#655=CARTESIAN_POINT('Ctrl Pts',(87.8370764090616,1600.,3.30674453143846));
#656=CARTESIAN_POINT('Ctrl Pts',(85.6067494173126,1600.,3.48097387692739));
#657=CARTESIAN_POINT('Ctrl Pts',(82.4225898326918,1600.,3.72780679901143));
#658=CARTESIAN_POINT('Ctrl Pts',(78.0911869598408,1600.,4.06066102505731));
#659=CARTESIAN_POINT('Ctrl Pts',(73.4158140533751,1600.,4.41752561668713));
#660=CARTESIAN_POINT('Ctrl Pts',(68.4179578256257,1600.,4.79730059394509));
#661=CARTESIAN_POINT('Ctrl Pts',(63.1405057256868,1600.,5.19769535498387));
#662=CARTESIAN_POINT('Ctrl Pts',(57.6547633509445,1600.,5.61472933243452));
#663=CARTESIAN_POINT('Ctrl Pts',(52.0483135304883,1600.,6.04034964948359));
#664=CARTESIAN_POINT('Ctrl Pts',(46.413559739502,1600.,6.45994942949182));
#665=CARTESIAN_POINT('Ctrl Pts',(40.83675518976,1600.,6.84998964610612));
#666=CARTESIAN_POINT('Ctrl Pts',(35.3858088788336,1600.,7.17503959647761));
#667=CARTESIAN_POINT('Ctrl Pts',(30.1007390547665,1600.,7.38583366981982));
#668=CARTESIAN_POINT('Ctrl Pts',(24.9761913517623,1600.,7.41431058580357));
#669=CARTESIAN_POINT('Ctrl Pts',(19.9912531267942,1600.,7.18701316098747));
#670=CARTESIAN_POINT('Ctrl Pts',(15.1498462437532,1600.,6.64271886094692));
#671=CARTESIAN_POINT('Ctrl Pts',(10.5204796685847,1600.,5.75019384303743));
#672=CARTESIAN_POINT('Ctrl Pts',(6.27061903260444,1600.,4.52400433972027));
#673=CARTESIAN_POINT('Ctrl Pts',(2.71996937291057,1600.,3.04857221978082));
#674=CARTESIAN_POINT('Ctrl Pts',(0.81623374864991,1600.,1.79417564524907));
#675=CARTESIAN_POINT('Ctrl Pts',(0.105476619493494,1600.,0.878614330602372));
#676=CARTESIAN_POINT('Ctrl Pts',(-0.0224812250635154,1600.,0.289355090181176));
#677=CARTESIAN_POINT('Ctrl Pts',(0.,1600.,0.));
#678=CARTESIAN_POINT('Ctrl Pts',(0.,1600.,0.));
#679=CARTESIAN_POINT('Ctrl Pts',(0.0236492989908044,1600.,-0.304389330335919));
#680=CARTESIAN_POINT('Ctrl Pts',(0.256857939400952,1600.,-0.852497676738206));
#681=CARTESIAN_POINT('Ctrl Pts',(1.16448165324476,1600.,-1.49263712938247));
#682=CARTESIAN_POINT('Ctrl Pts',(3.37963797710355,1600.,-2.00476244271645));
#683=CARTESIAN_POINT('Ctrl Pts',(7.25692530484313,1600.,-2.19806973203698));
#684=CARTESIAN_POINT('Ctrl Pts',(11.6220316786502,1600.,-2.08911977459468));
#685=CARTESIAN_POINT('Ctrl Pts',(16.0808956745145,1600.,-1.79535242890473));
#686=CARTESIAN_POINT('Ctrl Pts',(20.4587193203335,1600.,-1.40297039663697));
#687=CARTESIAN_POINT('Ctrl Pts',(24.7241313408561,1600.,-0.973949862869921));
#688=CARTESIAN_POINT('Ctrl Pts',(28.9379264101284,1600.,-0.548990749850691));
#689=CARTESIAN_POINT('Ctrl Pts',(33.1966398930437,1600.,-0.151841912938409));
#690=CARTESIAN_POINT('Ctrl Pts',(37.5711645627727,1600.,0.207248371737005));
#691=CARTESIAN_POINT('Ctrl Pts',(42.0997140630737,1600.,0.52814494346253));
#692=CARTESIAN_POINT('Ctrl Pts',(46.7995068826201,1600.,0.817818696975294));
#693=CARTESIAN_POINT('Ctrl Pts',(51.6717389005291,1600.,1.08729305606226));
#694=CARTESIAN_POINT('Ctrl Pts',(56.7086225479394,1600.,1.34889696411296));
#695=CARTESIAN_POINT('Ctrl Pts',(61.8997816717359,1600.,1.61305151371196));
#696=CARTESIAN_POINT('Ctrl Pts',(67.2365089016494,1600.,1.88661717217486));
#697=CARTESIAN_POINT('Ctrl Pts',(72.7112838016117,1600.,2.17399733091722));
#698=CARTESIAN_POINT('Ctrl Pts',(78.3182730403419,1600.,2.47757928573734));
#699=CARTESIAN_POINT('Ctrl Pts',(82.9062986644059,1600.,2.73422915493508));
#700=CARTESIAN_POINT('Ctrl Pts',(86.4038440805974,1600.,2.93455558093179));
#701=CARTESIAN_POINT('Ctrl Pts',(88.7605609631763,1600.,3.07157665282363));
#702=CARTESIAN_POINT('Ctrl Pts',(89.9451744317186,1600.,3.14095470322509));
#703=CARTESIAN_POINT('Ctrl Pts',(291.088717882799,0.,72.5765686799002));
#704=CARTESIAN_POINT('Ctrl Pts',(287.218703610001,33.3321692043691,69.9246108697922));
#705=CARTESIAN_POINT('Ctrl Pts',(279.425341596267,99.9957010163651,64.8006746854333));
#706=CARTESIAN_POINT('Ctrl Pts',(267.573357154778,199.994661860457,57.6584157828339));
#707=CARTESIAN_POINT('Ctrl Pts',(255.558241076147,299.995024465973,51.0652179113103));
#708=CARTESIAN_POINT('Ctrl Pts',(247.440237136648,366.664510116724,47.0328917249093));
#709=CARTESIAN_POINT('Ctrl Pts',(239.271722637576,433.329416593494,43.1739242633856));
#710=CARTESIAN_POINT('Ctrl Pts',(231.052353057349,499.992727782261,39.4880597885529));
#711=CARTESIAN_POINT('Ctrl Pts',(218.587000717692,599.995018907701,34.4216810586891));
#712=CARTESIAN_POINT('Ctrl Pts',(206.009148480428,699.999745206509,29.748026694545));
#713=CARTESIAN_POINT('Ctrl Pts',(197.56510473757,766.667629912009,26.8519601248813));
#714=CARTESIAN_POINT('Ctrl Pts',(189.098431301211,833.331838139652,24.0534167134922));
#715=CARTESIAN_POINT('Ctrl Pts',(180.608637562729,899.996289174208,21.3522211176688));
#716=CARTESIAN_POINT('Ctrl Pts',(167.815632862904,999.994669666494,17.5963109862705));
#717=CARTESIAN_POINT('Ctrl Pts',(154.968969348682,1099.99575401263,14.1684920835295));
#718=CARTESIAN_POINT('Ctrl Pts',(146.369394447604,1166.66478106859,12.1310055216147));
#719=CARTESIAN_POINT('Ctrl Pts',(137.753677382987,1233.32264072332,10.230108267899));
#720=CARTESIAN_POINT('Ctrl Pts',(129.1209339815,1299.97622777316,8.46552888624886));
#721=CARTESIAN_POINT('Ctrl Pts',(116.117050928027,1399.97600584933,6.2429931374214));
#722=CARTESIAN_POINT('Ctrl Pts',(103.060439670543,1499.98746552447,4.44642364176821));
#723=CARTESIAN_POINT('Ctrl Pts',(94.3224339392803,1566.66268622114,3.52965924719601));
#724=CARTESIAN_POINT('Ctrl Pts',(89.9451744317186,1600.,3.14095470322509));
#725=CARTESIAN_POINT('Ctrl Pts',(275.77449880723,0.,70.3875569103952));
#726=CARTESIAN_POINT('Ctrl Pts',(272.125869016027,33.3321351935501,67.7906868700535));
#727=CARTESIAN_POINT('Ctrl Pts',(264.758016566966,99.9956078684802,62.7696066108306));
#728=CARTESIAN_POINT('Ctrl Pts',(253.526648855797,199.994524932927,55.7861394855779));
#729=CARTESIAN_POINT('Ctrl Pts',(242.148567824087,299.994906956012,49.3826854979039));
#730=CARTESIAN_POINT('Ctrl Pts',(234.488925915908,366.664459863956,45.5151223863597));
#731=CARTESIAN_POINT('Ctrl Pts',(226.806925856932,433.32946683711,41.8488503487556));
#732=CARTESIAN_POINT('Ctrl Pts',(219.128032182482,499.992811063441,38.400766210326));
#733=CARTESIAN_POINT('Ctrl Pts',(207.548756356482,599.99504462886,33.7460074110858));
#734=CARTESIAN_POINT('Ctrl Pts',(195.845692169385,699.999701493765,29.4585618081921));
#735=CARTESIAN_POINT('Ctrl Pts',(187.9195404372,766.667595494252,26.7494485114046));
#736=CARTESIAN_POINT('Ctrl Pts',(179.909215847597,833.331872556857,24.0758088611812));
#737=CARTESIAN_POINT('Ctrl Pts',(171.783892251036,899.996331567604,21.4444477994104));
#738=CARTESIAN_POINT('Ctrl Pts',(159.421243208594,999.994639659035,17.6890796815109));
#739=CARTESIAN_POINT('Ctrl Pts',(147.047872308305,1099.99566545132,14.2185894641777));
#740=CARTESIAN_POINT('Ctrl Pts',(138.898643929884,1166.66472818227,12.1645132547623));
#741=CARTESIAN_POINT('Ctrl Pts',(130.853679217365,1233.32269358969,10.273288213122));
#742=CARTESIAN_POINT('Ctrl Pts',(122.886282829775,1299.97623806721,8.52755686621754));
#743=CARTESIAN_POINT('Ctrl Pts',(111.061862400239,1399.97578158755,6.35023019925223));
#744=CARTESIAN_POINT('Ctrl Pts',(99.2634928650062,1499.98711019451,4.6052124944498));
#745=CARTESIAN_POINT('Ctrl Pts',(91.348368893981,1566.66249532688,3.71998031018273));
#746=CARTESIAN_POINT('Ctrl Pts',(87.3614570255635,1600.,3.34456696257626));
#747=CARTESIAN_POINT('Ctrl Pts',(246.23361224468,0.,66.5264185586195));
#748=CARTESIAN_POINT('Ctrl Pts',(243.018163008407,33.332026738341,64.0198840076925));
#749=CARTESIAN_POINT('Ctrl Pts',(236.503656199292,99.9952924666729,59.1860286050692));
#750=CARTESIAN_POINT('Ctrl Pts',(226.531610375545,199.994033230219,52.5224571795705));
#751=CARTESIAN_POINT('Ctrl Pts',(216.410700774703,299.994471231669,46.4963541937831));
#752=CARTESIAN_POINT('Ctrl Pts',(209.600714374937,366.664272494699,42.929283344291));
#753=CARTESIAN_POINT('Ctrl Pts',(202.781009449108,433.329654050718,39.5919218133173));
#754=CARTESIAN_POINT('Ctrl Pts',(196.050749236772,499.993158815435,36.5565037781107));
#755=CARTESIAN_POINT('Ctrl Pts',(186.019433496582,599.995260023015,32.624580855116));
#756=CARTESIAN_POINT('Ctrl Pts',(175.856023270466,699.999676066592,29.0143673274392));
#757=CARTESIAN_POINT('Ctrl Pts',(168.861764391016,766.66752936797,26.6279614434838));
#758=CARTESIAN_POINT('Ctrl Pts',(161.691120025464,833.331938972149,24.1653659618284));
#759=CARTESIAN_POINT('Ctrl Pts',(154.300348315497,899.996400261896,21.6680375326081));
#760=CARTESIAN_POINT('Ctrl Pts',(142.924884797522,999.994518614389,17.9555282606966));
#761=CARTESIAN_POINT('Ctrl Pts',(131.623155737121,1099.9954057177,14.4486034242793));
#762=CARTESIAN_POINT('Ctrl Pts',(124.376761537899,1166.66458118188,12.3716656322781));
#763=CARTESIAN_POINT('Ctrl Pts',(117.394600797461,1233.32284030453,10.4851407698292));
#764=CARTESIAN_POINT('Ctrl Pts',(110.650008001822,1299.97626769535,8.76482028985174));
#765=CARTESIAN_POINT('Ctrl Pts',(100.95439383818,1399.97518102849,6.6623917999617));
#766=CARTESIAN_POINT('Ctrl Pts',(91.3937356379655,1499.98616502637,5.00066810428933));
#767=CARTESIAN_POINT('Ctrl Pts',(84.9193743480554,1566.66198957186,4.15630715725695));
#768=CARTESIAN_POINT('Ctrl Pts',(81.6092354362486,1600.,3.79244022639594));
#769=CARTESIAN_POINT('Ctrl Pts',(205.199971373774,0.,62.2859314943142));
#770=CARTESIAN_POINT('Ctrl Pts',(202.604145645469,33.3318155710594,59.8849383089031));
#771=CARTESIAN_POINT('Ctrl Pts',(197.344173053304,99.9946615210333,55.2944123159296));
#772=CARTESIAN_POINT('Ctrl Pts',(189.245568164332,199.993027653448,49.0800380509972));
#773=CARTESIAN_POINT('Ctrl Pts',(180.936513713934,299.993572676329,43.571298655628));
#774=CARTESIAN_POINT('Ctrl Pts',(175.259814704792,366.663887246986,40.3785348818438));
#775=CARTESIAN_POINT('Ctrl Pts',(169.520753731374,433.330038926463,37.4177030201031));
#776=CARTESIAN_POINT('Ctrl Pts',(163.858092043889,499.993901744187,34.8276121273333));
#777=CARTESIAN_POINT('Ctrl Pts',(155.415366540257,599.995791078003,31.6416142701674));
#778=CARTESIAN_POINT('Ctrl Pts',(146.856802156942,699.999720357015,28.7204699830215));
#779=CARTESIAN_POINT('Ctrl Pts',(140.962265810953,766.667433411517,26.6697996724597));
#780=CARTESIAN_POINT('Ctrl Pts',(134.914327316933,833.33203569458,24.4445749349866));
#781=CARTESIAN_POINT('Ctrl Pts',(128.674065647772,899.996489673232,22.1410264557688));
#782=CARTESIAN_POINT('Ctrl Pts',(119.12074238228,999.994269775966,18.5949728920079));
#783=CARTESIAN_POINT('Ctrl Pts',(109.745044294324,1099.99491763669,15.1568602869093));
#784=CARTESIAN_POINT('Ctrl Pts',(103.854858807707,1166.66431120832,13.0839611095405));
#785=CARTESIAN_POINT('Ctrl Pts',(98.2658868971862,1233.32310963614,11.191238265506));
#786=CARTESIAN_POINT('Ctrl Pts',(93.0105498274188,1299.97631627879,9.47849318202374));
#787=CARTESIAN_POINT('Ctrl Pts',(85.7207117958761,1399.97408740133,7.41429513262998));
#788=CARTESIAN_POINT('Ctrl Pts',(78.6216068230035,1499.98446141456,5.79309423896975));
#789=CARTESIAN_POINT('Ctrl Pts',(73.7486626663489,1566.66108242742,4.95654694738792));
#790=CARTESIAN_POINT('Ctrl Pts',(71.21029401758,1600.,4.58606169001363));
#791=CARTESIAN_POINT('Ctrl Pts',(173.407983549273,0.,59.8645026881094));
#792=CARTESIAN_POINT('Ctrl Pts',(171.302247251534,33.3316598258788,57.5510990910364));
#793=CARTESIAN_POINT('Ctrl Pts',(167.040136173461,99.9941954596803,53.1537058544551));
#794=CARTESIAN_POINT('Ctrl Pts',(160.433782080311,199.992287521034,47.2766312126216));
#795=CARTESIAN_POINT('Ctrl Pts',(153.555841969828,299.992917352501,42.1431310579283));
#796=CARTESIAN_POINT('Ctrl Pts',(148.756621212796,366.663609578212,39.2140860271117));
#797=CARTESIAN_POINT('Ctrl Pts',(143.840262767273,433.330316233535,36.5135171291156));
#798=CARTESIAN_POINT('Ctrl Pts',(138.857724496053,499.994436587909,34.1709056429498));
#799=CARTESIAN_POINT('Ctrl Pts',(131.232794713499,599.996170402227,31.3194648479666));
#800=CARTESIAN_POINT('Ctrl Pts',(123.517758372091,699.999739744539,28.6916904420135));
#801=CARTESIAN_POINT('Ctrl Pts',(118.354440418209,766.667352241486,26.8101939601169));
#802=CARTESIAN_POINT('Ctrl Pts',(113.19660749368,833.332117650636,24.74769616421));
#803=CARTESIAN_POINT('Ctrl Pts',(107.967559673877,899.996581820791,22.6067123078572));
#804=CARTESIAN_POINT('Ctrl Pts',(100.1414680773,999.994102873119,19.2625483073753));
#805=CARTESIAN_POINT('Ctrl Pts',(92.5451357412767,1099.99455310967,15.9626017112954));
#806=CARTESIAN_POINT('Ctrl Pts',(87.7683729406884,1166.66410673232,13.9302845627471));
#807=CARTESIAN_POINT('Ctrl Pts',(83.2021174782673,1233.32331346566,12.0469127847338));
#808=CARTESIAN_POINT('Ctrl Pts',(78.9099930144661,1299.97634102829,10.3278328605585));
#809=CARTESIAN_POINT('Ctrl Pts',(72.9699473277216,1399.97323455838,8.23333029658189));
#810=CARTESIAN_POINT('Ctrl Pts',(67.2094596153332,1499.98315172883,6.57731070328429));
#811=CARTESIAN_POINT('Ctrl Pts',(63.27800235216,1566.66038838983,5.72111875047045));
#812=CARTESIAN_POINT('Ctrl Pts',(61.2369433052401,1600.,5.34281568632042));
#813=CARTESIAN_POINT('Ctrl Pts',(148.487041021537,0.,58.1020357895592));
#814=CARTESIAN_POINT('Ctrl Pts',(146.756929297506,33.3315837717112,55.8732612840412));
#815=CARTESIAN_POINT('Ctrl Pts',(143.252529232881,99.9939731889964,51.6501485912082));
#816=CARTESIAN_POINT('Ctrl Pts',(137.776323511299,199.991946873774,46.0516208611494));
#817=CARTESIAN_POINT('Ctrl Pts',(131.997029830474,299.992627747848,41.2133682045596));
#818=CARTESIAN_POINT('Ctrl Pts',(127.893846880245,366.663491639302,38.4882789416111));
#819=CARTESIAN_POINT('Ctrl Pts',(123.648650438086,433.330433958234,35.9901187544594));
#820=CARTESIAN_POINT('Ctrl Pts',(119.234675917479,499.994652746206,33.8060144993437));
#821=CARTESIAN_POINT('Ctrl Pts',(112.318155172771,599.996293993943,31.1130275419875));
#822=CARTESIAN_POINT('Ctrl Pts',(105.332385966918,699.999692977925,28.6124195201589));
#823=CARTESIAN_POINT('Ctrl Pts',(100.779086543138,766.667284171231,26.8297329808678));
#824=CARTESIAN_POINT('Ctrl Pts',(96.3471669880158,833.332186234671,24.8949152470128));
#825=CARTESIAN_POINT('Ctrl Pts',(91.9387762291621,899.99668347106,22.8861852698305));
#826=CARTESIAN_POINT('Ctrl Pts',(85.4935714287736,999.994051538343,19.7200637492677));
#827=CARTESIAN_POINT('Ctrl Pts',(79.2898960340106,1099.99436145008,16.5577134869923));
#828=CARTESIAN_POINT('Ctrl Pts',(75.3558727559106,1166.66399253431,14.5806181303737));
#829=CARTESIAN_POINT('Ctrl Pts',(71.5423689501425,1233.3234272643,12.728776153715));
#830=CARTESIAN_POINT('Ctrl Pts',(67.9149165879268,1299.97633988819,11.0178595327748));
#831=CARTESIAN_POINT('Ctrl Pts',(62.8274769502392,1399.97271899617,8.90101233838765));
#832=CARTESIAN_POINT('Ctrl Pts',(57.8952634187578,1499.98237883916,7.2164717851592));
#833=CARTESIAN_POINT('Ctrl Pts',(54.5802650242799,1566.65998190259,6.35307383418618));
#834=CARTESIAN_POINT('Ctrl Pts',(52.883745454794,1600.,5.97772021858273));
#835=CARTESIAN_POINT('Ctrl Pts',(129.702076441497,0.,56.6382026418272));
#836=CARTESIAN_POINT('Ctrl Pts',(128.245289078069,33.3315600831986,54.4838681695136));
#837=CARTESIAN_POINT('Ctrl Pts',(125.286429745504,99.9939104689252,50.4111034158289));
#838=CARTESIAN_POINT('Ctrl Pts',(120.622107199975,199.991865290215,45.0436306222146));
#839=CARTESIAN_POINT('Ctrl Pts',(115.645595505889,299.992572512718,40.4415550899068));
#840=CARTESIAN_POINT('Ctrl Pts',(112.070577926136,366.663474805379,37.874750207586));
#841=CARTESIAN_POINT('Ctrl Pts',(108.35017758477,433.330450667893,35.5320739385065));
#842=CARTESIAN_POINT('Ctrl Pts',(104.427739925325,499.994668698551,33.4611668547459));
#843=CARTESIAN_POINT('Ctrl Pts',(98.205061711799,599.99626127608,30.8643305610095));
#844=CARTESIAN_POINT('Ctrl Pts',(91.9271561421358,699.999613836289,28.4367243633959));
#845=CARTESIAN_POINT('Ctrl Pts',(87.8932707158808,766.667230972051,26.7227214467345));
#846=CARTESIAN_POINT('Ctrl Pts',(84.0229799900101,833.332239753574,24.8870502159219));
#847=CARTESIAN_POINT('Ctrl Pts',(80.2261860328942,899.996778028196,22.9793603804067));
#848=CARTESIAN_POINT('Ctrl Pts',(74.7702770740293,999.994068610152,19.9507756487408));
#849=CARTESIAN_POINT('Ctrl Pts',(69.5474388021285,1099.99428632155,16.9008782420408));
#850=CARTESIAN_POINT('Ctrl Pts',(66.2071904861289,1166.66394083348,14.9770467885416));
#851=CARTESIAN_POINT('Ctrl Pts',(62.9299257577594,1233.32347872347,13.1647096210547));
#852=CARTESIAN_POINT('Ctrl Pts',(59.7711907322516,1299.97632568425,11.4742430766106));
#853=CARTESIAN_POINT('Ctrl Pts',(55.2749231721885,1399.97244854863,9.35889900486277));
#854=CARTESIAN_POINT('Ctrl Pts',(50.912739414952,1499.98198883684,7.67027331010967));
#855=CARTESIAN_POINT('Ctrl Pts',(48.0244527657289,1566.65977924671,6.81427909428686));
#856=CARTESIAN_POINT('Ctrl Pts',(46.5682326956914,1600.,6.44838741338201));
#857=CARTESIAN_POINT('Ctrl Pts',(115.370238480069,0.,55.2334402646531));
#858=CARTESIAN_POINT('Ctrl Pts',(114.112018862415,33.331574205414,53.1459352092132));
#859=CARTESIAN_POINT('Ctrl Pts',(111.542316633096,99.9939629166626,49.2087618755578));
#860=CARTESIAN_POINT('Ctrl Pts',(107.453870237775,199.991970691852,44.0469296646283));
#861=CARTESIAN_POINT('Ctrl Pts',(103.06167183473,299.992686047004,39.6483424858876));
#862=CARTESIAN_POINT('Ctrl Pts',(99.8931085266785,366.663530567933,37.2116593651473));
#863=CARTESIAN_POINT('Ctrl Pts',(96.5935675716869,433.330394883074,34.9932861218548));
#864=CARTESIAN_POINT('Ctrl Pts',(93.1165386196325,499.99454082994,33.01374947217));
#865=CARTESIAN_POINT('Ctrl Pts',(87.6025091768932,599.99611606866,30.4965151975559));
#866=CARTESIAN_POINT('Ctrl Pts',(82.0412314839888,699.999511719892,28.1310022640366));
#867=CARTESIAN_POINT('Ctrl Pts',(78.4686240478016,766.667189008886,26.4742673053062));
#868=CARTESIAN_POINT('Ctrl Pts',(75.0401600133989,833.332281861111,24.7189734768495));
#869=CARTESIAN_POINT('Ctrl Pts',(71.6941980329794,899.996865937685,22.8908357796834));
#870=CARTESIAN_POINT('Ctrl Pts',(66.9181270104107,999.994133949327,19.9706800786911));
#871=CARTESIAN_POINT('Ctrl Pts',(62.3540792538475,1099.99429543415,17.01432665713));
#872=CARTESIAN_POINT('Ctrl Pts',(59.4221035541953,1166.66393447083,15.1415024448295));
#873=CARTESIAN_POINT('Ctrl Pts',(56.5290639192266,1233.32348498384,13.3735632692569));
#874=CARTESIAN_POINT('Ctrl Pts',(53.7143914418963,1299.97630286274,11.7147006608614));
#875=CARTESIAN_POINT('Ctrl Pts',(49.6667676928712,1399.97235755631,9.62638374050244));
#876=CARTESIAN_POINT('Ctrl Pts',(45.7388023265146,1499.9818777461,7.96011486777901));
#877=CARTESIAN_POINT('Ctrl Pts',(43.1658676830278,1566.65972483269,7.12544052410061));
#878=CARTESIAN_POINT('Ctrl Pts',(41.8827047200857,1599.99999999999,6.77406334312814));
#879=CARTESIAN_POINT('Ctrl Pts',(105.697013734316,0.,54.0584484189869));
#880=CARTESIAN_POINT('Ctrl Pts',(104.568442817363,33.3315996993799,52.0212293840083));
#881=CARTESIAN_POINT('Ctrl Pts',(102.247864985774,99.9940483147666,48.1881510526046));
#882=CARTESIAN_POINT('Ctrl Pts',(98.5247126977902,199.992125404526,43.1858606685887));
#883=CARTESIAN_POINT('Ctrl Pts',(94.5116115198593,299.992840251636,38.9427054488358));
#884=CARTESIAN_POINT('Ctrl Pts',(91.6199558603298,366.663602323695,36.6014185747833));
#885=CARTESIAN_POINT('Ctrl Pts',(88.6170110180045,433.330323118615,34.4711741834156));
#886=CARTESIAN_POINT('Ctrl Pts',(85.4733232189328,499.994384715051,32.5602182554076));
#887=CARTESIAN_POINT('Ctrl Pts',(80.5161822220395,599.99595789609,30.110877457512));
#888=CARTESIAN_POINT('Ctrl Pts',(75.5155049782936,699.999421790045,27.8013634217572));
#889=CARTESIAN_POINT('Ctrl Pts',(72.2836233655839,766.667159995233,26.1897958935429));
#890=CARTESIAN_POINT('Ctrl Pts',(69.1615081905777,833.332310937879,24.4920434518409));
#891=CARTESIAN_POINT('Ctrl Pts',(66.112171645242,899.996932985795,22.72082887099));
#892=CARTESIAN_POINT('Ctrl Pts',(61.7562615353445,999.994203925575,19.8800746382889));
#893=CARTESIAN_POINT('Ctrl Pts',(57.591492581632,1099.99433460417,16.9948311099277));
#894=CARTESIAN_POINT('Ctrl Pts',(54.9141866321958,1166.66394662702,15.1628493530547));
#895=CARTESIAN_POINT('Ctrl Pts',(52.2711868355845,1233.32347278925,13.4318603252522));
#896=CARTESIAN_POINT('Ctrl Pts',(49.6877483395239,1299.97628167931,11.8030674815862));
#897=CARTESIAN_POINT('Ctrl Pts',(45.9550372520945,1399.97235376659,9.74840532072022));
#898=CARTESIAN_POINT('Ctrl Pts',(42.3344639895087,1499.98189559769,8.1125840214123));
#899=CARTESIAN_POINT('Ctrl Pts',(39.9777781172656,1566.65973791387,7.30117289111794));
#900=CARTESIAN_POINT('Ctrl Pts',(38.8096712683893,1599.99999999999,6.96339422112241));
#901=CARTESIAN_POINT('Ctrl Pts',(100.840712054513,0.,53.4171388958324));
#902=CARTESIAN_POINT('Ctrl Pts',(99.7764166544276,33.3316158125221,51.4062678116094));
#903=CARTESIAN_POINT('Ctrl Pts',(97.5781873773303,99.9941015462499,47.6281941131815));
#904=CARTESIAN_POINT('Ctrl Pts',(94.0335578562283,199.992220406716,42.7106392846799));
#905=CARTESIAN_POINT('Ctrl Pts',(90.2076079173598,299.992933754925,38.5496198083991));
#906=CARTESIAN_POINT('Ctrl Pts',(87.4556231672746,366.663645426189,36.2579643852925));
#907=CARTESIAN_POINT('Ctrl Pts',(84.6044142468553,433.330280018047,34.1729391075925));
#908=CARTESIAN_POINT('Ctrl Pts',(81.6342687219555,499.994291856321,32.2980354437864));
#909=CARTESIAN_POINT('Ctrl Pts',(76.9708745298697,599.995865982008,29.8861313111004));
#910=CARTESIAN_POINT('Ctrl Pts',(72.2654510419894,699.99937225133,27.6080542764703));
#911=CARTESIAN_POINT('Ctrl Pts',(69.2101102579991,766.667145270193,26.0206776555297));
#912=CARTESIAN_POINT('Ctrl Pts',(66.2436896882637,833.332325684253,24.3525596373648));
#913=CARTESIAN_POINT('Ctrl Pts',(63.3419820526603,899.996968265244,22.6107773852559));
#914=CARTESIAN_POINT('Ctrl Pts',(59.1895847278598,999.994244422834,19.8116245016052));
#915=CARTESIAN_POINT('Ctrl Pts',(55.2164811753165,1099.99436110097,16.964162769814));
#916=CARTESIAN_POINT('Ctrl Pts',(52.6630388396438,1166.66395612999,15.1541583957266));
#917=CARTESIAN_POINT('Ctrl Pts',(50.1439054273784,1233.32346327565,13.4431747522431));
#918=CARTESIAN_POINT('Ctrl Pts',(47.6765458174727,1299.97626984886,11.8313027687972));
#919=CARTESIAN_POINT('Ctrl Pts',(44.1046597224618,1399.97236376132,9.79676290968663));
#920=CARTESIAN_POINT('Ctrl Pts',(40.6416454813949,1499.98192372111,8.17944586000888));
#921=CARTESIAN_POINT('Ctrl Pts',(38.3945263879413,1566.65975476358,7.38157645978846));
#922=CARTESIAN_POINT('Ctrl Pts',(37.2840181242928,1599.99999999999,7.05142214865478));
#923=CARTESIAN_POINT('Ctrl Pts',(95.9670537578824,0.,52.7156595603803));
#924=CARTESIAN_POINT('Ctrl Pts',(94.9664824069621,33.3316354322911,50.7323989105295));
#925=CARTESIAN_POINT('Ctrl Pts',(92.8882487253172,99.9941657589182,47.0125198613332));
#926=CARTESIAN_POINT('Ctrl Pts',(89.5176539512851,199.99233380677,42.1851843133918));
#927=CARTESIAN_POINT('Ctrl Pts',(85.8761851028307,299.993044356634,38.1112305007198));
#928=CARTESIAN_POINT('Ctrl Pts',(83.2651297745855,366.663696057798,35.8713581304408));
#929=CARTESIAN_POINT('Ctrl Pts',(80.569327834977,433.330229393822,33.8328094551346));
#930=CARTESIAN_POINT('Ctrl Pts',(77.7793970205935,499.99418356614,31.9959679749713));
#931=CARTESIAN_POINT('Ctrl Pts',(73.4240919042023,599.995760685753,29.6255742307988));
#932=CARTESIAN_POINT('Ctrl Pts',(69.0278878420511,699.999317937009,27.38294750211));
#933=CARTESIAN_POINT('Ctrl Pts',(66.1550117439363,766.667130318072,25.8215980341596));
#934=CARTESIAN_POINT('Ctrl Pts',(63.3469665682698,833.332340647818,24.1840506279125));
#935=CARTESIAN_POINT('Ctrl Pts',(60.5922615586424,899.997005368223,22.4728493625912));
#936=CARTESIAN_POINT('Ctrl Pts',(56.6367209374463,999.994290655539,19.7176304627615));
#937=CARTESIAN_POINT('Ctrl Pts',(52.8471841808103,1099.99439480053,16.9106091536353));
#938=CARTESIAN_POINT('Ctrl Pts',(50.4141207718693,1166.6639692024,15.1243118657327));
#939=CARTESIAN_POINT('Ctrl Pts',(48.0177687445513,1233.32345020087,13.4349237922688));
#940=CARTESIAN_POINT('Ctrl Pts',(45.6671093476972,1299.9762567347,11.8419574855107));
#941=CARTESIAN_POINT('Ctrl Pts',(42.2598302947395,1399.97238615901,9.83104023084502));
#942=CARTESIAN_POINT('Ctrl Pts',(38.9587264330175,1499.98197185841,8.23571850616274));
#943=CARTESIAN_POINT('Ctrl Pts',(36.8229254709637,1566.65978235711,7.45341276277524));
#944=CARTESIAN_POINT('Ctrl Pts',(35.7702198929211,1599.99999999999,7.13174940835789));
#945=CARTESIAN_POINT('Ctrl Pts',(92.7098936894651,0.,52.203439577292));
#946=CARTESIAN_POINT('Ctrl Pts',(91.7514355583867,33.3316509461862,50.239466141809));
#947=CARTESIAN_POINT('Ctrl Pts',(89.7515153006159,99.9942161865134,46.5606697790854));
#948=CARTESIAN_POINT('Ctrl Pts',(86.4936424573534,199.992422174754,41.7974963845188));
#949=CARTESIAN_POINT('Ctrl Pts',(82.9731324232352,299.99312995516,37.7852268520952));
#950=CARTESIAN_POINT('Ctrl Pts',(80.4568744228348,366.66373503584,35.581461162199));
#951=CARTESIAN_POINT('Ctrl Pts',(77.8672799864201,433.330190425564,33.5748036899422));
#952=CARTESIAN_POINT('Ctrl Pts',(75.2015545182768,499.994100665826,31.7648318124299));
#953=CARTESIAN_POINT('Ctrl Pts',(71.0598037004675,599.995681197174,29.4251850743187));
#954=CARTESIAN_POINT('Ctrl Pts',(66.8776380481238,699.999278408656,27.2092196927299));
#955=CARTESIAN_POINT('Ctrl Pts',(64.1299316823736,766.667120191996,25.6665880057551));
#956=CARTESIAN_POINT('Ctrl Pts',(61.4293643780707,833.332350773676,24.0500934307277));
#957=CARTESIAN_POINT('Ctrl Pts',(58.7723375486226,899.997031364194,22.3601950564824));
#958=CARTESIAN_POINT('Ctrl Pts',(54.9437052490638,999.994325451697,19.6362021320214));
#959=CARTESIAN_POINT('Ctrl Pts',(51.2712310502041,1099.99442226348,16.8582949780844));
#960=CARTESIAN_POINT('Ctrl Pts',(48.9161438133169,1166.66398039369,15.0891023904066));
#961=CARTESIAN_POINT('Ctrl Pts',(46.6009683898485,1233.32343901457,13.415211460186));
#962=CARTESIAN_POINT('Ctrl Pts',(44.328563558595,1299.97624710621,11.836226117273));
#963=CARTESIAN_POINT('Ctrl Pts',(41.0336212161611,1399.97240970255,9.84349231179711));
#964=CARTESIAN_POINT('Ctrl Pts',(37.8434858183494,1499.98201783624,8.26526623850055));
#965=CARTESIAN_POINT('Ctrl Pts',(35.7832043967126,1566.6598082066,7.49474719974694));
#966=CARTESIAN_POINT('Ctrl Pts',(34.7692590464249,1599.99999999999,7.17934965561766));
#967=CARTESIAN_POINT('Ctrl Pts',(87.6915835097389,0.,51.3769116632398));
#968=CARTESIAN_POINT('Ctrl Pts',(86.7976828947562,33.3316767810386,49.443342861793));
#969=CARTESIAN_POINT('Ctrl Pts',(84.9169561278335,99.9942999274549,45.8296884315869));
#970=CARTESIAN_POINT('Ctrl Pts',(81.8298540562477,199.992568454787,41.168683884854));
#971=CARTESIAN_POINT('Ctrl Pts',(78.4938239694874,299.993271246362,37.2544741012512));
#972=CARTESIAN_POINT('Ctrl Pts',(76.1241793082399,366.663799230368,35.1076411885736));
#973=CARTESIAN_POINT('Ctrl Pts',(73.700240251979,433.330126250451,33.1508386895539));
#974=CARTESIAN_POINT('Ctrl Pts',(71.2285426182981,499.99396445519,31.3835102675291));
#975=CARTESIAN_POINT('Ctrl Pts',(67.4206769230616,599.995551368027,29.0938510752368));
#976=CARTESIAN_POINT('Ctrl Pts',(63.5729201933415,699.999214886368,26.9215431770997));
#977=CARTESIAN_POINT('Ctrl Pts',(61.0202860873918,766.667104473865,25.4088946044647));
#978=CARTESIAN_POINT('Ctrl Pts',(58.4867474332444,833.332366484703,23.8253707562885));
#979=CARTESIAN_POINT('Ctrl Pts',(55.9799516926045,899.997072396425,22.1691000895702));
#980=CARTESIAN_POINT('Ctrl Pts',(52.3435019097317,999.994382204499,19.4949916298224));
#981=CARTESIAN_POINT('Ctrl Pts',(48.8472727807535,1099.99446854574,16.763884430687));
#982=CARTESIAN_POINT('Ctrl Pts',(46.6105408271426,1166.66399960623,15.0221491127451));
#983=CARTESIAN_POINT('Ctrl Pts',(44.4198696490047,1233.32341981543,13.3729974338224));
#984=CARTESIAN_POINT('Ctrl Pts',(42.2683264600714,1299.97623157592,11.8166392109753));
#985=CARTESIAN_POINT('Ctrl Pts',(39.1483812193319,1399.97245284742,9.85385079085525));
#986=CARTESIAN_POINT('Ctrl Pts',(36.1315053439842,1499.98209973936,8.30389543290991));
#987=CARTESIAN_POINT('Ctrl Pts',(34.1886078011702,1566.65985397056,7.55265778216864));
#988=CARTESIAN_POINT('Ctrl Pts',(33.2345849317566,1599.99999999999,7.24739502449185));
#989=CARTESIAN_POINT('Ctrl Pts',(80.4190851225821,0.,50.0760686395889));
#990=CARTESIAN_POINT('Ctrl Pts',(79.6168517821282,33.3317404327847,48.2027606613395));
#991=CARTESIAN_POINT('Ctrl Pts',(77.906627931932,99.9946452506665,44.7143891694787));
#992=CARTESIAN_POINT('Ctrl Pts',(75.0818353768313,199.99300861315,40.1891424710214));
#993=CARTESIAN_POINT('Ctrl Pts',(72.0253372009871,299.99363950579,36.4002187841065));
#994=CARTESIAN_POINT('Ctrl Pts',(69.8662909208564,366.663948878423,34.3395639064245));
#995=CARTESIAN_POINT('Ctrl Pts',(67.6713779401208,433.329976705032,32.4759721916794));
#996=CARTESIAN_POINT('Ctrl Pts',(65.4785457838275,499.99365328815,30.7793487358225));
#997=CARTESIAN_POINT('Ctrl Pts',(62.1660584957114,599.99526433243,28.5540589584134));
#998=CARTESIAN_POINT('Ctrl Pts',(58.8157097572341,699.999085397215,26.4363965127375));
#999=CARTESIAN_POINT('Ctrl Pts',(56.5459333979094,766.66707947047,24.9742732325011));
#1000=CARTESIAN_POINT('Ctrl Pts',(54.2468398299644,833.332391375689,23.4575388629175));
#1001=CARTESIAN_POINT('Ctrl Pts',(51.949567869643,899.997143482653,21.8585537342588));
#1002=CARTESIAN_POINT('Ctrl Pts',(48.581793605223,999.994503755095,19.2518333018853));
#1003=CARTESIAN_POINT('Ctrl Pts',(45.3349514616827,1099.99458770107,16.581973538136));
#1004=CARTESIAN_POINT('Ctrl Pts',(43.2696828756916,1166.66405387818,14.8839659631689));
#1005=CARTESIAN_POINT('Ctrl Pts',(41.2622281846635,1233.32336563132,13.2845744729926));
#1006=CARTESIAN_POINT('Ctrl Pts',(39.2753430891182,1299.97618689438,11.7723605971285));
#1007=CARTESIAN_POINT('Ctrl Pts',(36.3726781825465,1399.97257344253,9.86260063000597));
#1008=CARTESIAN_POINT('Ctrl Pts',(33.5691501401474,1499.9823126792,8.35873697218957));
#1009=CARTESIAN_POINT('Ctrl Pts',(31.7817210054396,1566.659999394,7.62633893964669));
#1010=CARTESIAN_POINT('Ctrl Pts',(30.9140096297746,1599.99999999999,7.33695531079749));
#1011=CARTESIAN_POINT('Ctrl Pts',(68.3445177455056,0.,47.3820838981285));
#1012=CARTESIAN_POINT('Ctrl Pts',(67.6878038813924,33.3319053722296,45.644953646821));
#1013=CARTESIAN_POINT('Ctrl Pts',(66.2523070137307,99.9957218601592,42.4455650209587));
#1014=CARTESIAN_POINT('Ctrl Pts',(63.8932859583069,199.994252903855,38.153926907653));
#1015=CARTESIAN_POINT('Ctrl Pts',(61.3248022186832,299.994619293213,34.5708960019308));
#1016=CARTESIAN_POINT('Ctrl Pts',(59.5070060397697,366.664325070909,32.6729244055741));
#1017=CARTESIAN_POINT('Ctrl Pts',(57.6615898413794,433.329600827027,31.0101684845328));
#1018=CARTESIAN_POINT('Ctrl Pts',(55.9248581517963,499.992880185585,29.4576905276545));
#1019=CARTESIAN_POINT('Ctrl Pts',(53.4644555325426,599.994565523969,27.3429535371355));
#1020=CARTESIAN_POINT('Ctrl Pts',(50.9722096232509,699.998787044901,25.3185312538207));
#1021=CARTESIAN_POINT('Ctrl Pts',(49.1703189979032,766.667033454176,23.9630760688028));
#1022=CARTESIAN_POINT('Ctrl Pts',(47.2368733110095,833.332436996153,22.5991091909963));
#1023=CARTESIAN_POINT('Ctrl Pts',(45.2651613042541,899.997287028106,21.1215651035694));
#1024=CARTESIAN_POINT('Ctrl Pts',(42.3195867335509,999.994794214073,18.6387418781377));
#1025=CARTESIAN_POINT('Ctrl Pts',(39.4718898987181,1099.99490363941,16.0796949828453));
#1026=CARTESIAN_POINT('Ctrl Pts',(37.6880894967259,1166.66420402422,14.4719871564011));
#1027=CARTESIAN_POINT('Ctrl Pts',(35.9856934590564,1233.32321576767,12.9879385262358));
#1028=CARTESIAN_POINT('Ctrl Pts',(34.2559892630242,1299.97606284328,11.5774311426163));
#1029=CARTESIAN_POINT('Ctrl Pts',(31.6627335920854,1399.97290720411,9.78421169481549));
#1030=CARTESIAN_POINT('Ctrl Pts',(29.1590138540807,1499.9828828823,8.37594860782901));
#1031=CARTESIAN_POINT('Ctrl Pts',(27.6044038144743,1566.66042098404,7.65877141207955));
#1032=CARTESIAN_POINT('Ctrl Pts',(26.8762521178571,1599.99999999999,7.40011101286613));
#1033=CARTESIAN_POINT('Ctrl Pts',(57.6790073492553,0.,44.3304573237275));
#1034=CARTESIAN_POINT('Ctrl Pts',(57.1457238722507,33.3320867110284,42.7351257364983));
#1035=CARTESIAN_POINT('Ctrl Pts',(55.9449511236907,99.9969694999564,39.8528495851733));
#1036=CARTESIAN_POINT('Ctrl Pts',(54.009338328733,199.99565674196,35.8147939872369));
#1037=CARTESIAN_POINT('Ctrl Pts',(51.8800464644253,299.995704514047,32.4545384781992));
#1038=CARTESIAN_POINT('Ctrl Pts',(50.3553833971497,366.664734064246,30.725740718027));
#1039=CARTESIAN_POINT('Ctrl Pts',(48.7978891136116,433.329192185847,29.2673477055251));
#1040=CARTESIAN_POINT('Ctrl Pts',(47.4502114880952,499.992043376414,27.8656944307351));
#1041=CARTESIAN_POINT('Ctrl Pts',(45.7345142484256,599.993815332308,25.8742864344217));
#1042=CARTESIAN_POINT('Ctrl Pts',(43.9936388614902,699.998474132705,23.9571591554679));
#1043=CARTESIAN_POINT('Ctrl Pts',(42.5938297841704,766.666990355791,22.7169875177598));
#1044=CARTESIAN_POINT('Ctrl Pts',(40.9662252931943,833.332479632644,21.5123125770897));
#1045=CARTESIAN_POINT('Ctrl Pts',(39.2704008382438,899.997428996588,20.1671874556345));
#1046=CARTESIAN_POINT('Ctrl Pts',(36.6929456719973,999.995104224559,17.8307097321554));
#1047=CARTESIAN_POINT('Ctrl Pts',(34.198364647874,1099.99525397863,15.4055865594266));
#1048=CARTESIAN_POINT('Ctrl Pts',(32.6629009262443,1166.6643729,13.8993996014204));
#1049=CARTESIAN_POINT('Ctrl Pts',(31.2274386969304,1233.32304721233,12.5384358852156));
#1050=CARTESIAN_POINT('Ctrl Pts',(29.7227883441102,1299.97592368791,11.2363954380397));
#1051=CARTESIAN_POINT('Ctrl Pts',(27.399468289885,1399.97328431007,9.56606998494961));
#1052=CARTESIAN_POINT('Ctrl Pts',(25.1554773140528,1499.98352022098,8.25737811422758));
#1053=CARTESIAN_POINT('Ctrl Pts',(23.7992225149629,1566.66090236631,7.5476837318429));
#1054=CARTESIAN_POINT('Ctrl Pts',(23.190731671853,1599.99999999999,7.32065253102809));
#1055=CARTESIAN_POINT('Ctrl Pts',(50.6909672317277,0.,41.8742916484759));
#1056=CARTESIAN_POINT('Ctrl Pts',(50.2367657009923,33.3322191633021,40.3801386472325));
#1057=CARTESIAN_POINT('Ctrl Pts',(49.185457329363,99.9978952253241,37.7366736125132));
#1058=CARTESIAN_POINT('Ctrl Pts',(47.5269505721884,199.9966897259,33.9067819943974));
#1059=CARTESIAN_POINT('Ctrl Pts',(45.6838001435283,299.996498290574,30.7320252729765));
#1060=CARTESIAN_POINT('Ctrl Pts',(44.3468739117705,366.665031390329,29.1317382082653));
#1061=CARTESIAN_POINT('Ctrl Pts',(42.9708663701117,433.328895117953,27.8174663507086));
#1062=CARTESIAN_POINT('Ctrl Pts',(41.8642629680694,499.991436166414,26.5276838813988));
#1063=CARTESIAN_POINT('Ctrl Pts',(40.6065051510951,599.993273030912,24.6392900594775));
#1064=CARTESIAN_POINT('Ctrl Pts',(39.328301802075,699.998250357606,22.814296087221));
#1065=CARTESIAN_POINT('Ctrl Pts',(38.1788058204473,766.666961163564,21.6616192486338));
#1066=CARTESIAN_POINT('Ctrl Pts',(36.7454249284333,833.332508481623,20.5703081264945));
#1067=CARTESIAN_POINT('Ctrl Pts',(35.2295262560842,899.997528065324,19.3271844729264));
#1068=CARTESIAN_POINT('Ctrl Pts',(32.9015520570411,999.995328064079,17.1183383700368));
#1069=CARTESIAN_POINT('Ctrl Pts',(30.6484147119184,1099.99551084374,14.8128662936735));
#1070=CARTESIAN_POINT('Ctrl Pts',(29.2786505496731,1166.66449740637,13.3881627369892));
#1071=CARTESIAN_POINT('Ctrl Pts',(28.0168130251437,1233.32292294228,12.1169607715512));
#1072=CARTESIAN_POINT('Ctrl Pts',(26.6624604519263,1299.97582152036,10.8934923416905));
#1073=CARTESIAN_POINT('Ctrl Pts',(24.5261563576598,1399.97356382718,9.31125431721016));
#1074=CARTESIAN_POINT('Ctrl Pts',(22.4618995795229,1499.98399071906,8.0740427280763));
#1075=CARTESIAN_POINT('Ctrl Pts',(21.2366480949834,1566.66125942445,7.3688067597604));
#1076=CARTESIAN_POINT('Ctrl Pts',(20.705113751424,1599.99999999999,7.16540466887688));
#1077=CARTESIAN_POINT('Ctrl Pts',(47.4821880961809,0.,40.645802555505));
#1078=CARTESIAN_POINT('Ctrl Pts',(47.0640535037425,33.3322824406458,39.1996185181171));
#1079=CARTESIAN_POINT('Ctrl Pts',(46.080506236913,99.9983391599393,36.6720539784397));
#1080=CARTESIAN_POINT('Ctrl Pts',(44.5486217827146,199.997184042515,32.9474566281142));
#1081=CARTESIAN_POINT('Ctrl Pts',(42.836039650421,299.996877547085,29.8671335716149));
#1082=CARTESIAN_POINT('Ctrl Pts',(41.5844880357257,366.665173220276,28.3297606418343));
#1083=CARTESIAN_POINT('Ctrl Pts',(40.290766044088,433.328753408814,27.0835273427487));
#1084=CARTESIAN_POINT('Ctrl Pts',(39.2914162859335,499.99114668538,25.847835570365));
#1085=CARTESIAN_POINT('Ctrl Pts',(38.2353054847085,599.993014833982,24.0118352476905));
#1086=CARTESIAN_POINT('Ctrl Pts',(37.1609715478195,699.998144211529,22.2341557393596));
#1087=CARTESIAN_POINT('Ctrl Pts',(36.1230653932408,766.666947574285,21.1241536619175));
#1088=CARTESIAN_POINT('Ctrl Pts',(34.7779537771193,833.332521908738,20.0864988499001));
#1089=CARTESIAN_POINT('Ctrl Pts',(33.3450286770774,899.997574701074,18.8934706690925));
#1090=CARTESIAN_POINT('Ctrl Pts',(31.1342989088778,999.995434631275,16.7505472242879));
#1091=CARTESIAN_POINT('Ctrl Pts',(28.9949939635534,1099.99563372188,14.5074125553086));
#1092=CARTESIAN_POINT('Ctrl Pts',(27.7022685624056,1166.66455707033,13.123441317311));
#1093=CARTESIAN_POINT('Ctrl Pts',(26.5200033262889,1233.32286338918,11.8952181212423));
#1094=CARTESIAN_POINT('Ctrl Pts',(25.2354963664329,1299.97577266333,10.7092259842512));
#1095=CARTESIAN_POINT('Ctrl Pts',(23.1877438634078,1399.97369811681,9.16879096891542));
#1096=CARTESIAN_POINT('Ctrl Pts',(21.2085945384484,1499.98421649084,7.96557573415965));
#1097=CARTESIAN_POINT('Ctrl Pts',(20.0440236272915,1566.66143085972,7.26252013619634));
#1098=CARTESIAN_POINT('Ctrl Pts',(19.5476127286755,1599.99999999999,7.07062720631201));
#1099=CARTESIAN_POINT('Ctrl Pts',(45.3491707078989,0.,39.8007683359645));
#1100=CARTESIAN_POINT('Ctrl Pts',(44.95495133439,33.3323251532052,38.3868717653534));
#1101=CARTESIAN_POINT('Ctrl Pts',(44.016206919673,99.9986392041665,35.938070681146));
#1102=CARTESIAN_POINT('Ctrl Pts',(42.5682782468401,199.997517893493,32.2862531476427));
#1103=CARTESIAN_POINT('Ctrl Pts',(40.9422234979272,299.997133550984,29.2713701763509));
#1104=CARTESIAN_POINT('Ctrl Pts',(39.7471962777145,366.665268903873,27.7769248220927));
#1105=CARTESIAN_POINT('Ctrl Pts',(38.5079113913024,433.328657805528,26.5764129281378));
#1106=CARTESIAN_POINT('Ctrl Pts',(37.5788519206654,499.990951432394,25.3774329115043));
#1107=CARTESIAN_POINT('Ctrl Pts',(36.6541914558365,599.992840769039,23.5777128088039));
#1108=CARTESIAN_POINT('Ctrl Pts',(35.7127970244236,699.998072753827,21.8329143369481));
#1109=CARTESIAN_POINT('Ctrl Pts',(34.7480860885349,766.666938491403,20.7519745834738));
#1110=CARTESIAN_POINT('Ctrl Pts',(33.4614218231599,833.332530883184,19.7504095466664));
#1111=CARTESIAN_POINT('Ctrl Pts',(32.0837936976106,899.997606008559,18.5915977639067));
#1112=CARTESIAN_POINT('Ctrl Pts',(29.9518317605922,999.995506475338,16.4945976389768));
#1113=CARTESIAN_POINT('Ctrl Pts',(27.8890971390845,1099.99571670847,14.2950275990581));
#1114=CARTESIAN_POINT('Ctrl Pts',(26.6478753424046,1166.66459739042,12.9390718170092));
#1115=CARTESIAN_POINT('Ctrl Pts',(25.5184693948971,1233.32282314289,11.7398927917428));
#1116=CARTESIAN_POINT('Ctrl Pts',(24.2806400801799,1299.97573967457,10.5791811158757));
#1117=CARTESIAN_POINT('Ctrl Pts',(22.2925379512012,1399.97378896259,9.06687874173029));
#1118=CARTESIAN_POINT('Ctrl Pts',(20.3707234347315,1499.98436915756,7.88656305605008));
#1119=CARTESIAN_POINT('Ctrl Pts',(19.2466583828798,1566.66154679642,7.18500264655107));
#1120=CARTESIAN_POINT('Ctrl Pts',(18.7735420240646,1599.99999999999,7.00094431645955));
#1121=CARTESIAN_POINT('Ctrl Pts',(37.3952775337174,0.,36.4939014771817));
#1122=CARTESIAN_POINT('Ctrl Pts',(37.0899318132427,33.3324880798487,35.2026465785018));
#1123=CARTESIAN_POINT('Ctrl Pts',(36.3169594528667,99.9997853313822,33.0569360575301));
#1124=CARTESIAN_POINT('Ctrl Pts',(35.180915208819,199.998791970851,29.6915357010306));
#1125=CARTESIAN_POINT('Ctrl Pts',(33.8760617502212,299.998109840502,26.9350234790263));
#1126=CARTESIAN_POINT('Ctrl Pts',(32.8906023534117,366.665633547995,25.6066524107915));
#1127=CARTESIAN_POINT('Ctrl Pts',(31.8529490174757,433.328293483926,24.5793897474598));
#1128=CARTESIAN_POINT('Ctrl Pts',(31.1806351719386,499.990207604594,23.5214715919261));
#1129=CARTESIAN_POINT('Ctrl Pts',(30.7322719807877,599.99217812645,21.8649860496667));
#1130=CARTESIAN_POINT('Ctrl Pts',(30.2727872097177,699.997801273313,20.2506134692909));
#1131=CARTESIAN_POINT('Ctrl Pts',(29.5757664607366,766.666904329569,19.2818610040328));
#1132=CARTESIAN_POINT('Ctrl Pts',(28.5058515974783,833.33256461553,18.417218310448));
#1133=CARTESIAN_POINT('Ctrl Pts',(27.3351466447762,899.997724477017,17.3909333189327));
#1134=CARTESIAN_POINT('Ctrl Pts',(25.501220648069,999.995779995184,15.4764093227054));
#1135=CARTESIAN_POINT('Ctrl Pts',(23.7287030179169,1099.99603344656,13.4506782413385));
#1136=CARTESIAN_POINT('Ctrl Pts',(22.6810686208668,1166.66475141938,12.2042974903867));
#1137=CARTESIAN_POINT('Ctrl Pts',(21.7486029509656,1233.32266940979,11.1161158235017));
#1138=CARTESIAN_POINT('Ctrl Pts',(20.6862650474895,1299.97561382669,10.0518575876114));
#1139=CARTESIAN_POINT('Ctrl Pts',(18.9250811676376,1399.97413656966,8.64671855919287));
#1140=CARTESIAN_POINT('Ctrl Pts',(17.2214072943269,1499.98495293275,7.55382842353635));
#1141=CARTESIAN_POINT('Ctrl Pts',(16.2493846916173,1566.66199015052,6.85830168362565));
#1142=CARTESIAN_POINT('Ctrl Pts',(15.8628526936226,1599.99999999999,6.70453544574249));
#1143=CARTESIAN_POINT('Ctrl Pts',(28.225858637719,0.,31.6630635607258));
#1144=CARTESIAN_POINT('Ctrl Pts',(28.0217452781359,33.3326962440466,30.5257965712558));
#1145=CARTESIAN_POINT('Ctrl Pts',(27.4317119112794,100.001255421733,28.787882279197));
#1146=CARTESIAN_POINT('Ctrl Pts',(26.6440617222456,200.000421234822,25.8555315583784));
#1147=CARTESIAN_POINT('Ctrl Pts',(25.6970002911349,299.999355312809,23.4959413024273));
#1148=CARTESIAN_POINT('Ctrl Pts',(24.9456787014456,366.666097673317,22.3988987394651));
#1149=CARTESIAN_POINT('Ctrl Pts',(24.1343084567688,433.327829843774,21.5868551170764));
#1150=CARTESIAN_POINT('Ctrl Pts',(23.7189172030212,499.989262232744,20.7177167309237));
#1151=CARTESIAN_POINT('Ctrl Pts',(23.7126032454842,599.991338486181,19.279319502806));
#1152=CARTESIAN_POINT('Ctrl Pts',(23.7018957791092,699.997460247451,17.8674498638999));
#1153=CARTESIAN_POINT('Ctrl Pts',(23.2748967923999,766.666863236407,17.0521025913904));
#1154=CARTESIAN_POINT('Ctrl Pts',(22.449413178779,833.332605088628,16.3583168589279));
#1155=CARTESIAN_POINT('Ctrl Pts',(21.5258691551041,899.997870952349,15.517292045518));
#1156=CARTESIAN_POINT('Ctrl Pts',(20.0713204520527,999.996126845166,13.8908662241121));
#1157=CARTESIAN_POINT('Ctrl Pts',(18.6710233489776,1099.99643917017,12.1443693888989));
#1158=CARTESIAN_POINT('Ctrl Pts',(17.8592044440073,1166.66494942788,11.0581960332608));
#1159=CARTESIAN_POINT('Ctrl Pts',(17.1534313407809,1233.32247184417,10.1134994849106));
#1160=CARTESIAN_POINT('Ctrl Pts',(16.3033143139348,1299.97545313643,9.17192098909342));
#1161=CARTESIAN_POINT('Ctrl Pts',(14.8336124608101,1399.97458693407,7.90023054279008));
#1162=CARTESIAN_POINT('Ctrl Pts',(13.4105326999083,1499.98570738859,6.91704087861413));
#1163=CARTESIAN_POINT('Ctrl Pts',(12.6213611864277,1566.66256250031,6.23109690711628));
#1164=CARTESIAN_POINT('Ctrl Pts',(12.3334235838714,1599.99999999999,6.11884549023014));
#1165=CARTESIAN_POINT('Ctrl Pts',(17.6822071176922,0.,24.301181390293));
#1166=CARTESIAN_POINT('Ctrl Pts',(17.5966949101415,33.3329675848987,23.3618823878901));
#1167=CARTESIAN_POINT('Ctrl Pts',(17.2052464112832,100.003152898269,22.186886872572));
#1168=CARTESIAN_POINT('Ctrl Pts',(16.7889921872999,200.002530766867,19.9278403293949));
#1169=CARTESIAN_POINT('Ctrl Pts',(16.2235619885551,300.000971192295,18.1937993584267));
#1170=CARTESIAN_POINT('Ctrl Pts',(15.7328229940657,366.666701134892,17.4306055921866));
#1171=CARTESIAN_POINT('Ctrl Pts',(15.1843538588136,433.327226884515,16.8917532595172));
#1172=CARTESIAN_POINT('Ctrl Pts',(14.9943273156874,499.988034124882,16.2846123681058));
#1173=CARTESIAN_POINT('Ctrl Pts',(15.2828837584821,599.9902514651,15.1899012908025));
#1174=CARTESIAN_POINT('Ctrl Pts',(15.5745170549355,699.997022842887,14.1018006007617));
#1175=CARTESIAN_POINT('Ctrl Pts',(15.3873719638444,766.666812608038,13.5032393217437));
#1176=CARTESIAN_POINT('Ctrl Pts',(14.8449924550417,833.332655036721,13.02594451385));
#1177=CARTESIAN_POINT('Ctrl Pts',(14.2288991453396,899.998057742557,12.4500196718853));
#1178=CARTESIAN_POINT('Ctrl Pts',(13.2787479160106,999.996577842916,11.2820112585966));
#1179=CARTESIAN_POINT('Ctrl Pts',(12.3754570308601,1099.99696999256,9.98746773173061));
#1180=CARTESIAN_POINT('Ctrl Pts',(11.8601023006439,1166.66520911148,9.14409409125891));
#1181=CARTESIAN_POINT('Ctrl Pts',(11.4194462993946,1233.32221262456,8.39386517638024));
#1182=CARTESIAN_POINT('Ctrl Pts',(10.8379444332827,1299.97524527055,7.61954274636127));
#1183=CARTESIAN_POINT('Ctrl Pts',(9.77005402912824,1399.97518678438,6.53503872943625));
#1184=CARTESIAN_POINT('Ctrl Pts',(8.73530815352843,1499.98671129133,5.7125406741367));
#1185=CARTESIAN_POINT('Ctrl Pts',(8.17806323550263,1566.66331578141,5.05676368017303));
#1186=CARTESIAN_POINT('Ctrl Pts',(8.00441211014397,1599.99999999999,5.00825075409377));
#1187=CARTESIAN_POINT('Ctrl Pts',(10.1646411905162,0.,17.7700449799095));
#1188=CARTESIAN_POINT('Ctrl Pts',(10.1660272077995,33.3331847866487,16.9874581356294));
#1189=CARTESIAN_POINT('Ctrl Pts',(9.90848824202515,100.004651763232,16.2789936248649));
#1190=CARTESIAN_POINT('Ctrl Pts',(9.73566476656168,200.004204644232,14.6190313696974));
#1191=CARTESIAN_POINT('Ctrl Pts',(9.42085900488925,300.002257013888,13.4453748753116));
#1192=CARTESIAN_POINT('Ctrl Pts',(9.11088614501069,366.667182921099,12.966878463556));
#1193=CARTESIAN_POINT('Ctrl Pts',(8.7541379351609,433.326745565631,12.641881205094));
#1194=CARTESIAN_POINT('Ctrl Pts',(8.67825566647326,499.987054551955,12.2540012047036));
#1195=CARTESIAN_POINT('Ctrl Pts',(9.03149836905631,599.989386803229,11.4707253974345));
#1196=CARTESIAN_POINT('Ctrl Pts',(9.3927951171274,699.996677529487,10.6782551582738));
#1197=CARTESIAN_POINT('Ctrl Pts',(9.32940007579628,766.666773825257,10.2631312673715));
#1198=CARTESIAN_POINT('Ctrl Pts',(8.99224545678025,833.332693218595,9.95473313526896));
#1199=CARTESIAN_POINT('Ctrl Pts',(8.61133963568545,899.998204877895,9.60253704585024));
#1200=CARTESIAN_POINT('Ctrl Pts',(8.06451214644776,999.996938187559,8.84469432709338));
#1201=CARTESIAN_POINT('Ctrl Pts',(7.55946889889026,1099.99739585141,7.95892237503235));
#1202=CARTESIAN_POINT('Ctrl Pts',(7.2721212685601,1166.66541777475,7.32914733964929));
#1203=CARTESIAN_POINT('Ctrl Pts',(7.02450411385557,1233.32200439013,6.74034453201681));
#1204=CARTESIAN_POINT('Ctrl Pts',(6.65412021926143,1299.97508045499,6.10759702147963));
#1205=CARTESIAN_POINT('Ctrl Pts',(5.92518871419914,1399.97567569658,5.18927984121113));
#1206=CARTESIAN_POINT('Ctrl Pts',(5.219148392022,1499.98752898958,4.51518660193344));
#1207=CARTESIAN_POINT('Ctrl Pts',(4.84489917999144,1566.66392271014,3.89966545973136));
#1208=CARTESIAN_POINT('Ctrl Pts',(4.75385850580121,1600.,3.90959307384719));
#1209=CARTESIAN_POINT('Ctrl Pts',(3.73227541883756,0.,10.1492015280076));
#1210=CARTESIAN_POINT('Ctrl Pts',(3.813427890035,33.3334141352111,9.52962230820077));
#1211=CARTESIAN_POINT('Ctrl Pts',(3.66109768991458,100.006180623185,9.31895096207648));
#1212=CARTESIAN_POINT('Ctrl Pts',(3.66594950165002,200.005934928656,8.33402194071209));
#1213=CARTESIAN_POINT('Ctrl Pts',(3.53559047907089,300.003597874629,7.79351278898191));
#1214=CARTESIAN_POINT('Ctrl Pts',(3.37656039436459,366.667690067208,7.62548851667977));
#1215=CARTESIAN_POINT('Ctrl Pts',(3.19614616645687,433.326238836861,7.51841696257183));
#1216=CARTESIAN_POINT('Ctrl Pts',(3.16509774098023,499.986024419707,7.3699099656372));
#1217=CARTESIAN_POINT('Ctrl Pts',(3.39710934427093,599.988481954132,6.95191479256444));
#1218=CARTESIAN_POINT('Ctrl Pts',(3.64016102518145,699.996320888654,6.50782031639816));
#1219=CARTESIAN_POINT('Ctrl Pts',(3.62723062060791,766.666735625491,6.29408538742686));
#1220=CARTESIAN_POINT('Ctrl Pts',(3.47461400119595,833.332730871216,6.15574382653842));
#1221=CARTESIAN_POINT('Ctrl Pts',(3.31205160757714,899.998357756133,6.03979789881545));
#1222=CARTESIAN_POINT('Ctrl Pts',(3.14891811430671,999.997319256528,5.73208532272014));
#1223=CARTESIAN_POINT('Ctrl Pts',(3.02238253969209,1099.99784767391,5.3032012333354));
#1224=CARTESIAN_POINT('Ctrl Pts',(2.94594949593818,1166.66563951271,4.91591878410711));
#1225=CARTESIAN_POINT('Ctrl Pts',(2.87038076060507,1233.32178303789,4.5114691064828));
#1226=CARTESIAN_POINT('Ctrl Pts',(2.71622793739077,1299.97491020918,4.05287514249345));
#1227=CARTESIAN_POINT('Ctrl Pts',(2.37335407421992,1399.97621064782,3.367560367823));
#1228=CARTESIAN_POINT('Ctrl Pts',(2.04368495948477,1499.98842387625,2.91552095597553));
#1229=CARTESIAN_POINT('Ctrl Pts',(1.8587396723771,1566.66457017601,2.38704498379547));
#1230=CARTESIAN_POINT('Ctrl Pts',(1.84056921259845,1600.,2.47596833247919));
#1231=CARTESIAN_POINT('Ctrl Pts',(0.19643017790072,0.,3.84218513914412));
#1232=CARTESIAN_POINT('Ctrl Pts',(0.327410260887914,33.3335955681043,3.3487780280495));
#1233=CARTESIAN_POINT('Ctrl Pts',(0.227785060689493,100.007301584631,3.50838892636696));
#1234=CARTESIAN_POINT('Ctrl Pts',(0.310877791630374,200.007243198718,3.02756321316152));
#1235=CARTESIAN_POINT('Ctrl Pts',(0.26396107373997,300.004631699141,2.95657465713333));
#1236=CARTESIAN_POINT('Ctrl Pts',(0.19005033660601,366.668089183358,3.01885059218241));
#1237=CARTESIAN_POINT('Ctrl Pts',(0.122292036741618,433.325840067478,3.07437960509427));
#1238=CARTESIAN_POINT('Ctrl Pts',(0.0950332063316629,499.985214992264,3.1050237621424));
#1239=CARTESIAN_POINT('Ctrl Pts',(0.173912960376623,599.987776676726,2.96157910765206));
#1240=CARTESIAN_POINT('Ctrl Pts',(0.262843689644735,699.996048918878,2.77799054780033));
#1241=CARTESIAN_POINT('Ctrl Pts',(0.251493173604353,766.66670851638,2.71245688400729));
#1242=CARTESIAN_POINT('Ctrl Pts',(0.209064627488195,833.332757556861,2.6973513509476));
#1243=CARTESIAN_POINT('Ctrl Pts',(0.168930476774089,899.998476811724,2.7428598842484));
#1244=CARTESIAN_POINT('Ctrl Pts',(0.210762283324108,999.997622391221,2.73854254179893));
#1245=CARTESIAN_POINT('Ctrl Pts',(0.284078744969418,1099.99820761332,2.63029479805406));
#1246=CARTESIAN_POINT('Ctrl Pts',(0.321864905685498,1166.66581639033,2.43396741096972));
#1247=CARTESIAN_POINT('Ctrl Pts',(0.343773547531687,1233.32160647927,2.19617379536074));
#1248=CARTESIAN_POINT('Ctrl Pts',(0.337825867617726,1299.97478159738,1.91434339877267));
#1249=CARTESIAN_POINT('Ctrl Pts',(0.290523905337648,1399.97665982657,1.5057186434629));
#1250=CARTESIAN_POINT('Ctrl Pts',(0.250407063476178,1499.98917617785,1.33327945685133));
#1251=CARTESIAN_POINT('Ctrl Pts',(0.19645689739847,1566.6650895371,0.942792789071515));
#1252=CARTESIAN_POINT('Ctrl Pts',(0.218833700989036,1600.,1.11989176103007));
#1253=CARTESIAN_POINT('Ctrl Pts',(-0.225054716652948,0.,1.03491887277562));
#1254=CARTESIAN_POINT('Ctrl Pts',(-0.0844289513913912,33.3336733564274,
0.593196310184128));
#1255=CARTESIAN_POINT('Ctrl Pts',(-0.179027072165131,100.007684923978,0.883368093699694));
#1256=CARTESIAN_POINT('Ctrl Pts',(-0.0913157844720758,200.007738196246,
0.576951956749887));
#1257=CARTESIAN_POINT('Ctrl Pts',(-0.131005960678716,300.005046276045,0.664034425913494));
#1258=CARTESIAN_POINT('Ctrl Pts',(-0.189036371650325,366.668258480117,0.806054403227588));
#1259=CARTESIAN_POINT('Ctrl Pts',(-0.230775040994276,433.325670900773,0.922021144845259));
#1260=CARTESIAN_POINT('Ctrl Pts',(-0.257482408867444,499.984872689547,1.01010456511717));
#1261=CARTESIAN_POINT('Ctrl Pts',(-0.21668475986547,599.987484096257,0.941782944501652));
#1262=CARTESIAN_POINT('Ctrl Pts',(-0.169805017027227,699.995942043346,0.826391553588189));
#1263=CARTESIAN_POINT('Ctrl Pts',(-0.188601173224011,766.666699719079,0.803709983566093));
#1264=CARTESIAN_POINT('Ctrl Pts',(-0.215550181489312,833.332766218017,0.830081244847299));
#1265=CARTESIAN_POINT('Ctrl Pts',(-0.248866541590998,899.998526906591,0.914434818910372));
#1266=CARTESIAN_POINT('Ctrl Pts',(-0.210340752174983,999.997754806747,0.973145315967105));
#1267=CARTESIAN_POINT('Ctrl Pts',(-0.144242999860317,1099.99836448392,0.947773900861452));
#1268=CARTESIAN_POINT('Ctrl Pts',(-0.106944723221913,1166.66589357514,0.828709022635384));
#1269=CARTESIAN_POINT('Ctrl Pts',(-0.0797464031449698,1233.32152941387,
0.684658345068234));
#1270=CARTESIAN_POINT('Ctrl Pts',(-0.0610849089430247,1299.97473300672,
0.517169159457443));
#1271=CARTESIAN_POINT('Ctrl Pts',(-0.0428892360671326,1399.97687935082,
0.316430365843994));
#1272=CARTESIAN_POINT('Ctrl Pts',(-0.0183782003226807,1499.98954520204,
0.365384298605688));
#1273=CARTESIAN_POINT('Ctrl Pts',(-0.0507845457258389,1566.66531876458,
0.104830252324056));
#1274=CARTESIAN_POINT('Ctrl Pts',(-0.0269640452430375,1600.,0.347053317641959));
#1275=CARTESIAN_POINT('Ctrl Pts',(0.,0.,0.));
#1276=CARTESIAN_POINT('Ctrl Pts',(0.13865281481617,33.3336986305966,-0.425958385246854));
#1277=CARTESIAN_POINT('Ctrl Pts',(0.0404183206324072,100.007762599643,-0.102528013319092));
#1278=CARTESIAN_POINT('Ctrl Pts',(0.123706585345836,200.007867427468,-0.359473182535345));
#1279=CARTESIAN_POINT('Ctrl Pts',(0.0807282535331814,300.005167416227,-0.228946397792877));
#1280=CARTESIAN_POINT('Ctrl Pts',(0.0213311187296295,366.668312731632,-0.0657189967534767));
#1281=CARTESIAN_POINT('Ctrl Pts',(-0.0213270480109179,433.325616659139,
0.0657067734142223));
#1282=CARTESIAN_POINT('Ctrl Pts',(-0.0472586098913621,499.984763403225,
0.165362233671018));
#1283=CARTESIAN_POINT('Ctrl Pts',(-0.00424272652129495,599.987393347232,
0.107209361575303));
#1284=CARTESIAN_POINT('Ctrl Pts',(0.0418782530065173,699.99591171785,-0.000734490325693884));
#1285=CARTESIAN_POINT('Ctrl Pts',(0.0179037737199951,766.666698117347,-0.0172861860726969));
#1286=CARTESIAN_POINT('Ctrl Pts',(-0.0179034839028623,833.332767819723,
0.0172867042975996));
#1287=CARTESIAN_POINT('Ctrl Pts',(-0.0655461495386255,899.99854295849,0.102982970765818));
#1288=CARTESIAN_POINT('Ctrl Pts',(-0.0578219133057346,999.997799167749,
0.159595825413339));
#1289=CARTESIAN_POINT('Ctrl Pts',(-0.0247456713730075,1099.9984166805,0.144480689991251));
#1290=CARTESIAN_POINT('Ctrl Pts',(-0.00621301993540398,1166.66591927341,
0.0514670719395235));
#1291=CARTESIAN_POINT('Ctrl Pts',(0.00621113628383651,1233.32150372529,
-0.0514437885838878));
#1292=CARTESIAN_POINT('Ctrl Pts',(0.0125319311757878,1299.97472034664,-0.16426725316859));
#1293=CARTESIAN_POINT('Ctrl Pts',(0.0161250472692402,1399.97696343451,-0.257592846815533));
#1294=CARTESIAN_POINT('Ctrl Pts',(0.0265594311179018,1499.98968722896,-0.0909959538446984));
#1295=CARTESIAN_POINT('Ctrl Pts',(-0.0171358035318186,1566.66539620544,
-0.276427186557372));
#1296=CARTESIAN_POINT('Ctrl Pts',(-1.24795868436473E-16,1600.,1.60624341705815E-15));
#1297=CARTESIAN_POINT('Ctrl Pts',(291.088717882799,0.,72.5765686799002));
#1298=CARTESIAN_POINT('Ctrl Pts',(289.231721807995,15.9941806448309,71.3040474702162));
#1299=CARTESIAN_POINT('Ctrl Pts',(285.507414270687,47.9829723707499,68.7935397936433));
#1300=CARTESIAN_POINT('Ctrl Pts',(279.890006862785,95.9674512658308,65.1313823019407));
#1301=CARTESIAN_POINT('Ctrl Pts',(272.337985034129,159.949349632715,60.4565609783273));
#1302=CARTESIAN_POINT('Ctrl Pts',(262.793425867116,239.931073754343,54.963104296155));
#1303=CARTESIAN_POINT('Ctrl Pts',(253.144071406773,319.917127800201,49.8209282889107));
#1304=CARTESIAN_POINT('Ctrl Pts',(243.391459545215,399.907382749152,45.025545703162));
#1305=CARTESIAN_POINT('Ctrl Pts',(233.540139723412,479.901539869332,40.5628366083713));
#1306=CARTESIAN_POINT('Ctrl Pts',(223.599004366016,559.899063226802,36.4047113427628));
#1307=CARTESIAN_POINT('Ctrl Pts',(213.579547555739,639.899286771676,32.5159967172181));
#1308=CARTESIAN_POINT('Ctrl Pts',(203.494222857051,719.901517358527,28.861007369033));
#1309=CARTESIAN_POINT('Ctrl Pts',(193.354874550585,799.905135304724,25.409898833198));
#1310=CARTESIAN_POINT('Ctrl Pts',(183.171213657375,879.909694210051,22.1449045821136));
#1311=CARTESIAN_POINT('Ctrl Pts',(172.949307709153,959.915021995718,19.0665735956436));
#1312=CARTESIAN_POINT('Ctrl Pts',(162.692402021947,1039.92114698284,16.1882970020359));
#1313=CARTESIAN_POINT('Ctrl Pts',(152.401738828853,1119.92822563695,13.5308338494301));
#1314=CARTESIAN_POINT('Ctrl Pts',(142.077378929757,1199.93647128445,11.1167721735115));
#1315=CARTESIAN_POINT('Ctrl Pts',(131.719035426491,1279.9460827777,8.96484088706735));
#1316=CARTESIAN_POINT('Ctrl Pts',(121.3269304582,1359.95717199585,7.08397706301029));
#1317=CARTESIAN_POINT('Ctrl Pts',(110.901561044617,1439.9697882799,5.47645837477194));
#1318=CARTESIAN_POINT('Ctrl Pts',(102.535107456725,1503.98111046389,4.40789000067954));
#1319=CARTESIAN_POINT('Ctrl Pts',(96.2457597753076,1551.99028913886,3.72753196467177));
#1320=CARTESIAN_POINT('Ctrl Pts',(92.0464398015441,1583.99671236181,3.32754894008241));
#1321=CARTESIAN_POINT('Ctrl Pts',(89.9451744317186,1600.,3.14095470322509));
#1322=CARTESIAN_POINT('Ctrl Pts',(-1.79294342860149E-14,0.,4.48235857150371E-15));
#1323=CARTESIAN_POINT('Ctrl Pts',(0.138652814816152,33.3336986305966,-0.42595838524685));
#1324=CARTESIAN_POINT('Ctrl Pts',(0.0404183067795384,100.007762599812,-0.102527996667515));
#1325=CARTESIAN_POINT('Ctrl Pts',(0.123706566264835,200.007867427782,-0.359473171828017));
#1326=CARTESIAN_POINT('Ctrl Pts',(0.0807282045048212,300.005167416815,-0.228946337139876));
#1327=CARTESIAN_POINT('Ctrl Pts',(-0.00836476566812478,399.996834436901,
0.015887218216092));
#1328=CARTESIAN_POINT('Ctrl Pts',(-0.047257383202292,499.991117506104,0.165362746476806));
#1329=CARTESIAN_POINT('Ctrl Pts',(-0.00424108203390341,599.989855271995,
0.107205179300447));
#1330=CARTESIAN_POINT('Ctrl Pts',(0.0418773471355707,699.994481114374,-0.000732419091972329));
#1331=CARTESIAN_POINT('Ctrl Pts',(0.00591906373580445,799.998144705139,
-0.0255640103724252));
#1332=CARTESIAN_POINT('Ctrl Pts',(-0.0655461936219952,899.998542960474,
0.102982395692693));
#1333=CARTESIAN_POINT('Ctrl Pts',(-0.0578220016055353,999.997799170958,
0.159594989325083));
#1334=CARTESIAN_POINT('Ctrl Pts',(-0.0247458072695187,1099.99841668487,
0.144479484868404));
#1335=CARTESIAN_POINT('Ctrl Pts',(0.00305112164938072,1199.99257123241,
0.00496835413271988));
#1336=CARTESIAN_POINT('Ctrl Pts',(0.0125323503336123,1299.9857065234,-0.164283277877715));
#1337=CARTESIAN_POINT('Ctrl Pts',(0.0161244207155066,1399.98135807855,-0.257597035855327));
#1338=CARTESIAN_POINT('Ctrl Pts',(0.0265600677912104,1499.98749003401,-0.0909909771196384));
#1339=CARTESIAN_POINT('Ctrl Pts',(-0.0171369331699038,1566.66319869904,
-0.276445409378215));
#1340=CARTESIAN_POINT('Ctrl Pts',(0.,1600.,0.));
#1341=CARTESIAN_POINT('Ctrl Pts',(0.,0.,0.));
#1342=CARTESIAN_POINT('Ctrl Pts',(0.13865281481617,33.3336986305966,-0.425958385246854));
#1343=CARTESIAN_POINT('Ctrl Pts',(0.0404183206324073,100.007762599643,-0.102528013319093));
#1344=CARTESIAN_POINT('Ctrl Pts',(0.123706585345837,200.007867427468,-0.359473182535347));
#1345=CARTESIAN_POINT('Ctrl Pts',(0.0807282535331821,300.005167416227,-0.22894639779288));
#1346=CARTESIAN_POINT('Ctrl Pts',(0.0213311187296303,366.668312731632,-0.0657189967534803));
#1347=CARTESIAN_POINT('Ctrl Pts',(-0.0213270480109171,433.325616659139,
0.0657067734142187));
#1348=CARTESIAN_POINT('Ctrl Pts',(-0.0472586098913616,499.984763403225,
0.165362233671015));
#1349=CARTESIAN_POINT('Ctrl Pts',(-0.00424272652129538,599.987393347232,
0.107209361575304));
#1350=CARTESIAN_POINT('Ctrl Pts',(0.041878253006516,699.99591171785,-0.000734490325688484));
#1351=CARTESIAN_POINT('Ctrl Pts',(0.0179037737199934,766.666698117347,-0.0172861860726902));
#1352=CARTESIAN_POINT('Ctrl Pts',(-0.017903483902864,833.332767819723,0.0172867042976063));
#1353=CARTESIAN_POINT('Ctrl Pts',(-0.065546149538627,899.99854295849,0.102982970765824));
#1354=CARTESIAN_POINT('Ctrl Pts',(-0.0578219133057352,999.997799167749,
0.159595825413341));
#1355=CARTESIAN_POINT('Ctrl Pts',(-0.0247456713730074,1099.9984166805,0.144480689991249));
#1356=CARTESIAN_POINT('Ctrl Pts',(-0.00621301993540362,1166.66591927341,
0.0514670719395205));
#1357=CARTESIAN_POINT('Ctrl Pts',(0.00621113628383687,1233.32150372529,
-0.0514437885838908));
#1358=CARTESIAN_POINT('Ctrl Pts',(0.0125319311757882,1299.97472034664,-0.164267253168593));
#1359=CARTESIAN_POINT('Ctrl Pts',(0.0161250472692404,1399.97696343451,-0.257592846815536));
#1360=CARTESIAN_POINT('Ctrl Pts',(0.026559431117902,1499.98968722896,-0.0909959538447001));
#1361=CARTESIAN_POINT('Ctrl Pts',(-0.0171358035318185,1566.66539620544,
-0.276427186557374));
#1362=CARTESIAN_POINT('Ctrl Pts',(0.,1600.,0.));
#1363=CARTESIAN_POINT('Ctrl Pts',(0.234986037511127,0.,-1.08058826171613));
#1364=CARTESIAN_POINT('Ctrl Pts',(0.371578838592582,33.3337250200763,-1.49008682055307));
#1365=CARTESIAN_POINT('Ctrl Pts',(0.269547503395043,100.007843703016,-1.13193020951144));
#1366=CARTESIAN_POINT('Ctrl Pts',(0.348217563881251,200.008002361467,-1.33722133275862));
#1367=CARTESIAN_POINT('Ctrl Pts',(0.301805975178591,300.00529390214,-1.1613331011552));
#1368=CARTESIAN_POINT('Ctrl Pts',(0.240981805108164,366.668369377183,-0.975962425177401));
#1369=CARTESIAN_POINT('Ctrl Pts',(0.197363564955509,433.325560023904,-0.828395443144568));
#1370=CARTESIAN_POINT('Ctrl Pts',(0.172242044201145,499.984649294264,-0.716657286455508));
#1371=CARTESIAN_POINT('Ctrl Pts',(0.217574049233448,599.98729859359,-0.764192678692747));
#1372=CARTESIAN_POINT('Ctrl Pts',(0.262902782385004,699.995880054136,-0.86436034306132));
#1373=CARTESIAN_POINT('Ctrl Pts',(0.233521468521063,766.666696444934,-0.874511662545305));
#1374=CARTESIAN_POINT('Ctrl Pts',(0.188465060528132,833.332769492109,-0.831375217722811));
#1375=CARTESIAN_POINT('Ctrl Pts',(0.125863891379564,899.998559718734,-0.74427700788467));
#1376=CARTESIAN_POINT('Ctrl Pts',(0.101427348939012,999.997845486335,-0.689854361401578));
#1377=CARTESIAN_POINT('Ctrl Pts',(0.100024891679446,1099.99847118043,-0.694260623184895));
#1378=CARTESIAN_POINT('Ctrl Pts',(0.0989638195420191,1166.66594610571,-0.760073378746016));
#1379=CARTESIAN_POINT('Ctrl Pts',(0.0959618506211429,1233.32147690311,-0.820028984943659));
#1380=CARTESIAN_POINT('Ctrl Pts',(0.0893973699938766,1299.97470712789,-0.875774413739322));
#1381=CARTESIAN_POINT('Ctrl Pts',(0.0777435407805505,1399.97705122868,-0.856946826986841));
#1382=CARTESIAN_POINT('Ctrl Pts',(0.0734800915883732,1499.98983552332,-0.567515569681155));
#1383=CARTESIAN_POINT('Ctrl Pts',(0.0179978062542477,1566.66547706364,-0.674508933817722));
#1384=CARTESIAN_POINT('Ctrl Pts',(0.0281539273700052,1600.,-0.362368250399904));
#1385=CARTESIAN_POINT('Ctrl Pts',(1.47758089977552,0.,-2.88891683294621));
#1386=CARTESIAN_POINT('Ctrl Pts',(1.60392193265745,33.3337714140591,-3.27098309675591));
#1387=CARTESIAN_POINT('Ctrl Pts',(1.4675381144058,100.007967775843,-2.86295689699214));
#1388=CARTESIAN_POINT('Ctrl Pts',(1.47279993792672,200.008226625375,-2.9997669126869));
#1389=CARTESIAN_POINT('Ctrl Pts',(1.35513192886195,300.005510044653,-2.7668138387924));
#1390=CARTESIAN_POINT('Ctrl Pts',(1.26351589330804,366.668468102854,-2.55203893418957));
#1391=CARTESIAN_POINT('Ctrl Pts',(1.2050943043856,433.325461303153,-2.37997484787984));
#1392=CARTESIAN_POINT('Ctrl Pts',(1.1971210072929,499.984450831298,-2.23713060288442));
#1393=CARTESIAN_POINT('Ctrl Pts',(1.313032252934,599.98713553679,-2.23000679979277));
#1394=CARTESIAN_POINT('Ctrl Pts',(1.42309503370044,699.995827832383,-2.2800751357664));
#1395=CARTESIAN_POINT('Ctrl Pts',(1.3991805085688,766.666694926628,-2.26818699413936));
#1396=CARTESIAN_POINT('Ctrl Pts',(1.32373543647353,833.332771020604,-2.21277576731593));
#1397=CARTESIAN_POINT('Ctrl Pts',(1.19831053654728,899.998587163304,-2.13164946568223));
#1398=CARTESIAN_POINT('Ctrl Pts',(1.02852449715702,999.997926382114,-2.10106434352125));
#1399=CARTESIAN_POINT('Ctrl Pts',(0.877264230174209,1099.9985679306,-2.10482980719437));
#1400=CARTESIAN_POINT('Ctrl Pts',(0.804319947431013,1166.66599400029,-2.12754647834163));
#1401=CARTESIAN_POINT('Ctrl Pts',(0.758951871810969,1233.32142902134,-2.11004116528395));
#1402=CARTESIAN_POINT('Ctrl Pts',(0.702790976658559,1299.97468564209,-2.07147751052891));
#1403=CARTESIAN_POINT('Ctrl Pts',(0.606253826562443,1399.97721400286,-1.87578087953098));
#1404=CARTESIAN_POINT('Ctrl Pts',(0.517844641584856,1499.99010938562,-1.38949012906088));
#1405=CARTESIAN_POINT('Ctrl Pts',(0.414406203622391,1566.66562261697,-1.360700191438));
#1406=CARTESIAN_POINT('Ctrl Pts',(0.404364209184271,1600.,-0.983152778981426));
#1407=CARTESIAN_POINT('Ctrl Pts',(5.7480158767858,0.,-4.46698308589521));
#1408=CARTESIAN_POINT('Ctrl Pts',(5.84150539968325,33.3338229308441,-4.82358154973872));
#1409=CARTESIAN_POINT('Ctrl Pts',(5.5755422913615,100.008046566586,-4.39880542145827));
#1410=CARTESIAN_POINT('Ctrl Pts',(5.28256541530206,200.008434185489,-4.53917123970463));
#1411=CARTESIAN_POINT('Ctrl Pts',(4.86926766534286,300.005729934788,-4.32358236500445));
#1412=CARTESIAN_POINT('Ctrl Pts',(4.65010074269557,366.668574856974,-4.10952662656765));
#1413=CARTESIAN_POINT('Ctrl Pts',(4.5327667579842,433.325354543253,-3.9230323342709));
#1414=CARTESIAN_POINT('Ctrl Pts',(4.5618891238242,499.984237647707,-3.72808133795256));
#1415=CARTESIAN_POINT('Ctrl Pts',(4.87295291514652,599.986966061817,-3.58654913871045));
#1416=CARTESIAN_POINT('Ctrl Pts',(5.1704334250256,699.995781014482,-3.5058558986186));
#1417=CARTESIAN_POINT('Ctrl Pts',(5.16818670561754,766.666697827199,-3.44892847354519));
#1418=CARTESIAN_POINT('Ctrl Pts',(5.01321751350247,833.332768145155,-3.38907342730341));
#1419=CARTESIAN_POINT('Ctrl Pts',(4.70930401840993,899.998611049791,-3.339054686865));
#1420=CARTESIAN_POINT('Ctrl Pts',(4.11925689317981,999.998014354006,-3.39088288138353));
#1421=CARTESIAN_POINT('Ctrl Pts',(3.54134659012916,1099.99867827322,-3.44406566704351));
#1422=CARTESIAN_POINT('Ctrl Pts',(3.27694847559616,1166.6660494624,-3.43142672729595));
#1423=CARTESIAN_POINT('Ctrl Pts',(3.1351863354627,1233.32137357022,-3.32183990333408));
#1424=CARTESIAN_POINT('Ctrl Pts',(2.93391067728557,1299.97466739243,-3.20051845538669));
#1425=CARTESIAN_POINT('Ctrl Pts',(2.54665063118139,1399.97742157046,-2.88108104874184));
#1426=CARTESIAN_POINT('Ctrl Pts',(2.16762960935414,1499.99045528836,-2.24494401767267));
#1427=CARTESIAN_POINT('Ctrl Pts',(1.92000572122223,1566.66579506742,-2.07475363530146));
#1428=CARTESIAN_POINT('Ctrl Pts',(1.86191494041957,1600.,-1.61622797466158));
#1429=CARTESIAN_POINT('Ctrl Pts',(12.22544944541,0.,-4.93579819069756));
#1430=CARTESIAN_POINT('Ctrl Pts',(12.2695365711255,33.3338573832524,-5.28183343260052));
#1431=CARTESIAN_POINT('Ctrl Pts',(11.8079747932818,100.008025142811,-4.89365556935361));
#1432=CARTESIAN_POINT('Ctrl Pts',(11.0624422174858,200.008520851911,-5.13364098831982));
#1433=CARTESIAN_POINT('Ctrl Pts',(10.1986096771558,300.005851662024,-5.02834973966655));
#1434=CARTESIAN_POINT('Ctrl Pts',(9.78278447337015,366.668642611454,-4.85601466913003));
#1435=CARTESIAN_POINT('Ctrl Pts',(9.57177275024207,433.325286763294,-4.67636422101287));
#1436=CARTESIAN_POINT('Ctrl Pts',(9.60724972693452,499.984104202829,-4.44042923826905));
#1437=CARTESIAN_POINT('Ctrl Pts',(10.0734816435842,599.986867454486,-4.16350801170426));
#1438=CARTESIAN_POINT('Ctrl Pts',(10.5193463105265,699.995763919002,-3.94805532491875));
#1439=CARTESIAN_POINT('Ctrl Pts',(10.5099576056217,766.666705614452,-3.85104009671896));
#1440=CARTESIAN_POINT('Ctrl Pts',(10.2432530469478,833.332760396606,-3.80012084968026));
#1441=CARTESIAN_POINT('Ctrl Pts',(9.70191280495666,899.998618609765,-3.79800832707163));
#1442=CARTESIAN_POINT('Ctrl Pts',(8.56275783738274,999.99807081034,-3.96367173552238));
#1443=CARTESIAN_POINT('Ctrl Pts',(7.42971626863969,1099.99875578869,-4.10117778266163));
#1444=CARTESIAN_POINT('Ctrl Pts',(6.91554170894899,1166.66608947127,-4.07666920594814));
#1445=CARTESIAN_POINT('Ctrl Pts',(6.64623741928772,1233.3213335616,-3.89787266619628));
#1446=CARTESIAN_POINT('Ctrl Pts',(6.23995367042033,1299.97466224567,-3.74564280169808));
#1447=CARTESIAN_POINT('Ctrl Pts',(5.42855177134369,1399.97759438319,-3.42522154582039));
#1448=CARTESIAN_POINT('Ctrl Pts',(4.62459234396831,1499.99073959493,-2.7656321021928));
#1449=CARTESIAN_POINT('Ctrl Pts',(4.17149784112118,1566.66592423236,-2.50929991880989));
#1450=CARTESIAN_POINT('Ctrl Pts',(4.04857106884424,1600.,-1.98599296059802));
#1451=CARTESIAN_POINT('Ctrl Pts',(21.3720742796348,0.,-4.35628752335146));
#1452=CARTESIAN_POINT('Ctrl Pts',(21.3439050834989,33.3338778437415,-4.70628280516221));
#1453=CARTESIAN_POINT('Ctrl Pts',(20.6128330370325,100.007897877076,-4.40932207417198));
#1454=CARTESIAN_POINT('Ctrl Pts',(19.2539843552904,200.008491655076,-4.8448971038466));
#1455=CARTESIAN_POINT('Ctrl Pts',(17.778460069786,300.005884690814,-4.94379069241491));
#1456=CARTESIAN_POINT('Ctrl Pts',(17.0887630061698,366.668677162499,-4.85562470075651));
#1457=CARTESIAN_POINT('Ctrl Pts',(16.7371946124935,433.325252165317,-4.70605947805674));
#1458=CARTESIAN_POINT('Ctrl Pts',(16.7084300512171,499.984039231643,-4.45174934924781));
#1459=CARTESIAN_POINT('Ctrl Pts',(17.1879584298506,599.986831918978,-4.06963821750914));
#1460=CARTESIAN_POINT('Ctrl Pts',(17.6405477437634,699.995775954889,-3.74653755734552));
#1461=CARTESIAN_POINT('Ctrl Pts',(17.5538865313346,766.666719370235,-3.62568718770837));
#1462=CARTESIAN_POINT('Ctrl Pts',(17.1291634004708,833.332746696673,-3.59890872744129));
#1463=CARTESIAN_POINT('Ctrl Pts',(16.2891224266262,899.998609927323,-3.66320429095));
#1464=CARTESIAN_POINT('Ctrl Pts',(14.4856273130797,999.998100583779,-3.974714922621));
#1465=CARTESIAN_POINT('Ctrl Pts',(12.6819503054399,1099.99880761798,-4.22888432242995));
#1466=CARTESIAN_POINT('Ctrl Pts',(11.8560279075452,1166.66611778573,-4.21129511465994));
#1467=CARTESIAN_POINT('Ctrl Pts',(11.4122864497956,1233.32130523699,-3.97963614476794));
#1468=CARTESIAN_POINT('Ctrl Pts',(10.7325419724126,1299.97467011238,-3.83831192881029));
#1469=CARTESIAN_POINT('Ctrl Pts',(9.36147074411932,1399.97774982652,-3.61806556484434));
#1470=CARTESIAN_POINT('Ctrl Pts',(7.99604733974888,1499.99099070995,-3.03745778494099));
#1471=CARTESIAN_POINT('Ctrl Pts',(7.2675873854522,1566.66602254027,-2.73426884770251));
#1472=CARTESIAN_POINT('Ctrl Pts',(7.05503979699626,1600.,-2.15594205567709));
#1473=CARTESIAN_POINT('Ctrl Pts',(33.0220769188519,0.,-2.5806502885008));
#1474=CARTESIAN_POINT('Ctrl Pts',(32.8934565990476,33.3338789419894,-2.9540378572689));
#1475=CARTESIAN_POINT('Ctrl Pts',(31.8320017043008,100.007635232813,-2.80809933623575));
#1476=CARTESIAN_POINT('Ctrl Pts',(29.7525850103677,200.008309824252,-3.53076643929283));
#1477=CARTESIAN_POINT('Ctrl Pts',(27.5575220682018,300.005798621204,-3.92228009019914));
#1478=CARTESIAN_POINT('Ctrl Pts',(26.528873443663,366.668666233407,-3.96229167026323));
#1479=CARTESIAN_POINT('Ctrl Pts',(25.978658418107,433.325263021414,-3.87318605466572));
#1480=CARTESIAN_POINT('Ctrl Pts',(25.7627197105198,499.98406786674,-3.6453174851639));
#1481=CARTESIAN_POINT('Ctrl Pts',(25.973500596304,599.986881783551,-3.24340823941359));
#1482=CARTESIAN_POINT('Ctrl Pts',(26.1512384045904,699.995826458688,-2.89400294659857));
#1483=CARTESIAN_POINT('Ctrl Pts',(25.8653605925516,766.666740632387,-2.78581773144286));
#1484=CARTESIAN_POINT('Ctrl Pts',(25.2258195902516,833.332725510575,-2.80299356432501));
#1485=CARTESIAN_POINT('Ctrl Pts',(24.0477252335313,899.998579812443,-2.95177886206653));
#1486=CARTESIAN_POINT('Ctrl Pts',(21.5461220569367,999.998093686972,-3.43332171004145));
#1487=CARTESIAN_POINT('Ctrl Pts',(19.0379106377399,1099.99882340474,-3.82971168291344));
#1488=CARTESIAN_POINT('Ctrl Pts',(17.8604369914015,1166.66612954109,-3.83942325111256));
#1489=CARTESIAN_POINT('Ctrl Pts',(17.1852387676434,1233.32129345833,-3.57869777526432));
#1490=CARTESIAN_POINT('Ctrl Pts',(16.1799623155732,1299.97469495099,-3.48803808251103));
#1491=CARTESIAN_POINT('Ctrl Pts',(14.1779089667926,1399.97787650657,-3.45225642303176));
#1492=CARTESIAN_POINT('Ctrl Pts',(12.1784899433962,1499.99118849665,-3.0372950457656));
#1493=CARTESIAN_POINT('Ctrl Pts',(11.1208186380181,1566.66607636463,-2.72563115584518));
#1494=CARTESIAN_POINT('Ctrl Pts',(10.7885013340684,1600.,-2.10721574016284));
#1495=CARTESIAN_POINT('Ctrl Pts',(46.0797736508881,0.,0.230970655540909));
#1496=CARTESIAN_POINT('Ctrl Pts',(45.8176137676594,33.3338558835282,-0.189826631712679));
#1497=CARTESIAN_POINT('Ctrl Pts',(44.4032449115144,100.007212622255,-0.248196605962415));
#1498=CARTESIAN_POINT('Ctrl Pts',(41.6244636748684,200.007943651935,-1.3120993768356));
#1499=CARTESIAN_POINT('Ctrl Pts',(38.7302823400654,300.00556672817,-2.04643088480381));
#1500=CARTESIAN_POINT('Ctrl Pts',(37.3351961027678,366.66859885038,-2.24910328530103));
#1501=CARTESIAN_POINT('Ctrl Pts',(36.5179792081721,433.325330305901,-2.25760408587055));
#1502=CARTESIAN_POINT('Ctrl Pts',(35.9800936356864,499.984212607917,-2.11548161374861));
#1503=CARTESIAN_POINT('Ctrl Pts',(35.6199789303087,599.987037028778,-1.81184767968519));
#1504=CARTESIAN_POINT('Ctrl Pts',(35.2213791573996,699.995923758999,-1.54929213719466));
#1505=CARTESIAN_POINT('Ctrl Pts',(34.6028952273004,766.666770774601,-1.50299049505888));
#1506=CARTESIAN_POINT('Ctrl Pts',(33.6819942631442,833.332695464299,-1.58841380083102));
#1507=CARTESIAN_POINT('Ctrl Pts',(32.1521963921857,899.99852357865,-1.84027216282687));
#1508=CARTESIAN_POINT('Ctrl Pts',(29.0104044030074,999.998041130148,-2.51112929176863));
#1509=CARTESIAN_POINT('Ctrl Pts',(25.8555935559146,1099.99879387018,-3.07128041862756));
#1510=CARTESIAN_POINT('Ctrl Pts',(24.3127341938265,1166.66612038825,-3.13089190209056));
#1511=CARTESIAN_POINT('Ctrl Pts',(23.3397183234638,1233.32130257418,-2.87178063132965));
#1512=CARTESIAN_POINT('Ctrl Pts',(22.0030767963309,1299.97474014994,-2.85430359535641));
#1513=CARTESIAN_POINT('Ctrl Pts',(19.4513768807851,1399.97796382671,-3.02563915723446));
#1514=CARTESIAN_POINT('Ctrl Pts',(16.8979404006403,1499.99131427464,-2.80229440607223));
#1515=CARTESIAN_POINT('Ctrl Pts',(15.5032484222032,1566.66607352332,-2.5043972939648));
#1516=CARTESIAN_POINT('Ctrl Pts',(15.0161446496147,1600.,-1.86551134779726));
#1517=CARTESIAN_POINT('Ctrl Pts',(58.3753322306255,0.,3.46270382606237));
#1518=CARTESIAN_POINT('Ctrl Pts',(57.9578639196515,33.3338109677468,2.97444594442497));
#1519=CARTESIAN_POINT('Ctrl Pts',(56.2223920166089,100.006670759579,2.68860448564041));
#1520=CARTESIAN_POINT('Ctrl Pts',(52.8984639148637,200.007428496534,1.29534741443388));
#1521=CARTESIAN_POINT('Ctrl Pts',(49.4585792864054,300.005211439731,0.234085694253018));
#1522=CARTESIAN_POINT('Ctrl Pts',(47.7252234000723,366.668481543326,-0.139776155258614));
#1523=CARTESIAN_POINT('Ctrl Pts',(46.5953115304219,433.3254474832,-0.275065419268545));
#1524=CARTESIAN_POINT('Ctrl Pts',(45.6939357139682,499.984459541664,-0.259126718176387));
#1525=CARTESIAN_POINT('Ctrl Pts',(44.7069332363179,599.987283065121,-0.128342429923003));
#1526=CARTESIAN_POINT('Ctrl Pts',(43.6770384568354,699.996059015347,-0.0232960087601662));
#1527=CARTESIAN_POINT('Ctrl Pts',(42.6865067137084,766.66680717255,-0.0713348598518252));
#1528=CARTESIAN_POINT('Ctrl Pts',(41.4413330516586,833.332659182189,-0.243907462027706));
#1529=CARTESIAN_POINT('Ctrl Pts',(39.5744999166218,899.998446224143,-0.609504802048262));
#1530=CARTESIAN_POINT('Ctrl Pts',(35.9006035819359,999.997947939908,-1.47473080006502));
#1531=CARTESIAN_POINT('Ctrl Pts',(32.2078538245228,1099.99872221523,-2.20792261020728));
#1532=CARTESIAN_POINT('Ctrl Pts',(30.315295611421,1166.66609145498,-2.33624538642404));
#1533=CARTESIAN_POINT('Ctrl Pts',(29.0031648163787,1233.32133145418,-2.10913668487139));
#1534=CARTESIAN_POINT('Ctrl Pts',(27.3796601849442,1299.97480137442,-2.1655316203675));
#1535=CARTESIAN_POINT('Ctrl Pts',(24.4733056642071,1399.97800462997,-2.50237816099127));
#1536=CARTESIAN_POINT('Ctrl Pts',(21.5599674483924,1499.99135787213,-2.43349610513395));
#1537=CARTESIAN_POINT('Ctrl Pts',(19.8714444419446,1566.66601527326,-2.15477630964234));
#1538=CARTESIAN_POINT('Ctrl Pts',(19.2077116257485,1600.,-1.51646676910187));
#1539=CARTESIAN_POINT('Ctrl Pts',(73.4478207397279,0.,8.02236726604788));
#1540=CARTESIAN_POINT('Ctrl Pts',(72.7971647727864,33.3337252009878,7.41988565921831));
#1541=CARTESIAN_POINT('Ctrl Pts',(70.674936205371,100.005811704084,6.80947454845915));
#1542=CARTESIAN_POINT('Ctrl Pts',(66.819453664086,200.006568114615,5.00943400464991));
#1543=CARTESIAN_POINT('Ctrl Pts',(62.8463131334396,300.004592669228,3.54937100972352));
#1544=CARTESIAN_POINT('Ctrl Pts',(60.6991711909378,366.668265975282,2.94271634255994));
#1545=CARTESIAN_POINT('Ctrl Pts',(59.0975465281799,433.325662857389,2.60275682412795));
#1546=CARTESIAN_POINT('Ctrl Pts',(57.7179486261795,499.98490997963,2.4133169366697));
#1547=CARTESIAN_POINT('Ctrl Pts',(55.996682591056,599.987718761126,2.25909648155243));
#1548=CARTESIAN_POINT('Ctrl Pts',(54.2277818697587,699.996284290405,2.10426211556846));
#1549=CARTESIAN_POINT('Ctrl Pts',(52.7499161659349,766.666863112909,1.90280538790901));
#1550=CARTESIAN_POINT('Ctrl Pts',(51.0206292828342,833.332603409451,1.59069187544177));
#1551=CARTESIAN_POINT('Ctrl Pts',(48.7099890344725,899.998317931885,1.06054989448823));
#1552=CARTESIAN_POINT('Ctrl Pts',(44.420702238443,999.99777537102,-0.0691751323127472));
#1553=CARTESIAN_POINT('Ctrl Pts',(40.105517756166,1099.99857670627,-1.04331173222156));
#1554=CARTESIAN_POINT('Ctrl Pts',(37.753593159528,1166.66602943552,-1.28557764176501));
#1555=CARTESIAN_POINT('Ctrl Pts',(35.9396087233786,1233.32139338995,-1.13774308356143));
#1556=CARTESIAN_POINT('Ctrl Pts',(33.9795863777415,1299.9749016055,-1.28716119721951));
#1557=CARTESIAN_POINT('Ctrl Pts',(30.812334304278,1399.9780028336,-1.77560430521608));
#1558=CARTESIAN_POINT('Ctrl Pts',(27.6302045622687,1499.99131683429,-1.8487646384789));
#1559=CARTESIAN_POINT('Ctrl Pts',(25.5945571633839,1566.6658719426,-1.59592565574227));
#1560=CARTESIAN_POINT('Ctrl Pts',(24.6692437641616,1600.,-0.983498589348452));
#1561=CARTESIAN_POINT('Ctrl Pts',(89.0006055350254,0.,13.3544215632154));
#1562=CARTESIAN_POINT('Ctrl Pts',(88.0484743786913,33.3335904890424,12.5866156843137));
#1563=CARTESIAN_POINT('Ctrl Pts',(85.5196038274353,100.004652671626,11.5782449241222));
#1564=CARTESIAN_POINT('Ctrl Pts',(81.2594382349678,200.005349777339,9.36361904419665));
#1565=CARTESIAN_POINT('Ctrl Pts',(76.8782779515584,300.003684636503,7.5049774909891));
#1566=CARTESIAN_POINT('Ctrl Pts',(74.2883200447734,366.667936106323,6.62715832732325));
#1567=CARTESIAN_POINT('Ctrl Pts',(72.0739245130781,433.325992472981,6.00239112976567));
#1568=CARTESIAN_POINT('Ctrl Pts',(70.2415501985076,499.985595799606,5.5442838012056));
#1569=CARTESIAN_POINT('Ctrl Pts',(68.0732052092324,599.988367948411,5.04333248939278));
#1570=CARTESIAN_POINT('Ctrl Pts',(65.8533870514672,699.996603982176,4.57698339107052));
#1571=CARTESIAN_POINT('Ctrl Pts',(63.9155200542921,766.66693698719,4.1794311795776));
#1572=CARTESIAN_POINT('Ctrl Pts',(61.5635043959703,833.33252974479,3.6740846010476));
#1573=CARTESIAN_POINT('Ctrl Pts',(58.719678862827,899.998136239226,2.94033954046375));
#1574=CARTESIAN_POINT('Ctrl Pts',(53.7532879907116,999.997509595605,1.50947457896674));
#1575=CARTESIAN_POINT('Ctrl Pts',(48.7542583038355,1099.99833912463,0.25372089221288));
#1576=CARTESIAN_POINT('Ctrl Pts',(45.8538244303794,1166.66592505027,-0.14873792657947));
#1577=CARTESIAN_POINT('Ctrl Pts',(43.4004347801118,1233.32149766043,-0.145252350302162));
#1578=CARTESIAN_POINT('Ctrl Pts',(41.0630379081157,1299.97504107774,-0.398434626482977));
#1579=CARTESIAN_POINT('Ctrl Pts',(37.7175647180049,1399.97791578949,-0.975286647465098));
#1580=CARTESIAN_POINT('Ctrl Pts',(34.3472662710797,1499.99112088667,-1.13355866152209));
#1581=CARTESIAN_POINT('Ctrl Pts',(31.9208164572011,1566.66561373604,-0.917856571162175));
#1582=CARTESIAN_POINT('Ctrl Pts',(30.6623667237459,1600.,-0.371946049748881));
#1583=CARTESIAN_POINT('Ctrl Pts',(109.478389709145,0.,19.9870527184082));
#1584=CARTESIAN_POINT('Ctrl Pts',(108.153307776674,33.3334054234717,18.9985662499213));
#1585=CARTESIAN_POINT('Ctrl Pts',(105.073723867296,100.003213366539,17.4874977865735));
#1586=CARTESIAN_POINT('Ctrl Pts',(100.17565629194,200.003781380821,14.7601900883591));
#1587=CARTESIAN_POINT('Ctrl Pts',(95.1515620767776,300.002486201088,12.413200667597));
#1588=CARTESIAN_POINT('Ctrl Pts',(91.9663950968572,366.667488707521,11.1919357975423));
#1589=CARTESIAN_POINT('Ctrl Pts',(88.9915782643191,433.326439569267,10.1943950102007));
#1590=CARTESIAN_POINT('Ctrl Pts',(86.5854236361118,499.986524025324,9.38454971471382));
#1591=CARTESIAN_POINT('Ctrl Pts',(83.8276634223893,599.989236757633,8.42726383688583));
#1592=CARTESIAN_POINT('Ctrl Pts',(81.0149980772569,699.997020273483,7.5503079447722));
#1593=CARTESIAN_POINT('Ctrl Pts',(78.4970145032543,766.667029195531,6.89496949259285));
#1594=CARTESIAN_POINT('Ctrl Pts',(75.3757549701275,833.33243777838,6.13606958661122));
#1595=CARTESIAN_POINT('Ctrl Pts',(71.8565088188679,899.997899094573,5.16714533091476));
#1596=CARTESIAN_POINT('Ctrl Pts',(66.0050236200643,999.997147084203,3.43077256277145));
#1597=CARTESIAN_POINT('Ctrl Pts',(60.1148019649526,1099.99800643935,1.88544107175796));
#1598=CARTESIAN_POINT('Ctrl Pts',(56.5246052149055,1166.66577701924,1.28475221625846));
#1599=CARTESIAN_POINT('Ctrl Pts',(53.2872383643951,1233.32164554948,1.07346049369922));
#1600=CARTESIAN_POINT('Ctrl Pts',(50.3374462416268,1299.97521855972,0.665086800118772));
#1601=CARTESIAN_POINT('Ctrl Pts',(46.3248484377228,1399.97773431239,-0.0510263692003848));
#1602=CARTESIAN_POINT('Ctrl Pts',(42.2761521757368,1499.99075454472,-0.351231153191763));
#1603=CARTESIAN_POINT('Ctrl Pts',(39.2223299764616,1566.66523706408,-0.22602452636844));
#1604=CARTESIAN_POINT('Ctrl Pts',(37.5566927281914,1600.,0.210408885945041));
#1605=CARTESIAN_POINT('Ctrl Pts',(135.404822428086,0.,27.7716063099074));
#1606=CARTESIAN_POINT('Ctrl Pts',(133.662573250716,33.3331888066649,26.5253696291314));
#1607=CARTESIAN_POINT('Ctrl Pts',(129.892071570742,100.001632021606,24.4330152999415));
#1608=CARTESIAN_POINT('Ctrl Pts',(124.06248406528,200.002015531083,21.0872177768065));
#1609=CARTESIAN_POINT('Ctrl Pts',(118.100724552697,300.001114791216,18.1514520025265));
#1610=CARTESIAN_POINT('Ctrl Pts',(114.176171811328,366.666967987339,16.5244386294342));
#1611=CARTESIAN_POINT('Ctrl Pts',(110.34943028027,433.326959962822,15.094515194463));
#1612=CARTESIAN_POINT('Ctrl Pts',(107.146551103186,499.987603737231,13.8588139107937));
#1613=CARTESIAN_POINT('Ctrl Pts',(103.267348306993,599.990242153245,12.3163876125118));
#1614=CARTESIAN_POINT('Ctrl Pts',(99.3296386201336,699.997495604075,10.906615289836));
#1615=CARTESIAN_POINT('Ctrl Pts',(96.0082931377437,766.66713239044,9.93269131884389));
#1616=CARTESIAN_POINT('Ctrl Pts',(92.0258825013394,833.332334837426,8.87809016122029));
#1617=CARTESIAN_POINT('Ctrl Pts',(87.7380631564178,899.997627246486,7.65825200677405));
#1618=CARTESIAN_POINT('Ctrl Pts',(80.8598320072337,999.996723280387,5.63188828366127));
#1619=CARTESIAN_POINT('Ctrl Pts',(73.9376226886488,1099.99761355507,3.81032022974219));
#1620=CARTESIAN_POINT('Ctrl Pts',(69.5661163527,1166.66560139807,2.99156789504608));
#1621=CARTESIAN_POINT('Ctrl Pts',(65.4552358865672,1233.3218210141,2.51736621708328));
#1622=CARTESIAN_POINT('Ctrl Pts',(61.6688273156635,1299.97541700027,1.90497257364522));
#1623=CARTESIAN_POINT('Ctrl Pts',(56.4507516683592,1399.97748465582,0.973781474961572));
#1624=CARTESIAN_POINT('Ctrl Pts',(51.1853437195474,1499.99026686395,0.452239896420753));
#1625=CARTESIAN_POINT('Ctrl Pts',(47.2804112703126,1566.66478499868,0.434451420230534));
#1626=CARTESIAN_POINT('Ctrl Pts',(45.1628962478501,1600.,0.732636287748811));
#1627=CARTESIAN_POINT('Ctrl Pts',(159.553873316255,0.,34.5714539771746));
#1628=CARTESIAN_POINT('Ctrl Pts',(157.467197598052,33.3330059865681,33.1042441891579));
#1629=CARTESIAN_POINT('Ctrl Pts',(153.064275802227,100.000385826428,30.5167430237726));
#1630=CARTESIAN_POINT('Ctrl Pts',(146.28812058744,200.000583982787,26.6126967370076));
#1631=CARTESIAN_POINT('Ctrl Pts',(139.374427017729,299.999982695534,23.1444220240186));
#1632=CARTESIAN_POINT('Ctrl Pts',(134.779735145612,366.666530218712,21.1602806646828));
#1633=CARTESIAN_POINT('Ctrl Pts',(130.248898922311,433.327397418589,19.359935134553));
#1634=CARTESIAN_POINT('Ctrl Pts',(126.235223944954,499.988511541819,17.7444470561631));
#1635=CARTESIAN_POINT('Ctrl Pts',(120.972496456614,599.991084699589,15.6533557625803));
#1636=CARTESIAN_POINT('Ctrl Pts',(115.647708893217,699.997890187671,13.7386637211084));
#1637=CARTESIAN_POINT('Ctrl Pts',(111.508896136857,766.667217060601,12.4744024424773));
#1638=CARTESIAN_POINT('Ctrl Pts',(106.813233353728,833.332250393399,11.1639172876397));
#1639=CARTESIAN_POINT('Ctrl Pts',(101.880401542585,899.997399954997,9.74093253659391));
#1640=CARTESIAN_POINT('Ctrl Pts',(94.127920789508,999.996364909786,7.50317460802272));
#1641=CARTESIAN_POINT('Ctrl Pts',(86.3283931447425,1099.99728000213,5.48027309608712));
#1642=CARTESIAN_POINT('Ctrl Pts',(81.3040571233675,1166.66545207601,4.4824803365904));
#1643=CARTESIAN_POINT('Ctrl Pts',(76.472959990573,1233.32197018769,3.77632976320717));
#1644=CARTESIAN_POINT('Ctrl Pts',(71.8864528712757,1299.97557675539,2.97347690890367));
#1645=CARTESIAN_POINT('Ctrl Pts',(65.3444694016897,1399.97724730567,1.82004329307637));
#1646=CARTESIAN_POINT('Ctrl Pts',(58.7477156793212,1499.98981270222,1.07016918588618));
#1647=CARTESIAN_POINT('Ctrl Pts',(54.0337766882093,1566.66439803802,0.904544515151662));
#1648=CARTESIAN_POINT('Ctrl Pts',(51.5461589172416,1600.,1.07979199934926));
#1649=CARTESIAN_POINT('Ctrl Pts',(176.635876940335,0.,39.3587660583564));
#1650=CARTESIAN_POINT('Ctrl Pts',(174.312468649078,33.3328821874807,37.737196353768));
#1651=CARTESIAN_POINT('Ctrl Pts',(169.466343452141,99.9995809247522,34.808358489138));
#1652=CARTESIAN_POINT('Ctrl Pts',(162.019554567053,199.999639121971,30.507452838545));
#1653=CARTESIAN_POINT('Ctrl Pts',(154.431534074002,299.999225214722,26.6597754260676));
#1654=CARTESIAN_POINT('Ctrl Pts',(149.369571141408,366.666233491826,24.422691194491));
#1655=CARTESIAN_POINT('Ctrl Pts',(144.354842205028,433.327694003993,22.3619673455673));
#1656=CARTESIAN_POINT('Ctrl Pts',(139.757658165184,499.989127624066,20.4783328021688));
#1657=CARTESIAN_POINT('Ctrl Pts',(133.465194770754,599.991656426841,17.9964773603236));
#1658=CARTESIAN_POINT('Ctrl Pts',(127.10738816845,699.998157500041,15.7209614082397));
#1659=CARTESIAN_POINT('Ctrl Pts',(122.378771822992,766.667274555371,14.2496424603044));
#1660=CARTESIAN_POINT('Ctrl Pts',(117.190669254992,833.332193004008,12.7573156562869));
#1661=CARTESIAN_POINT('Ctrl Pts',(111.810910460474,899.9972446836,11.1896027517118));
#1662=CARTESIAN_POINT('Ctrl Pts',(103.450813767225,999.996120620194,8.80012745657903));
#1663=CARTESIAN_POINT('Ctrl Pts',(95.0420135461339,1099.99705358676,6.63356958249083));
#1664=CARTESIAN_POINT('Ctrl Pts',(89.5664011576769,1166.66535094968,5.50962897353539));
#1665=CARTESIAN_POINT('Ctrl Pts',(84.2392098770964,1233.32207124222,4.64134752133446));
#1666=CARTESIAN_POINT('Ctrl Pts',(79.0954065905866,1299.9756817615,3.70620850341843));
#1667=CARTESIAN_POINT('Ctrl Pts',(71.6236084070126,1399.97707791865,2.40018023937911));
#1668=CARTESIAN_POINT('Ctrl Pts',(64.0932061543439,1499.98949076705,1.49456738592846));
#1669=CARTESIAN_POINT('Ctrl Pts',(58.8179911719919,1566.66413611801,1.22424967031006));
#1670=CARTESIAN_POINT('Ctrl Pts',(56.0771745699767,1600.,1.31495922634004));
#1671=CARTESIAN_POINT('Ctrl Pts',(181.21411486659,0.,40.6419908768366));
#1672=CARTESIAN_POINT('Ctrl Pts',(178.827527436646,33.3328492763474,38.979095066812));
#1673=CARTESIAN_POINT('Ctrl Pts',(173.862754720324,99.9993692898391,35.9591613455864));
#1674=CARTESIAN_POINT('Ctrl Pts',(166.236224602171,199.999389433274,31.5516737303034));
#1675=CARTESIAN_POINT('Ctrl Pts',(158.467477865376,299.999024427399,27.6020534575111));
#1676=CARTESIAN_POINT('Ctrl Pts',(153.280558150851,366.666154606929,25.2970624986621));
#1677=CARTESIAN_POINT('Ctrl Pts',(148.136693755058,433.327772849267,23.1665229106068));
#1678=CARTESIAN_POINT('Ctrl Pts',(143.383152370799,499.989291447594,21.2110268584457));
#1679=CARTESIAN_POINT('Ctrl Pts',(136.813968745943,599.991808465739,18.6244171721646));
#1680=CARTESIAN_POINT('Ctrl Pts',(130.178512367104,699.998228574304,16.2521265834062));
#1681=CARTESIAN_POINT('Ctrl Pts',(125.291750399795,766.667289857083,14.7252197726695));
#1682=CARTESIAN_POINT('Ctrl Pts',(119.972088289299,833.33217773124,13.1840172280172));
#1683=CARTESIAN_POINT('Ctrl Pts',(114.472730844505,899.997203321264,11.5773270597038));
#1684=CARTESIAN_POINT('Ctrl Pts',(105.949754830445,999.996055595929,9.14682619597265));
#1685=CARTESIAN_POINT('Ctrl Pts',(97.3776578190396,1099.99699338758,6.94147572401362));
#1686=CARTESIAN_POINT('Ctrl Pts',(91.7813423056787,1166.66532407913,5.78366342079606));
#1687=CARTESIAN_POINT('Ctrl Pts',(86.3216774774986,1233.32209809284,4.87199668131036));
#1688=CARTESIAN_POINT('Ctrl Pts',(81.02894920842,1299.97570948449,3.90152635127413));
#1689=CARTESIAN_POINT('Ctrl Pts',(73.3085732195652,1399.97703243046,2.55488525310959));
#1690=CARTESIAN_POINT('Ctrl Pts',(65.5286469065179,1499.98940442273,1.60789483040958));
#1691=CARTESIAN_POINT('Ctrl Pts',(60.1035740353584,1566.66406654217,1.30952875855123));
#1692=CARTESIAN_POINT('Ctrl Pts',(57.2952490716388,1600.,1.37771314763591));
#1693=CARTESIAN_POINT('Ctrl Pts',(192.693378429532,0.,43.860517386242));
#1694=CARTESIAN_POINT('Ctrl Pts',(190.14880694153,33.3327672296552,42.0940749497258));
#1695=CARTESIAN_POINT('Ctrl Pts',(184.886836353376,99.998845579261,38.8463684671017));
#1696=CARTESIAN_POINT('Ctrl Pts',(176.809886629227,199.998769419681,34.1712352522367));
#1697=CARTESIAN_POINT('Ctrl Pts',(168.588259475164,299.998524792998,29.965530069747));
#1698=CARTESIAN_POINT('Ctrl Pts',(163.088561533528,366.665957923378,27.4900566977177));
#1699=CARTESIAN_POINT('Ctrl Pts',(157.621797323634,433.327969435189,25.1843960250186));
#1700=CARTESIAN_POINT('Ctrl Pts',(152.476055728602,499.98969998495,23.0486817794123));
#1701=CARTESIAN_POINT('Ctrl Pts',(145.211233535659,599.992187639344,20.1992645416414));
#1702=CARTESIAN_POINT('Ctrl Pts',(137.877720522331,699.998405817006,17.5840989635806));
#1703=CARTESIAN_POINT('Ctrl Pts',(132.59409638589,766.667328044575,15.9176114269611));
#1704=CARTESIAN_POINT('Ctrl Pts',(126.945221750185,833.332139614715,14.2536091239194));
#1705=CARTESIAN_POINT('Ctrl Pts',(121.146329483099,899.997100036601,12.5488218656752));
#1706=CARTESIAN_POINT('Ctrl Pts',(112.215084131394,999.995893330856,10.0147220244546));
#1707=CARTESIAN_POINT('Ctrl Pts',(103.23371407459,1099.99684328989,7.71150637754615));
#1708=CARTESIAN_POINT('Ctrl Pts',(97.3351943363552,1166.66525711227,6.46863568847166));
#1709=CARTESIAN_POINT('Ctrl Pts',(91.5441310383009,1233.3221650105,5.44831967049552));
#1710=CARTESIAN_POINT('Ctrl Pts',(85.8789564123804,1299.97577828194,4.38950631275018));
#1711=CARTESIAN_POINT('Ctrl Pts',(77.5371218344195,1399.97691827648,2.94160470460091));
#1712=CARTESIAN_POINT('Ctrl Pts',(69.133502710235,1499.98918790789,1.89157655945787));
#1713=CARTESIAN_POINT('Ctrl Pts',(63.3338723517767,1566.66389318875,1.52295886303763));
#1714=CARTESIAN_POINT('Ctrl Pts',(60.3568456190962,1600.,1.53490877224545));
#1715=CARTESIAN_POINT('Ctrl Pts',(212.370197804256,0.,49.3974954298957));
#1716=CARTESIAN_POINT('Ctrl Pts',(209.557144609596,33.3326299004185,47.4535614691224));
#1717=CARTESIAN_POINT('Ctrl Pts',(203.787537040626,99.997999239528,43.8194027163481));
#1718=CARTESIAN_POINT('Ctrl Pts',(194.941895918813,199.997750743393,38.6816448234201));
#1719=CARTESIAN_POINT('Ctrl Pts',(185.947419638052,299.997695722536,34.0326126670704));
#1720=CARTESIAN_POINT('Ctrl Pts',(179.915163888043,366.665628528245,31.2625059218944));
#1721=CARTESIAN_POINT('Ctrl Pts',(173.899775796622,433.328298660986,28.6551043087009));
#1722=CARTESIAN_POINT('Ctrl Pts',(168.083768470287,499.990384777631,26.2098002749693));
#1723=CARTESIAN_POINT('Ctrl Pts',(159.625252907612,599.99282347783,22.9091671439933));
#1724=CARTESIAN_POINT('Ctrl Pts',(151.093184107416,699.998703029746,19.8764755161788));
#1725=CARTESIAN_POINT('Ctrl Pts',(145.129842124529,766.667392339223,17.9689816968779));
#1726=CARTESIAN_POINT('Ctrl Pts',(138.919595850729,833.332075438636,16.0917847976921));
#1727=CARTESIAN_POINT('Ctrl Pts',(132.607713408431,899.996925761594,14.2149942658672));
#1728=CARTESIAN_POINT('Ctrl Pts',(122.974207064539,999.995620482181,11.4958252043468));
#1729=CARTESIAN_POINT('Ctrl Pts',(113.289171559418,1099.99659196185,9.01854005008873));
#1730=CARTESIAN_POINT('Ctrl Pts',(106.873821722569,1166.66514523939,7.62811389413847));
#1731=CARTESIAN_POINT('Ctrl Pts',(100.518415450096,1233.32227679851,6.4221637978617));
#1732=CARTESIAN_POINT('Ctrl Pts',(94.2225043212275,1299.97589098679,5.21380875358986));
#1733=CARTESIAN_POINT('Ctrl Pts',(84.8334259441872,1399.97672162798,3.59740002540087));
#1734=CARTESIAN_POINT('Ctrl Pts',(75.3798048780638,1499.98881614363,2.3769719426915));
#1735=CARTESIAN_POINT('Ctrl Pts',(68.9475962982399,1566.66360400118,1.88874132270034));
#1736=CARTESIAN_POINT('Ctrl Pts',(65.6846896330336,1600.,1.80606687334146));
#1737=CARTESIAN_POINT('Ctrl Pts',(248.802348894301,0.,59.8457740418322));
#1738=CARTESIAN_POINT('Ctrl Pts',(245.494062730595,33.3323896220689,57.5711425551112));
#1739=CARTESIAN_POINT('Ctrl Pts',(238.787408482642,99.9966289656858,53.2306176247518));
#1740=CARTESIAN_POINT('Ctrl Pts',(228.540110518945,199.996036360084,47.2105344367641));
#1741=CARTESIAN_POINT('Ctrl Pts',(218.13660143249,299.996268805642,41.7123188225877));
#1742=CARTESIAN_POINT('Ctrl Pts',(211.128039874829,366.665050114069,38.3806542323242));
#1743=CARTESIAN_POINT('Ctrl Pts',(204.101687068798,433.328876822308,35.2028716380297));
#1744=CARTESIAN_POINT('Ctrl Pts',(197.08670912154,499.9915904322,32.1808178431646));
#1745=CARTESIAN_POINT('Ctrl Pts',(186.53643230631,599.993945797694,28.0478875689241));
#1746=CARTESIAN_POINT('Ctrl Pts',(175.900095046048,699.999229615088,24.2438016242736));
#1747=CARTESIAN_POINT('Ctrl Pts',(168.713172132616,766.667508131362,21.8831394522598));
#1748=CARTESIAN_POINT('Ctrl Pts',(161.458955143638,833.331959813371,19.596073196368));
#1749=CARTESIAN_POINT('Ctrl Pts',(154.177191197283,899.996612245695,17.3753867364198));
#1750=CARTESIAN_POINT('Ctrl Pts',(143.192271758355,999.995136716208,14.2613803230249));
#1751=CARTESIAN_POINT('Ctrl Pts',(132.154082861629,1099.99615261558,11.4166842050981));
#1752=CARTESIAN_POINT('Ctrl Pts',(124.763852989681,1166.66495114676,9.74082755160445));
#1753=CARTESIAN_POINT('Ctrl Pts',(117.361021698848,1233.32247076064,8.19554453530659));
#1754=CARTESIAN_POINT('Ctrl Pts',(109.93374022376,1299.97607956703,6.71843360134247));
#1755=CARTESIAN_POINT('Ctrl Pts',(98.7209797864087,1399.97636246007,4.80998169905145));
#1756=CARTESIAN_POINT('Ctrl Pts',(87.4428921282301,1499.98813912694,3.30028439279965));
#1757=CARTESIAN_POINT('Ctrl Pts',(79.8831683017804,1566.66310582413,2.59859341641872));
#1758=CARTESIAN_POINT('Ctrl Pts',(76.095478078899,1600.,2.35101343850449));
#1759=CARTESIAN_POINT('Ctrl Pts',(274.689889442016,0.,67.5610269586307));
#1760=CARTESIAN_POINT('Ctrl Pts',(271.032666571448,33.3322420341894,65.0515148972666));
#1761=CARTESIAN_POINT('Ctrl Pts',(263.661131667015,99.9959371984097,60.2224117421809));
#1762=CARTESIAN_POINT('Ctrl Pts',(252.437432584055,199.995074393591,53.5332627093394));
#1763=CARTESIAN_POINT('Ctrl Pts',(241.052903429376,299.995422944016,47.3850403412513));
#1764=CARTESIAN_POINT('Ctrl Pts',(233.361349367107,366.664691147609,43.6312958903732));
#1765=CARTESIAN_POINT('Ctrl Pts',(225.62453383445,433.32923559558,40.0355265569255));
#1766=CARTESIAN_POINT('Ctrl Pts',(217.836897728407,499.992343619931,36.6029511378754));
#1767=CARTESIAN_POINT('Ctrl Pts',(206.025421051959,599.994652754919,31.8901133818572));
#1768=CARTESIAN_POINT('Ctrl Pts',(194.113784135545,699.999566063045,27.5468758689324));
#1769=CARTESIAN_POINT('Ctrl Pts',(186.126150992644,766.667585591874,24.8578496546091));
#1770=CARTESIAN_POINT('Ctrl Pts',(178.124034440733,833.331882459077,22.2608140817521));
#1771=CARTESIAN_POINT('Ctrl Pts',(170.115927966743,899.996404902487,19.7582734703948));
#1772=CARTESIAN_POINT('Ctrl Pts',(158.071141837023,999.994829726716,16.2821647460282));
#1773=CARTESIAN_POINT('Ctrl Pts',(145.972677872258,1099.99588453141,13.1063414805915));
#1774=CARTESIAN_POINT('Ctrl Pts',(137.854743776331,1166.66483524845,11.2118951764087));
#1775=CARTESIAN_POINT('Ctrl Pts',(129.703431646322,1233.32258656391,9.43832728596815));
#1776=CARTESIAN_POINT('Ctrl Pts',(121.521734999512,1299.9761839724,7.78126929827098));
#1777=CARTESIAN_POINT('Ctrl Pts',(109.170929071446,1399.9761275181,5.68279636281815));
#1778=CARTESIAN_POINT('Ctrl Pts',(96.7602035157103,1499.98769652044,3.99519493959417));
#1779=CARTESIAN_POINT('Ctrl Pts',(88.4588516103582,1566.66281526801,3.15576126606709));
#1780=CARTESIAN_POINT('Ctrl Pts',(84.3041579148502,1600.,2.81058303464671));
#1781=CARTESIAN_POINT('Ctrl Pts',(291.088717882799,0.,72.5765686799002));
#1782=CARTESIAN_POINT('Ctrl Pts',(287.218703610001,33.3321692043691,69.9246108697922));
#1783=CARTESIAN_POINT('Ctrl Pts',(279.425341596267,99.9957010163651,64.8006746854333));
#1784=CARTESIAN_POINT('Ctrl Pts',(267.573357154778,199.994661860457,57.6584157828339));
#1785=CARTESIAN_POINT('Ctrl Pts',(255.558241076147,299.995024465973,51.0652179113103));
#1786=CARTESIAN_POINT('Ctrl Pts',(247.440237136648,366.664510116724,47.0328917249093));
#1787=CARTESIAN_POINT('Ctrl Pts',(239.271722637576,433.329416593494,43.1739242633856));
#1788=CARTESIAN_POINT('Ctrl Pts',(231.052353057349,499.992727782261,39.4880597885529));
#1789=CARTESIAN_POINT('Ctrl Pts',(218.587000717692,599.995018907701,34.4216810586891));
#1790=CARTESIAN_POINT('Ctrl Pts',(206.009148480428,699.999745206509,29.748026694545));
#1791=CARTESIAN_POINT('Ctrl Pts',(197.56510473757,766.667629912009,26.8519601248813));
#1792=CARTESIAN_POINT('Ctrl Pts',(189.098431301211,833.331838139652,24.0534167134922));
#1793=CARTESIAN_POINT('Ctrl Pts',(180.608637562729,899.996289174208,21.3522211176688));
#1794=CARTESIAN_POINT('Ctrl Pts',(167.815632862904,999.994669666494,17.5963109862705));
#1795=CARTESIAN_POINT('Ctrl Pts',(154.968969348682,1099.99575401263,14.1684920835295));
#1796=CARTESIAN_POINT('Ctrl Pts',(146.369394447604,1166.66478106859,12.1310055216147));
#1797=CARTESIAN_POINT('Ctrl Pts',(137.753677382987,1233.32264072332,10.230108267899));
#1798=CARTESIAN_POINT('Ctrl Pts',(129.1209339815,1299.97622777316,8.46552888624886));
#1799=CARTESIAN_POINT('Ctrl Pts',(116.117050928027,1399.97600584933,6.2429931374214));
#1800=CARTESIAN_POINT('Ctrl Pts',(103.060439670543,1499.98746552447,4.44642364176821));
#1801=CARTESIAN_POINT('Ctrl Pts',(94.3224339392803,1566.66268622114,3.52965924719601));
#1802=CARTESIAN_POINT('Ctrl Pts',(89.9451744317186,1600.,3.14095470322509));
#1803=UNCERTAINTY_MEASURE_WITH_UNIT(LENGTH_MEASURE(0.01),#1807,
'DISTANCE_ACCURACY_VALUE',
'Maximum model space distance between geometric entities at asserted c
onnectivities');
#1804=UNCERTAINTY_MEASURE_WITH_UNIT(LENGTH_MEASURE(0.01),#1807,
'DISTANCE_ACCURACY_VALUE',
'Maximum model space distance between geometric entities at asserted c
onnectivities');
#1805=(
GEOMETRIC_REPRESENTATION_CONTEXT(3)
GLOBAL_UNCERTAINTY_ASSIGNED_CONTEXT((#1803))
GLOBAL_UNIT_ASSIGNED_CONTEXT((#1807,#1809,#1810))
REPRESENTATION_CONTEXT('','3D')
);
#1806=(
GEOMETRIC_REPRESENTATION_CONTEXT(3)
GLOBAL_UNCERTAINTY_ASSIGNED_CONTEXT((#1804))
GLOBAL_UNIT_ASSIGNED_CONTEXT((#1807,#1809,#1810))
REPRESENTATION_CONTEXT('','3D')
);
#1807=(
LENGTH_UNIT()
NAMED_UNIT(*)
SI_UNIT(.MILLI.,.METRE.)
);
#1808=(
LENGTH_UNIT()
NAMED_UNIT(*)
SI_UNIT($,.METRE.)
);
#1809=(
NAMED_UNIT(*)
PLANE_ANGLE_UNIT()
SI_UNIT($,.RADIAN.)
);
#1810=(
NAMED_UNIT(*)
SI_UNIT($,.STERADIAN.)
SOLID_ANGLE_UNIT()
);
#1811=SHAPE_DEFINITION_REPRESENTATION(#1812,#1813);
#1812=PRODUCT_DEFINITION_SHAPE('',$,#1815);
#1813=SHAPE_REPRESENTATION('',(#108),#1805);
#1814=PRODUCT_DEFINITION_CONTEXT('part definition',#1819,'design');
#1815=PRODUCT_DEFINITION('2026-05-26-22-15-00-733',
'Refined_blade_NACA4412_modified_300mm',#1816,#1814);
#1816=PRODUCT_DEFINITION_FORMATION('',$,#1821);
#1817=PRODUCT_RELATED_PRODUCT_CATEGORY(
'Refined_blade_NACA4412_modified_300mm',
'Refined_blade_NACA4412_modified_300mm',(#1821));
#1818=APPLICATION_PROTOCOL_DEFINITION('international standard',
'automotive_design',2009,#1819);
#1819=APPLICATION_CONTEXT(
'Core Data for Automotive Mechanical Design Process');
#1820=PRODUCT_CONTEXT('part definition',#1819,'mechanical');
#1821=PRODUCT('2026-05-26-22-15-00-733',
'Refined_blade_NACA4412_modified_300mm',$,(#1820));
#1822=PRESENTATION_STYLE_ASSIGNMENT((#1823));
#1823=SURFACE_STYLE_USAGE(.BOTH.,#1824);
#1824=SURFACE_SIDE_STYLE('',(#1825));
#1825=SURFACE_STYLE_FILL_AREA(#1826);
#1826=FILL_AREA_STYLE('Steel - Satin',(#1827));
#1827=FILL_AREA_STYLE_COLOUR('Steel - Satin',#1828);
#1828=COLOUR_RGB('Steel - Satin',0.627450980392157,0.627450980392157,0.627450980392157);
ENDSEC;
END-ISO-10303-21;
