ISO-10303-21;
HEADER;
/* Generated by software containing ST-Developer
 * from STEP Tools, Inc. (www.steptools.com) 
 */

FILE_DESCRIPTION(
/* description */ (''),
/* implementation_level */ '2;1');

FILE_NAME(
/* name */ 'Refined_blade_NACA4412_modified_300mm_1.2m.step',
/* time_stamp */ '2026-07-07T14:34:29+08:00',
/* author */ (''),
/* organization */ (''),
/* preprocessor_version */ 'ST-DEVELOPER v20.1',
/* originating_system */ 'Autodesk Translation Framework v15.8.0.0',
/* authorisation */ '');

FILE_SCHEMA (('AUTOMOTIVE_DESIGN { 1 0 10303 214 3 1 1 }'));
ENDSEC;

DATA;
#10=MECHANICAL_DESIGN_GEOMETRIC_PRESENTATION_REPRESENTATION('',(#13),#1674);
#11=SHAPE_REPRESENTATION_RELATIONSHIP('SRR','None',#1681,#12);
#12=ADVANCED_BREP_SHAPE_REPRESENTATION('',(#14),#1673);
#13=STYLED_ITEM('',(#1690),#14);
#14=MANIFOLD_SOLID_BREP('Body1',#95);
#15=B_SPLINE_CURVE_WITH_KNOTS('',3,(#1256,#1257,#1258,#1259,#1260,#1261,
#1262,#1263,#1264,#1265,#1266,#1267,#1268,#1269,#1270,#1271,#1272,#1273,
#1274),.UNSPECIFIED.,.F.,.F.,(4,1,1,1,1,1,1,1,1,1,1,1,1,1,1,1,4),(0.,7.50134109176057,
15.0013487742241,22.5006979283079,30.000079591789,37.4982336610307,44.9984367355078,
52.4995742547212,60.0000991159501,67.4998785802083,74.9997678307577,82.4998033799095,
90.0001200535433,97.4974732782032,104.997156471111,112.498323938443,120.000157921285),
 .UNSPECIFIED.);
#16=(
BOUNDED_CURVE()
B_SPLINE_CURVE(5,(#370,#371,#372,#373,#374,#375,#376,#377,#378,#379),
 .UNSPECIFIED.,.F.,.F.)
B_SPLINE_CURVE_WITH_KNOTS((6,1,1,1,1,6),(0.,0.2,0.4,0.6,0.8,1.),
 .UNSPECIFIED.)
CURVE()
GEOMETRIC_REPRESENTATION_ITEM()
RATIONAL_B_SPLINE_CURVE((1.,1.,1.,1.,1.,1.,1.,1.,1.,1.))
REPRESENTATION_ITEM('')
);
#17=(
BOUNDED_CURVE()
B_SPLINE_CURVE(5,(#381,#382,#383,#384,#385,#386,#387,#388,#389,#390,#391,
#392,#393,#394,#395,#396,#397,#398,#399,#400,#401,#402),.UNSPECIFIED.,.F.,
 .F.)
B_SPLINE_CURVE_WITH_KNOTS((6,1,1,1,1,1,1,1,1,1,1,1,1,1,1,1,1,6),(0.,0.05,
0.1,0.15,0.2,0.25,0.3,0.35,0.4,0.45,0.5,0.55,0.6,0.65,0.7,0.75,0.8,0.846018989487125),
 .UNSPECIFIED.)
CURVE()
GEOMETRIC_REPRESENTATION_ITEM()
RATIONAL_B_SPLINE_CURVE((1.,1.,1.,1.,1.,1.,1.,1.,1.,1.,1.,1.,1.,1.,1.,1.,
1.,1.,1.,1.,1.,1.))
REPRESENTATION_ITEM('')
);
#18=(
BOUNDED_CURVE()
B_SPLINE_CURVE(5,(#404,#405,#406,#407,#408,#409,#410,#411,#412),
 .UNSPECIFIED.,.F.,.F.)
B_SPLINE_CURVE_WITH_KNOTS((6,1,1,1,6),(0.846018989487125,0.85,0.9,0.95,
1.),.UNSPECIFIED.)
CURVE()
GEOMETRIC_REPRESENTATION_ITEM()
RATIONAL_B_SPLINE_CURVE((1.,1.,1.,1.,1.,1.,1.,1.,1.))
REPRESENTATION_ITEM('')
);
#19=(
BOUNDED_CURVE()
B_SPLINE_CURVE(5,(#413,#414,#415,#416,#417,#418,#419,#420,#421,#422,#423,
#424,#425,#426,#427),.UNSPECIFIED.,.F.,.F.)
B_SPLINE_CURVE_WITH_KNOTS((6,1,1,1,1,1,1,1,1,1,6),(0.,0.1,0.2,0.3,0.4,0.5,
0.6,0.7,0.8,0.9,1.),.UNSPECIFIED.)
CURVE()
GEOMETRIC_REPRESENTATION_ITEM()
RATIONAL_B_SPLINE_CURVE((1.,1.,1.,1.,1.,1.,1.,1.,1.,1.,1.,1.,1.,1.,1.))
REPRESENTATION_ITEM('')
);
#20=(
BOUNDED_CURVE()
B_SPLINE_CURVE(5,(#619,#620,#621,#622,#623,#624,#625,#626,#627,#628,#629,
#630,#631,#632,#633),.UNSPECIFIED.,.F.,.F.)
B_SPLINE_CURVE_WITH_KNOTS((6,1,1,1,1,1,1,1,1,1,6),(-1.,-0.95,-0.9,-0.85,
-0.8,-0.75,-0.7,-0.65,-0.6,-0.55,-0.546461179705749),.UNSPECIFIED.)
CURVE()
GEOMETRIC_REPRESENTATION_ITEM()
RATIONAL_B_SPLINE_CURVE((1.,1.,1.,1.,1.,1.,1.,1.,1.,1.,1.,1.,1.,1.,1.))
REPRESENTATION_ITEM('')
);
#21=(
BOUNDED_CURVE()
B_SPLINE_CURVE(5,(#634,#635,#636,#637,#638,#639,#640,#641,#642,#643,#644,
#645,#646,#647,#648,#649),.UNSPECIFIED.,.F.,.F.)
B_SPLINE_CURVE_WITH_KNOTS((6,1,1,1,1,1,1,1,1,1,1,6),(-0.546461179705749,
-0.5,-0.45,-0.4,-0.35,-0.3,-0.25,-0.2,-0.15,-0.1,-0.05,0.),
 .UNSPECIFIED.)
CURVE()
GEOMETRIC_REPRESENTATION_ITEM()
RATIONAL_B_SPLINE_CURVE((1.,1.,1.,1.,1.,1.,1.,1.,1.,1.,1.,1.,1.,1.,1.,1.))
REPRESENTATION_ITEM('')
);
#22=(
BOUNDED_CURVE()
B_SPLINE_CURVE(5,(#653,#654,#655,#656,#657,#658,#659,#660,#661,#662,#663,
#664,#665,#666,#667,#668,#669,#670,#671,#672,#673,#674,#675,#676,#677),
 .UNSPECIFIED.,.F.,.F.)
B_SPLINE_CURVE_WITH_KNOTS((6,1,1,1,1,1,1,1,1,1,1,1,1,1,1,1,1,1,1,1,6),(-1.,
-0.95,-0.9,-0.85,-0.8,-0.75,-0.7,-0.65,-0.6,-0.55,-0.5,-0.45,-0.4,-0.35,
-0.3,-0.25,-0.2,-0.15,-0.1,-0.05,0.),.UNSPECIFIED.)
CURVE()
GEOMETRIC_REPRESENTATION_ITEM()
RATIONAL_B_SPLINE_CURVE((1.,1.,1.,1.,1.,1.,1.,1.,1.,1.,1.,1.,1.,1.,1.,1.,
1.,1.,1.,1.,1.,1.,1.,1.,1.))
REPRESENTATION_ITEM('')
);
#23=(
BOUNDED_CURVE()
B_SPLINE_CURVE(5,(#678,#679,#680,#681,#682,#683,#684,#685,#686,#687,#688,
#689,#690,#691,#692,#693,#694,#695,#696,#697,#698,#699,#700,#701,#702),
 .UNSPECIFIED.,.F.,.F.)
B_SPLINE_CURVE_WITH_KNOTS((6,1,1,1,1,1,1,1,1,1,1,1,1,1,1,1,1,1,1,1,6),(0.,
0.05,0.1,0.15,0.2,0.25,0.3,0.35,0.4,0.45,0.5,0.55,0.6,0.65,0.7,0.75,0.8,
0.85,0.9,0.95,1.),.UNSPECIFIED.)
CURVE()
GEOMETRIC_REPRESENTATION_ITEM()
RATIONAL_B_SPLINE_CURVE((1.,1.,1.,1.,1.,1.,1.,1.,1.,1.,1.,1.,1.,1.,1.,1.,
1.,1.,1.,1.,1.,1.,1.,1.,1.))
REPRESENTATION_ITEM('')
);
#24=(
BOUNDED_CURVE()
B_SPLINE_CURVE(5,(#1231,#1232,#1233,#1234,#1235,#1236,#1237,#1238,#1239,
#1240,#1241,#1242,#1243,#1244,#1245,#1246,#1247,#1248,#1249,#1250,#1251,
#1252,#1253,#1254,#1255),.UNSPECIFIED.,.F.,.F.)
B_SPLINE_CURVE_WITH_KNOTS((6,1,1,1,1,1,1,1,1,1,1,1,1,1,1,1,1,1,1,1,6),(0.,
0.05,0.1,0.15,0.2,0.25,0.3,0.35,0.4,0.45,0.5,0.55,0.6,0.65,0.7,0.75,0.8,
0.85,0.9,0.95,1.),.UNSPECIFIED.)
CURVE()
GEOMETRIC_REPRESENTATION_ITEM()
RATIONAL_B_SPLINE_CURVE((1.,1.,1.,1.,1.,1.,1.,1.,1.,1.,1.,1.,1.,1.,1.,1.,
1.,1.,1.,1.,1.,1.,1.,1.,1.))
REPRESENTATION_ITEM('')
);
#25=B_SPLINE_SURFACE_WITH_KNOTS('',3,3,((#129,#130,#131,#132,#133,#134,
#135,#136,#137,#138),(#139,#140,#141,#142,#143,#144,#145,#146,#147,#148),
(#149,#150,#151,#152,#153,#154,#155,#156,#157,#158),(#159,#160,#161,#162,
#163,#164,#165,#166,#167,#168),(#169,#170,#171,#172,#173,#174,#175,#176,
#177,#178),(#179,#180,#181,#182,#183,#184,#185,#186,#187,#188),(#189,#190,
#191,#192,#193,#194,#195,#196,#197,#198),(#199,#200,#201,#202,#203,#204,
#205,#206,#207,#208),(#209,#210,#211,#212,#213,#214,#215,#216,#217,#218),
(#219,#220,#221,#222,#223,#224,#225,#226,#227,#228),(#229,#230,#231,#232,
#233,#234,#235,#236,#237,#238),(#239,#240,#241,#242,#243,#244,#245,#246,
#247,#248),(#249,#250,#251,#252,#253,#254,#255,#256,#257,#258),(#259,#260,
#261,#262,#263,#264,#265,#266,#267,#268),(#269,#270,#271,#272,#273,#274,
#275,#276,#277,#278),(#279,#280,#281,#282,#283,#284,#285,#286,#287,#288),
(#289,#290,#291,#292,#293,#294,#295,#296,#297,#298),(#299,#300,#301,#302,
#303,#304,#305,#306,#307,#308),(#309,#310,#311,#312,#313,#314,#315,#316,
#317,#318),(#319,#320,#321,#322,#323,#324,#325,#326,#327,#328),(#329,#330,
#331,#332,#333,#334,#335,#336,#337,#338),(#339,#340,#341,#342,#343,#344,
#345,#346,#347,#348),(#349,#350,#351,#352,#353,#354,#355,#356,#357,#358),
(#359,#360,#361,#362,#363,#364,#365,#366,#367,#368)),.UNSPECIFIED.,.F.,
 .F.,.F.,(4,1,1,1,1,1,1,1,1,2,1,1,1,1,1,1,1,1,1,1,4),(4,1,1,1,1,1,1,4),
(0.,0.139153899437697,0.208730849156546,0.278307798875394,0.417461698313091,
0.46384633145899,0.510230964604889,0.556615597750789,0.626192547469637,
0.695769497188486,0.726192547469637,0.741404072610213,0.756615597750789,
0.78703864803194,0.817461698313091,0.847884748594243,0.878307798875394,
0.908730849156546,0.939153899437697,0.969576949718849,1.),(0.,0.142857142857143,
0.285714285714286,0.428571428571429,0.571428571428571,0.714285714285714,
0.857142857142857,1.),.UNSPECIFIED.);
#26=B_SPLINE_SURFACE_WITH_KNOTS('',3,3,((#428,#429,#430,#431,#432,#433,
#434,#435,#436,#437),(#438,#439,#440,#441,#442,#443,#444,#445,#446,#447),
(#448,#449,#450,#451,#452,#453,#454,#455,#456,#457),(#458,#459,#460,#461,
#462,#463,#464,#465,#466,#467),(#468,#469,#470,#471,#472,#473,#474,#475,
#476,#477),(#478,#479,#480,#481,#482,#483,#484,#485,#486,#487),(#488,#489,
#490,#491,#492,#493,#494,#495,#496,#497),(#498,#499,#500,#501,#502,#503,
#504,#505,#506,#507),(#508,#509,#510,#511,#512,#513,#514,#515,#516,#517),
(#518,#519,#520,#521,#522,#523,#524,#525,#526,#527),(#528,#529,#530,#531,
#532,#533,#534,#535,#536,#537),(#538,#539,#540,#541,#542,#543,#544,#545,
#546,#547),(#548,#549,#550,#551,#552,#553,#554,#555,#556,#557),(#558,#559,
#560,#561,#562,#563,#564,#565,#566,#567),(#568,#569,#570,#571,#572,#573,
#574,#575,#576,#577),(#578,#579,#580,#581,#582,#583,#584,#585,#586,#587),
(#588,#589,#590,#591,#592,#593,#594,#595,#596,#597),(#598,#599,#600,#601,
#602,#603,#604,#605,#606,#607),(#608,#609,#610,#611,#612,#613,#614,#615,
#616,#617)),.UNSPECIFIED.,.F.,.F.,.F.,(4,1,1,1,1,1,2,1,1,1,1,1,1,1,1,4),
(4,1,1,1,1,1,1,4),(0.,0.0743785267861346,0.111567790179202,0.148757053572269,
0.223135580358404,0.297514107144538,0.371892633930673,0.434703370537606,
0.497514107144538,0.560324843751471,0.623135580358404,0.685946316965336,
0.748757053572269,0.811567790179202,0.874378526786135,1.),(0.,0.142857142857143,
0.285714285714286,0.428571428571429,0.571428571428571,0.785714285714286,
0.857142857142857,1.),.UNSPECIFIED.);
#27=B_SPLINE_SURFACE_WITH_KNOTS('',3,3,((#703,#704,#705,#706,#707,#708,
#709,#710,#711,#712,#713,#714,#715,#716,#717,#718,#719,#720,#721,#722,#723,
#724),(#725,#726,#727,#728,#729,#730,#731,#732,#733,#734,#735,#736,#737,
#738,#739,#740,#741,#742,#743,#744,#745,#746),(#747,#748,#749,#750,#751,
#752,#753,#754,#755,#756,#757,#758,#759,#760,#761,#762,#763,#764,#765,#766,
#767,#768),(#769,#770,#771,#772,#773,#774,#775,#776,#777,#778,#779,#780,
#781,#782,#783,#784,#785,#786,#787,#788,#789,#790),(#791,#792,#793,#794,
#795,#796,#797,#798,#799,#800,#801,#802,#803,#804,#805,#806,#807,#808,#809,
#810,#811,#812),(#813,#814,#815,#816,#817,#818,#819,#820,#821,#822,#823,
#824,#825,#826,#827,#828,#829,#830,#831,#832,#833,#834),(#835,#836,#837,
#838,#839,#840,#841,#842,#843,#844,#845,#846,#847,#848,#849,#850,#851,#852,
#853,#854,#855,#856),(#857,#858,#859,#860,#861,#862,#863,#864,#865,#866,
#867,#868,#869,#870,#871,#872,#873,#874,#875,#876,#877,#878),(#879,#880,
#881,#882,#883,#884,#885,#886,#887,#888,#889,#890,#891,#892,#893,#894,#895,
#896,#897,#898,#899,#900),(#901,#902,#903,#904,#905,#906,#907,#908,#909,
#910,#911,#912,#913,#914,#915,#916,#917,#918,#919,#920,#921,#922),(#923,
#924,#925,#926,#927,#928,#929,#930,#931,#932,#933,#934,#935,#936,#937,#938,
#939,#940,#941,#942,#943,#944),(#945,#946,#947,#948,#949,#950,#951,#952,
#953,#954,#955,#956,#957,#958,#959,#960,#961,#962,#963,#964,#965,#966),
(#967,#968,#969,#970,#971,#972,#973,#974,#975,#976,#977,#978,#979,#980,
#981,#982,#983,#984,#985,#986,#987,#988),(#989,#990,#991,#992,#993,#994,
#995,#996,#997,#998,#999,#1000,#1001,#1002,#1003,#1004,#1005,#1006,#1007,
#1008,#1009,#1010),(#1011,#1012,#1013,#1014,#1015,#1016,#1017,#1018,#1019,
#1020,#1021,#1022,#1023,#1024,#1025,#1026,#1027,#1028,#1029,#1030,#1031,
#1032),(#1033,#1034,#1035,#1036,#1037,#1038,#1039,#1040,#1041,#1042,#1043,
#1044,#1045,#1046,#1047,#1048,#1049,#1050,#1051,#1052,#1053,#1054),(#1055,
#1056,#1057,#1058,#1059,#1060,#1061,#1062,#1063,#1064,#1065,#1066,#1067,
#1068,#1069,#1070,#1071,#1072,#1073,#1074,#1075,#1076),(#1077,#1078,#1079,
#1080,#1081,#1082,#1083,#1084,#1085,#1086,#1087,#1088,#1089,#1090,#1091,
#1092,#1093,#1094,#1095,#1096,#1097,#1098),(#1099,#1100,#1101,#1102,#1103,
#1104,#1105,#1106,#1107,#1108,#1109,#1110,#1111,#1112,#1113,#1114,#1115,
#1116,#1117,#1118,#1119,#1120),(#1121,#1122,#1123,#1124,#1125,#1126,#1127,
#1128,#1129,#1130,#1131,#1132,#1133,#1134,#1135,#1136,#1137,#1138,#1139,
#1140,#1141,#1142),(#1143,#1144,#1145,#1146,#1147,#1148,#1149,#1150,#1151,
#1152,#1153,#1154,#1155,#1156,#1157,#1158,#1159,#1160,#1161,#1162,#1163,
#1164),(#1165,#1166,#1167,#1168,#1169,#1170,#1171,#1172,#1173,#1174,#1175,
#1176,#1177,#1178,#1179,#1180,#1181,#1182,#1183,#1184,#1185,#1186),(#1187,
#1188,#1189,#1190,#1191,#1192,#1193,#1194,#1195,#1196,#1197,#1198,#1199,
#1200,#1201,#1202,#1203,#1204,#1205,#1206,#1207,#1208),(#1209,#1210,#1211,
#1212,#1213,#1214,#1215,#1216,#1217,#1218,#1219,#1220,#1221,#1222,#1223,
#1224,#1225,#1226,#1227,#1228,#1229,#1230)),.UNSPECIFIED.,.F.,.F.,.F.,(4,
1,1,1,1,1,1,1,2,1,1,1,1,1,1,1,1,1,1,1,4),(4,1,1,1,2,1,1,1,2,1,1,1,2,1,1,
1,4),(0.,0.13159039456631,0.263180789132621,0.394771183698931,0.460566380982086,
0.526361578265242,0.592156775548397,0.625054374189974,0.657951972831552,
0.692156775548397,0.726361578265242,0.743463979623664,0.760566380982086,
0.777668782340509,0.794771183698931,0.846078387774198,0.863180789132621,
0.897385591849466,0.93159039456631,0.965795197283155,1.),(0.,0.0625372806235348,
0.125063444862629,0.18758411907353,0.250105064309208,0.312605890233507,
0.37510975896803,0.437615977053834,0.500120248443084,0.562622752796919,
0.625126172100077,0.687630810642957,0.750137792052617,0.812603071206105,
0.875063478805099,0.937526537091462,1.),.UNSPECIFIED.);
#28=B_SPLINE_SURFACE_WITH_KNOTS('',3,3,((#1275,#1276,#1277,#1278,#1279,
#1280,#1281,#1282,#1283,#1284,#1285,#1286,#1287,#1288,#1289,#1290,#1291,
#1292,#1293,#1294,#1295,#1296),(#1297,#1298,#1299,#1300,#1301,#1302,#1303,
#1304,#1305,#1306,#1307,#1308,#1309,#1310,#1311,#1312,#1313,#1314,#1315,
#1316,#1317,#1318),(#1319,#1320,#1321,#1322,#1323,#1324,#1325,#1326,#1327,
#1328,#1329,#1330,#1331,#1332,#1333,#1334,#1335,#1336,#1337,#1338,#1339,
#1340),(#1341,#1342,#1343,#1344,#1345,#1346,#1347,#1348,#1349,#1350,#1351,
#1352,#1353,#1354,#1355,#1356,#1357,#1358,#1359,#1360,#1361,#1362),(#1363,
#1364,#1365,#1366,#1367,#1368,#1369,#1370,#1371,#1372,#1373,#1374,#1375,
#1376,#1377,#1378,#1379,#1380,#1381,#1382,#1383,#1384),(#1385,#1386,#1387,
#1388,#1389,#1390,#1391,#1392,#1393,#1394,#1395,#1396,#1397,#1398,#1399,
#1400,#1401,#1402,#1403,#1404,#1405,#1406),(#1407,#1408,#1409,#1410,#1411,
#1412,#1413,#1414,#1415,#1416,#1417,#1418,#1419,#1420,#1421,#1422,#1423,
#1424,#1425,#1426,#1427,#1428),(#1429,#1430,#1431,#1432,#1433,#1434,#1435,
#1436,#1437,#1438,#1439,#1440,#1441,#1442,#1443,#1444,#1445,#1446,#1447,
#1448,#1449,#1450),(#1451,#1452,#1453,#1454,#1455,#1456,#1457,#1458,#1459,
#1460,#1461,#1462,#1463,#1464,#1465,#1466,#1467,#1468,#1469,#1470,#1471,
#1472),(#1473,#1474,#1475,#1476,#1477,#1478,#1479,#1480,#1481,#1482,#1483,
#1484,#1485,#1486,#1487,#1488,#1489,#1490,#1491,#1492,#1493,#1494),(#1495,
#1496,#1497,#1498,#1499,#1500,#1501,#1502,#1503,#1504,#1505,#1506,#1507,
#1508,#1509,#1510,#1511,#1512,#1513,#1514,#1515,#1516),(#1517,#1518,#1519,
#1520,#1521,#1522,#1523,#1524,#1525,#1526,#1527,#1528,#1529,#1530,#1531,
#1532,#1533,#1534,#1535,#1536,#1537,#1538),(#1539,#1540,#1541,#1542,#1543,
#1544,#1545,#1546,#1547,#1548,#1549,#1550,#1551,#1552,#1553,#1554,#1555,
#1556,#1557,#1558,#1559,#1560),(#1561,#1562,#1563,#1564,#1565,#1566,#1567,
#1568,#1569,#1570,#1571,#1572,#1573,#1574,#1575,#1576,#1577,#1578,#1579,
#1580,#1581,#1582),(#1583,#1584,#1585,#1586,#1587,#1588,#1589,#1590,#1591,
#1592,#1593,#1594,#1595,#1596,#1597,#1598,#1599,#1600,#1601,#1602,#1603,
#1604),(#1605,#1606,#1607,#1608,#1609,#1610,#1611,#1612,#1613,#1614,#1615,
#1616,#1617,#1618,#1619,#1620,#1621,#1622,#1623,#1624,#1625,#1626),(#1627,
#1628,#1629,#1630,#1631,#1632,#1633,#1634,#1635,#1636,#1637,#1638,#1639,
#1640,#1641,#1642,#1643,#1644,#1645,#1646,#1647,#1648),(#1649,#1650,#1651,
#1652,#1653,#1654,#1655,#1656,#1657,#1658,#1659,#1660,#1661,#1662,#1663,
#1664,#1665,#1666,#1667,#1668,#1669,#1670)),.UNSPECIFIED.,.F.,.F.,.F.,(4,
1,1,1,1,1,1,1,1,1,1,1,1,1,1,4),(4,1,1,1,2,1,1,1,2,1,1,1,2,1,1,1,4),(0.,
0.0357142857142857,0.0714285714285714,0.107142857142857,0.142857142857143,
0.19047619047619,0.238095238095238,0.285714285714286,0.333333333333333,
0.428571428571429,0.5,0.571428571428571,0.714285714285714,0.785714285714286,
0.857142857142857,1.),(0.,0.0625372806235348,0.125063444862629,0.18758411907353,
0.250105064309208,0.312605890233507,0.37510975896803,0.437615977053834,
0.500120248443084,0.562622752796919,0.625126172100077,0.687630810642957,
0.750137792052617,0.812603071206105,0.875063478805099,0.937526537091462,
1.),.UNSPECIFIED.);
#29=FACE_OUTER_BOUND('',#35,.T.);
#30=FACE_OUTER_BOUND('',#36,.T.);
#31=FACE_OUTER_BOUND('',#37,.T.);
#32=FACE_OUTER_BOUND('',#38,.T.);
#33=FACE_OUTER_BOUND('',#39,.T.);
#34=FACE_OUTER_BOUND('',#40,.T.);
#35=EDGE_LOOP('',(#63,#64));
#36=EDGE_LOOP('',(#65,#66,#67,#68,#69));
#37=EDGE_LOOP('',(#70,#71,#72,#73,#74));
#38=EDGE_LOOP('',(#75,#76));
#39=EDGE_LOOP('',(#77,#78,#79,#80,#81));
#40=EDGE_LOOP('',(#82,#83,#84,#85,#86));
#41=CIRCLE('',#110,50.);
#42=CIRCLE('',#111,50.);
#43=VERTEX_POINT('',#125);
#44=VERTEX_POINT('',#126);
#45=VERTEX_POINT('',#369);
#46=VERTEX_POINT('',#380);
#47=VERTEX_POINT('',#403);
#48=VERTEX_POINT('',#618);
#49=VERTEX_POINT('',#651);
#50=VERTEX_POINT('',#652);
#51=EDGE_CURVE('',#43,#44,#41,.T.);
#52=EDGE_CURVE('',#44,#43,#42,.T.);
#53=EDGE_CURVE('',#44,#45,#16,.T.);
#54=EDGE_CURVE('',#45,#46,#17,.T.);
#55=EDGE_CURVE('',#46,#47,#18,.T.);
#56=EDGE_CURVE('',#43,#47,#19,.T.);
#57=EDGE_CURVE('',#47,#48,#20,.T.);
#58=EDGE_CURVE('',#48,#45,#21,.T.);
#59=EDGE_CURVE('',#49,#50,#22,.T.);
#60=EDGE_CURVE('',#50,#49,#23,.T.);
#61=EDGE_CURVE('',#47,#49,#24,.T.);
#62=EDGE_CURVE('',#45,#50,#15,.T.);
#63=ORIENTED_EDGE('',*,*,#51,.F.);
#64=ORIENTED_EDGE('',*,*,#52,.F.);
#65=ORIENTED_EDGE('',*,*,#51,.T.);
#66=ORIENTED_EDGE('',*,*,#53,.T.);
#67=ORIENTED_EDGE('',*,*,#54,.T.);
#68=ORIENTED_EDGE('',*,*,#55,.T.);
#69=ORIENTED_EDGE('',*,*,#56,.F.);
#70=ORIENTED_EDGE('',*,*,#52,.T.);
#71=ORIENTED_EDGE('',*,*,#56,.T.);
#72=ORIENTED_EDGE('',*,*,#57,.T.);
#73=ORIENTED_EDGE('',*,*,#58,.T.);
#74=ORIENTED_EDGE('',*,*,#53,.F.);
#75=ORIENTED_EDGE('',*,*,#59,.F.);
#76=ORIENTED_EDGE('',*,*,#60,.F.);
#77=ORIENTED_EDGE('',*,*,#57,.F.);
#78=ORIENTED_EDGE('',*,*,#61,.T.);
#79=ORIENTED_EDGE('',*,*,#59,.T.);
#80=ORIENTED_EDGE('',*,*,#62,.F.);
#81=ORIENTED_EDGE('',*,*,#58,.F.);
#82=ORIENTED_EDGE('',*,*,#54,.F.);
#83=ORIENTED_EDGE('',*,*,#62,.T.);
#84=ORIENTED_EDGE('',*,*,#60,.T.);
#85=ORIENTED_EDGE('',*,*,#61,.F.);
#86=ORIENTED_EDGE('',*,*,#55,.F.);
#87=PLANE('',#109);
#88=PLANE('',#112);
#89=ADVANCED_FACE('',(#29),#87,.F.);
#90=ADVANCED_FACE('',(#30),#25,.T.);
#91=ADVANCED_FACE('',(#31),#26,.T.);
#92=ADVANCED_FACE('',(#32),#88,.T.);
#93=ADVANCED_FACE('',(#33),#27,.F.);
#94=ADVANCED_FACE('',(#34),#28,.F.);
#95=CLOSED_SHELL('',(#89,#90,#91,#92,#93,#94));
#96=DERIVED_UNIT_ELEMENT(#98,1.);
#97=DERIVED_UNIT_ELEMENT(#1676,-3.);
#98=(
MASS_UNIT()
NAMED_UNIT(*)
SI_UNIT(.KILO.,.GRAM.)
);
#99=DERIVED_UNIT((#96,#97));
#100=MEASURE_REPRESENTATION_ITEM('density measure',
POSITIVE_RATIO_MEASURE(7850.),#99);
#101=PROPERTY_DEFINITION_REPRESENTATION(#106,#103);
#102=PROPERTY_DEFINITION_REPRESENTATION(#107,#104);
#103=REPRESENTATION('material name',(#105),#1673);
#104=REPRESENTATION('density',(#100),#1673);
#105=DESCRIPTIVE_REPRESENTATION_ITEM('Steel','Steel');
#106=PROPERTY_DEFINITION('material property','material name',#1683);
#107=PROPERTY_DEFINITION('material property','density of part',#1683);
#108=AXIS2_PLACEMENT_3D('',#123,#113,#114);
#109=AXIS2_PLACEMENT_3D('',#124,#115,#116);
#110=AXIS2_PLACEMENT_3D('',#127,#117,#118);
#111=AXIS2_PLACEMENT_3D('',#128,#119,#120);
#112=AXIS2_PLACEMENT_3D('',#650,#121,#122);
#113=DIRECTION('axis',(0.,0.,1.));
#114=DIRECTION('refdir',(1.,0.,0.));
#115=DIRECTION('center_axis',(0.,1.,0.));
#116=DIRECTION('ref_axis',(0.,0.,1.));
#117=DIRECTION('center_axis',(0.,1.,0.));
#118=DIRECTION('ref_axis',(1.,0.,0.));
#119=DIRECTION('center_axis',(0.,1.,0.));
#120=DIRECTION('ref_axis',(1.,0.,0.));
#121=DIRECTION('center_axis',(1.03396531594343E-15,1.,-7.56150198159214E-16));
#122=DIRECTION('ref_axis',(0.,7.56150198159214E-16,1.));
#123=CARTESIAN_POINT('',(0.,0.,0.));
#124=CARTESIAN_POINT('Origin',(49.9975482340912,-200.,0.447122961666122));
#125=CARTESIAN_POINT('',(99.9950964681825,-200.,-4.45476988630844E-14));
#126=CARTESIAN_POINT('',(8.88178419700125E-15,-200.,3.67761376907083E-15));
#127=CARTESIAN_POINT('Origin',(49.9975482340913,-200.,0.495147028386197));
#128=CARTESIAN_POINT('Origin',(49.9975482340913,-200.,0.495147028386197));
#129=CARTESIAN_POINT('Ctrl Pts',(99.9950964681825,-200.,1.38777878078145E-16));
#130=CARTESIAN_POINT('Ctrl Pts',(101.804368204172,-188.785011265165,3.70789509051667));
#131=CARTESIAN_POINT('Ctrl Pts',(107.3334507604,-166.798226639937,11.0576803802525));
#132=CARTESIAN_POINT('Ctrl Pts',(121.6287290683,-135.210269489414,21.8750144534144));
#133=CARTESIAN_POINT('Ctrl Pts',(142.552404300814,-105.159919243369,32.4633521023831));
#134=CARTESIAN_POINT('Ctrl Pts',(170.51221692914,-76.7417605458738,42.8086067974727));
#135=CARTESIAN_POINT('Ctrl Pts',(205.017140863885,-49.8418887660075,52.9277424018729));
#136=CARTESIAN_POINT('Ctrl Pts',(245.173877062884,-24.2530829436098,62.851620417803));
#137=CARTESIAN_POINT('Ctrl Pts',(275.258646141773,-7.96254638123264,69.3530611573224));
#138=CARTESIAN_POINT('Ctrl Pts',(291.088717882799,0.,72.5765686799002));
#139=CARTESIAN_POINT('Ctrl Pts',(99.9432447926217,-200.,-5.23573100765737));
#140=CARTESIAN_POINT('Ctrl Pts',(101.748735481636,-188.817026363336,-1.36366432208492));
#141=CARTESIAN_POINT('Ctrl Pts',(106.928295116329,-166.928854230491,6.23193304512453));
#142=CARTESIAN_POINT('Ctrl Pts',(119.827017717912,-135.536339106304,17.2192388573882));
#143=CARTESIAN_POINT('Ctrl Pts',(138.630788146054,-105.672730573997,27.8268537019921));
#144=CARTESIAN_POINT('Ctrl Pts',(163.897414049174,-77.3763896772812,38.0889370383412));
#145=CARTESIAN_POINT('Ctrl Pts',(195.285145085367,-50.4771881848769,48.070564511785));
#146=CARTESIAN_POINT('Ctrl Pts',(232.052393610282,-24.7116815362633,57.851122432828));
#147=CARTESIAN_POINT('Ctrl Pts',(259.793439364851,-8.14761461371688,64.2848683205885));
#148=CARTESIAN_POINT('Ctrl Pts',(274.456735584062,0.,67.4897174192774));
#149=CARTESIAN_POINT('Ctrl Pts',(98.6216293477003,-200.,-13.0761473233613));
#150=CARTESIAN_POINT('Ctrl Pts',(100.25581025076,-188.999474906049,-9.03763811482061));
#151=CARTESIAN_POINT('Ctrl Pts',(104.687391842629,-167.46873329213,-1.18731121134705));
#152=CARTESIAN_POINT('Ctrl Pts',(115.389924388606,-136.532101267424,9.98711267116759));
#153=CARTESIAN_POINT('Ctrl Pts',(131.053567513,-106.977291209926,20.6260874669589));
#154=CARTESIAN_POINT('Ctrl Pts',(152.377469173514,-78.7795073488885,30.802601282374));
#155=CARTESIAN_POINT('Ctrl Pts',(179.208553300618,-51.7266536137206,40.6232890001087));
#156=CARTESIAN_POINT('Ctrl Pts',(211.009278431312,-25.5251347264014,50.2108981948922));
#157=CARTESIAN_POINT('Ctrl Pts',(235.299508352137,-8.45901184675463,56.52412726816));
#158=CARTESIAN_POINT('Ctrl Pts',(248.229740647923,0.,59.6775137611508));
#159=CARTESIAN_POINT('Ctrl Pts',(94.5021440062194,-200.,-22.738958402661));
#160=CARTESIAN_POINT('Ctrl Pts',(95.7217177476023,-189.40962225971,-18.6129936431961));
#161=CARTESIAN_POINT('Ctrl Pts',(98.910785273936,-168.610965899946,-10.6377131242342));
#162=CARTESIAN_POINT('Ctrl Pts',(106.618409010139,-138.469462135907,0.592590420201923));
#163=CARTESIAN_POINT('Ctrl Pts',(118.216953448676,-109.345713409332,11.1705379889961));
#164=CARTESIAN_POINT('Ctrl Pts',(134.499039434097,-81.1631416395978,21.1835045970318));
#165=CARTESIAN_POINT('Ctrl Pts',(155.521852006363,-53.7115471832819,30.7589251452343));
#166=CARTESIAN_POINT('Ctrl Pts',(181.006668680462,-26.7291678981187,40.04646462537));
#167=CARTESIAN_POINT('Ctrl Pts',(200.899365957654,-8.90124406492086,46.1401013472803));
#168=CARTESIAN_POINT('Ctrl Pts',(211.613454708771,0.,49.1826468783712));
#169=CARTESIAN_POINT('Ctrl Pts',(88.9285706341079,-200.,-31.6430940051583));
#170=CARTESIAN_POINT('Ctrl Pts',(89.6577685770698,-189.897034979775,-27.5109315947256));
#171=CARTESIAN_POINT('Ctrl Pts',(91.5272148013211,-169.946300582852,-19.545561355315));
#172=CARTESIAN_POINT('Ctrl Pts',(96.294514187132,-140.678729167523,-8.39619440950997));
#173=CARTESIAN_POINT('Ctrl Pts',(103.995275118483,-111.986247866914,2.03182317899484));
#174=CARTESIAN_POINT('Ctrl Pts',(115.463557612217,-83.7588040092091,11.8224660587187));
#175=CARTESIAN_POINT('Ctrl Pts',(130.940305668552,-55.8177028835866,21.1076475092739));
#176=CARTESIAN_POINT('Ctrl Pts',(150.386429392627,-27.9689264539302,30.048560696862));
#177=CARTESIAN_POINT('Ctrl Pts',(166.063575096451,-9.3479822676619,35.8805866974805));
#178=CARTESIAN_POINT('Ctrl Pts',(174.644729083264,0.,38.7857170922789));
#179=CARTESIAN_POINT('Ctrl Pts',(81.9896617735956,-200.,-38.4464509594012));
#180=CARTESIAN_POINT('Ctrl Pts',(82.2316627545522,-190.403333986574,-34.4088044318477));
#181=CARTESIAN_POINT('Ctrl Pts',(82.9296011441976,-171.314193711299,-26.623228824854));
#182=CARTESIAN_POINT('Ctrl Pts',(85.3218578514941,-142.892761073711,-15.7324237842451));
#183=CARTESIAN_POINT('Ctrl Pts',(89.9462907815835,-114.578455813025,-5.57249963113041));
#184=CARTESIAN_POINT('Ctrl Pts',(97.5935435621801,-86.2511618971482,3.9194041809829));
#185=CARTESIAN_POINT('Ctrl Pts',(108.608132752478,-57.7894551093436,12.8622213408086));
#186=CARTESIAN_POINT('Ctrl Pts',(123.113938900664,-29.0941400946671,21.4115620362467));
#187=CARTESIAN_POINT('Ctrl Pts',(135.263293834235,-9.74510082926035,26.9452313329382));
#188=CARTESIAN_POINT('Ctrl Pts',(142.03135744265,0.,29.6900243479993));
#189=CARTESIAN_POINT('Ctrl Pts',(74.6121940161925,-200.,-43.1309242495554));
#190=CARTESIAN_POINT('Ctrl Pts',(74.4883038686091,-190.836157150418,-39.2415301116243));
#191=CARTESIAN_POINT('Ctrl Pts',(74.4320003008764,-172.477311343908,-31.723159671316));
#192=CARTESIAN_POINT('Ctrl Pts',(75.4819140421853,-144.759149217121,-21.1734495548856));
#193=CARTESIAN_POINT('Ctrl Pts',(78.3603059373081,-116.746600709493,-11.3265646386706));
#194=CARTESIAN_POINT('Ctrl Pts',(83.6984326154154,-88.3197094158035,-2.15163596865663));
#195=CARTESIAN_POINT('Ctrl Pts',(91.8009125255835,-59.4121451262043,6.44489108423153));
#196=CARTESIAN_POINT('Ctrl Pts',(102.801517919076,-30.0104434751104,14.5993560866879));
#197=CARTESIAN_POINT('Ctrl Pts',(112.203586732735,-10.0660645072198,19.8237887923205));
#198=CARTESIAN_POINT('Ctrl Pts',(117.482962377458,0.,22.3985445653352));
#199=CARTESIAN_POINT('Ctrl Pts',(69.9176623102655,-200.,-45.4654365889971));
#200=CARTESIAN_POINT('Ctrl Pts',(69.6080888840391,-191.080063179392,-41.681828696374));
#201=CARTESIAN_POINT('Ctrl Pts',(69.2088395740165,-173.131390155199,-34.3524466791472));
#202=CARTESIAN_POINT('Ctrl Pts',(69.7093968847521,-145.805172589751,-24.0384932114022));
#203=CARTESIAN_POINT('Ctrl Pts',(71.8596004752315,-117.958248330473,-14.4014514722619));
#204=CARTESIAN_POINT('Ctrl Pts',(76.1641817455797,-89.4728136042351,-5.43247051943744));
#205=CARTESIAN_POINT('Ctrl Pts',(82.8666005717891,-60.3145123538623,2.94359247098091));
#206=CARTESIAN_POINT('Ctrl Pts',(92.0649567459674,-30.5184858712122,10.8479303494934));
#207=CARTESIAN_POINT('Ctrl Pts',(99.9641749436417,-10.2436227654126,15.8754088906308));
#208=CARTESIAN_POINT('Ctrl Pts',(104.402685402902,0.,18.3412095802756));
#209=CARTESIAN_POINT('Ctrl Pts',(64.1852632347063,-200.,-47.6007209148814));
#210=CARTESIAN_POINT('Ctrl Pts',(63.711090592991,-191.337388882605,-43.957996434459));
#211=CARTESIAN_POINT('Ctrl Pts',(63.0479821083207,-173.820448860343,-36.8809781746645));
#212=CARTESIAN_POINT('Ctrl Pts',(63.1871045436917,-146.904539840416,-26.8819341628133));
#213=CARTESIAN_POINT('Ctrl Pts',(64.8222167247044,-119.229554872483,-17.5227781899222));
#214=CARTESIAN_POINT('Ctrl Pts',(68.2879952454917,-90.6817430704427,-8.82141210443175));
#215=CARTESIAN_POINT('Ctrl Pts',(73.7223990006075,-61.2604658293544,-0.725902965625371));
#216=CARTESIAN_POINT('Ctrl Pts',(81.1448215130592,-31.0511258638456,6.865116491206));
#217=CARTESIAN_POINT('Ctrl Pts',(87.4574289084672,-10.4297461386215,11.6481223032053));
#218=CARTESIAN_POINT('Ctrl Pts',(90.9812227619402,0.,13.9791289356292));
#219=CARTESIAN_POINT('Ctrl Pts',(57.3602156673282,-200.,-49.1682952689428));
#220=CARTESIAN_POINT('Ctrl Pts',(56.7901714283325,-191.579984714424,-45.708425600405));
#221=CARTESIAN_POINT('Ctrl Pts',(56.0128291288648,-174.469407257067,-38.9651651163266));
#222=CARTESIAN_POINT('Ctrl Pts',(56.0292655238461,-147.938280123329,-29.3965936102991));
#223=CARTESIAN_POINT('Ctrl Pts',(57.3884083068278,-120.424687832092,-20.4243738435596));
#224=CARTESIAN_POINT('Ctrl Pts',(60.2369124036052,-91.8204875117709,-12.0933337052491));
#225=CARTESIAN_POINT('Ctrl Pts',(64.5786156200283,-62.1551336098935,-4.37541592383256));
#226=CARTESIAN_POINT('Ctrl Pts',(70.3190045683039,-31.5577772343129,2.80927650967391));
#227=CARTESIAN_POINT('Ctrl Pts',(75.0347490081667,-10.6074120184527,7.28807207265517));
#228=CARTESIAN_POINT('Ctrl Pts',(77.6153144021149,0.,9.45464065099848));
#229=CARTESIAN_POINT('Ctrl Pts',(52.1203246159667,-200.,-49.5283752936514));
#230=CARTESIAN_POINT('Ctrl Pts',(51.5855746778827,-191.698595110619,-46.2211137578079));
#231=CARTESIAN_POINT('Ctrl Pts',(50.8506766589476,-174.787195599502,-39.771756225967));
#232=CARTESIAN_POINT('Ctrl Pts',(50.7914045261517,-148.445900932499,-30.6167577839347));
#233=CARTESIAN_POINT('Ctrl Pts',(51.8699374583853,-121.015414419078,-22.0388268436577));
#234=CARTESIAN_POINT('Ctrl Pts',(54.1727319191687,-92.3910226617921,-14.0906135478391));
#235=CARTESIAN_POINT('Ctrl Pts',(57.6580695023632,-62.6126725740269,-6.75118329805673));
#236=CARTESIAN_POINT('Ctrl Pts',(62.1944998460763,-31.8239467700942,0.0534870957509265));
#237=CARTESIAN_POINT('Ctrl Pts',(65.8451167440408,-10.7023605594397,4.27319998839673));
#238=CARTESIAN_POINT('Ctrl Pts',(67.8202748181651,0.,6.30787872441024));
#239=CARTESIAN_POINT('Ctrl Pts',(48.3578226677494,-200.,-49.4909879718791));
#240=CARTESIAN_POINT('Ctrl Pts',(47.8956423765524,-191.754967750986,-46.2974457195346));
#241=CARTESIAN_POINT('Ctrl Pts',(47.2317369154003,-174.938969756038,-40.0728276859263));
#242=CARTESIAN_POINT('Ctrl Pts',(47.059532339954,-148.69033687859,-31.2478381028152));
#243=CARTESIAN_POINT('Ctrl Pts',(47.81406133407,-121.303662479028,-22.9927480684943));
#244=CARTESIAN_POINT('Ctrl Pts',(49.5888284481991,-92.6758239689059,-15.3604000637626));
#245=CARTESIAN_POINT('Ctrl Pts',(52.3500631408688,-62.8483590706106,-8.32987217464468));
#246=CARTESIAN_POINT('Ctrl Pts',(55.9714938200761,-31.9664412074556,-1.82770678538044));
#247=CARTESIAN_POINT('Ctrl Pts',(58.8924781397823,-10.7544026641924,2.19505839671752));
#248=CARTESIAN_POINT('Ctrl Pts',(60.4728458606257,0.,4.13216410149664));
#249=CARTESIAN_POINT('Ctrl Pts',(46.1409802836004,-200.,-49.4123825857624));
#250=CARTESIAN_POINT('Ctrl Pts',(45.7104480648223,-191.75911042194,-46.2992231185933));
#251=CARTESIAN_POINT('Ctrl Pts',(45.0838141829976,-174.949134343105,-40.2198726471255));
#252=CARTESIAN_POINT('Ctrl Pts',(44.8893245470487,-148.70407445128,-31.5756561077345));
#253=CARTESIAN_POINT('Ctrl Pts',(45.5391117688946,-121.317842091275,-23.4737476744794));
#254=CARTESIAN_POINT('Ctrl Pts',(47.1233493515019,-92.6894893713975,-15.9764392687855));
#255=CARTESIAN_POINT('Ctrl Pts',(49.6062990309952,-62.8605588061208,-9.07347839098385));
#256=CARTESIAN_POINT('Ctrl Pts',(52.8627887296864,-31.9746740753341,-2.70251555138798));
#257=CARTESIAN_POINT('Ctrl Pts',(55.4806451277724,-10.7575589283678,1.22255607208288));
#258=CARTESIAN_POINT('Ctrl Pts',(56.8950234811813,0.,3.10665229161278));
#259=CARTESIAN_POINT('Ctrl Pts',(42.3850943354022,-200.,-48.9528523571278));
#260=CARTESIAN_POINT('Ctrl Pts',(41.994169021123,-191.729089735528,-45.9933230976782));
#261=CARTESIAN_POINT('Ctrl Pts',(41.422733439423,-174.86540309753,-40.1855699915842));
#262=CARTESIAN_POINT('Ctrl Pts',(41.2288842720932,-148.561488262162,-31.8638664833237));
#263=CARTESIAN_POINT('Ctrl Pts',(41.7862950007857,-121.143759398716,-24.0197671557865));
#264=CARTESIAN_POINT('Ctrl Pts',(43.1742303407517,-92.5164637062586,-16.7360797250677));
#265=CARTESIAN_POINT('Ctrl Pts',(45.3519683111953,-62.7199737363479,-10.0262360878745));
#266=CARTESIAN_POINT('Ctrl Pts',(48.1924230681589,-31.8921832351154,-3.85411978918619));
#267=CARTESIAN_POINT('Ctrl Pts',(50.4585079854267,-10.7278679468385,-0.082178320250452));
#268=CARTESIAN_POINT('Ctrl Pts',(51.6771155591095,0.,1.71613441132726));
#269=CARTESIAN_POINT('Ctrl Pts',(38.1774864686813,-200.,-48.1768716534621));
#270=CARTESIAN_POINT('Ctrl Pts',(37.8245567187238,-191.67791329752,-45.3984341138985));
#271=CARTESIAN_POINT('Ctrl Pts',(37.3088913531453,-174.723785760203,-39.9120001096104));
#272=CARTESIAN_POINT('Ctrl Pts',(37.1283522021092,-148.323205609331,-31.9734481786253));
#273=CARTESIAN_POINT('Ctrl Pts',(37.6146602014355,-120.854928641315,-24.4357753894278));
#274=CARTESIAN_POINT('Ctrl Pts',(38.8337777414899,-92.2297268158621,-17.4041213568019));
#275=CARTESIAN_POINT('Ctrl Pts',(40.7389174927432,-62.4861071471431,-10.9185745753468));
#276=CARTESIAN_POINT('Ctrl Pts',(43.2027395014987,-31.7540869732475,-4.97257957100057));
#277=CARTESIAN_POINT('Ctrl Pts',(45.1465267477966,-10.6780062511252,-1.37201756748718));
#278=CARTESIAN_POINT('Ctrl Pts',(46.1854642292128,0.,0.331062466331248));
#279=CARTESIAN_POINT('Ctrl Pts',(32.2327763101881,-200.,-46.4677230773277));
#280=CARTESIAN_POINT('Ctrl Pts',(31.9245366467084,-191.579038991129,-43.9605644072239));
#281=CARTESIAN_POINT('Ctrl Pts',(31.4769480220694,-174.45129627989,-38.9638346059961));
#282=CARTESIAN_POINT('Ctrl Pts',(31.3214986253433,-147.867619245249,-31.6290479257965));
#283=CARTESIAN_POINT('Ctrl Pts',(31.7376567682272,-120.304821004185,-24.5889022036684));
#284=CARTESIAN_POINT('Ctrl Pts',(32.7739151792878,-91.6839463603936,-17.9735863959328));
#285=CARTESIAN_POINT('Ctrl Pts',(34.3782221039751,-62.0400324425007,-11.8552389682763));
#286=CARTESIAN_POINT('Ctrl Pts',(36.4264096075978,-31.4897813114655,-6.26436681504396));
#287=CARTESIAN_POINT('Ctrl Pts',(38.0175630298807,-10.5824131204979,-2.91634769275471));
#288=CARTESIAN_POINT('Ctrl Pts',(38.8603550028695,0.,-1.34886285005366));
#289=CARTESIAN_POINT('Ctrl Pts',(24.6240629185415,-200.,-42.8866967937749));
#290=CARTESIAN_POINT('Ctrl Pts',(24.3656584290633,-191.419786290411,-40.7558919481114));
#291=CARTESIAN_POINT('Ctrl Pts',(23.9897130622607,-174.013379972479,-36.4649722962942));
#292=CARTESIAN_POINT('Ctrl Pts',(23.8492911047961,-147.13797576002,-30.064109062537));
#293=CARTESIAN_POINT('Ctrl Pts',(24.1716397703546,-119.425648114867,-23.8436616599384));
#294=CARTESIAN_POINT('Ctrl Pts',(24.9900892462873,-90.811952321507,-17.9452683907557));
#295=CARTESIAN_POINT('Ctrl Pts',(26.2550475934176,-61.3264728664669,-12.4625747643024));
#296=CARTESIAN_POINT('Ctrl Pts',(27.8573921282941,-31.066157441876,-7.45521945428963));
#297=CARTESIAN_POINT('Ctrl Pts',(29.0882188644797,-10.4290487961172,-4.47910273091086));
#298=CARTESIAN_POINT('Ctrl Pts',(29.7355542157478,0.,-3.097097589516));
#299=CARTESIAN_POINT('Ctrl Pts',(17.2352499699189,-200.,-37.6511982716507));
#300=CARTESIAN_POINT('Ctrl Pts',(17.0235817851772,-191.235172537804,-35.9265228612419));
#301=CARTESIAN_POINT('Ctrl Pts',(16.7095456460898,-173.506354296846,-32.4263249983158));
#302=CARTESIAN_POINT('Ctrl Pts',(16.5664794003246,-146.294825454999,-27.1388685202335));
#303=CARTESIAN_POINT('Ctrl Pts',(16.7809087794112,-118.410898480626,-21.9466325497246));
#304=CARTESIAN_POINT('Ctrl Pts',(17.3777919333487,-89.8056182459281,-16.9793674623099));
#305=CARTESIAN_POINT('Ctrl Pts',(18.318284821441,-60.5023597785253,-12.3299898331788));
#306=CARTESIAN_POINT('Ctrl Pts',(19.5177995771642,-30.5763159564996,-8.06499944314047));
#307=CARTESIAN_POINT('Ctrl Pts',(20.4417078243498,-10.251604954058,-5.52685956369874));
#308=CARTESIAN_POINT('Ctrl Pts',(20.9279151596322,0.,-4.34937815727146));
#309=CARTESIAN_POINT('Ctrl Pts',(10.7282746689228,-200.,-30.9257476506611));
#310=CARTESIAN_POINT('Ctrl Pts',(10.5609379801593,-191.040440214468,-29.6159337160467));
#311=CARTESIAN_POINT('Ctrl Pts',(10.3046246449028,-172.972038815803,-26.9464475451685));
#312=CARTESIAN_POINT('Ctrl Pts',(10.1576840951863,-145.407601358727,-22.8819711035273));
#313=CARTESIAN_POINT('Ctrl Pts',(10.2713539503847,-117.344039081304,-18.8582943785841));
#314=CARTESIAN_POINT('Ctrl Pts',(10.6655213831392,-88.7476615892892,-14.9746673397837));
#315=CARTESIAN_POINT('Ctrl Pts',(11.3154183371558,-59.6354095972309,-11.3045259245734));
#316=CARTESIAN_POINT('Ctrl Pts',(12.1642366756013,-30.0604963150009,-7.90290778441518));
#317=CARTESIAN_POINT('Ctrl Pts',(12.8304467022455,-10.0646546442695,-5.85394556459293));
#318=CARTESIAN_POINT('Ctrl Pts',(13.1842652446195,0.,-4.89631048849068));
#319=CARTESIAN_POINT('Ctrl Pts',(5.61716778645869,-200.,-23.1350318273612));
#320=CARTESIAN_POINT('Ctrl Pts',(5.49245184542205,-190.85083180156,-22.2277678388065));
#321=CARTESIAN_POINT('Ctrl Pts',(5.29538147396794,-172.452253092164,-20.3777848003371));
#322=CARTESIAN_POINT('Ctrl Pts',(5.16069929406859,-144.545736499743,-17.5511155204767));
#323=CARTESIAN_POINT('Ctrl Pts',(5.20329708591868,-116.308536896742,-14.7345089864941));
#324=CARTESIAN_POINT('Ctrl Pts',(5.437591828135,-87.7207998072225,-11.9886370394751));
#325=CARTESIAN_POINT('Ctrl Pts',(5.8509557133027,-58.793338741139,-9.35853365655421));
#326=CARTESIAN_POINT('Ctrl Pts',(6.41134295408247,-29.5589379770441,-6.87809466830913));
#327=CARTESIAN_POINT('Ctrl Pts',(6.86498784689722,-9.88277091670107,-5.34869629777437));
#328=CARTESIAN_POINT('Ctrl Pts',(7.10956743678296,0.,-4.62250870905067));
#329=CARTESIAN_POINT('Ctrl Pts',(2.16485024865646,-200.,-14.8948369951275));
#330=CARTESIAN_POINT('Ctrl Pts',(2.08173836760213,-190.681589780243,-14.3567678526234));
#331=CARTESIAN_POINT('Ctrl Pts',(1.94794779147864,-171.988816688741,-13.2620686564488));
#332=CARTESIAN_POINT('Ctrl Pts',(1.84737847769125,-143.778663906584,-11.5874506871952));
#333=CARTESIAN_POINT('Ctrl Pts',(1.85536923203607,-115.387858906782,-9.90671861952553));
#334=CARTESIAN_POINT('Ctrl Pts',(1.97950602187806,-86.80775035536,-8.24580970210206));
#335=CARTESIAN_POINT('Ctrl Pts',(2.21484597679889,-58.0438636288046,-6.62344340664376));
#336=CARTESIAN_POINT('Ctrl Pts',(2.54755309214607,-29.1118804022935,-5.0531564416394));
#337=CARTESIAN_POINT('Ctrl Pts',(2.82649233106522,-9.72052682130201,-4.05095090236644));
#338=CARTESIAN_POINT('Ctrl Pts',(2.97939342622549,0.,-3.56409051977086));
#339=CARTESIAN_POINT('Ctrl Pts',(0.346189253774174,-200.,-6.8912206468168));
#340=CARTESIAN_POINT('Ctrl Pts',(0.304358805464455,-190.547956631673,-6.66794768007982));
#341=CARTESIAN_POINT('Ctrl Pts',(0.237156341602046,-171.623549168347,-6.21474446015443));
#342=CARTESIAN_POINT('Ctrl Pts',(0.186004670994266,-143.175816607792,-5.51837917676267));
#343=CARTESIAN_POINT('Ctrl Pts',(0.186012386766467,-114.665472091265,-4.80958537039781));
#344=CARTESIAN_POINT('Ctrl Pts',(0.238491728103349,-86.0912306893341,-4.09237987135565));
#345=CARTESIAN_POINT('Ctrl Pts',(0.342211930439793,-57.4547006787828,-3.36931300639642));
#346=CARTESIAN_POINT('Ctrl Pts',(0.494084520252327,-28.7595630504135,-2.64185735409595));
#347=CARTESIAN_POINT('Ctrl Pts',(0.625735411054409,-9.59249540802165,-2.15515841722623));
#348=CARTESIAN_POINT('Ctrl Pts',(0.698929086594621,0.,-1.91178352120444));
#349=CARTESIAN_POINT('Ctrl Pts',(0.0212088918793142,-200.,-2.14157115752717));
#350=CARTESIAN_POINT('Ctrl Pts',(0.00714702091207931,-190.492768768566,
-2.07786748092956));
#351=CARTESIAN_POINT('Ctrl Pts',(-0.0152227629633174,-171.473363118646,
-1.94804732843586));
#352=CARTESIAN_POINT('Ctrl Pts',(-0.0316374374692902,-142.929690623867,
-1.74621100742947));
#353=CARTESIAN_POINT('Ctrl Pts',(-0.0312137042813979,-114.371719650443,
-1.53715476152347));
#354=CARTESIAN_POINT('Ctrl Pts',(-0.0142092725084546,-85.7997157396292,
-1.32082486052706));
#355=CARTESIAN_POINT('Ctrl Pts',(0.0190878142602407,-57.2139444326801,-1.09712602937142));
#356=CARTESIAN_POINT('Ctrl Pts',(0.068482867769859,-28.6146712708502,-0.866090848679309));
#357=CARTESIAN_POINT('Ctrl Pts',(0.111874194432371,-9.53966495388006,-0.707005251968168));
#358=CARTESIAN_POINT('Ctrl Pts',(0.136184051857919,0.,-0.626245241756706));
#359=CARTESIAN_POINT('Ctrl Pts',(8.88178419700125E-15,-200.,-1.85268467234323E-14));
#360=CARTESIAN_POINT('Ctrl Pts',(8.89015291088061E-15,-190.47619047619,
-1.85000204337133E-14));
#361=CARTESIAN_POINT('Ctrl Pts',(8.53719535135493E-15,-171.428571428572,
-1.77131639914454E-14));
#362=CARTESIAN_POINT('Ctrl Pts',(7.21555546788557E-15,-142.857142857145,
-1.49617281934079E-14));
#363=CARTESIAN_POINT('Ctrl Pts',(5.41859345790769E-15,-114.28571428572,
-1.12676017145891E-14));
#364=CARTESIAN_POINT('Ctrl Pts',(3.46319073909363E-15,-85.7142857142936,
-7.25924500884312E-15));
#365=CARTESIAN_POINT('Ctrl Pts',(1.66622872911574E-15,-57.1428571428659,
-3.56511853002429E-15));
#366=CARTESIAN_POINT('Ctrl Pts',(3.44588845646354E-16,-28.5714285714351,
-8.1368273198683E-16));
#367=CARTESIAN_POINT('Ctrl Pts',(-8.3687138793458E-18,-9.52380952381216,
-2.68262897189556E-17));
#368=CARTESIAN_POINT('Ctrl Pts',(0.,0.,0.));
#369=CARTESIAN_POINT('',(0.,0.,0.));
#370=CARTESIAN_POINT('Ctrl Pts',(0.,-200.,0.));
#371=CARTESIAN_POINT('Ctrl Pts',(7.02971965866279E-18,-192.,2.25340833639379E-17));
#372=CARTESIAN_POINT('Ctrl Pts',(2.10891589759859E-17,-176.,6.76022500918101E-17));
#373=CARTESIAN_POINT('Ctrl Pts',(4.2178317951963E-17,-152.000000000001,
1.35204500183608E-16));
#374=CARTESIAN_POINT('Ctrl Pts',(7.02971965865862E-17,-120.000000000005,
2.25340833639321E-16));
#375=CARTESIAN_POINT('Ctrl Pts',(1.05445794879852E-16,-80.0000000000089,
3.38011250458947E-16));
#376=CARTESIAN_POINT('Ctrl Pts',(1.33564673514458E-16,-48.0000000000091,
4.28147583914641E-16));
#377=CARTESIAN_POINT('Ctrl Pts',(1.54653832490412E-16,-24.0000000000058,
4.95749834006411E-16));
#378=CARTESIAN_POINT('Ctrl Pts',(1.68713271807713E-16,-8.00000000000221,
5.40818000734256E-16));
#379=CARTESIAN_POINT('Ctrl Pts',(1.75742991466363E-16,0.,5.63352084098179E-16));
#380=CARTESIAN_POINT('',(236.746032112246,0.,56.4117484942119));
#381=CARTESIAN_POINT('Ctrl Pts',(0.,0.,0.));
#382=CARTESIAN_POINT('Ctrl Pts',(0.244904200276889,0.,-1.12619714289046));
#383=CARTESIAN_POINT('Ctrl Pts',(1.4194818126947,0.,-3.0280987739195));
#384=CARTESIAN_POINT('Ctrl Pts',(5.23613817520408,0.,-4.82933625264806));
#385=CARTESIAN_POINT('Ctrl Pts',(13.9302935210307,0.,-5.29837686595598));
#386=CARTESIAN_POINT('Ctrl Pts',(28.224231951664,0.,-3.56574266937083));
#387=CARTESIAN_POINT('Ctrl Pts',(43.0906017359078,0.,-0.559591949282144));
#388=CARTESIAN_POINT('Ctrl Pts',(56.7007069171811,0.,2.93277963150219));
#389=CARTESIAN_POINT('Ctrl Pts',(68.7591377948104,0.,6.55428289121909));
#390=CARTESIAN_POINT('Ctrl Pts',(79.8188569171184,0.,10.2038761980036));
#391=CARTESIAN_POINT('Ctrl Pts',(90.891005629253,0.,13.9476696160113));
#392=CARTESIAN_POINT('Ctrl Pts',(102.954008093288,0.,17.9003653714872));
#393=CARTESIAN_POINT('Ctrl Pts',(116.488513077044,0.,22.1166326942468));
#394=CARTESIAN_POINT('Ctrl Pts',(131.575673994043,0.,26.6008419541179));
#395=CARTESIAN_POINT('Ctrl Pts',(148.022557085384,0.,31.323857659219));
#396=CARTESIAN_POINT('Ctrl Pts',(165.473396975378,0.,36.2365453327895));
#397=CARTESIAN_POINT('Ctrl Pts',(183.514965720433,0.,41.2831317108336));
#398=CARTESIAN_POINT('Ctrl Pts',(201.507568423846,0.,46.3345720641691));
#399=CARTESIAN_POINT('Ctrl Pts',(215.850385858452,0.,50.4009866818136));
#400=CARTESIAN_POINT('Ctrl Pts',(226.47468597288,0.,53.4441112467717));
#401=CARTESIAN_POINT('Ctrl Pts',(233.424477213177,0.,55.4496607163857));
#402=CARTESIAN_POINT('Ctrl Pts',(236.746032112246,0.,56.4117484942119));
#403=CARTESIAN_POINT('',(291.088717882799,0.,72.5765686799002));
#404=CARTESIAN_POINT('Ctrl Pts',(236.746032112246,0.,56.4117484942119));
#405=CARTESIAN_POINT('Ctrl Pts',(237.033373166877,0.,56.4949767788944));
#406=CARTESIAN_POINT('Ctrl Pts',(240.928669574509,0.,57.6236113115793));
#407=CARTESIAN_POINT('Ctrl Pts',(248.407221163341,0.,59.7999701475219));
#408=CARTESIAN_POINT('Ctrl Pts',(259.403646791775,0.,63.0283138492154));
#409=CARTESIAN_POINT('Ctrl Pts',(270.270741280658,0.,66.2625679683899));
#410=CARTESIAN_POINT('Ctrl Pts',(280.729192500223,0.,69.4177923672339));
#411=CARTESIAN_POINT('Ctrl Pts',(287.644963910235,0.,71.5233049184336));
#412=CARTESIAN_POINT('Ctrl Pts',(291.088717882799,0.,72.5765686799002));
#413=CARTESIAN_POINT('Ctrl Pts',(99.9950964681825,-200.,0.));
#414=CARTESIAN_POINT('Ctrl Pts',(100.754990597298,-195.289704731369,1.557315938017));
#415=CARTESIAN_POINT('Ctrl Pts',(102.557793062003,-185.934765754036,4.66217030042238));
#416=CARTESIAN_POINT('Ctrl Pts',(106.111073878773,-172.099319970946,9.29011811123615));
#417=CARTESIAN_POINT('Ctrl Pts',(112.574575416248,-154.05239591097,15.4010928417957));
#418=CARTESIAN_POINT('Ctrl Pts',(123.709750152972,-132.202602401205,22.934240212619));
#419=CARTESIAN_POINT('Ctrl Pts',(138.117367702262,-111.111926174299,30.3543319365061));
#420=CARTESIAN_POINT('Ctrl Pts',(155.969648426158,-90.8203176467431,37.6554181816076));
#421=CARTESIAN_POINT('Ctrl Pts',(177.202515298074,-71.3129126998683,44.8397126671826));
#422=CARTESIAN_POINT('Ctrl Pts',(201.550692483919,-52.5281745912724,51.9163800854053));
#423=CARTESIAN_POINT('Ctrl Pts',(228.71327289761,-34.3963011020407,58.8958161092437));
#424=CARTESIAN_POINT('Ctrl Pts',(252.481572691457,-20.3636172244837,64.4089484101055));
#425=CARTESIAN_POINT('Ctrl Pts',(271.376405484667,-10.0869921506522,68.5068795993494));
#426=CARTESIAN_POINT('Ctrl Pts',(284.440087751568,-3.34426948011771,71.2226955204175));
#427=CARTESIAN_POINT('Ctrl Pts',(291.088717882799,0.,72.5765686799002));
#428=CARTESIAN_POINT('Ctrl Pts',(8.88178419700125E-15,-200.,3.67761376907083E-15));
#429=CARTESIAN_POINT('Ctrl Pts',(8.89015291088061E-15,-190.47619047619,
3.7044400587898E-15));
#430=CARTESIAN_POINT('Ctrl Pts',(8.53719535135493E-15,-171.428571428572,
3.58499199115962E-15));
#431=CARTESIAN_POINT('Ctrl Pts',(7.21555546788557E-15,-142.857142857145,
3.03488993171122E-15));
#432=CARTESIAN_POINT('Ctrl Pts',(5.41859345790769E-15,-114.28571428572,
2.26222989746092E-15));
#433=CARTESIAN_POINT('Ctrl Pts',(3.13729028595796E-15,-80.9523809523893,
1.27424286730151E-15));
#434=CARTESIAN_POINT('Ctrl Pts',(1.37993845318911E-15,-52.3809523809611,
5.20129330951359E-16));
#435=CARTESIAN_POINT('Ctrl Pts',(2.5634945576493E-16,-23.8095238095294,
6.27597610037031E-17));
#436=CARTESIAN_POINT('Ctrl Pts',(-8.3687138793458E-18,-9.52380952381216,
-2.68262897189556E-17));
#437=CARTESIAN_POINT('Ctrl Pts',(0.,0.,0.));
#438=CARTESIAN_POINT('Ctrl Pts',(-0.0518516755608209,-200.,5.23573100765746));
#439=CARTESIAN_POINT('Ctrl Pts',(-0.0174730962686701,-190.435659728874,
5.0799877283872));
#440=CARTESIAN_POINT('Ctrl Pts',(0.0363741200049467,-171.319064331511,4.76320185128153));
#441=CARTESIAN_POINT('Ctrl Pts',(0.076785671312702,-142.679777472658,4.26955471004007));
#442=CARTESIAN_POINT('Ctrl Pts',(0.0761036558388626,-114.075447653521,3.758197079564));
#443=CARTESIAN_POINT('Ctrl Pts',(0.0286114427747485,-80.7437553471405,3.14046422316946));
#444=CARTESIAN_POINT('Ctrl Pts',(-0.0635623927073267,-52.2158066761978,
2.58960327212595));
#445=CARTESIAN_POINT('Ctrl Pts',(-0.192766568170007,-23.720542853805,2.0193595775668));
#446=CARTESIAN_POINT('Ctrl Pts',(-0.273510962588152,-9.48504603628829,1.72849233017347));
#447=CARTESIAN_POINT('Ctrl Pts',(-0.332943904551024,0.,1.53104958438532));
#448=CARTESIAN_POINT('Ctrl Pts',(1.15370098378214,-200.,13.7562930379757));
#449=CARTESIAN_POINT('Ctrl Pts',(1.24762299691585,-190.431338538815,13.4931028369531));
#450=CARTESIAN_POINT('Ctrl Pts',(1.41639699855467,-171.308219095032,12.9065160193039));
#451=CARTESIAN_POINT('Ctrl Pts',(1.59297006053738,-142.664531811082,11.8672577926288));
#452=CARTESIAN_POINT('Ctrl Pts',(1.67340033034043,-114.059152820076,10.6850528482384));
#453=CARTESIAN_POINT('Ctrl Pts',(1.63221178665233,-80.727687439581,9.1579360254385));
#454=CARTESIAN_POINT('Ctrl Pts',(1.42836649776471,-52.2014944411526,7.72203808288095));
#455=CARTESIAN_POINT('Ctrl Pts',(1.06157766462683,-23.7119672910524,6.23437765946973));
#456=CARTESIAN_POINT('Ctrl Pts',(0.813579844258668,-9.48109275155168,5.47689314339393));
#457=CARTESIAN_POINT('Ctrl Pts',(0.616352200260277,0.,4.97050504311663));
#458=CARTESIAN_POINT('Ctrl Pts',(5.90677676497503,-200.,24.6268680393386));
#459=CARTESIAN_POINT('Ctrl Pts',(6.082864761659,-190.493179062117,24.4032343647677));
#460=CARTESIAN_POINT('Ctrl Pts',(6.39606019411999,-171.477451636508,23.8032546156462));
#461=CARTESIAN_POINT('Ctrl Pts',(6.71199189739944,-142.944634063962,22.4909810461984));
#462=CARTESIAN_POINT('Ctrl Pts',(6.83713421665677,-114.395857149914,20.7958031510918));
#463=CARTESIAN_POINT('Ctrl Pts',(6.71705627062138,-81.062174786741,18.4044656011528));
#464=CARTESIAN_POINT('Ctrl Pts',(6.2849700842286,-52.4623508046397,15.9871066413823));
#465=CARTESIAN_POINT('Ctrl Pts',(5.53784378289551,-23.8503860488516,13.407996427437));
#466=CARTESIAN_POINT('Ctrl Pts',(5.04006262035207,-9.5408586814992,12.0729844063324));
#467=CARTESIAN_POINT('Ctrl Pts',(4.64690966110781,0.,11.1743119906066));
#468=CARTESIAN_POINT('Ctrl Pts',(12.540894795721,-200.,34.5648719750428));
#469=CARTESIAN_POINT('Ctrl Pts',(12.7966064711145,-190.584971741522,34.4795019176097));
#470=CARTESIAN_POINT('Ctrl Pts',(13.2384658302285,-171.728100095357,34.0655918891276));
#471=CARTESIAN_POINT('Ctrl Pts',(13.6513996238699,-143.357964508386,32.7747114973455));
#472=CARTESIAN_POINT('Ctrl Pts',(13.7710584815926,-114.891588844281,30.8430609053144));
#473=CARTESIAN_POINT('Ctrl Pts',(13.5180127455676,-81.5546596909312,27.873582143547));
#474=CARTESIAN_POINT('Ctrl Pts',(12.8298073643168,-52.8475422969412,24.6703415632109));
#475=CARTESIAN_POINT('Ctrl Pts',(11.7086044049775,-24.0553937342309,21.1489975582754));
#476=CARTESIAN_POINT('Ctrl Pts',(10.9781379809571,-9.62953362334371,19.2928012351007));
#477=CARTESIAN_POINT('Ctrl Pts',(10.4092908533292,0.,18.0300081516683));
#478=CARTESIAN_POINT('Ctrl Pts',(23.7780867494523,-200.,44.1668964009534));
#479=CARTESIAN_POINT('Ctrl Pts',(24.1203259570448,-190.727530538607,44.3959835940302));
#480=CARTESIAN_POINT('Ctrl Pts',(24.6820546175629,-172.117104288091,44.5269791851357));
#481=CARTESIAN_POINT('Ctrl Pts',(25.134266865007,-143.998696030149,43.7851223513113));
#482=CARTESIAN_POINT('Ctrl Pts',(25.1707961543922,-115.659567611181,42.0994459225041));
#483=CARTESIAN_POINT('Ctrl Pts',(24.6989668021158,-82.3178676301501,39.0206777368413));
#484=CARTESIAN_POINT('Ctrl Pts',(23.7178405208835,-53.4453642159374,35.3035464663458));
#485=CARTESIAN_POINT('Ctrl Pts',(22.2520233026215,-24.3740457675436,30.9865189620039));
#486=CARTESIAN_POINT('Ctrl Pts',(21.3339241048922,-9.76748987493395,28.6329057551865));
#487=CARTESIAN_POINT('Ctrl Pts',(20.6365748748499,0.,26.996021986314));
#488=CARTESIAN_POINT('Ctrl Pts',(38.3819241105154,-200.,49.7933896817177));
#489=CARTESIAN_POINT('Ctrl Pts',(38.780840268089,-190.852414308064,50.4873961309108));
#490=CARTESIAN_POINT('Ctrl Pts',(39.4388150169502,-172.45874318716,51.5199447324215));
#491=CARTESIAN_POINT('Ctrl Pts',(40.0109680802259,-144.563733344911,51.9828239415393));
#492=CARTESIAN_POINT('Ctrl Pts',(40.1696523140845,-116.338885859216,51.2694978954675));
#493=CARTESIAN_POINT('Ctrl Pts',(39.8735959811653,-82.9942204981393,48.9542487465996));
#494=CARTESIAN_POINT('Ctrl Pts',(39.1146362216882,-53.9751360032201,45.4363269427424));
#495=CARTESIAN_POINT('Ctrl Pts',(37.9729860534492,-24.6563782896637,40.938677739952));
#496=CARTESIAN_POINT('Ctrl Pts',(37.2611689498092,-9.88972366202724,38.3478219318629));
#497=CARTESIAN_POINT('Ctrl Pts',(36.7255852344083,0.,36.4821361701404));
#498=CARTESIAN_POINT('Ctrl Pts',(46.3667052176713,-200.,50.4602175629176));
#499=CARTESIAN_POINT('Ctrl Pts',(46.754400094289,-190.844415293959,51.4298613458337));
#500=CARTESIAN_POINT('Ctrl Pts',(47.4557371861119,-172.438874416474,53.0200173043523));
#501=CARTESIAN_POINT('Ctrl Pts',(48.2893161490614,-144.536297842301,54.3053608695974));
#502=CARTESIAN_POINT('Ctrl Pts',(48.9025441512135,-116.310554569373,54.3606238523716));
#503=CARTESIAN_POINT('Ctrl Pts',(49.3590489803697,-82.9683516017884,52.8324904573031));
#504=CARTESIAN_POINT('Ctrl Pts',(49.4797564497469,-53.9540764501974,49.8364869880152));
#505=CARTESIAN_POINT('Ctrl Pts',(49.4042477536896,-24.6446481589092,45.7127716471134));
#506=CARTESIAN_POINT('Ctrl Pts',(49.2942114205907,-9.88454115443228,43.2492328762836));
#507=CARTESIAN_POINT('Ctrl Pts',(49.1905721163993,0.,41.4380240664255));
#508=CARTESIAN_POINT('Ctrl Pts',(52.155804003451,-200.,50.5190788727702));
#509=CARTESIAN_POINT('Ctrl Pts',(52.5024514940949,-190.767078083884,51.6843644622285));
#510=CARTESIAN_POINT('Ctrl Pts',(53.2244554070421,-172.230656569101,53.6625793880228));
#511=CARTESIAN_POINT('Ctrl Pts',(54.3870517013884,-144.20095796839,55.5188641020222));
#512=CARTESIAN_POINT('Ctrl Pts',(55.6182019471901,-115.915109179183,56.1349769760713));
#513=CARTESIAN_POINT('Ctrl Pts',(57.1215649690955,-82.5784228822297,55.2495855308673));
#514=CARTESIAN_POINT('Ctrl Pts',(58.4775370795425,-53.6471908954108,52.7936693671203));
#515=CARTESIAN_POINT('Ctrl Pts',(59.8928038307561,-24.4801838121239,49.2003595082269));
#516=CARTESIAN_POINT('Ctrl Pts',(60.6227427082332,-9.81314497426787,46.9996403777506));
#517=CARTESIAN_POINT('Ctrl Pts',(61.119223759692,0.,45.3619224498872));
#518=CARTESIAN_POINT('Ctrl Pts',(57.4606953562539,-200.,50.1486907694025));
#519=CARTESIAN_POINT('Ctrl Pts',(57.8064990589431,-190.666828379823,51.4933124186441));
#520=CARTESIAN_POINT('Ctrl Pts',(58.6177024296035,-171.963271944123,53.8263298314812));
#521=CARTESIAN_POINT('Ctrl Pts',(60.1889196006406,-143.77707322318,56.2078633184887));
#522=CARTESIAN_POINT('Ctrl Pts',(62.1124227657272,-115.425006830602,57.3464314187891));
#523=CARTESIAN_POINT('Ctrl Pts',(64.7603617038843,-82.1107581710122,57.0731860020523));
#524=CARTESIAN_POINT('Ctrl Pts',(67.4407939129939,-53.2932298215468,55.1471103766246));
#525=CARTESIAN_POINT('Ctrl Pts',(70.4245206016549,-24.2974985415745,52.0890417017655));
#526=CARTESIAN_POINT('Ctrl Pts',(72.0273594415426,-9.73573363902409,50.1572365598225));
#527=CARTESIAN_POINT('Ctrl Pts',(73.1437110162886,0.,48.7001390025859));
#528=CARTESIAN_POINT('Ctrl Pts',(65.2305818695431,-200.,48.3403575975301));
#529=CARTESIAN_POINT('Ctrl Pts',(65.6643248599764,-190.448911945358,49.9540539445066));
#530=CARTESIAN_POINT('Ctrl Pts',(66.7747906931781,-171.385067691283,52.8048063977619));
#531=CARTESIAN_POINT('Ctrl Pts',(69.2001965750709,-142.868694323152,55.9267094485955));
#532=CARTESIAN_POINT('Ctrl Pts',(72.4471598688372,-114.388020971608,57.8004494219816));
#533=CARTESIAN_POINT('Ctrl Pts',(77.2423420497149,-81.1446018044293,58.4157499285623));
#534=CARTESIAN_POINT('Ctrl Pts',(82.3781162520716,-52.5845491847249,57.3127794558085));
#535=CARTESIAN_POINT('Ctrl Pts',(88.2305316871796,-23.9433825910974,55.1460707182098));
#536=CARTESIAN_POINT('Ctrl Pts',(91.4182041166024,-9.58892668092536,53.6887602028574));
#537=CARTESIAN_POINT('Ctrl Pts',(93.6562947186238,0.,52.5636318289293));
#538=CARTESIAN_POINT('Ctrl Pts',(72.6160977204415,-200.,45.323597486668));
#539=CARTESIAN_POINT('Ctrl Pts',(73.2059624830299,-190.184212442368,47.2059374728016));
#540=CARTESIAN_POINT('Ctrl Pts',(74.7257226499083,-170.682779888432,50.5608874526547));
#541=CARTESIAN_POINT('Ctrl Pts',(78.1351814833757,-141.765673984701,54.3838947800316));
#542=CARTESIAN_POINT('Ctrl Pts',(82.854378702244,-113.13137310785,56.9543044527097));
#543=CARTESIAN_POINT('Ctrl Pts',(90.0480609686919,-79.9809711096464,58.4383305580601));
#544=CARTESIAN_POINT('Ctrl Pts',(97.9536641307384,-51.7392467659117,58.1880294726098));
#545=CARTESIAN_POINT('Ctrl Pts',(107.072270288344,-23.5253561931638,56.9985650921308));
#546=CARTESIAN_POINT('Ctrl Pts',(112.075922379685,-9.41684564204642,56.0814272308888));
#547=CARTESIAN_POINT('Ctrl Pts',(115.608561657274,0.,55.3450706078863));
#548=CARTESIAN_POINT('Ctrl Pts',(79.4308965951441,-200.,41.175306338317));
#549=CARTESIAN_POINT('Ctrl Pts',(80.2240431290341,-189.893488680702,43.3253572383919));
#550=CARTESIAN_POINT('Ctrl Pts',(82.2220243616811,-169.909452300936,47.1820408382905));
#551=CARTESIAN_POINT('Ctrl Pts',(86.6813812957672,-140.545922551613,51.7072810515392));
#552=CARTESIAN_POINT('Ctrl Pts',(92.9495793677931,-111.737233570685,54.9894271632125));
#553=CARTESIAN_POINT('Ctrl Pts',(102.69439392419,-78.6870510582199,57.3866027684925));
#554=CARTESIAN_POINT('Ctrl Pts',(113.594628391854,-50.7984398091421,58.0640849870017));
#555=CARTESIAN_POINT('Ctrl Pts',(126.297430042681,-23.0595969449699,57.9611614555105));
#556=CARTESIAN_POINT('Ctrl Pts',(133.31542059622,-9.22490639684021,57.6528372970167));
#557=CARTESIAN_POINT('Ctrl Pts',(138.296294603618,0.,57.3578189328054));
#558=CARTESIAN_POINT('Ctrl Pts',(85.5022944956574,-200.,35.9998356254791));
#559=CARTESIAN_POINT('Ctrl Pts',(86.5248603147303,-189.597499470211,38.4161630476414));
#560=CARTESIAN_POINT('Ctrl Pts',(89.0485704235301,-169.118128694158,42.7858961376495));
#561=CARTESIAN_POINT('Ctrl Pts',(94.6344694366933,-139.287350367676,48.067083209484));
#562=CARTESIAN_POINT('Ctrl Pts',(102.557616717356,-110.287772691473,52.1460687254646));
#563=CARTESIAN_POINT('Ctrl Pts',(115.036438805056,-77.3300266217062,55.5863572615588));
#564=CARTESIAN_POINT('Ctrl Pts',(129.164298931468,-49.8032455584506,57.3275598349349));
#565=CARTESIAN_POINT('Ctrl Pts',(145.754526411546,-22.5622824437118,58.4549665116347));
#566=CARTESIAN_POINT('Ctrl Pts',(154.966672255025,-9.01852481975964,58.8286993272226));
#567=CARTESIAN_POINT('Ctrl Pts',(161.530343452419,0.,59.0233496699169));
#568=CARTESIAN_POINT('Ctrl Pts',(90.6781405768825,-200.,29.928171279149));
#569=CARTESIAN_POINT('Ctrl Pts',(91.935240709755,-189.317003620745,32.6088391649069));
#570=CARTESIAN_POINT('Ctrl Pts',(95.0273654375314,-168.361852833462,37.5157696809081));
#571=CARTESIAN_POINT('Ctrl Pts',(101.887269512915,-138.067867776678,43.6549300815641));
#572=CARTESIAN_POINT('Ctrl Pts',(111.681704645583,-108.865160801573,48.6801227599714));
#573=CARTESIAN_POINT('Ctrl Pts',(127.210556977835,-75.9770827716615,53.3715631664602));
#574=CARTESIAN_POINT('Ctrl Pts',(144.886830125593,-48.7947812578721,56.3678942460341));
#575=CARTESIAN_POINT('Ctrl Pts',(165.704004430752,-22.0495902865859,58.9000289635646));
#576=CARTESIAN_POINT('Ctrl Pts',(177.284101650231,-8.80311678525751,60.0330907561743));
#577=CARTESIAN_POINT('Ctrl Pts',(185.546008903758,0.,60.7615041941374));
#578=CARTESIAN_POINT('Ctrl Pts',(94.8253565057366,-200.,23.1130769034489));
#579=CARTESIAN_POINT('Ctrl Pts',(96.3010834957605,-189.072759942153,26.0556475276727));
#580=CARTESIAN_POINT('Ctrl Pts',(100.002084078546,-167.693668484211,31.53195745135));
#581=CARTESIAN_POINT('Ctrl Pts',(108.362228495803,-136.965385122405,38.6614707567499));
#582=CARTESIAN_POINT('Ctrl Pts',(120.36545822869,-107.551568232344,44.8222107177231));
#583=CARTESIAN_POINT('Ctrl Pts',(139.406911469984,-74.6954044796423,51.0200267368953));
#584=CARTESIAN_POINT('Ctrl Pts',(161.051262202575,-47.8141641514413,55.4947735143517));
#585=CARTESIAN_POINT('Ctrl Pts',(186.4775374119,-21.5376980707883,59.6211836738761));
#586=CARTESIAN_POINT('Ctrl Pts',(200.595562063977,-8.58409816778685,61.5913571299976));
#587=CARTESIAN_POINT('Ctrl Pts',(210.652020645721,0.,62.8933919918413));
#588=CARTESIAN_POINT('Ctrl Pts',(98.8499214085878,-200.,13.2655808784216));
#589=CARTESIAN_POINT('Ctrl Pts',(100.567910952263,-188.823116344996,16.5534359649097));
#590=CARTESIAN_POINT('Ctrl Pts',(105.111050070607,-166.990936387622,22.831457114508));
#591=CARTESIAN_POINT('Ctrl Pts',(115.807265926903,-135.755288624061,31.4602156345682));
#592=CARTESIAN_POINT('Ctrl Pts',(131.271112194974,-106.055031009411,39.3890581011163));
#593=CARTESIAN_POINT('Ctrl Pts',(155.687219309523,-73.1711007963923,47.9333954295551));
#594=CARTESIAN_POINT('Ctrl Pts',(183.218229921619,-46.5986272604435,54.6682208775986));
#595=CARTESIAN_POINT('Ctrl Pts',(215.297147426476,-20.8778118344244,61.1613112349966));
#596=CARTESIAN_POINT('Ctrl Pts',(233.004371409111,-8.29448039980497,64.3433495466706));
#597=CARTESIAN_POINT('Ctrl Pts',(245.556487332521,0.,66.4577093321691));
#598=CARTESIAN_POINT('Ctrl Pts',(100.047601942642,-200.,5.30174845321556));
#599=CARTESIAN_POINT('Ctrl Pts',(101.860359760789,-188.752538332988,8.84340529879344));
#600=CARTESIAN_POINT('Ctrl Pts',(107.029813865721,-166.75515587844,15.7632927170445));
#601=CARTESIAN_POINT('Ctrl Pts',(119.837284132965,-135.256947186754,25.6904587793901));
#602=CARTESIAN_POINT('Ctrl Pts',(138.473492324309,-105.342668067293,35.1928290637062));
#603=CARTESIAN_POINT('Ctrl Pts',(167.682628511055,-72.3363262856623,45.8230455116382));
#604=CARTESIAN_POINT('Ctrl Pts',(200.268415064621,-45.8520971155207,54.5303660224938));
#605=CARTESIAN_POINT('Ctrl Pts',(237.853186223933,-20.4326298607328,63.0296360486823));
#606=CARTESIAN_POINT('Ctrl Pts',(258.451403733848,-8.08809882272438,67.2149081787392));
#607=CARTESIAN_POINT('Ctrl Pts',(272.962364789477,0.,69.9855909706426));
#608=CARTESIAN_POINT('Ctrl Pts',(99.9950964681825,-200.,-4.45476988630844E-14));
#609=CARTESIAN_POINT('Ctrl Pts',(101.804368204172,-188.785011265165,3.70789509051662));
#610=CARTESIAN_POINT('Ctrl Pts',(107.333105666506,-166.798146587587,11.0576923024817));
#611=CARTESIAN_POINT('Ctrl Pts',(121.629638429978,-135.210480436467,21.8749830369837));
#612=CARTESIAN_POINT('Ctrl Pts',(142.550855094934,-105.159559869951,32.463405624013));
#613=CARTESIAN_POINT('Ctrl Pts',(175.176839172872,-72.0064802413428,44.5326551461643));
#614=CARTESIAN_POINT('Ctrl Pts',(211.302698357363,-45.48262113243,54.5957910299209));
#615=CARTESIAN_POINT('Ctrl Pts',(252.691045706237,-20.1795154316807,64.4771196100569));
#616=CARTESIAN_POINT('Ctrl Pts',(275.258646141773,-7.96254638123264,69.3530611573224));
#617=CARTESIAN_POINT('Ctrl Pts',(291.088717882799,0.,72.5765686799002));
#618=CARTESIAN_POINT('',(134.661114751922,0.,56.9960376295475));
#619=CARTESIAN_POINT('Ctrl Pts',(291.088717882799,0.,72.5765686799002));
#620=CARTESIAN_POINT('Ctrl Pts',(287.171098096816,0.,72.0165847997138));
#621=CARTESIAN_POINT('Ctrl Pts',(279.395154068601,0.,70.9247500357831));
#622=CARTESIAN_POINT('Ctrl Pts',(267.909125431356,0.,69.3713968051476));
#623=CARTESIAN_POINT('Ctrl Pts',(252.951640587374,0.,67.4697465147986));
#624=CARTESIAN_POINT('Ctrl Pts',(234.851338412871,0.,65.3752849831753));
#625=CARTESIAN_POINT('Ctrl Pts',(217.335938809832,0.,63.5566402277707));
#626=CARTESIAN_POINT('Ctrl Pts',(200.370433541482,0.,61.9945492139616));
#627=CARTESIAN_POINT('Ctrl Pts',(183.884047451958,0.,60.65124228146));
#628=CARTESIAN_POINT('Ctrl Pts',(167.759650956967,0.,59.46420318356));
#629=CARTESIAN_POINT('Ctrl Pts',(154.778471587693,0.,58.5480222710794));
#630=CARTESIAN_POINT('Ctrl Pts',(144.975230619603,0.,57.8256626727925));
#631=CARTESIAN_POINT('Ctrl Pts',(138.333865528854,0.,57.3004410109657));
#632=CARTESIAN_POINT('Ctrl Pts',(134.888870747165,0.,57.0149685890607));
#633=CARTESIAN_POINT('Ctrl Pts',(134.661114751922,0.,56.9960376295475));
#634=CARTESIAN_POINT('Ctrl Pts',(134.661114751922,0.,56.9960376295475));
#635=CARTESIAN_POINT('Ctrl Pts',(131.670905771476,0.,56.7474930189683));
#636=CARTESIAN_POINT('Ctrl Pts',(125.445554103755,0.,56.2093769000471));
#637=CARTESIAN_POINT('Ctrl Pts',(115.92812917778,0.,55.3067454349899));
#638=CARTESIAN_POINT('Ctrl Pts',(102.996605919698,0.,53.8480937304229));
#639=CARTESIAN_POINT('Ctrl Pts',(86.5323110094172,0.,51.3818162061272));
#640=CARTESIAN_POINT('Ctrl Pts',(69.8118330657533,0.,47.9474327665926));
#641=CARTESIAN_POINT('Ctrl Pts',(53.518889013306,0.,43.2853762165243));
#642=CARTESIAN_POINT('Ctrl Pts',(38.2370621153776,0.,37.2034105231662));
#643=CARTESIAN_POINT('Ctrl Pts',(24.6264695045396,0.,29.7146508687485));
#644=CARTESIAN_POINT('Ctrl Pts',(13.3557291672031,0.,21.1607812887458));
#645=CARTESIAN_POINT('Ctrl Pts',(5.03731057194313,0.,12.3135889955196));
#646=CARTESIAN_POINT('Ctrl Pts',(1.13206497184659,0.,6.09977648917401));
#647=CARTESIAN_POINT('Ctrl Pts',(-0.105781212403172,0.,2.54203008106174));
#648=CARTESIAN_POINT('Ctrl Pts',(-0.163224793266408,0.,0.750592662835854));
#649=CARTESIAN_POINT('Ctrl Pts',(0.,0.,0.));
#650=CARTESIAN_POINT('Origin',(41.2284447493612,1200.,2.58346801497893));
#651=CARTESIAN_POINT('',(89.9451744317186,1200.,3.14095470322509));
#652=CARTESIAN_POINT('',(0.,1200.,0.));
#653=CARTESIAN_POINT('Ctrl Pts',(89.9451744317186,1200.,3.14095470322509));
#654=CARTESIAN_POINT('Ctrl Pts',(89.2541159424455,1200.,3.1954142118422));
#655=CARTESIAN_POINT('Ctrl Pts',(87.8370764090616,1200.,3.30674453143846));
#656=CARTESIAN_POINT('Ctrl Pts',(85.6067494173126,1200.,3.48097387692739));
#657=CARTESIAN_POINT('Ctrl Pts',(82.4225898326918,1200.,3.72780679901143));
#658=CARTESIAN_POINT('Ctrl Pts',(78.0911869598408,1200.,4.06066102505731));
#659=CARTESIAN_POINT('Ctrl Pts',(73.4158140533751,1200.,4.41752561668712));
#660=CARTESIAN_POINT('Ctrl Pts',(68.4179578256257,1200.,4.79730059394508));
#661=CARTESIAN_POINT('Ctrl Pts',(63.1405057256868,1200.,5.19769535498387));
#662=CARTESIAN_POINT('Ctrl Pts',(57.6547633509445,1200.,5.61472933243452));
#663=CARTESIAN_POINT('Ctrl Pts',(52.0483135304883,1200.,6.04034964948359));
#664=CARTESIAN_POINT('Ctrl Pts',(46.413559739502,1200.,6.45994942949181));
#665=CARTESIAN_POINT('Ctrl Pts',(40.83675518976,1200.,6.84998964610611));
#666=CARTESIAN_POINT('Ctrl Pts',(35.3858088788336,1200.,7.17503959647761));
#667=CARTESIAN_POINT('Ctrl Pts',(30.1007390547665,1200.,7.38583366981982));
#668=CARTESIAN_POINT('Ctrl Pts',(24.9761913517623,1200.,7.41431058580357));
#669=CARTESIAN_POINT('Ctrl Pts',(19.9912531267942,1200.,7.18701316098746));
#670=CARTESIAN_POINT('Ctrl Pts',(15.1498462437532,1200.,6.64271886094692));
#671=CARTESIAN_POINT('Ctrl Pts',(10.5204796685847,1200.,5.75019384303742));
#672=CARTESIAN_POINT('Ctrl Pts',(6.27061903260444,1200.,4.52400433972027));
#673=CARTESIAN_POINT('Ctrl Pts',(2.71996937291057,1200.,3.04857221978082));
#674=CARTESIAN_POINT('Ctrl Pts',(0.81623374864991,1200.,1.79417564524906));
#675=CARTESIAN_POINT('Ctrl Pts',(0.105476619493494,1200.,0.878614330602367));
#676=CARTESIAN_POINT('Ctrl Pts',(-0.0224812250635154,1200.,0.289355090181171));
#677=CARTESIAN_POINT('Ctrl Pts',(0.,1200.,0.));
#678=CARTESIAN_POINT('Ctrl Pts',(0.,1200.,0.));
#679=CARTESIAN_POINT('Ctrl Pts',(0.0236492989908044,1200.,-0.304389330335924));
#680=CARTESIAN_POINT('Ctrl Pts',(0.256857939400952,1200.,-0.852497676738211));
#681=CARTESIAN_POINT('Ctrl Pts',(1.16448165324476,1200.,-1.49263712938247));
#682=CARTESIAN_POINT('Ctrl Pts',(3.37963797710355,1200.,-2.00476244271645));
#683=CARTESIAN_POINT('Ctrl Pts',(7.25692530484313,1200.,-2.19806973203698));
#684=CARTESIAN_POINT('Ctrl Pts',(11.6220316786502,1200.,-2.08911977459468));
#685=CARTESIAN_POINT('Ctrl Pts',(16.0808956745145,1200.,-1.79535242890473));
#686=CARTESIAN_POINT('Ctrl Pts',(20.4587193203335,1200.,-1.40297039663698));
#687=CARTESIAN_POINT('Ctrl Pts',(24.7241313408561,1200.,-0.973949862869925));
#688=CARTESIAN_POINT('Ctrl Pts',(28.9379264101284,1200.,-0.548990749850695));
#689=CARTESIAN_POINT('Ctrl Pts',(33.1966398930437,1200.,-0.151841912938409));
#690=CARTESIAN_POINT('Ctrl Pts',(37.5711645627727,1200.,0.207248371737005));
#691=CARTESIAN_POINT('Ctrl Pts',(42.0997140630737,1200.,0.528144943462525));
#692=CARTESIAN_POINT('Ctrl Pts',(46.7995068826201,1200.,0.817818696975294));
#693=CARTESIAN_POINT('Ctrl Pts',(51.6717389005291,1200.,1.08729305606226));
#694=CARTESIAN_POINT('Ctrl Pts',(56.7086225479394,1200.,1.34889696411296));
#695=CARTESIAN_POINT('Ctrl Pts',(61.8997816717359,1200.,1.61305151371195));
#696=CARTESIAN_POINT('Ctrl Pts',(67.2365089016494,1200.,1.88661717217486));
#697=CARTESIAN_POINT('Ctrl Pts',(72.7112838016117,1200.,2.17399733091721));
#698=CARTESIAN_POINT('Ctrl Pts',(78.3182730403419,1200.,2.47757928573733));
#699=CARTESIAN_POINT('Ctrl Pts',(82.9062986644059,1200.,2.73422915493508));
#700=CARTESIAN_POINT('Ctrl Pts',(86.4038440805974,1200.,2.93455558093178));
#701=CARTESIAN_POINT('Ctrl Pts',(88.7605609631763,1200.,3.07157665282363));
#702=CARTESIAN_POINT('Ctrl Pts',(89.9451744317186,1200.,3.14095470322509));
#703=CARTESIAN_POINT('Ctrl Pts',(291.088717882799,0.,72.5765686799002));
#704=CARTESIAN_POINT('Ctrl Pts',(287.218831192786,24.9985034862534,69.9245701066627));
#705=CARTESIAN_POINT('Ctrl Pts',(279.425785381108,74.9943741870387,64.8006813768069));
#706=CARTESIAN_POINT('Ctrl Pts',(267.573911233524,149.992933130997,57.6584647272029));
#707=CARTESIAN_POINT('Ctrl Pts',(255.558749400391,224.993348066166,51.0653332009335));
#708=CARTESIAN_POINT('Ctrl Pts',(247.440457674736,274.99709933178,47.0329522994482));
#709=CARTESIAN_POINT('Ctrl Pts',(239.272072780844,324.994852096964,43.1741336187219));
#710=CARTESIAN_POINT('Ctrl Pts',(231.053002788367,374.990440385594,39.4884529250454));
#711=CARTESIAN_POINT('Ctrl Pts',(218.587437909219,449.993452283861,34.4219816217402));
#712=CARTESIAN_POINT('Ctrl Pts',(206.009153410147,524.999665410002,29.7481076302354));
#713=CARTESIAN_POINT('Ctrl Pts',(197.565006429496,575.001266816505,26.8519532925916));
#714=CARTESIAN_POINT('Ctrl Pts',(189.098581280679,624.998029207796,24.0534405319207));
#715=CARTESIAN_POINT('Ctrl Pts',(180.609013485515,674.995103309625,21.352267341334));
#716=CARTESIAN_POINT('Ctrl Pts',(167.816173449564,749.992960016659,17.5963704793532));
#717=CARTESIAN_POINT('Ctrl Pts',(154.969399300701,824.994390603809,14.1685345274718));
#718=CARTESIAN_POINT('Ctrl Pts',(146.369584820546,874.997506750878,12.1310259786304));
#719=CARTESIAN_POINT('Ctrl Pts',(137.754736101235,924.985811510377,10.2303636658345));
#720=CARTESIAN_POINT('Ctrl Pts',(129.123290128574,974.968472527848,8.46604651508941));
#721=CARTESIAN_POINT('Ctrl Pts',(116.119426590418,1049.96821737893,6.2434608600844));
#722=CARTESIAN_POINT('Ctrl Pts',(103.061674030312,1124.9834316857,4.44665405091345));
#723=CARTESIAN_POINT('Ctrl Pts',(94.3228224879537,1174.99475223165,3.52973635265993));
#724=CARTESIAN_POINT('Ctrl Pts',(89.9451744317186,1200.,3.14095470322509));
#725=CARTESIAN_POINT('Ctrl Pts',(275.77449880723,0.,70.3875569103952));
#726=CARTESIAN_POINT('Ctrl Pts',(272.12599647898,24.9984534288021,67.7906420470711));
#727=CARTESIAN_POINT('Ctrl Pts',(264.758448431577,74.9942422246782,62.769599842551));
#728=CARTESIAN_POINT('Ctrl Pts',(253.527183519895,149.992748281244,55.7861713344386));
#729=CARTESIAN_POINT('Ctrl Pts',(242.149054733776,224.99319564239,49.382787553907));
#730=CARTESIAN_POINT('Ctrl Pts',(234.4891363285,274.997035632535,45.515177580219));
#731=CARTESIAN_POINT('Ctrl Pts',(226.80725214265,324.99491577571,41.8490516245508));
#732=CARTESIAN_POINT('Ctrl Pts',(219.128635692074,374.990545348401,38.4011430745448));
#733=CARTESIAN_POINT('Ctrl Pts',(207.549159612667,449.993482967784,33.74629598742));
#734=CARTESIAN_POINT('Ctrl Pts',(195.845693642062,524.999607647449,29.4586422743875));
#735=CARTESIAN_POINT('Ctrl Pts',(187.919447434883,575.001222014474,26.7494439057416));
#736=CARTESIAN_POINT('Ctrl Pts',(179.909357726572,624.99807400856,24.075829688079));
#737=CARTESIAN_POINT('Ctrl Pts',(171.784245391068,674.995157117454,21.4444887652072));
#738=CARTESIAN_POINT('Ctrl Pts',(159.42174515125,749.992916483412,17.6891357910128));
#739=CARTESIAN_POINT('Ctrl Pts',(147.048263693021,824.994269815599,14.2186309205547));
#740=CARTESIAN_POINT('Ctrl Pts',(138.898814852101,874.997435153367,12.1645333981998));
#741=CARTESIAN_POINT('Ctrl Pts',(130.854674638499,924.98588306012,10.2735425223663));
#742=CARTESIAN_POINT('Ctrl Pts',(122.888499149287,974.968487793725,8.52807484490205));
#743=CARTESIAN_POINT('Ctrl Pts',(111.06409426047,1049.96791820271,6.35070402503917));
#744=CARTESIAN_POINT('Ctrl Pts',(99.2646522381359,1124.98295610678,4.60545232298974));
#745=CARTESIAN_POINT('Ctrl Pts',(91.3487338125666,1174.9944965248,3.720062462314));
#746=CARTESIAN_POINT('Ctrl Pts',(87.3614570255635,1200.,3.34456696257625));
#747=CARTESIAN_POINT('Ctrl Pts',(246.233671197552,0.,66.5263693874391));
#748=CARTESIAN_POINT('Ctrl Pts',(243.01835132021,24.9982984449689,64.0197466067358));
#749=CARTESIAN_POINT('Ctrl Pts',(236.504131004535,74.9938048256429,59.185878716691));
#750=CARTESIAN_POINT('Ctrl Pts',(226.532173433932,149.992088463579,52.5223558754763));
#751=CARTESIAN_POINT('Ctrl Pts',(216.411204705727,224.992625145221,46.4963740135871));
#752=CARTESIAN_POINT('Ctrl Pts',(209.60095925549,274.996793689774,42.9292950473861));
#753=CARTESIAN_POINT('Ctrl Pts',(202.781346469361,324.995157473845,39.5920862230596));
#754=CARTESIAN_POINT('Ctrl Pts',(196.051312526425,374.99099432888,36.5568363600153));
#755=CARTESIAN_POINT('Ctrl Pts',(186.019782882409,449.993761119571,32.6248312696676));
#756=CARTESIAN_POINT('Ctrl Pts',(175.855987678547,524.999574498459,29.0144217154389));
#757=CARTESIAN_POINT('Ctrl Pts',(168.861634814213,575.001136171427,26.6279306908583));
#758=CARTESIAN_POINT('Ctrl Pts',(161.691196094462,624.998160238337,24.165350860444));
#759=CARTESIAN_POINT('Ctrl Pts',(154.300611301541,674.995243074289,21.6680413373199));
#760=CARTESIAN_POINT('Ctrl Pts',(142.925282843568,749.992747874616,17.955560611615));
#761=CARTESIAN_POINT('Ctrl Pts',(131.623460929525,824.993917931295,14.4486362616309));
#762=CARTESIAN_POINT('Ctrl Pts',(124.376884403403,874.997236904355,12.3716817416542));
#763=CARTESIAN_POINT('Ctrl Pts',(117.395458341153,924.986080870361,10.4853900939629));
#764=CARTESIAN_POINT('Ctrl Pts',(110.651936244757,974.968530610604,8.76533170560269));
#765=CARTESIAN_POINT('Ctrl Pts',(100.956324560396,1049.9671176057,6.66285051590678));
#766=CARTESIAN_POINT('Ctrl Pts',(91.3947198375345,1124.98169278548,5.00088542255672));
#767=CARTESIAN_POINT('Ctrl Pts',(84.9196567909861,1174.99382006633,4.15636942366111));
#768=CARTESIAN_POINT('Ctrl Pts',(81.6091923422827,1200.,3.79242491645885));
#769=CARTESIAN_POINT('Ctrl Pts',(205.199996240317,0.,62.285855466041));
#770=CARTESIAN_POINT('Ctrl Pts',(202.604303821672,24.9980001889314,59.8846664250611));
#771=CARTESIAN_POINT('Ctrl Pts',(197.344601339461,74.992936625503,55.2940079787338));
#772=CARTESIAN_POINT('Ctrl Pts',(189.246073322248,149.990741687095,49.0797018089589));
#773=CARTESIAN_POINT('Ctrl Pts',(180.936942047531,224.991445049577,43.5711961531865));
#774=CARTESIAN_POINT('Ctrl Pts',(175.260005065299,274.996293381416,40.3785041083799));
#775=CARTESIAN_POINT('Ctrl Pts',(169.521007339071,324.995657210282,37.4178508799732));
#776=CARTESIAN_POINT('Ctrl Pts',(163.858530856698,374.991959817599,34.8279335848536));
#777=CARTESIAN_POINT('Ctrl Pts',(155.415632842824,449.994453473371,31.641864892378));
#778=CARTESIAN_POINT('Ctrl Pts',(146.85675460507,524.999634372924,28.7205285795984));
#779=CARTESIAN_POINT('Ctrl Pts',(140.96213681043,575.001011897808,26.6697652573995));
#780=CARTESIAN_POINT('Ctrl Pts',(134.914357477688,624.998285539899,24.4445423014283));
#781=CARTESIAN_POINT('Ctrl Pts',(128.674243607961,674.995353675269,22.1410061979981));
#782=CARTESIAN_POINT('Ctrl Pts',(119.121029996023,749.992405184326,18.5949871573577));
#783=CARTESIAN_POINT('Ctrl Pts',(109.745259348859,824.993258654081,15.156886305607));
#784=CARTESIAN_POINT('Ctrl Pts',(103.854932412069,874.996873462722,13.0839737582274));
#785=CARTESIAN_POINT('Ctrl Pts',(98.2665569123263,924.986443346478,11.1914838468778));
#786=CARTESIAN_POINT('Ctrl Pts',(93.0120896496033,974.968600612311,9.4789985008682));
#787=CARTESIAN_POINT('Ctrl Pts',(85.7222686508853,1049.96566018385,7.41472501304636));
#788=CARTESIAN_POINT('Ctrl Pts',(78.6224152101712,1124.97941725427,5.79326439133098));
#789=CARTESIAN_POINT('Ctrl Pts',(73.7488934020097,1174.99260765761,4.95658054774849));
#790=CARTESIAN_POINT('Ctrl Pts',(71.2102426339113,1200.,4.58604202307488));
#791=CARTESIAN_POINT('Ctrl Pts',(173.408025940226,0.,59.8643594936137));
#792=CARTESIAN_POINT('Ctrl Pts',(171.302422834053,24.9977790858873,57.5506870631253));
#793=CARTESIAN_POINT('Ctrl Pts',(167.04056646567,74.992293361154,53.1530807762658));
#794=CARTESIAN_POINT('Ctrl Pts',(160.434281300529,149.989749484884,47.276091312667));
#795=CARTESIAN_POINT('Ctrl Pts',(153.556252050031,224.990585166818,42.1429064738562));
#796=CARTESIAN_POINT('Ctrl Pts',(148.756810178073,274.995933646305,39.2139899326956));
#797=CARTESIAN_POINT('Ctrl Pts',(143.840492844409,324.996016405491,36.5136176005627));
#798=CARTESIAN_POINT('Ctrl Pts',(138.85810546594,374.992653281764,34.1711880481377));
#799=CARTESIAN_POINT('Ctrl Pts',(131.233016576304,449.994947084463,31.3196912079006));
#800=CARTESIAN_POINT('Ctrl Pts',(123.517695477798,524.999661111202,28.69172835668));
#801=CARTESIAN_POINT('Ctrl Pts',(118.35429657167,575.000906654686,26.8101315907045));
#802=CARTESIAN_POINT('Ctrl Pts',(113.196585662837,624.998391837923,24.7476240020272));
#803=CARTESIAN_POINT('Ctrl Pts',(107.967658048565,674.995469595932,22.6066479344725));
#804=CARTESIAN_POINT('Ctrl Pts',(100.141666933476,749.992173849311,19.2625272602388));
#805=CARTESIAN_POINT('Ctrl Pts',(92.5452887989629,824.992765693755,15.962607819849));
#806=CARTESIAN_POINT('Ctrl Pts',(87.7684126483352,874.996597973181,13.9302836905682));
#807=CARTESIAN_POINT('Ctrl Pts',(83.202638009616,924.986717890252,12.0471442210374));
#808=CARTESIAN_POINT('Ctrl Pts',(78.9112297340305,974.968637814992,10.3283267764568));
#809=CARTESIAN_POINT('Ctrl Pts',(72.9712239457284,1049.96452338241,8.23374250477355));
#810=CARTESIAN_POINT('Ctrl Pts',(67.210140571895,1124.97766734543,6.57745063197781));
#811=CARTESIAN_POINT('Ctrl Pts',(63.2781929636324,1174.99167974506,5.72112795526159));
#812=CARTESIAN_POINT('Ctrl Pts',(61.2368809716916,1200.,5.34278358219532));
#813=CARTESIAN_POINT('Ctrl Pts',(148.48698888792,0.,58.1018984484575));
#814=CARTESIAN_POINT('Ctrl Pts',(146.757005535953,24.9976680716848,55.8728383629601));
#815=CARTESIAN_POINT('Ctrl Pts',(143.25284356517,74.9919810602047,51.649489703103));
#816=CARTESIAN_POINT('Ctrl Pts',(137.776704835596,149.989290425573,46.0510466554468));
#817=CARTESIAN_POINT('Ctrl Pts',(131.997322415472,224.990207676455,41.2131256527327));
#818=CARTESIAN_POINT('Ctrl Pts',(127.893935739167,274.995783256307,38.4881820568683));
#819=CARTESIAN_POINT('Ctrl Pts',(123.648761662358,324.996166485682,35.9902204097342));
#820=CARTESIAN_POINT('Ctrl Pts',(119.234924404865,374.992928781153,33.8062985570848));
#821=CARTESIAN_POINT('Ctrl Pts',(112.318301008843,449.995104363968,31.1132668936135));
#822=CARTESIAN_POINT('Ctrl Pts',(105.332318446259,524.999599865896,28.6124759414544));
#823=CARTESIAN_POINT('Ctrl Pts',(100.778956496945,575.000818102482,26.8296848764289));
#824=CARTESIAN_POINT('Ctrl Pts',(96.3471325107773,624.998481077737,24.8948475458555));
#825=CARTESIAN_POINT('Ctrl Pts',(91.9388396681705,674.995599938327,22.886117779114));
#826=CARTESIAN_POINT('Ctrl Pts',(85.4937214359753,749.992098752544,19.7200359195737));
#827=CARTESIAN_POINT('Ctrl Pts',(79.2900115104415,824.9925048745,16.5577158327797));
#828=CARTESIAN_POINT('Ctrl Pts',(75.3558895776396,874.996443526522,14.5806168676199));
#829=CARTESIAN_POINT('Ctrl Pts',(71.5427753598162,924.98687175816,12.7290060528323));
#830=CARTESIAN_POINT('Ctrl Pts',(67.9159260815855,974.968639348798,11.0183607546726));
#831=CARTESIAN_POINT('Ctrl Pts',(62.8285552675272,1049.96383560349,8.90145063351384));
#832=CARTESIAN_POINT('Ctrl Pts',(57.8958702869893,1124.97663325143,7.21663971552179));
#833=CARTESIAN_POINT('Ctrl Pts',(54.5804498752808,1174.99113544568,6.35309919162892));
#834=CARTESIAN_POINT('Ctrl Pts',(52.8837002663656,1200.,5.97769539312024));
#835=CARTESIAN_POINT('Ctrl Pts',(129.70219244496,0.,56.6381030951747));
#836=CARTESIAN_POINT('Ctrl Pts',(128.245526806795,24.9976300685249,54.4834992137565));
#837=CARTESIAN_POINT('Ctrl Pts',(125.286887607876,74.9918865430529,50.4105091304178));
#838=CARTESIAN_POINT('Ctrl Pts',(120.622625952427,149.989177621372,45.0431077371673));
#839=CARTESIAN_POINT('Ctrl Pts',(115.646025285281,224.990138839002,40.4413383341943));
#840=CARTESIAN_POINT('Ctrl Pts',(112.070817418415,274.995764905889,37.8746712144586));
#841=CARTESIAN_POINT('Ctrl Pts',(108.350424318832,324.996184667723,35.5321862209));
#842=CARTESIAN_POINT('Ctrl Pts',(104.428082727818,374.992942593478,33.4614551721266));
#843=CARTESIAN_POINT('Ctrl Pts',(98.2052587304753,449.995056626974,30.8645774139119));
#844=CARTESIAN_POINT('Ctrl Pts',(91.9271118447631,524.999495445489,28.436790584572));
#845=CARTESIAN_POINT('Ctrl Pts',(87.893152053019,575.000748703572,26.7226799723695));
#846=CARTESIAN_POINT('Ctrl Pts',(84.0229392604969,624.998550903081,24.8869814250344));
#847=CARTESIAN_POINT('Ctrl Pts',(80.2262339318307,674.995722358094,22.979287328555));
#848=CARTESIAN_POINT('Ctrl Pts',(74.7704191693373,749.992116774832,19.9507438842428));
#849=CARTESIAN_POINT('Ctrl Pts',(69.5475702672107,824.992400923476,16.9008839454038));
#850=CARTESIAN_POINT('Ctrl Pts',(66.2072374309822,874.996373025116,14.9770539950106));
#851=CARTESIAN_POINT('Ctrl Pts',(62.9302948753297,924.986941916882,13.1649465822448));
#852=CARTESIAN_POINT('Ctrl Pts',(59.772071209226,974.968622491979,11.4747604249277));
#853=CARTESIAN_POINT('Ctrl Pts',(55.2758639162358,1049.96347431384,9.35937758254301));
#854=CARTESIAN_POINT('Ctrl Pts',(50.913269448784,1124.97611012714,7.6704859421833));
#855=CARTESIAN_POINT('Ctrl Pts',(48.0246018900017,1174.99086329841,6.81432768109974));
#856=CARTESIAN_POINT('Ctrl Pts',(46.5681696943944,1200.,6.44836651485499));
#857=CARTESIAN_POINT('Ctrl Pts',(113.777499436471,0.,55.0772449476922));
#858=CARTESIAN_POINT('Ctrl Pts',(112.541456003386,24.9976464710648,52.9969398535664));
#859=CARTESIAN_POINT('Ctrl Pts',(110.01519893205,74.991956302525,49.0746521961249));
#860=CARTESIAN_POINT('Ctrl Pts',(105.990808297399,149.989330022284,43.9357351241633));
#861=CARTESIAN_POINT('Ctrl Pts',(101.663462858779,224.990309272949,39.5600213876718));
#862=CARTESIAN_POINT('Ctrl Pts',(98.5398889737574,274.995849812735,37.1379116432986));
#863=CARTESIAN_POINT('Ctrl Pts',(95.2871034668848,324.996099739667,34.9335256530144));
#864=CARTESIAN_POINT('Ctrl Pts',(91.8596906245005,374.992749146877,32.9643115832382));
#865=CARTESIAN_POINT('Ctrl Pts',(86.4244214710824,449.994839685245,30.455899052958));
#866=CARTESIAN_POINT('Ctrl Pts',(80.9427126765627,524.999345361934,28.0971269340543));
#867=CARTESIAN_POINT('Ctrl Pts',(77.4213451753874,575.00068768215,26.4466522619085));
#868=CARTESIAN_POINT('Ctrl Pts',(74.0420385487271,624.998612134801,24.7002550901281));
#869=CARTESIAN_POINT('Ctrl Pts',(70.7462380164017,674.995849790015,22.8809427110678));
#870=CARTESIAN_POINT('Ctrl Pts',(66.0457650583911,749.992209874637,19.9728605497208));
#871=CARTESIAN_POINT('Ctrl Pts',(61.5548827355461,824.992411455673,17.0269284179516));
#872=CARTESIAN_POINT('Ctrl Pts',(58.6681822014468,874.996362368101,15.1597729428186));
#873=CARTESIAN_POINT('Ctrl Pts',(55.8181013738648,924.986952421684,13.3969949228181));
#874=CARTESIAN_POINT('Ctrl Pts',(53.0421173866865,974.968590198127,11.7419395685619));
#875=CARTESIAN_POINT('Ctrl Pts',(49.0444612569306,1049.96333848918,9.65663408544561));
#876=CARTESIAN_POINT('Ctrl Pts',(45.1644469300618,1124.97594248215,7.99260647062949));
#877=CARTESIAN_POINT('Ctrl Pts',(42.6262284888964,1174.99078085129,7.16011239909952));
#878=CARTESIAN_POINT('Ctrl Pts',(41.3620980535789,1200.,6.8102483163692));
#879=CARTESIAN_POINT('Ctrl Pts',(100.848735087053,0.,53.447260023046));
#880=CARTESIAN_POINT('Ctrl Pts',(99.7848193317282,24.9976945218542,51.4355899823902));
#881=CARTESIAN_POINT('Ctrl Pts',(97.587958611338,74.9921205227699,47.6557923572466));
#882=CARTESIAN_POINT('Ctrl Pts',(94.0456538020536,149.989631819909,42.7355285129635));
#883=CARTESIAN_POINT('Ctrl Pts',(90.220991041695,224.990611832026,38.5722236178249));
#884=CARTESIAN_POINT('Ctrl Pts',(87.4682227911011,274.995990704024,36.2795669542008));
#885=CARTESIAN_POINT('Ctrl Pts',(84.6151594076237,324.995958865983,34.1940693954028));
#886=CARTESIAN_POINT('Ctrl Pts',(81.6418400145123,374.992444811873,32.318321121855));
#887=CARTESIAN_POINT('Ctrl Pts',(76.9714729600377,449.994536386314,29.9043692838251));
#888=CARTESIAN_POINT('Ctrl Pts',(72.2592043111794,524.999178879025,27.6241457791701));
#889=CARTESIAN_POINT('Ctrl Pts',(69.2009539878797,575.000636554041,26.0357530191591));
#890=CARTESIAN_POINT('Ctrl Pts',(66.2332503470543,624.998663355211,24.3671269588985));
#891=CARTESIAN_POINT('Ctrl Pts',(63.3319033246079,674.995969918119,22.6247411562926));
#892=CARTESIAN_POINT('Ctrl Pts',(59.1828469455202,749.992340886907,19.8244128586868));
#893=CARTESIAN_POINT('Ctrl Pts',(55.2137183915108,824.992490615582,16.9756193395047));
#894=CARTESIAN_POINT('Ctrl Pts',(52.6619185458276,874.996388879206,15.1647445507182));
#895=CARTESIAN_POINT('Ctrl Pts',(50.14355161142,924.986925865786,13.4531920934677));
#896=CARTESIAN_POINT('Ctrl Pts',(47.6762984675263,974.968551469829,11.8406407545285));
#897=CARTESIAN_POINT('Ctrl Pts',(44.1026794139937,1049.96335083768,9.8044147443127));
#898=CARTESIAN_POINT('Ctrl Pts',(40.6372802331094,1124.97600410584,8.18514078283127));
#899=CARTESIAN_POINT('Ctrl Pts',(38.3890084696409,1174.99082003782,7.38604639271318));
#900=CARTESIAN_POINT('Ctrl Pts',(37.2782164636765,1200.,7.05532528417361));
#901=CARTESIAN_POINT('Ctrl Pts',(94.3392953042034,0.,52.4721144625756));
#902=CARTESIAN_POINT('Ctrl Pts',(93.3599716760817,24.9977312519902,50.4981377199992));
#903=CARTESIAN_POINT('Ctrl Pts',(91.3215260804778,74.9922419725843,46.7980833450544));
#904=CARTESIAN_POINT('Ctrl Pts',(88.0082726943775,149.989848040249,42.001721403977));
#905=CARTESIAN_POINT('Ctrl Pts',(84.4278093774952,224.99082343995,37.9577105434198));
#906=CARTESIAN_POINT('Ctrl Pts',(81.8637929313041,274.996087632222,35.7354973155024));
#907=CARTESIAN_POINT('Ctrl Pts',(79.2203797503192,324.995861980666,33.7127945213312));
#908=CARTESIAN_POINT('Ctrl Pts',(76.4917546860795,374.992238364746,31.8891199566772));
#909=CARTESIAN_POINT('Ctrl Pts',(72.241650506095,449.994337580265,29.533209067807));
#910=CARTESIAN_POINT('Ctrl Pts',(67.9509104656703,524.999078728295,27.3029108740433));
#911=CARTESIAN_POINT('Ctrl Pts',(65.1398716774558,575.000610144122,25.7504389076519));
#912=CARTESIAN_POINT('Ctrl Pts',(62.3851189344587,624.998689766964,24.1231947603904));
#913=CARTESIAN_POINT('Ctrl Pts',(59.679359180245,674.996036525751,22.4223422035816));
#914=CARTESIAN_POINT('Ctrl Pts',(55.7883523999549,749.992426848385,19.6821318146376));
#915=CARTESIAN_POINT('Ctrl Pts',(52.0585946336413,824.992555856249,16.889018373975));
#916=CARTESIAN_POINT('Ctrl Pts',(49.6649825649671,874.996414847587,15.1109035182432));
#917=CARTESIAN_POINT('Ctrl Pts',(47.3095795238937,924.986899915262,13.4292044212068));
#918=CARTESIAN_POINT('Ctrl Pts',(44.9982978001227,974.96852748422,11.8431899313339));
#919=CARTESIAN_POINT('Ctrl Pts',(41.6466283784988,1049.96340099921,9.84081642762746));
#920=CARTESIAN_POINT('Ctrl Pts',(38.3999861812534,1124.97610595316,8.25320424277082));
#921=CARTESIAN_POINT('Ctrl Pts',(36.3013073665786,1174.99087778104,7.47619154663665));
#922=CARTESIAN_POINT('Ctrl Pts',(35.2677292833218,1200.,7.15734805874542));
#923=CARTESIAN_POINT('Ctrl Pts',(87.6912959111574,0.,51.3771939626022));
#924=CARTESIAN_POINT('Ctrl Pts',(86.7974876708747,24.9977756965513,49.4435368160148));
#925=CARTESIAN_POINT('Ctrl Pts',(84.9169311404974,74.9923875395921,45.8298216840784));
#926=CARTESIAN_POINT('Ctrl Pts',(81.8299055894468,149.990104582843,41.168796597645));
#927=CARTESIAN_POINT('Ctrl Pts',(78.4938392654884,224.991072524941,37.2546419599715));
#928=CARTESIAN_POINT('Ctrl Pts',(76.1240551484753,274.996201077008,35.1078233112369));
#929=CARTESIAN_POINT('Ctrl Pts',(73.7000834050487,324.995748586228,33.1511510863496));
#930=CARTESIAN_POINT('Ctrl Pts',(71.2284930256503,374.991997872022,31.3839600395511));
#931=CARTESIAN_POINT('Ctrl Pts',(67.4207358990062,449.994108785061,29.0942761575881));
#932=CARTESIAN_POINT('Ctrl Pts',(63.5730471084938,524.998967238701,26.9218247928682));
#933=CARTESIAN_POINT('Ctrl Pts',(61.0204439572055,575.000582747692,25.4090761218846));
#934=CARTESIAN_POINT('Ctrl Pts',(58.4869555091559,624.998717150516,23.8255061144633));
#935=CARTESIAN_POINT('Ctrl Pts',(55.9802061844271,674.996108045059,22.1691973553657));
#936=CARTESIAN_POINT('Ctrl Pts',(52.3437811196359,749.992525772287,19.4950652831516));
#937=CARTESIAN_POINT('Ctrl Pts',(48.8474948795228,824.992636532155,16.7639469080565));
#938=CARTESIAN_POINT('Ctrl Pts',(46.6106704338182,874.996448338229,15.0222068886529));
#939=CARTESIAN_POINT('Ctrl Pts',(44.4201801948975,924.986866457148,13.3732793345527));
#940=CARTESIAN_POINT('Ctrl Pts',(42.268983716022,974.968500499743,11.8172486359541));
#941=CARTESIAN_POINT('Ctrl Pts',(39.1491495662124,1049.96347644196,9.8545743008677));
#942=CARTESIAN_POINT('Ctrl Pts',(36.1320647675511,1124.97624900421,8.30442821581487));
#943=CARTESIAN_POINT('Ctrl Pts',(34.1889093729123,1174.9909576949,7.55293859098895));
#944=CARTESIAN_POINT('Ctrl Pts',(33.2347204160324,1200.,7.24749842159468));
#945=CARTESIAN_POINT('Ctrl Pts',(80.4192362191722,0.,50.0763718362861));
#946=CARTESIAN_POINT('Ctrl Pts',(79.6170867164122,24.9978598174751,48.2030435677585));
#947=CARTESIAN_POINT('Ctrl Pts',(77.9070244375176,74.9928445938827,44.7146129883921));
#948=CARTESIAN_POINT('Ctrl Pts',(75.0822780874628,149.990688095899,40.1893518196726));
#949=CARTESIAN_POINT('Ctrl Pts',(72.0257218450781,224.991561333964,36.4004335875556));
#950=CARTESIAN_POINT('Ctrl Pts',(69.8665335664707,274.996399868854,34.3397616279461));
#951=CARTESIAN_POINT('Ctrl Pts',(67.6715796641238,324.995549951282,32.4762777233214));
#952=CARTESIAN_POINT('Ctrl Pts',(65.478798703864,374.991584642044,30.7797724901175));
#953=CARTESIAN_POINT('Ctrl Pts',(62.1662954322099,449.99372781004,28.5544582378152));
#954=CARTESIAN_POINT('Ctrl Pts',(58.8159029851524,524.998795615201,26.4366631593974));
#955=CARTESIAN_POINT('Ctrl Pts',(56.5461225578909,575.000549732034,24.9744418034516));
#956=CARTESIAN_POINT('Ctrl Pts',(54.2470767167827,624.998750022959,23.457657348192));
#957=CARTESIAN_POINT('Ctrl Pts',(51.949856661204,674.996201990621,21.8586295671028));
#958=CARTESIAN_POINT('Ctrl Pts',(48.5821275216406,749.992686621676,19.2518898566072));
#959=CARTESIAN_POINT('Ctrl Pts',(45.3352502770193,824.992794358005,16.5820269854599));
#960=CARTESIAN_POINT('Ctrl Pts',(43.2698973344011,874.996520253095,14.8840217577576));
#961=CARTESIAN_POINT('Ctrl Pts',(41.2626000194308,924.986794672929,13.2848523218785));
#962=CARTESIAN_POINT('Ctrl Pts',(39.2760145833448,974.968441385296,11.7729648221098));
#963=CARTESIAN_POINT('Ctrl Pts',(36.3734113376181,1049.96363639687,9.86332670467283));
#964=CARTESIAN_POINT('Ctrl Pts',(33.5696505622894,1124.97653135215,8.35925831374836));
#965=CARTESIAN_POINT('Ctrl Pts',(31.7819709735739,1174.99115040162,7.62661846921946));
#966=CARTESIAN_POINT('Ctrl Pts',(30.9141036356128,1200.,7.3370232172937));
#967=CARTESIAN_POINT('Ctrl Pts',(70.3561730437287,0.,47.8311094803568));
#968=CARTESIAN_POINT('Ctrl Pts',(69.6752736764006,24.9980431651835,46.0714013194152));
#969=CARTESIAN_POINT('Ctrl Pts',(68.1941911709993,74.9940347245658,42.823723556528));
#970=CARTESIAN_POINT('Ctrl Pts',(65.7576228703128,149.992063490327,38.493235611005));
#971=CARTESIAN_POINT('Ctrl Pts',(63.1077919254476,224.992643750951,34.8758834161202));
#972=CARTESIAN_POINT('Ctrl Pts',(61.2329980868513,274.996815316127,32.950751538261));
#973=CARTESIAN_POINT('Ctrl Pts',(59.3292806255931,324.99513490781,31.2545856095088));
#974=CARTESIAN_POINT('Ctrl Pts',(57.5166377313931,374.990730920682,29.6781757906567));
#975=CARTESIAN_POINT('Ctrl Pts',(54.9144291216754,449.992955984909,27.5450364903304));
#976=CARTESIAN_POINT('Ctrl Pts',(52.2793674103862,524.998465993274,25.5050133028348));
#977=CARTESIAN_POINT('Ctrl Pts',(50.3995789395564,575.000498878804,24.1317016778371));
#978=CARTESIAN_POINT('Ctrl Pts',(48.4052400067517,624.998800438891,22.7422173241743));
#979=CARTESIAN_POINT('Ctrl Pts',(46.3793124122493,674.996360746758,21.2443796782337));
#980=CARTESIAN_POINT('Ctrl Pts',(43.3633903871388,749.993008128354,18.7409002154506));
#981=CARTESIAN_POINT('Ctrl Pts',(40.4491078309402,824.993144227554,16.1634011951576));
#982=CARTESIAN_POINT('Ctrl Pts',(38.6183045421794,874.996686552475,14.5406618322527));
#983=CARTESIAN_POINT('Ctrl Pts',(36.8651915859992,924.986628731595,13.0376080674945));
#984=CARTESIAN_POINT('Ctrl Pts',(35.0929151482077,974.968304119178,11.6104771948316));
#985=CARTESIAN_POINT('Ctrl Pts',(32.448253179862,1049.96400609149,9.79799426901679));
#986=CARTESIAN_POINT('Ctrl Pts',(29.8944678450392,1124.9771631129,8.3735879362513));
#987=CARTESIAN_POINT('Ctrl Pts',(28.3008802564563,1174.99161687583,7.65373191117802));
#988=CARTESIAN_POINT('Ctrl Pts',(27.5493292079252,1200.,7.38967250965144));
#989=CARTESIAN_POINT('Ctrl Pts',(61.9456871800786,0.,45.5512537481418));
#990=CARTESIAN_POINT('Ctrl Pts',(61.3630844640675,24.9982254389123,43.8994548325827));
#991=CARTESIAN_POINT('Ctrl Pts',(60.0686302139601,74.9952664350182,40.8901013379654));
#992=CARTESIAN_POINT('Ctrl Pts',(57.9636491783005,149.993456037201,36.7507399831407));
#993=CARTESIAN_POINT('Ctrl Pts',(55.6585918673424,224.993723062593,33.3013036462201));
#994=CARTESIAN_POINT('Ctrl Pts',(54.0165294120403,274.997223304439,31.5047436776708));
#995=CARTESIAN_POINT('Ctrl Pts',(52.3438056516535,324.99472731522,29.9646246160262));
#996=CARTESIAN_POINT('Ctrl Pts',(50.8404762458035,374.989895391583,28.5026880340767));
#997=CARTESIAN_POINT('Ctrl Pts',(48.8267484712527,449.992205382504,26.4619593561281));
#998=CARTESIAN_POINT('Ctrl Pts',(46.7851882352683,524.998151133789,24.5018651720119));
#999=CARTESIAN_POINT('Ctrl Pts',(45.2245226837348,575.000454333158,23.2155012683975));
#1000=CARTESIAN_POINT('Ctrl Pts',(43.4746317009693,624.998844538145,21.9470479609388));
#1001=CARTESIAN_POINT('Ctrl Pts',(41.6685174139172,674.996505797311,20.5488890090512));
#1002=CARTESIAN_POINT('Ctrl Pts',(38.943889049565,749.993319871625,18.1538741686107));
#1003=CARTESIAN_POINT('Ctrl Pts',(36.3080543347872,824.993493851052,15.6752129556387));
#1004=CARTESIAN_POINT('Ctrl Pts',(34.6731839576803,874.99685461659,14.1284509484931));
#1005=CARTESIAN_POINT('Ctrl Pts',(33.1310491880583,924.986461024654,12.7184685548331));
#1006=CARTESIAN_POINT('Ctrl Pts',(31.536584227069,974.968165663905,11.3733467041514));
#1007=CARTESIAN_POINT('Ctrl Pts',(29.1053024384164,1049.96438097392,9.65399161350156));
#1008=CARTESIAN_POINT('Ctrl Pts',(26.7572025409693,1124.9777983538,8.30518970298672));
#1009=CARTESIAN_POINT('Ctrl Pts',(25.3214215401272,1174.99209389161,7.59245253844658));
#1010=CARTESIAN_POINT('Ctrl Pts',(24.6649419723494,1200.,7.35242854869846));
#1011=CARTESIAN_POINT('Ctrl Pts',(55.5286990896779,0.,43.5749812720089));
#1012=CARTESIAN_POINT('Ctrl Pts',(55.0197893619542,24.9983771274521,42.0111439965835));
#1013=CARTESIAN_POINT('Ctrl Pts',(53.8652546176451,74.9963070953165,39.2020217696334));
#1014=CARTESIAN_POINT('Ctrl Pts',(52.0149293868655,149.994622728841,35.2281877750067));
#1015=CARTESIAN_POINT('Ctrl Pts',(49.9736284166452,224.994621869834,31.9248927276669));
#1016=CARTESIAN_POINT('Ctrl Pts',(48.5065976537132,274.997560982882,30.2355088384014));
#1017=CARTESIAN_POINT('Ctrl Pts',(47.0048780358108,324.994389968275,28.8214440964844));
#1018=CARTESIAN_POINT('Ctrl Pts',(45.7314008868651,374.989204914264,27.4542293632404));
#1019=CARTESIAN_POINT('Ctrl Pts',(44.1566598518642,449.991586914331,25.4945436241925));
#1020=CARTESIAN_POINT('Ctrl Pts',(42.5582230483479,524.997893877939,23.6057511863609));
#1021=CARTESIAN_POINT('Ctrl Pts',(41.2354858604973,575.00041945897,22.3924301381207));
#1022=CARTESIAN_POINT('Ctrl Pts',(39.6676946521153,624.998879033169,21.222570567679));
#1023=CARTESIAN_POINT('Ctrl Pts',(38.027286366579,674.996621917311,19.9087427599348));
#1024=CARTESIAN_POINT('Ctrl Pts',(35.5266298154161,749.993576514784,17.61151193457));
#1025=CARTESIAN_POINT('Ctrl Pts',(33.1062911255879,824.993785481853,15.2232164531796));
#1026=CARTESIAN_POINT('Ctrl Pts',(31.621727588932,874.996995474863,13.7421364983165));
#1027=CARTESIAN_POINT('Ctrl Pts',(30.2397704434173,924.986320467556,12.409004370814));
#1028=CARTESIAN_POINT('Ctrl Pts',(28.781564334647,974.968049847228,11.1314444406532));
#1029=CARTESIAN_POINT('Ctrl Pts',(26.5158539778233,1049.96469602409,9.48837803108686));
#1030=CARTESIAN_POINT('Ctrl Pts',(24.3270250239072,1124.97833033121,8.20139324104462));
#1031=CARTESIAN_POINT('Ctrl Pts',(23.0109453873905,1174.99249570215,7.49312184457338));
#1032=CARTESIAN_POINT('Ctrl Pts',(22.426021007926,1200.,7.27296879593672));
#1033=CARTESIAN_POINT('Ctrl Pts',(49.0787779539942,0.,41.3060408359796));
#1034=CARTESIAN_POINT('Ctrl Pts',(48.6428537509945,24.9985409927014,39.8357186084386));
#1035=CARTESIAN_POINT('Ctrl Pts',(47.626291156995,74.9974417050847,37.2470119303146));
#1036=CARTESIAN_POINT('Ctrl Pts',(46.0316638984679,149.995887871956,33.465626290908));
#1037=CARTESIAN_POINT('Ctrl Pts',(44.2544089683541,224.995592635473,30.3337592002886));
#1038=CARTESIAN_POINT('Ctrl Pts',(42.9606462633716,274.997924224338,28.7630458805435));
#1039=CARTESIAN_POINT('Ctrl Pts',(41.6264462828604,324.994027096892,27.4819774108538));
#1040=CARTESIAN_POINT('Ctrl Pts',(40.5753210914692,374.988463054798,26.2180256987831));
#1041=CARTESIAN_POINT('Ctrl Pts',(39.4227972543426,449.990923984329,24.3535344308027));
#1042=CARTESIAN_POINT('Ctrl Pts',(38.250960790069,524.997619978855,22.5499149978485));
#1043=CARTESIAN_POINT('Ctrl Pts',(37.1591265160832,575.000383583997,21.4173966376079));
#1044=CARTESIAN_POINT('Ctrl Pts',(35.7706215130412,624.998914483508,20.3521762048849));
#1045=CARTESIAN_POINT('Ctrl Pts',(34.2963558004824,674.996743677036,19.1325567403336));
#1046=CARTESIAN_POINT('Ctrl Pts',(32.0261529180049,749.993851559897,16.95334139301));
#1047=CARTESIAN_POINT('Ctrl Pts',(29.8288471721294,824.994101077564,14.6757017641704));
#1048=CARTESIAN_POINT('Ctrl Pts',(28.4972924727522,874.997148442387,13.269915687947));
#1049=CARTESIAN_POINT('Ctrl Pts',(27.2755855422227,924.986167836748,12.0196380306739));
#1050=CARTESIAN_POINT('Ctrl Pts',(25.9560810520971,974.967924401557,10.8145698331875));
#1051=CARTESIAN_POINT('Ctrl Pts',(23.8629743277813,1049.96503929027,9.25274092367762));
#1052=CARTESIAN_POINT('Ctrl Pts',(21.8400506228994,1124.97890848429,8.03162775212615));
#1053=CARTESIAN_POINT('Ctrl Pts',(20.644923114582,1174.99293369639,7.32755181636744));
#1054=CARTESIAN_POINT('Ctrl Pts',(20.1310478032212,1200.,7.12915450061792));
#1055=CARTESIAN_POINT('Ctrl Pts',(38.4144006737814,0.,37.0290938145335));
#1056=CARTESIAN_POINT('Ctrl Pts',(38.0978111810065,24.9988296688373,35.7214215622573));
#1057=CARTESIAN_POINT('Ctrl Pts',(37.3048251855162,74.9994511060248,33.5298665380696));
#1058=CARTESIAN_POINT('Ctrl Pts',(36.129982736787,149.998120786946,30.1169525343676));
#1059=CARTESIAN_POINT('Ctrl Pts',(34.7852317277089,224.997301564482,27.3163775934018));
#1060=CARTESIAN_POINT('Ctrl Pts',(33.773595132226,274.998562000575,25.9621709766331));
#1061=CARTESIAN_POINT('Ctrl Pts',(32.7107145238081,324.99338997358,24.9108717766112));
#1062=CARTESIAN_POINT('Ctrl Pts',(32.0096844934013,374.987161714717,23.8319386029898));
#1063=CARTESIAN_POINT('Ctrl Pts',(31.5117780132061,449.989763423863,22.1513843467305));
#1064=CARTESIAN_POINT('Ctrl Pts',(31.0020671185723,524.997143199374,20.5146978037384));
#1065=CARTESIAN_POINT('Ctrl Pts',(30.2749640975901,575.000322913564,19.5288850387109));
#1066=CARTESIAN_POINT('Ctrl Pts',(29.1779510632399,624.998974400711,18.6451805573022));
#1067=CARTESIAN_POINT('Ctrl Pts',(27.9798999664902,674.99695319935,17.5982540667259));
#1068=CARTESIAN_POINT('Ctrl Pts',(26.1040181166214,749.994333251828,15.6519036076616));
#1069=CARTESIAN_POINT('Ctrl Pts',(24.2902516498385,824.994657915453,13.5953875457687));
#1070=CARTESIAN_POINT('Ctrl Pts',(23.2163877013355,874.997419061082,12.3313418591753));
#1071=CARTESIAN_POINT('Ctrl Pts',(22.258766637306,924.985897814143,11.2274234949304));
#1072=CARTESIAN_POINT('Ctrl Pts',(21.1729708787643,974.967703185741,10.1497815097034));
#1073=CARTESIAN_POINT('Ctrl Pts',(19.3794425325924,1049.96564895579,8.72989804592759));
#1074=CARTESIAN_POINT('Ctrl Pts',(17.6444892624556,1124.97993342449,7.62435920488593));
#1075=CARTESIAN_POINT('Ctrl Pts',(16.652103963033,1174.99371085512,6.92808998991385));
#1076=CARTESIAN_POINT('Ctrl Pts',(16.2545377462698,1200.,6.76916464595034));
#1077=CARTESIAN_POINT('Ctrl Pts',(28.2258698431513,0.,31.6642071839252));
#1078=CARTESIAN_POINT('Ctrl Pts',(28.0217372236426,24.9991402143964,30.5278538054974));
#1079=CARTESIAN_POINT('Ctrl Pts',(27.4321074786791,75.0016208212824,28.7890815415504));
#1080=CARTESIAN_POINT('Ctrl Pts',(26.6444295872954,150.000523002432,25.8570921447375));
#1081=CARTESIAN_POINT('Ctrl Pts',(25.6972996043425,224.999134586999,23.4971079156808));
#1082=CARTESIAN_POINT('Ctrl Pts',(24.945841038738,274.99924415584,22.3997479231243));
#1083=CARTESIAN_POINT('Ctrl Pts',(24.1343756339264,324.992708620941,21.5875097593019));
#1084=CARTESIAN_POINT('Ctrl Pts',(23.7189916429111,374.985772087904,20.7182180338085));
#1085=CARTESIAN_POINT('Ctrl Pts',(23.7128368379686,449.988528353852,19.2798546710177));
#1086=CARTESIAN_POINT('Ctrl Pts',(23.7023751037525,524.996640730097,17.8680851355301));
#1087=CARTESIAN_POINT('Ctrl Pts',(23.2755087884204,575.000262002265,17.0526863444419));
#1088=CARTESIAN_POINT('Ctrl Pts',(22.4500932865364,624.999034401879,16.3588154747108));
#1089=CARTESIAN_POINT('Ctrl Pts',(21.5265950376388,674.997170238716,15.5176010283749));
#1090=CARTESIAN_POINT('Ctrl Pts',(20.0720135936081,749.994846725775,13.8910433201771));
#1091=CARTESIAN_POINT('Ctrl Pts',(18.6715925224205,824.995258313991,12.1444861325296));
#1092=CARTESIAN_POINT('Ctrl Pts',(17.8596708573286,874.997712037694,11.0583665314945));
#1093=CARTESIAN_POINT('Ctrl Pts',(17.1539016814574,924.985605566649,10.1138712188131));
#1094=CARTESIAN_POINT('Ctrl Pts',(16.3038461139129,974.967465514954,9.17255056340336));
#1095=CARTESIAN_POINT('Ctrl Pts',(14.8341259906787,1049.96631485933,7.90104216126239));
#1096=CARTESIAN_POINT('Ctrl Pts',(13.410922744895,1124.98104980978,6.91742482601826));
#1097=CARTESIAN_POINT('Ctrl Pts',(12.6217492928957,1174.99455619378,6.23204542097691));
#1098=CARTESIAN_POINT('Ctrl Pts',(12.3337537444664,1200.,6.11914483665373));
#1099=CARTESIAN_POINT('Ctrl Pts',(17.6822977808212,0.,24.3012212398961));
#1100=CARTESIAN_POINT('Ctrl Pts',(17.5967389044203,24.9995048554081,23.3630947259921));
#1101=CARTESIAN_POINT('Ctrl Pts',(17.2057539713459,75.0041419028661,22.187067067299));
#1102=CARTESIAN_POINT('Ctrl Pts',(16.7894077962362,150.00332255666,19.9286869930761));
#1103=CARTESIAN_POINT('Ctrl Pts',(16.2238646656413,225.001274715114,18.1943228948221));
#1104=CARTESIAN_POINT('Ctrl Pts',(15.7329736317532,275.00004221943,17.4307873470528));
#1105=CARTESIAN_POINT('Ctrl Pts',(15.1843982269426,324.991911337183,16.8916571244829));
#1106=CARTESIAN_POINT('Ctrl Pts',(14.9942813908341,374.984147757608,16.2843111903448));
#1107=CARTESIAN_POINT('Ctrl Pts',(15.2827598726118,449.987089534587,15.189724702111));
#1108=CARTESIAN_POINT('Ctrl Pts',(15.5744220195509,524.996060687465,14.1018664993824));
#1109=CARTESIAN_POINT('Ctrl Pts',(15.3873488715495,575.000194377987,13.5032926880847));
#1110=CARTESIAN_POINT('Ctrl Pts',(14.8450470025992,624.99910111929,13.0259044304273));
#1111=CARTESIAN_POINT('Ctrl Pts',(14.2290360728844,674.997419525393,12.4497979599045));
#1112=CARTESIAN_POINT('Ctrl Pts',(13.2789390933792,749.995447863955,11.2817761482756));
#1113=CARTESIAN_POINT('Ctrl Pts',(12.3756080337384,824.995965491492,9.98731048286577));
#1114=CARTESIAN_POINT('Ctrl Pts',(11.8601816625173,874.998057933721,9.14405882621531));
#1115=CARTESIAN_POINT('Ctrl Pts',(11.4194994246908,924.985260389978,8.39402585832826));
#1116=CARTESIAN_POINT('Ctrl Pts',(10.8380145970311,974.967188696908,7.6199207659272));
#1117=CARTESIAN_POINT('Ctrl Pts',(9.7701003978897,1049.96711314563,6.53555741288396));
#1118=CARTESIAN_POINT('Ctrl Pts',(8.73527054052023,1124.98238688476,5.71251481065138));
#1119=CARTESIAN_POINT('Ctrl Pts',(8.17809598622223,1174.99555767226,5.057527677702));
#1120=CARTESIAN_POINT('Ctrl Pts',(8.00441108400355,1200.,5.00824868432698));
#1121=CARTESIAN_POINT('Ctrl Pts',(10.1646578550331,0.,17.7704770421682));
#1122=CARTESIAN_POINT('Ctrl Pts',(10.1659757327977,24.9997969226794,16.989268358394));
#1123=CARTESIAN_POINT('Ctrl Pts',(9.90895947507599,75.0061338028214,16.2795848873398));
#1124=CARTESIAN_POINT('Ctrl Pts',(9.73603337048037,150.00554412225,14.6203567531737));
#1125=CARTESIAN_POINT('Ctrl Pts',(9.42112159692096,225.002977567255,13.4462539046372));
#1126=CARTESIAN_POINT('Ctrl Pts',(9.11099886606199,275.000679248452,12.9673351332994));
#1127=CARTESIAN_POINT('Ctrl Pts',(8.75413599992669,324.99127501415,12.6419940118615));
#1128=CARTESIAN_POINT('Ctrl Pts',(8.67818131807287,374.982852368426,12.2538437958402));
#1129=CARTESIAN_POINT('Ctrl Pts',(9.03143743370198,449.985945186134,11.4706927710659));
#1130=CARTESIAN_POINT('Ctrl Pts',(9.39286737046846,524.995602761335,10.678506652374));
#1131=CARTESIAN_POINT('Ctrl Pts',(9.32958825739932,575.000142527452,10.2633776569527));
#1132=CARTESIAN_POINT('Ctrl Pts',(8.99251944778983,624.999152172443,9.95487968165922));
#1133=CARTESIAN_POINT('Ctrl Pts',(8.61168937174204,674.997616006813,9.60245935098969));
#1134=CARTESIAN_POINT('Ctrl Pts',(8.06487724335151,749.995928319888,8.84454993223592));
#1135=CARTESIAN_POINT('Ctrl Pts',(7.55975254349877,824.996532950596,7.95881927388884));
#1136=CARTESIAN_POINT('Ctrl Pts',(7.27232192979154,874.998335918798,7.32917254388665));
#1137=CARTESIAN_POINT('Ctrl Pts',(7.02465654020343,924.984983051037,6.74056147214218));
#1138=CARTESIAN_POINT('Ctrl Pts',(6.65425081009639,974.966969131618,6.10801507381807));
#1139=CARTESIAN_POINT('Ctrl Pts',(5.92527201425694,1049.96776379232,5.18985486845672));
#1140=CARTESIAN_POINT('Ctrl Pts',(5.21915933894346,1124.98347601585,4.51517312758485));
#1141=CARTESIAN_POINT('Ctrl Pts',(4.84503146549483,1174.99636464374,3.90063464907947));
#1142=CARTESIAN_POINT('Ctrl Pts',(4.75397554498625,1200.,3.90970270784823));
#1143=CARTESIAN_POINT('Ctrl Pts',(3.73230585887526,0.,10.1493225673112));
#1144=CARTESIAN_POINT('Ctrl Pts',(3.81336795572995,25.0001056191044,9.5313373506167));
#1145=CARTESIAN_POINT('Ctrl Pts',(3.66160928043773,75.0081663988515,9.319308103661));
#1146=CARTESIAN_POINT('Ctrl Pts',(3.66632395931286,150.007840888602,8.33527553139202));
#1147=CARTESIAN_POINT('Ctrl Pts',(3.53584589193106,225.004753104924,7.79427801542714));
#1148=CARTESIAN_POINT('Ctrl Pts',(3.37666152695121,275.001349626372,7.62577466575906));
#1149=CARTESIAN_POINT('Ctrl Pts',(3.19612460495802,324.990605283644,7.51829016871035));
#1150=CARTESIAN_POINT('Ctrl Pts',(3.16497211168232,374.981490471227,7.36945952502203));
#1151=CARTESIAN_POINT('Ctrl Pts',(3.39693406488508,449.984747889792,6.95163020023803));
#1152=CARTESIAN_POINT('Ctrl Pts',(3.64006573729929,524.995129806162,6.50790445351122));
#1153=CARTESIAN_POINT('Ctrl Pts',(3.62724311589253,575.000091373188,6.29418648526904));
#1154=CARTESIAN_POINT('Ctrl Pts',(3.47472178931137,624.999202598415,6.15573874823295));
#1155=CARTESIAN_POINT('Ctrl Pts',(3.312248384352,674.997820333871,6.03955180371992));
#1156=CARTESIAN_POINT('Ctrl Pts',(3.14914877458778,749.996436637092,5.73179694084727));
#1157=CARTESIAN_POINT('Ctrl Pts',(3.02254716092712,824.997135193684,5.30299707397474));
#1158=CARTESIAN_POINT('Ctrl Pts',(2.94603819262658,874.998631400575,4.91587751695131));
#1159=CARTESIAN_POINT('Ctrl Pts',(2.87040128520373,924.984688167672,4.51161536579593));
#1160=CARTESIAN_POINT('Ctrl Pts',(2.71619327114558,974.96674219204,4.05319771574585));
#1161=CARTESIAN_POINT('Ctrl Pts',(2.3732555979653,1049.96847567253,3.36803426624378));
#1162=CARTESIAN_POINT('Ctrl Pts',(2.04353364194317,1124.98466795133,2.91534096551201));
#1163=CARTESIAN_POINT('Ctrl Pts',(1.85876446853428,1174.99722565187,2.38802623004386));
#1164=CARTESIAN_POINT('Ctrl Pts',(1.84059735253183,1200.,2.4759945527866));
#1165=CARTESIAN_POINT('Ctrl Pts',(0.196432875125405,0.,3.84231733665606));
#1166=CARTESIAN_POINT('Ctrl Pts',(0.327305692992495,25.0003501489999,3.35067279614964));
#1167=CARTESIAN_POINT('Ctrl Pts',(0.228285377997912,75.0096578646181,3.50884318296231));
#1168=CARTESIAN_POINT('Ctrl Pts',(0.311225424559536,150.0095779403,3.02898976619078));
#1169=CARTESIAN_POINT('Ctrl Pts',(0.26419210767636,225.006121840516,2.95743076894285));
#1170=CARTESIAN_POINT('Ctrl Pts',(0.190128043376713,275.00187699099,3.01916517945489));
#1171=CARTESIAN_POINT('Ctrl Pts',(0.122241383489556,324.990078450099,3.0742277067933));
#1172=CARTESIAN_POINT('Ctrl Pts',(0.0948753336766391,374.980420758923,3.10450406275988));
#1173=CARTESIAN_POINT('Ctrl Pts',(0.173716027978548,449.983814947842,2.96124345716891));
#1174=CARTESIAN_POINT('Ctrl Pts',(0.262743572048471,524.994769133428,2.77807434983315));
#1175=CARTESIAN_POINT('Ctrl Pts',(0.251513911227697,575.00005497223,2.71257075989289));
#1176=CARTESIAN_POINT('Ctrl Pts',(0.209189051722385,624.999238437641,2.69735450317558));
#1177=CARTESIAN_POINT('Ctrl Pts',(0.169147527337131,674.997979653463,2.74260026340191));
#1178=CARTESIAN_POINT('Ctrl Pts',(0.211005641293015,749.996841249889,2.73822742040578));
#1179=CARTESIAN_POINT('Ctrl Pts',(0.284244408557385,824.997615170119,2.63006483901094));
#1180=CARTESIAN_POINT('Ctrl Pts',(0.32195105230351,874.998867188201,2.43391748515584));
#1181=CARTESIAN_POINT('Ctrl Pts',(0.34377944140858,924.984452868535,2.19630824389068));
#1182=CARTESIAN_POINT('Ctrl Pts',(0.337754920515581,974.966570564462,1.91464070239906));
#1183=CARTESIAN_POINT('Ctrl Pts',(0.290373279772101,1049.96907330989,1.50618165745402));
#1184=CARTESIAN_POINT('Ctrl Pts',(0.250213210892728,1124.98566987731,1.33305939434592));
#1185=CARTESIAN_POINT('Ctrl Pts',(0.196477544735779,1174.99791643661,0.94385481852855));
#1186=CARTESIAN_POINT('Ctrl Pts',(0.218870988635178,1200.,1.1199252682663));
#1187=CARTESIAN_POINT('Ctrl Pts',(-0.225054716652948,0.,1.03491887277562));
#1188=CARTESIAN_POINT('Ctrl Pts',(-0.0845428591641302,25.0004552873534,
0.595029336245666));
#1189=CARTESIAN_POINT('Ctrl Pts',(-0.17853122799983,75.0101691816163,0.883774349378331));
#1190=CARTESIAN_POINT('Ctrl Pts',(-0.0909793124454664,150.010235666943,
0.578362399647571));
#1191=CARTESIAN_POINT('Ctrl Pts',(-0.130786068450395,225.006670508635,0.664842906515853));
#1192=CARTESIAN_POINT('Ctrl Pts',(-0.18896971923417,275.002100495912,0.806294537780162));
#1193=CARTESIAN_POINT('Ctrl Pts',(-0.230838616579817,324.989855146829,0.921772772984605));
#1194=CARTESIAN_POINT('Ctrl Pts',(-0.257663456526172,374.979968748708,1.00947528805155));
#1195=CARTESIAN_POINT('Ctrl Pts',(-0.216929560192555,449.983428185237,0.941352927754859));
#1196=CARTESIAN_POINT('Ctrl Pts',(-0.169975106206797,524.994627399927,0.826407654255469));
#1197=CARTESIAN_POINT('Ctrl Pts',(-0.188654691397487,575.000043059505,0.803764529193311));
#1198=CARTESIAN_POINT('Ctrl Pts',(-0.215495629276873,624.999250170559,0.830023538094925));
#1199=CARTESIAN_POINT('Ctrl Pts',(-0.248713104443265,674.998046865004,0.914112094176661));
#1200=CARTESIAN_POINT('Ctrl Pts',(-0.210151506364332,749.997018217244,0.972774886706699));
#1201=CARTESIAN_POINT('Ctrl Pts',(-0.144125179011458,824.997824541027,0.947501797946809));
#1202=CARTESIAN_POINT('Ctrl Pts',(-0.106905452431721,874.998970157199,0.82862922777538));
#1203=CARTESIAN_POINT('Ctrl Pts',(-0.0797892535197015,924.984350085095,
0.684761770807651));
#1204=CARTESIAN_POINT('Ctrl Pts',(-0.0612077429525611,974.966505528977,
0.517431313632195));
#1205=CARTESIAN_POINT('Ctrl Pts',(-0.043095535051743,1049.96936527094,0.31686935006114));
#1206=CARTESIAN_POINT('Ctrl Pts',(-0.018625240038381,1124.98616120614,0.365136588598187));
#1207=CARTESIAN_POINT('Ctrl Pts',(-0.0508055700475698,1174.99822144744,
0.10588702831948));
#1208=CARTESIAN_POINT('Ctrl Pts',(-0.0269639868791063,1200.,0.347052566441756));
#1209=CARTESIAN_POINT('Ctrl Pts',(0.,0.,0.));
#1210=CARTESIAN_POINT('Ctrl Pts',(0.138536987456237,25.0004895809651,-0.42410316224227));
#1211=CARTESIAN_POINT('Ctrl Pts',(0.0409104778190137,75.0102735409662,-0.10207589420561));
#1212=CARTESIAN_POINT('Ctrl Pts',(0.124040320370793,150.010407646641,-0.358021489714098));
#1213=CARTESIAN_POINT('Ctrl Pts',(0.080947635629497,225.006830730387,-0.228120968121213));
#1214=CARTESIAN_POINT('Ctrl Pts',(0.0213979837226393,275.002172033406,-0.0654759983965046));
#1215=CARTESIAN_POINT('Ctrl Pts',(-0.0213907718841411,324.989783632356,
0.0654544589607874));
#1216=CARTESIAN_POINT('Ctrl Pts',(-0.0474404970059581,374.979824600692,
0.164725484692815));
#1217=CARTESIAN_POINT('Ctrl Pts',(-0.00448943582837256,449.98330834544,
0.10677420309314));
#1218=CARTESIAN_POINT('Ctrl Pts',(0.0417060106166711,524.994587183805,-0.000718519243152803));
#1219=CARTESIAN_POINT('Ctrl Pts',(0.0178489598788477,575.000040831472,-0.0172297439687769));
#1220=CARTESIAN_POINT('Ctrl Pts',(-0.017848456585031,624.99925239853,0.0172305871970704));
#1221=CARTESIAN_POINT('Ctrl Pts',(-0.0653908592873052,674.998068477975,
0.102660328662802));
#1222=CARTESIAN_POINT('Ctrl Pts',(-0.0576301036413892,749.997077599565,
0.159222052466952));
#1223=CARTESIAN_POINT('Ctrl Pts',(-0.0246260644779839,824.997894287318,
0.144203439826772));
#1224=CARTESIAN_POINT('Ctrl Pts',(-0.00617310470690665,874.999004474333,
0.0513844297864077));
#1225=CARTESIAN_POINT('Ctrl Pts',(0.00616978352735085,924.984315790856,
-0.0513434809780823));
#1226=CARTESIAN_POINT('Ctrl Pts',(0.0124116521615366,974.966488482824,-0.164007385757869));
#1227=CARTESIAN_POINT('Ctrl Pts',(0.0159194625144408,1049.96947704849,-0.257146209741925));
#1228=CARTESIAN_POINT('Ctrl Pts',(0.0263109587988688,1124.98635023489,-0.0912287317491616));
#1229=CARTESIAN_POINT('Ctrl Pts',(-0.0171578140427866,1174.99832454769,
-0.275361800684857));
#1230=CARTESIAN_POINT('Ctrl Pts',(0.,1200.,0.));
#1231=CARTESIAN_POINT('Ctrl Pts',(291.088717882799,0.,72.5765686799002));
#1232=CARTESIAN_POINT('Ctrl Pts',(289.232244945269,11.9923524688045,71.3043444583775));
#1233=CARTESIAN_POINT('Ctrl Pts',(285.508946762877,35.9776229222584,68.7944030490546));
#1234=CARTESIAN_POINT('Ctrl Pts',(279.892942629569,71.9572251465323,65.1330118279109));
#1235=CARTESIAN_POINT('Ctrl Pts',(272.342569404525,119.933435076284,60.4590452861178));
#1236=CARTESIAN_POINT('Ctrl Pts',(262.799697378742,179.909414165531,54.9663781766844));
#1237=CARTESIAN_POINT('Ctrl Pts',(253.151656939756,239.891082130655,49.8247182350731));
#1238=CARTESIAN_POINT('Ctrl Pts',(243.399994629373,299.878269649048,45.0295936933928));
#1239=CARTESIAN_POINT('Ctrl Pts',(233.549280897694,359.870584597582,40.566917926978));
#1240=CARTESIAN_POINT('Ctrl Pts',(223.608448710564,419.867323280599,36.4086514287452));
#1241=CARTESIAN_POINT('Ctrl Pts',(213.589045091645,479.867610965623,32.5196745602263));
#1242=CARTESIAN_POINT('Ctrl Pts',(203.503579810272,539.870537247526,28.8643540473755));
#1243=CARTESIAN_POINT('Ctrl Pts',(193.363948348009,599.875288136999,25.4128894047742));
#1244=CARTESIAN_POINT('Ctrl Pts',(183.179900059058,659.881277135418,22.1475411924278));
#1245=CARTESIAN_POINT('Ctrl Pts',(172.957518295453,719.888278082876,19.0688684616475));
#1246=CARTESIAN_POINT('Ctrl Pts',(162.700046533318,779.896328176231,16.1902658549548));
#1247=CARTESIAN_POINT('Ctrl Pts',(152.408714113701,839.90563299009,13.5324905024082));
#1248=CARTESIAN_POINT('Ctrl Pts',(142.083563812625,899.916472833256,11.11812690568));
#1249=CARTESIAN_POINT('Ctrl Pts',(131.724291593617,959.929109032481,8.96590296448561));
#1250=CARTESIAN_POINT('Ctrl Pts',(121.331109946709,1019.94368862895,7.08475705904137));
#1251=CARTESIAN_POINT('Ctrl Pts',(110.904511941508,1079.96027644818,5.47696684218613));
#1252=CARTESIAN_POINT('Ctrl Pts',(102.536953554177,1127.97516312881,4.40818980402505));
#1253=CARTESIAN_POINT('Ctrl Pts',(96.2467091925722,1163.98723163544,3.72768002153832));
#1254=CARTESIAN_POINT('Ctrl Pts',(92.0467612965309,1187.99567722524,3.32759794115477));
#1255=CARTESIAN_POINT('Ctrl Pts',(89.9451744317186,1200.,3.14095470322509));
#1256=CARTESIAN_POINT('Ctrl Pts',(-9.13058303501978E-15,5.49928203187192E-16,
-4.48235857150371E-15));
#1257=CARTESIAN_POINT('Ctrl Pts',(0.138536987456228,25.0004895809651,-0.424103162242275));
#1258=CARTESIAN_POINT('Ctrl Pts',(0.0409104537849298,75.0102735413483,-0.102075863261485));
#1259=CARTESIAN_POINT('Ctrl Pts',(0.124040287433144,150.010407647348,-0.358021467278538));
#1260=CARTESIAN_POINT('Ctrl Pts',(0.0809475501212278,225.006830731722,-0.228120855330601));
#1261=CARTESIAN_POINT('Ctrl Pts',(-0.00837209414532156,299.995804922861,
0.0158333352882027));
#1262=CARTESIAN_POINT('Ctrl Pts',(-0.0474383413821521,374.988244217395,
0.164726400867989));
#1263=CARTESIAN_POINT('Ctrl Pts',(-0.00448652545921441,449.986570942444,
0.106766863780478));
#1264=CARTESIAN_POINT('Ctrl Pts',(0.0417044106436948,524.992691946817,-0.000714847116430762));
#1265=CARTESIAN_POINT('Ctrl Pts',(0.00592489146643266,599.997542685684,
-0.0254887998057881));
#1266=CARTESIAN_POINT('Ctrl Pts',(-0.0653909327729522,674.99806848237,0.102659359412741));
#1267=CARTESIAN_POINT('Ctrl Pts',(-0.0576302539605626,749.997077606759,
0.159220632760328));
#1268=CARTESIAN_POINT('Ctrl Pts',(-0.0246262975623802,824.997894297161,
0.144201379548564));
#1269=CARTESIAN_POINT('Ctrl Pts',(0.00304953886117171,899.990149974607,
0.00498927040286773));
#1270=CARTESIAN_POINT('Ctrl Pts',(0.0124123824015739,974.981062441653,-0.16403559774563));
#1271=CARTESIAN_POINT('Ctrl Pts',(0.015918363152156,1049.97530703255,-0.257153505603871));
#1272=CARTESIAN_POINT('Ctrl Pts',(0.0263120899631181,1124.98343553715,-0.0912199120679914));
#1273=CARTESIAN_POINT('Ctrl Pts',(-0.0171598148011227,1174.99540912324,
-0.275393910393985));
#1274=CARTESIAN_POINT('Ctrl Pts',(0.,1200.,0.));
#1275=CARTESIAN_POINT('Ctrl Pts',(0.,0.,0.));
#1276=CARTESIAN_POINT('Ctrl Pts',(0.138536987456237,25.0004895809651,-0.42410316224227));
#1277=CARTESIAN_POINT('Ctrl Pts',(0.0409104778190134,75.0102735409662,-0.102075894205608));
#1278=CARTESIAN_POINT('Ctrl Pts',(0.124040320370792,150.010407646641,-0.358021489714093));
#1279=CARTESIAN_POINT('Ctrl Pts',(0.0809476356294948,225.006830730387,-0.228120968121204));
#1280=CARTESIAN_POINT('Ctrl Pts',(0.0213979837226367,275.002172033406,-0.065475998396494));
#1281=CARTESIAN_POINT('Ctrl Pts',(-0.0213907718841436,324.989783632356,
0.0654544589607979));
#1282=CARTESIAN_POINT('Ctrl Pts',(-0.0474404970059605,374.979824600692,
0.164725484692825));
#1283=CARTESIAN_POINT('Ctrl Pts',(-0.00448943582837466,449.98330834544,
0.106774203093149));
#1284=CARTESIAN_POINT('Ctrl Pts',(0.0417060106166694,524.994587183805,-0.000718519243145649));
#1285=CARTESIAN_POINT('Ctrl Pts',(0.017848959878846,575.000040831472,-0.0172297439687702));
#1286=CARTESIAN_POINT('Ctrl Pts',(-0.0178484565850326,624.99925239853,0.017230587197077));
#1287=CARTESIAN_POINT('Ctrl Pts',(-0.0653908592873066,674.998068477975,
0.102660328662807));
#1288=CARTESIAN_POINT('Ctrl Pts',(-0.0576301036413897,749.997077599565,
0.159222052466952));
#1289=CARTESIAN_POINT('Ctrl Pts',(-0.0246260644779834,824.997894287318,
0.144203439826767));
#1290=CARTESIAN_POINT('Ctrl Pts',(-0.0061731047069059,874.999004474333,
0.0513844297864016));
#1291=CARTESIAN_POINT('Ctrl Pts',(0.00616978352735161,924.984315790856,
-0.0513434809780885));
#1292=CARTESIAN_POINT('Ctrl Pts',(0.0124116521615372,974.966488482824,-0.164007385757875));
#1293=CARTESIAN_POINT('Ctrl Pts',(0.0159194625144412,1049.96947704849,-0.257146209741928));
#1294=CARTESIAN_POINT('Ctrl Pts',(0.0263109587988688,1124.98635023489,-0.0912287317491623));
#1295=CARTESIAN_POINT('Ctrl Pts',(-0.0171578140427866,1174.99832454769,
-0.275361800684857));
#1296=CARTESIAN_POINT('Ctrl Pts',(0.,1200.,0.));
#1297=CARTESIAN_POINT('Ctrl Pts',(0.234986546141741,0.,-1.08059060066476));
#1298=CARTESIAN_POINT('Ctrl Pts',(0.371461511104353,25.0005253879791,-1.48821072435919));
#1299=CARTESIAN_POINT('Ctrl Pts',(0.270036306847252,75.0103825057706,-1.1314324311318));
#1300=CARTESIAN_POINT('Ctrl Pts',(0.348548927075863,150.010587215929,-1.33572868597421));
#1301=CARTESIAN_POINT('Ctrl Pts',(0.302025303156261,225.006998022843,-1.16049199260363));
#1302=CARTESIAN_POINT('Ctrl Pts',(0.241049367496221,275.002246727903,-0.975718406869052));
#1303=CARTESIAN_POINT('Ctrl Pts',(0.197300159609488,324.989708961896,-0.828653809477219));
#1304=CARTESIAN_POINT('Ctrl Pts',(0.172059755697153,374.979674091319,-0.717303746231024));
#1305=CARTESIAN_POINT('Ctrl Pts',(0.21732582682725,449.983183217025,-0.764635091980907));
#1306=CARTESIAN_POINT('Ctrl Pts',(0.262728770172868,524.994545192917,-0.8643463766126));
#1307=CARTESIAN_POINT('Ctrl Pts',(0.233465768541046,575.000038505114,-0.874455095748489));
#1308=CARTESIAN_POINT('Ctrl Pts',(0.188521030605751,624.999254724822,-0.831431511959771));
#1309=CARTESIAN_POINT('Ctrl Pts',(0.126021530823044,674.998091044743,-0.744601397616691));
#1310=CARTESIAN_POINT('Ctrl Pts',(0.101622180299084,749.997139602473,-0.690233464240249));
#1311=CARTESIAN_POINT('Ctrl Pts',(0.100146633507817,824.997967111563,-0.694545063218597));
#1312=CARTESIAN_POINT('Ctrl Pts',(0.0990046353051195,874.999040305907,-0.760160750436204));
#1313=CARTESIAN_POINT('Ctrl Pts',(0.095922255840591,924.984279983187,-0.819933596690556));
#1314=CARTESIAN_POINT('Ctrl Pts',(0.0892799251050583,974.966470684413,-0.875518474076558));
#1315=CARTESIAN_POINT('Ctrl Pts',(0.0775388351491514,1049.96959375887,-0.856493496640805));
#1316=CARTESIAN_POINT('Ctrl Pts',(0.0732302250046073,1124.98654760563,-0.567733787951409));
#1317=CARTESIAN_POINT('Ctrl Pts',(0.0179748420799851,1174.99843219783,-0.673435419761523));
#1318=CARTESIAN_POINT('Ctrl Pts',(0.0281539273700052,1200.,-0.362368250399909));
#1319=CARTESIAN_POINT('Ctrl Pts',(1.47761688256018,0.,-2.88892084687617));
#1320=CARTESIAN_POINT('Ctrl Pts',(1.60383678254851,25.0005884912646,-3.2690687039473));
#1321=CARTESIAN_POINT('Ctrl Pts',(1.46805106828048,75.0105498488646,-2.86237041944903));
#1322=CARTESIAN_POINT('Ctrl Pts',(1.47315116561771,150.010885867879,-2.99819857025534));
#1323=CARTESIAN_POINT('Ctrl Pts',(1.35537241567505,225.007283782838,-2.76594418319636));
#1324=CARTESIAN_POINT('Ctrl Pts',(1.26360524534127,275.002376811433,-2.55179304965428));
#1325=CARTESIAN_POINT('Ctrl Pts',(1.20505241185731,324.98957890359,-2.3802434457613));
#1326=CARTESIAN_POINT('Ctrl Pts',(1.19696085964317,374.979412507489,-2.23779337036976));
#1327=CARTESIAN_POINT('Ctrl Pts',(1.31280979945101,449.982968014717,-2.23046146355982));
#1328=CARTESIAN_POINT('Ctrl Pts',(1.4229529279471,524.994475928696,-2.28006407575035));
#1329=CARTESIAN_POINT('Ctrl Pts',(1.3991605074741,575.000036273505,-2.26812924432076));
#1330=CARTESIAN_POINT('Ctrl Pts',(1.32383073525491,624.999256969605,-2.21283120351486));
#1331=CARTESIAN_POINT('Ctrl Pts',(1.19850955687323,674.998128111009,-2.13197487058437));
#1332=CARTESIAN_POINT('Ctrl Pts',(1.02875920261841,749.997248008505,-2.10144992395291));
#1333=CARTESIAN_POINT('Ctrl Pts',(0.877419936294029,824.998096482861,-2.10512354653862));
#1334=CARTESIAN_POINT('Ctrl Pts',(0.804390439943814,874.999104301748,-2.12763877552576));
#1335=CARTESIAN_POINT('Ctrl Pts',(0.75894516845071,924.984216023732,-2.10995094342435));
#1336=CARTESIAN_POINT('Ctrl Pts',(0.702707239733803,974.966441665676,-2.07122499920575));
#1337=CARTESIAN_POINT('Ctrl Pts',(0.606069270530349,1049.96981015945,-1.87531246153576));
#1338=CARTESIAN_POINT('Ctrl Pts',(0.517597490217281,1124.9869121456,-1.38967946851847));
#1339=CARTESIAN_POINT('Ctrl Pts',(0.414380198610277,1174.99862604223,-1.35961594440676));
#1340=CARTESIAN_POINT('Ctrl Pts',(0.404362288453091,1200.,-0.983155225091153));
#1341=CARTESIAN_POINT('Ctrl Pts',(5.74809287971897,0.,-4.46698484079437));
#1342=CARTESIAN_POINT('Ctrl Pts',(5.84145840127869,25.0006590512494,-4.82162340427988));
#1343=CARTESIAN_POINT('Ctrl Pts',(5.57607490938193,75.0106584968831,-4.39809694789725));
#1344=CARTESIAN_POINT('Ctrl Pts',(5.28292991039869,150.011162961225,-4.53750819130011));
#1345=CARTESIAN_POINT('Ctrl Pts',(4.86953203180419,225.007574118871,-4.32267591660838));
#1346=CARTESIAN_POINT('Ctrl Pts',(4.65021857682471,275.002517149417,-4.10927545262675));
#1347=CARTESIAN_POINT('Ctrl Pts',(4.53275427386349,324.989438578065,-3.923307888585));
#1348=CARTESIAN_POINT('Ctrl Pts',(4.56175752666487,374.979132134888,-3.72875707628883));
#1349=CARTESIAN_POINT('Ctrl Pts',(4.87275560276218,449.982744753886,-3.58701518207933));
#1350=CARTESIAN_POINT('Ctrl Pts',(5.17031734451722,524.99441379701,-3.50584835149));
#1351=CARTESIAN_POINT('Ctrl Pts',(5.16819506171014,575.000039790074,-3.44886956966912));
#1352=CARTESIAN_POINT('Ctrl Pts',(5.01334652278652,624.99925348593,-3.38912739646575));
#1353=CARTESIAN_POINT('Ctrl Pts',(4.70954242492415,674.998160766796,-3.33937873744706));
#1354=CARTESIAN_POINT('Ctrl Pts',(4.11953518076783,749.997366279724,-3.39127295748421));
#1355=CARTESIAN_POINT('Ctrl Pts',(3.54154038528502,824.998244320241,-3.44436795550054));
#1356=CARTESIAN_POINT('Ctrl Pts',(3.27705066315386,874.999178529399,-3.43152321306398));
#1357=CARTESIAN_POINT('Ctrl Pts',(3.13522040781991,924.984141833034,-3.32175390461678));
#1358=CARTESIAN_POINT('Ctrl Pts',(2.93387766732524,974.966416708358,-3.20026593866592));
#1359=CARTESIAN_POINT('Ctrl Pts',(2.5465067389838,1049.970086153,-2.88058524893561));
#1360=CARTESIAN_POINT('Ctrl Pts',(2.16739758127962,1124.98737272534,-2.24508452661187));
#1361=CARTESIAN_POINT('Ctrl Pts',(1.91997979231328,1174.99885589698,-2.0736592192843));
#1362=CARTESIAN_POINT('Ctrl Pts',(1.86191240523456,1200.,-1.61623217731005));
#1363=CARTESIAN_POINT('Ctrl Pts',(12.2255792035157,0.,-4.93579463823708));
#1364=CARTESIAN_POINT('Ctrl Pts',(12.2695414058252,25.000706863235,-5.27984588323185));
#1365=CARTESIAN_POINT('Ctrl Pts',(11.8085340046217,75.0106341977973,-4.89283748261092));
#1366=CARTESIAN_POINT('Ctrl Pts',(11.0628226231958,150.011279701729,-5.13190307351532));
#1367=CARTESIAN_POINT('Ctrl Pts',(10.1989026842032,225.007734317538,-5.0274147469974));
#1368=CARTESIAN_POINT('Ctrl Pts',(9.78293672731608,275.002605795051,-4.85575858703714));
#1369=CARTESIAN_POINT('Ctrl Pts',(9.57179688836051,324.989349911793,-4.67664156035478));
#1370=CARTESIAN_POINT('Ctrl Pts',(9.60715743060258,374.978957441066,-4.4411088856059));
#1371=CARTESIAN_POINT('Ctrl Pts',(10.0733245652894,449.982615413171,-4.16397889580462));
#1372=CARTESIAN_POINT('Ctrl Pts',(10.5192739703344,524.994391054765,-3.94804968378547));
#1373=CARTESIAN_POINT('Ctrl Pts',(10.5100122950502,575.000049784337,-3.85097956632726));
#1374=CARTESIAN_POINT('Ctrl Pts',(10.2434336606644,624.999243542458,-3.80017212517647));
#1375=CARTESIAN_POINT('Ctrl Pts',(9.70220840614718,674.998171745692,-3.79832729096983));
#1376=CARTESIAN_POINT('Ctrl Pts',(8.56309672929746,749.997442679685,-3.96406027329557));
#1377=CARTESIAN_POINT('Ctrl Pts',(7.42996272154765,824.998348536941,-4.10148205741333));
#1378=CARTESIAN_POINT('Ctrl Pts',(6.91568869158397,874.999232222212,-4.07676521669221));
#1379=CARTESIAN_POINT('Ctrl Pts',(6.6463293833719,924.984088157116,-3.89778590400601));
#1380=CARTESIAN_POINT('Ctrl Pts',(6.2399930651905,974.966409158368,-3.74538444674174));
#1381=CARTESIAN_POINT('Ctrl Pts',(5.42846869152012,1049.97031598388,-3.42469510151385));
#1382=CARTESIAN_POINT('Ctrl Pts',(4.62438574616824,1124.9877514548,-2.7657214054403));
#1383=CARTESIAN_POINT('Ctrl Pts',(4.17147319761795,1174.9990282859,-2.5082039746795));
#1384=CARTESIAN_POINT('Ctrl Pts',(4.04856692215857,1200.,-1.98599994308984));
#1385=CARTESIAN_POINT('Ctrl Pts',(21.3722633423366,0.,-4.35627496242897));
#1386=CARTESIAN_POINT('Ctrl Pts',(21.3439702265712,25.0007362322681,-4.70427765916275));
#1387=CARTESIAN_POINT('Ctrl Pts',(20.6134208555749,75.0104699390051,-4.40839503120466));
#1388=CARTESIAN_POINT('Ctrl Pts',(19.2543825932601,150.011242956863,-4.84309541490271));
#1389=CARTESIAN_POINT('Ctrl Pts',(17.778788993662,225.007776794071,-4.94283125468512));
#1390=CARTESIAN_POINT('Ctrl Pts',(17.0889588817842,275.002650301997,-4.85536235191248));
#1391=CARTESIAN_POINT('Ctrl Pts',(16.7372661554405,324.989305349834,-4.70633217638721));
#1392=CARTESIAN_POINT('Ctrl Pts',(16.7083893251262,374.978873736549,-4.45242240407896));
#1393=CARTESIAN_POINT('Ctrl Pts',(17.1878481165602,449.982569810121,-4.07010649719941));
#1394=CARTESIAN_POINT('Ctrl Pts',(17.6405163307477,524.994406909193,-3.74653234012127));
#1395=CARTESIAN_POINT('Ctrl Pts',(17.5539810875694,575.000067653904,-3.6256247607586));
#1396=CARTESIAN_POINT('Ctrl Pts',(17.1293896523491,624.999225746283,-3.59895613140206));
#1397=CARTESIAN_POINT('Ctrl Pts',(16.2894702906858,674.99816126428,-3.66351454540855));
#1398=CARTESIAN_POINT('Ctrl Pts',(14.486023880371,749.997483784232,-3.97509736026882));
#1399=CARTESIAN_POINT('Ctrl Pts',(12.6822471040997,824.998418756926,-4.22918666112937));
#1400=CARTESIAN_POINT('Ctrl Pts',(11.8562168073165,874.999270433674,-4.21138861711946));
#1401=CARTESIAN_POINT('Ctrl Pts',(11.4124390757941,924.984049944416,-3.97954622080326));
#1402=CARTESIAN_POINT('Ctrl Pts',(10.7326657977251,974.966418818233,-3.83804348340432));
#1403=CARTESIAN_POINT('Ctrl Pts',(9.3614658424056,1049.97052277818,-3.61750308987626));
#1404=CARTESIAN_POINT('Ctrl Pts',(7.99587945243018,1124.98808618566,-3.03748712598123));
#1405=CARTESIAN_POINT('Ctrl Pts',(7.26756962465154,1174.99915980964,-2.73317787358127));
#1406=CARTESIAN_POINT('Ctrl Pts',(7.05503700031565,1200.,-2.15595088918461));
#1407=CARTESIAN_POINT('Ctrl Pts',(33.0223320918792,0.,-2.58063104398363));
#1408=CARTESIAN_POINT('Ctrl Pts',(32.8935913885324,25.0007399990824,-2.95203845414316));
#1409=CARTESIAN_POINT('Ctrl Pts',(31.8326209345448,75.0101265280315,-2.80707457197196));
#1410=CARTESIAN_POINT('Ctrl Pts',(29.7529994598888,150.01100394846,-3.52892365248236));
#1411=CARTESIAN_POINT('Ctrl Pts',(27.557880594403,225.007661244553,-3.9213095428979));
#1412=CARTESIAN_POINT('Ctrl Pts',(26.5291043043557,275.002634397904,-3.96202921887558));
#1413=CARTESIAN_POINT('Ctrl Pts',(25.9787707182242,324.989321156063,-3.87345344419923));
#1414=CARTESIAN_POINT('Ctrl Pts',(25.7627379283481,374.978914329791,-3.64597627409991));
#1415=CARTESIAN_POINT('Ctrl Pts',(25.9734711990985,449.982637536302,-3.24386622726204));
#1416=CARTESIAN_POINT('Ctrl Pts',(26.1513024284079,524.994473733735,-2.89399509526158));
#1417=CARTESIAN_POINT('Ctrl Pts',(25.8655555187899,575.00009543734,-2.78575101382722));
#1418=CARTESIAN_POINT('Ctrl Pts',(25.226152459159,624.999198062946,-2.8030335550255));
#1419=CARTESIAN_POINT('Ctrl Pts',(24.048182856661,674.998122432257,-2.952073776504));
#1420=CARTESIAN_POINT('Ctrl Pts',(21.5466235016538,749.99747632506,-3.43368983932906));
#1421=CARTESIAN_POINT('Ctrl Pts',(19.0382952322554,824.998441218903,-3.83000407920391));
#1422=CARTESIAN_POINT('Ctrl Pts',(17.8607017687406,874.999286699378,-3.839508522285));
#1423=CARTESIAN_POINT('Ctrl Pts',(17.1854929261026,924.984033653762,-3.5785985050806));
#1424=CARTESIAN_POINT('Ctrl Pts',(16.1802164320392,974.966450947627,-3.4877524987862));
#1425=CARTESIAN_POINT('Ctrl Pts',(14.1780150166861,1049.97069140452,-3.45165468575158));
#1426=CARTESIAN_POINT('Ctrl Pts',(12.1783723788996,1124.98835016453,-3.03726020274915));
#1427=CARTESIAN_POINT('Ctrl Pts',(11.1208064840665,1174.99923237737,-2.72455838350427));
#1428=CARTESIAN_POINT('Ctrl Pts',(10.788495272335,1200.,-2.10722985312742));
#1429=CARTESIAN_POINT('Ctrl Pts',(46.0800647642105,0.,0.231002917114891));
#1430=CARTESIAN_POINT('Ctrl Pts',(45.8177910916967,25.000711772354,-0.187852568751256));
#1431=CARTESIAN_POINT('Ctrl Pts',(44.4038744856879,75.0095713306219,-0.247079616322141));
#1432=CARTESIAN_POINT('Ctrl Pts',(41.6248955424152,150.010520609914,-1.31022959973173));
#1433=CARTESIAN_POINT('Ctrl Pts',(38.730682467598,225.007352235557,-2.04545074165144));
#1434=CARTESIAN_POINT('Ctrl Pts',(37.3354751527756,275.002543537442,-2.24883346521277));
#1435=CARTESIAN_POINT('Ctrl Pts',(36.5181478281541,324.98941187448,-2.25785047412514));
#1436=CARTESIAN_POINT('Ctrl Pts',(35.9801737704981,374.979109039994,-2.11610476706468));
#1437=CARTESIAN_POINT('Ctrl Pts',(35.6199783531763,449.982845072045,-1.81228259332638));
#1438=CARTESIAN_POINT('Ctrl Pts',(35.2214244092887,524.994602566174,-1.54928334224433));
#1439=CARTESIAN_POINT('Ctrl Pts',(34.6030546457861,575.000134955569,-1.5029250468642));
#1440=CARTESIAN_POINT('Ctrl Pts',(33.6822983255243,624.999158671024,-1.58845057423667));
#1441=CARTESIAN_POINT('Ctrl Pts',(32.1526337574959,674.998049028255,-1.84055316691106));
#1442=CARTESIAN_POINT('Ctrl Pts',(29.0108983979017,749.99740835984,-2.51148499030841));
#1443=CARTESIAN_POINT('Ctrl Pts',(25.8559739363009,824.998403593682,-3.07156720273337));
#1444=CARTESIAN_POINT('Ctrl Pts',(24.3129899455579,874.999275240024,-3.13097679566777));
#1445=CARTESIAN_POINT('Ctrl Pts',(23.3399971463675,924.984045061819,-2.87167932576994));
#1446=CARTESIAN_POINT('Ctrl Pts',(22.00340685169,974.966510049655,-2.85400454297925));
#1447=CARTESIAN_POINT('Ctrl Pts',(19.45157323298,1049.97080779205,-3.02499928586117));
#1448=CARTESIAN_POINT('Ctrl Pts',(16.8978829002551,1124.98851857729,-2.80218530522377));
#1449=CARTESIAN_POINT('Ctrl Pts',(15.5032584479723,1174.99922981477,-2.5033460270496));
#1450=CARTESIAN_POINT('Ctrl Pts',(15.0161479063937,1200.,-1.8655222922451));
#1451=CARTESIAN_POINT('Ctrl Pts',(58.3757196100943,0.,3.46273075526272));
#1452=CARTESIAN_POINT('Ctrl Pts',(57.9581465563777,25.0006544083193,2.97635396173645));
#1453=CARTESIAN_POINT('Ctrl Pts',(56.2230888908828,75.0088578919605,2.68977563060964));
#1454=CARTESIAN_POINT('Ctrl Pts',(52.8989408909274,150.009839636231,1.29720034654491));
#1455=CARTESIAN_POINT('Ctrl Pts',(49.4590009934148,225.00687962971,0.235039866701595));
#1456=CARTESIAN_POINT('Ctrl Pts',(47.7255116772965,275.002386504878,-0.139527881278453));
#1457=CARTESIAN_POINT('Ctrl Pts',(46.595499181697,324.989568714753,-0.275312574014097));
#1458=CARTESIAN_POINT('Ctrl Pts',(45.6940902396662,374.979439187271,-0.259725402482533));
#1459=CARTESIAN_POINT('Ctrl Pts',(44.7071150731027,449.983172933084,-0.128753284913933));
#1460=CARTESIAN_POINT('Ctrl Pts',(43.6773574150765,524.994781700599,-0.0232774888295001));
#1461=CARTESIAN_POINT('Ctrl Pts',(42.686968618478,575.000182766333,-0.0712588186814435));
#1462=CARTESIAN_POINT('Ctrl Pts',(41.4419462073408,624.999111012915,-0.243928183049248));
#1463=CARTESIAN_POINT('Ctrl Pts',(39.575236570236,674.997947584503,-0.609755518561202));
#1464=CARTESIAN_POINT('Ctrl Pts',(35.9013570477236,749.997286413043,-1.47505272592163));
#1465=CARTESIAN_POINT('Ctrl Pts',(32.2084475807721,824.998310000444,-2.20817902054907));
#1466=CARTESIAN_POINT('Ctrl Pts',(30.3157442426884,874.999237495785,-2.33630646298751));
#1467=CARTESIAN_POINT('Ctrl Pts',(29.0036753387129,924.984082726167,-2.10900948872992));
#1468=CARTESIAN_POINT('Ctrl Pts',(27.380249579384,974.966590445633,-2.16520061711867));
#1469=CARTESIAN_POINT('Ctrl Pts',(24.473682333668,1049.9708624064,-2.50170578580954));
#1470=CARTESIAN_POINT('Ctrl Pts',(21.5599697069974,1124.98857780754,-2.43333271312966));
#1471=CARTESIAN_POINT('Ctrl Pts',(19.8714467639671,1174.99915369374,-2.15377779836819));
#1472=CARTESIAN_POINT('Ctrl Pts',(19.2076915099453,1200.,-1.51649574920754));
#1473=CARTESIAN_POINT('Ctrl Pts',(73.4482393990983,0.,8.02243237642673));
#1474=CARTESIAN_POINT('Ctrl Pts',(72.7974935894626,25.0005434263928,7.42172451188818));
#1475=CARTESIAN_POINT('Ctrl Pts',(70.6756672720562,75.007725394088,6.81074174924744));
#1476=CARTESIAN_POINT('Ctrl Pts',(66.8200344608563,150.008701489676,5.01129387333379));
#1477=CARTESIAN_POINT('Ctrl Pts',(62.846883669468,225.00605717438,3.55034051139601));
#1478=CARTESIAN_POINT('Ctrl Pts',(60.699613497889,275.002098716586,2.94299723272374));
#1479=CARTESIAN_POINT('Ctrl Pts',(59.0979032763232,324.989856209447,2.60257850175974));
#1480=CARTESIAN_POINT('Ctrl Pts',(57.7182282285254,374.980040002523,2.4128151746582));
#1481=CARTESIAN_POINT('Ctrl Pts',(55.9967743612699,449.98375274662,2.25874309422477));
#1482=CARTESIAN_POINT('Ctrl Pts',(54.2277736765162,524.995080095348,2.10427556333781));
#1483=CARTESIAN_POINT('Ctrl Pts',(52.7499688559277,575.000256335974,1.90286356143587));
#1484=CARTESIAN_POINT('Ctrl Pts',(51.0208419225326,624.999037663413,1.59066172350697));
#1485=CARTESIAN_POINT('Ctrl Pts',(48.7103520209893,674.997778934227,1.06030855505127));
#1486=CARTESIAN_POINT('Ctrl Pts',(44.4211511193093,749.997059632083,-0.0694899364891552));
#1487=CARTESIAN_POINT('Ctrl Pts',(40.1058707988536,824.998118813179,-1.04357427622028));
#1488=CARTESIAN_POINT('Ctrl Pts',(37.7538161634617,874.999156019886,-1.28565939950397));
#1489=CARTESIAN_POINT('Ctrl Pts',(35.9399514466297,924.984164070056,-1.13763331779665));
#1490=CARTESIAN_POINT('Ctrl Pts',(33.9801221398651,974.966722355092,-1.28682690001131));
#1491=CARTESIAN_POINT('Ctrl Pts',(30.8127572381485,1049.97086059672,-1.77489905884169));
#1492=CARTESIAN_POINT('Ctrl Pts',(27.6303004745192,1124.98852504126,-1.8484989011126));
#1493=CARTESIAN_POINT('Ctrl Pts',(25.5946330382345,1174.99896502264,-1.59495851308523));
#1494=CARTESIAN_POINT('Ctrl Pts',(24.6692729104559,1200.,-0.98350145127641));
#1495=CARTESIAN_POINT('Ctrl Pts',(89.0012943207416,0.,13.3544021204735));
#1496=CARTESIAN_POINT('Ctrl Pts',(88.0490943815015,25.0003676105222,12.5882096714163));
#1497=CARTESIAN_POINT('Ctrl Pts',(85.5205452405153,75.0061956982156,11.579447277696));
#1498=CARTESIAN_POINT('Ctrl Pts',(81.260086330882,150.00708884534,9.36529534689535));
#1499=CARTESIAN_POINT('Ctrl Pts',(76.8787183012351,225.004850940246,7.50577734280895));
#1500=CARTESIAN_POINT('Ctrl Pts',(74.2885506286145,275.001659167432,6.62729716174494));
#1501=CARTESIAN_POINT('Ctrl Pts',(72.0740894578988,324.99029536266,6.0021241766914));
#1502=CARTESIAN_POINT('Ctrl Pts',(70.241901036558,374.980953251246,5.54376527337349));
#1503=CARTESIAN_POINT('Ctrl Pts',(68.0740610775751,449.984615799295,5.04300777261565));
#1504=CARTESIAN_POINT('Ctrl Pts',(65.8548158837604,524.99550360072,4.57703932574845));
#1505=CARTESIAN_POINT('Ctrl Pts',(63.9172295661216,575.000353606357,4.17954616444468));
#1506=CARTESIAN_POINT('Ctrl Pts',(61.5653834841678,624.998940670375,3.67412247769275));
#1507=CARTESIAN_POINT('Ctrl Pts',(58.7216305229454,674.997539603205,2.94019886671309));
#1508=CARTESIAN_POINT('Ctrl Pts',(53.7550812026599,749.99670934218,1.50928362099507));
#1509=CARTESIAN_POINT('Ctrl Pts',(48.7557075083198,824.997805554385,0.253590351021877));
#1510=CARTESIAN_POINT('Ctrl Pts',(45.855053920816,874.999018363666,-0.148700576557804));
#1511=CARTESIAN_POINT('Ctrl Pts',(43.4018580105393,924.984301536145,-0.145019171411009));
#1512=CARTESIAN_POINT('Ctrl Pts',(41.0646090604917,974.966906254371,-0.397988469020959));
#1513=CARTESIAN_POINT('Ctrl Pts',(37.7185764963259,1049.97074566928,-0.974554849905241));
#1514=CARTESIAN_POINT('Ctrl Pts',(34.3474421466884,1124.98826672336,-1.13328959528834));
#1515=CARTESIAN_POINT('Ctrl Pts',(31.920759011647,1174.99862404355,-0.917075220346903));
#1516=CARTESIAN_POINT('Ctrl Pts',(30.6622302084848,1200.,-0.372052592835792));
#1517=CARTESIAN_POINT('Ctrl Pts',(109.478816123754,0.,19.9872129484375));
#1518=CARTESIAN_POINT('Ctrl Pts',(108.153692298713,25.000125103365,19.0001261254484));
#1519=CARTESIAN_POINT('Ctrl Pts',(105.074517475536,75.0042948191327,17.4888623361935));
#1520=CARTESIAN_POINT('Ctrl Pts',(100.176531900376,150.005012109618,14.7619414602071));
#1521=CARTESIAN_POINT('Ctrl Pts',(95.1525477313475,225.00325939109,12.4141620979006));
#1522=CARTESIAN_POINT('Ctrl Pts',(91.9672583632776,275.001063585151,11.1922984975976));
#1523=CARTESIAN_POINT('Ctrl Pts',(88.9924009108681,324.990890471032,10.1944230229507));
#1524=CARTESIAN_POINT('Ctrl Pts',(86.5860104512651,374.982188246674,9.38434268678867));
#1525=CARTESIAN_POINT('Ctrl Pts',(83.8273694907387,449.985770218769,8.42708213284424));
#1526=CARTESIAN_POINT('Ctrl Pts',(81.0138656597491,524.996055109597,7.55029751177866));
#1527=CARTESIAN_POINT('Ctrl Pts',(78.4956860347637,575.000475105008,6.89495932976652));
#1528=CARTESIAN_POINT('Ctrl Pts',(75.3746066660447,624.998819486425,6.13599638174727));
#1529=CARTESIAN_POINT('Ctrl Pts',(71.8555947934121,674.997226872986,5.1669152917583));
#1530=CARTESIAN_POINT('Ctrl Pts',(66.0044236811553,749.996230863936,3.43046831651103));
#1531=CARTESIAN_POINT('Ctrl Pts',(60.1143248722131,824.997366203535,1.88515496192604));
#1532=CARTESIAN_POINT('Ctrl Pts',(56.5240551334509,874.998822827189,1.28459871143802));
#1533=CARTESIAN_POINT('Ctrl Pts',(53.2869724983263,924.984496832998,1.073508338551));
#1534=CARTESIAN_POINT('Ctrl Pts',(50.3377176627436,974.967140519539,0.665411707059398));
#1535=CARTESIAN_POINT('Ctrl Pts',(46.3253503129079,1049.97050546039,-0.0502897559229175));
#1536=CARTESIAN_POINT('Ctrl Pts',(42.276514210182,1124.98778234219,-0.350752905793178));
#1537=CARTESIAN_POINT('Ctrl Pts',(39.222627912032,1174.99812599217,-0.225161544319745));
#1538=CARTESIAN_POINT('Ctrl Pts',(37.5568709545114,1200.,0.210489543638516));
#1539=CARTESIAN_POINT('Ctrl Pts',(139.110327700361,0.,28.8832849924316));
#1540=CARTESIAN_POINT('Ctrl Pts',(137.308476809986,24.9998000849319,27.6013411774182));
#1541=CARTESIAN_POINT('Ctrl Pts',(133.439278576192,75.0019072358631,25.4259223335668));
#1542=CARTESIAN_POINT('Ctrl Pts',(127.475633586612,150.002339377234,21.9919384536275));
#1543=CARTESIAN_POINT('Ctrl Pts',(121.378911233142,225.001178179602,18.9712885362865));
#1544=CARTESIAN_POINT('Ctrl Pts',(117.348214630782,275.000271689993,17.2857634748344));
#1545=CARTESIAN_POINT('Ctrl Pts',(113.399761072366,324.991681751345,15.793830777916));
#1546=CARTESIAN_POINT('Ctrl Pts',(110.084346362241,374.983829381309,14.4972850898358));
#1547=CARTESIAN_POINT('Ctrl Pts',(106.048444269423,449.987296607823,12.8716922008368));
#1548=CARTESIAN_POINT('Ctrl Pts',(101.953521057659,524.996774826964,11.3863196708151));
#1549=CARTESIAN_POINT('Ctrl Pts',(98.5186535163602,575.000630568662,10.3670116861024));
#1550=CARTESIAN_POINT('Ctrl Pts',(94.4134140736046,624.99866441391,9.27012256464906));
#1551=CARTESIAN_POINT('Ctrl Pts',(90.0155317941639,674.996816952326,8.01435932245317));
#1552=CARTESIAN_POINT('Ctrl Pts',(82.9894173109028,749.995591175366,5.94661511354011));
#1553=CARTESIAN_POINT('Ctrl Pts',(75.9183760650437,824.996772828623,4.08570057146335));
#1554=CARTESIAN_POINT('Ctrl Pts',(71.4346596464125,874.998557521501,3.23593367790338));
#1555=CARTESIAN_POINT('Ctrl Pts',(67.199390279548,924.984761822678,2.72438150831118));
#1556=CARTESIAN_POINT('Ctrl Pts',(63.2932867442948,974.967440015354,2.08297347323232));
#1557=CARTESIAN_POINT('Ctrl Pts',(57.9006072805406,1049.97012757164,1.12094147906571));
#1558=CARTESIAN_POINT('Ctrl Pts',(52.4584806536844,1124.98704479595,0.567097579734024));
#1559=CARTESIAN_POINT('Ctrl Pts',(48.4308860083115,1174.99744251058,0.528897969206259));
#1560=CARTESIAN_POINT('Ctrl Pts',(46.2486450733848,1200.,0.806691705824338));
#1561=CARTESIAN_POINT('Ctrl Pts',(175.33187471137,0.,38.9746668374941));
#1562=CARTESIAN_POINT('Ctrl Pts',(173.024230010823,24.99944586808,37.3656397648146));
#1563=CARTESIAN_POINT('Ctrl Pts',(168.210261992723,74.9995104942421,34.459056479691));
#1564=CARTESIAN_POINT('Ctrl Pts',(160.810969227816,149.999564306264,30.1922160412024));
#1565=CARTESIAN_POINT('Ctrl Pts',(153.270604327246,224.998970617177,26.3770907154871));
#1566=CARTESIAN_POINT('Ctrl Pts',(148.240388359335,274.999413619753,24.1611532044798));
#1567=CARTESIAN_POINT('Ctrl Pts',(143.25772976767,324.992539163417,22.1215964736383));
#1568=CARTESIAN_POINT('Ctrl Pts',(138.70441853799,374.98560810313,20.2590873324229));
#1569=CARTESIAN_POINT('Ctrl Pts',(132.495377348333,449.988944669798,17.8080644056145));
#1570=CARTESIAN_POINT('Ctrl Pts',(126.221877272936,524.997543363505,15.5615990251063));
#1571=CARTESIAN_POINT('Ctrl Pts',(121.538890686478,575.000794311327,14.1078301167906));
#1572=CARTESIAN_POINT('Ctrl Pts',(116.385549371193,624.998501066277,12.6319149657346));
#1573=CARTESIAN_POINT('Ctrl Pts',(111.039178248577,674.996375307609,11.0788456412379));
#1574=CARTESIAN_POINT('Ctrl Pts',(102.726799825961,749.994892665121,8.70807425159773));
#1575=CARTESIAN_POINT('Ctrl Pts',(94.3653251167778,824.99612184359,6.55852635366296));
#1576=CARTESIAN_POINT('Ctrl Pts',(88.9223630930054,874.99826593666,5.44594592526447));
#1577=CARTESIAN_POINT('Ctrl Pts',(83.6297677814558,924.98505306597,4.58963974740062));
#1578=CARTESIAN_POINT('Ctrl Pts',(78.5213819801048,974.967748462226,3.66296434087055));
#1579=CARTESIAN_POINT('Ctrl Pts',(71.1020010477524,1049.96965436536,2.36370790907055));
#1580=CARTESIAN_POINT('Ctrl Pts',(63.6225908659819,1124.98614287871,1.46353541452582));
#1581=CARTESIAN_POINT('Ctrl Pts',(58.3801521726532,1174.99668546392,1.20034228898478));
#1582=CARTESIAN_POINT('Ctrl Pts',(55.6551452983743,1200.,1.29529525291232));
#1583=CARTESIAN_POINT('Ctrl Pts',(212.371270066758,0.,49.397827150354));
#1584=CARTESIAN_POINT('Ctrl Pts',(209.55828237037,24.9991063261335,47.4544030872382));
#1585=CARTESIAN_POINT('Ctrl Pts',(203.789036461418,74.9974057918356,43.8204586038832));
#1586=CARTESIAN_POINT('Ctrl Pts',(194.943695948339,149.997024284129,38.6827668281152));
#1587=CARTESIAN_POINT('Ctrl Pts',(185.949424988732,224.996898070613,34.0333599428837));
#1588=CARTESIAN_POINT('Ctrl Pts',(179.917015031456,274.998588704397,31.2629448370692));
#1589=CARTESIAN_POINT('Ctrl Pts',(173.901686774796,324.993363564651,28.6555042613726));
#1590=CARTESIAN_POINT('Ctrl Pts',(168.085357100209,374.98732222675,26.2101869628746));
#1591=CARTESIAN_POINT('Ctrl Pts',(159.625142829797,449.990534497688,22.9093792096158));
#1592=CARTESIAN_POINT('Ctrl Pts',(151.091258176413,524.998284603289,19.8764886339246));
#1593=CARTESIAN_POINT('Ctrl Pts',(145.127366995157,575.00095386042,17.9689053606291));
#1594=CARTESIAN_POINT('Ctrl Pts',(138.917338993996,624.998341799342,16.0917015325137));
#1595=CARTESIAN_POINT('Ctrl Pts',(132.605786371074,674.995942401191,14.214867435602));
#1596=CARTESIAN_POINT('Ctrl Pts',(122.97282440979,749.994214220387,11.4956548052301));
#1597=CARTESIAN_POINT('Ctrl Pts',(113.288108062893,824.995496524824,9.0183470999692));
#1598=CARTESIAN_POINT('Ctrl Pts',(106.872708160087,874.997987512167,7.62795228549765));
#1599=CARTESIAN_POINT('Ctrl Pts',(100.517936844145,924.98533120844,6.42222442951367));
#1600=CARTESIAN_POINT('Ctrl Pts',(94.2231713009776,974.968028629389,5.2141947920738));
#1601=CARTESIAN_POINT('Ctrl Pts',(84.8346810440646,1049.9691641434,3.5980723766108));
#1602=CARTESIAN_POINT('Ctrl Pts',(75.3808053214877,1124.98521669984,2.37756666298549));
#1603=CARTESIAN_POINT('Ctrl Pts',(68.9482051655836,1174.995965208,1.88923942439959));
#1604=CARTESIAN_POINT('Ctrl Pts',(65.6850171965521,1200.,1.80621692688254));
#1605=CARTESIAN_POINT('Ctrl Pts',(248.802750291645,0.,59.8457217599724));
#1606=CARTESIAN_POINT('Ctrl Pts',(245.494562254516,24.9987910225895,57.5713193282378));
#1607=CARTESIAN_POINT('Ctrl Pts',(238.788115300931,74.9955962312724,53.2310075095461));
#1608=CARTESIAN_POINT('Ctrl Pts',(228.540691583018,149.994753342047,47.2109215103282));
#1609=CARTESIAN_POINT('Ctrl Pts',(218.136929601116,224.995002649028,41.7124967100452));
#1610=CARTESIAN_POINT('Ctrl Pts',(211.128039057189,274.997818938351,38.3806302589306));
#1611=CARTESIAN_POINT('Ctrl Pts',(204.101779165679,324.99413287969,35.202903095027));
#1612=CARTESIAN_POINT('Ctrl Pts',(197.087313543944,374.988925847132,32.1809864681748));
#1613=CARTESIAN_POINT('Ctrl Pts',(186.537655491614,449.992025530893,28.0480701708216));
#1614=CARTESIAN_POINT('Ctrl Pts',(175.901765907335,524.998982297281,24.2439209830641));
#1615=CARTESIAN_POINT('Ctrl Pts',(168.715040020784,575.001106480752,21.8832214647231));
#1616=CARTESIAN_POINT('Ctrl Pts',(161.461054317873,624.998189406149,19.5961664461663));
#1617=CARTESIAN_POINT('Ctrl Pts',(154.179397583117,674.995528823747,17.3754839876181));
#1618=CARTESIAN_POINT('Ctrl Pts',(143.194329368867,749.993575457882,14.261495529235));
#1619=CARTESIAN_POINT('Ctrl Pts',(132.155749030192,824.994916051099,11.4168143695965));
#1620=CARTESIAN_POINT('Ctrl Pts',(124.765214032056,874.99773099924,9.74097383939942));
#1621=CARTESIAN_POINT('Ctrl Pts',(117.363130009112,924.985587471634,8.19591931586938));
#1622=CARTESIAN_POINT('Ctrl Pts',(109.936787735585,974.968277533182,6.71906090042902));
#1623=CARTESIAN_POINT('Ctrl Pts',(98.7235146071662,1049.96868866231,4.81059620314886));
#1624=CARTESIAN_POINT('Ctrl Pts',(87.4439152740401,1124.98432106032,3.30061485614245));
#1625=CARTESIAN_POINT('Ctrl Pts',(79.8832952983288,1174.99530624615,2.59868599498649));
#1626=CARTESIAN_POINT('Ctrl Pts',(76.0952716248332,1200.,2.35089447825251));
#1627=CARTESIAN_POINT('Ctrl Pts',(274.689889442016,0.,67.5610269586307));
#1628=CARTESIAN_POINT('Ctrl Pts',(271.032784236626,24.9985980621921,65.0515672036526));
#1629=CARTESIAN_POINT('Ctrl Pts',(263.661546933779,74.9946841044043,60.2226067469488));
#1630=CARTESIAN_POINT('Ctrl Pts',(252.437957386064,149.993479272727,53.5334774284214));
#1631=CARTESIAN_POINT('Ctrl Pts',(241.053390181894,224.993878351542,47.3852173429502));
#1632=CARTESIAN_POINT('Ctrl Pts',(233.361561664508,274.997340828708,43.6313636520817));
#1633=CARTESIAN_POINT('Ctrl Pts',(225.624862064463,324.994610677749,40.0357103447726));
#1634=CARTESIAN_POINT('Ctrl Pts',(217.83750512305,374.989928375517,36.6032951409057));
#1635=CARTESIAN_POINT('Ctrl Pts',(206.025824706902,449.992965193093,31.8903772001953));
#1636=CARTESIAN_POINT('Ctrl Pts',(194.11378060333,524.999428064152,27.5469495210944));
#1637=CARTESIAN_POINT('Ctrl Pts',(186.126054712484,575.001208503342,24.8578457777119));
#1638=CARTESIAN_POINT('Ctrl Pts',(178.124179547188,624.998087519311,22.2608337107467));
#1639=CARTESIAN_POINT('Ctrl Pts',(170.116288639578,674.995255578355,19.7583071953711));
#1640=CARTESIAN_POINT('Ctrl Pts',(158.071655146613,749.993170622607,16.2822036154242));
#1641=CARTESIAN_POINT('Ctrl Pts',(145.973083482359,824.994562345558,13.1063656304063));
#1642=CARTESIAN_POINT('Ctrl Pts',(137.854922877346,874.997578044646,11.2119074795018));
#1643=CARTESIAN_POINT('Ctrl Pts',(129.704434309975,924.985740264174,9.43857237503364));
#1644=CARTESIAN_POINT('Ctrl Pts',(121.523966983741,974.968415078224,7.78178883616962));
#1645=CARTESIAN_POINT('Ctrl Pts',(109.173180859415,1049.96837797899,5.68332314697248));
#1646=CARTESIAN_POINT('Ctrl Pts',(96.7613739732147,1124.98373624125,3.99551453148924));
#1647=CARTESIAN_POINT('Ctrl Pts',(88.4592198802877,1174.99492234193,3.15588478384711));
#1648=CARTESIAN_POINT('Ctrl Pts',(84.3041579148502,1200.,2.81058303464669));
#1649=CARTESIAN_POINT('Ctrl Pts',(291.088717882799,0.,72.5765686799002));
#1650=CARTESIAN_POINT('Ctrl Pts',(287.218831192786,24.9985034862534,69.9245701066627));
#1651=CARTESIAN_POINT('Ctrl Pts',(279.425785381108,74.9943741870386,64.8006813768068));
#1652=CARTESIAN_POINT('Ctrl Pts',(267.573911233524,149.992933130997,57.6584647272029));
#1653=CARTESIAN_POINT('Ctrl Pts',(255.558749400391,224.993348066166,51.0653332009335));
#1654=CARTESIAN_POINT('Ctrl Pts',(247.440457674736,274.99709933178,47.0329522994481));
#1655=CARTESIAN_POINT('Ctrl Pts',(239.272072780844,324.994852096963,43.1741336187219));
#1656=CARTESIAN_POINT('Ctrl Pts',(231.053002788367,374.990440385594,39.4884529250454));
#1657=CARTESIAN_POINT('Ctrl Pts',(218.587437909219,449.993452283861,34.4219816217402));
#1658=CARTESIAN_POINT('Ctrl Pts',(206.009153410147,524.999665410002,29.7481076302354));
#1659=CARTESIAN_POINT('Ctrl Pts',(197.565006429496,575.001266816505,26.8519532925917));
#1660=CARTESIAN_POINT('Ctrl Pts',(189.098581280679,624.998029207796,24.0534405319207));
#1661=CARTESIAN_POINT('Ctrl Pts',(180.609013485515,674.995103309625,21.352267341334));
#1662=CARTESIAN_POINT('Ctrl Pts',(167.816173449564,749.992960016657,17.5963704793533));
#1663=CARTESIAN_POINT('Ctrl Pts',(154.969399300701,824.994390603809,14.1685345274718));
#1664=CARTESIAN_POINT('Ctrl Pts',(146.369584820546,874.997506750878,12.1310259786304));
#1665=CARTESIAN_POINT('Ctrl Pts',(137.754736101235,924.985811510377,10.2303636658345));
#1666=CARTESIAN_POINT('Ctrl Pts',(129.123290128574,974.968472527849,8.46604651508941));
#1667=CARTESIAN_POINT('Ctrl Pts',(116.119426590418,1049.96821737893,6.24346086008439));
#1668=CARTESIAN_POINT('Ctrl Pts',(103.061674030312,1124.9834316857,4.44665405091345));
#1669=CARTESIAN_POINT('Ctrl Pts',(94.3228224879537,1174.99475223165,3.52973635265993));
#1670=CARTESIAN_POINT('Ctrl Pts',(89.9451744317186,1200.,3.14095470322509));
#1671=UNCERTAINTY_MEASURE_WITH_UNIT(LENGTH_MEASURE(0.01),#1675,
'DISTANCE_ACCURACY_VALUE',
'Maximum model space distance between geometric entities at asserted c
onnectivities');
#1672=UNCERTAINTY_MEASURE_WITH_UNIT(LENGTH_MEASURE(0.01),#1675,
'DISTANCE_ACCURACY_VALUE',
'Maximum model space distance between geometric entities at asserted c
onnectivities');
#1673=(
GEOMETRIC_REPRESENTATION_CONTEXT(3)
GLOBAL_UNCERTAINTY_ASSIGNED_CONTEXT((#1671))
GLOBAL_UNIT_ASSIGNED_CONTEXT((#1675,#1677,#1678))
REPRESENTATION_CONTEXT('','3D')
);
#1674=(
GEOMETRIC_REPRESENTATION_CONTEXT(3)
GLOBAL_UNCERTAINTY_ASSIGNED_CONTEXT((#1672))
GLOBAL_UNIT_ASSIGNED_CONTEXT((#1675,#1677,#1678))
REPRESENTATION_CONTEXT('','3D')
);
#1675=(
LENGTH_UNIT()
NAMED_UNIT(*)
SI_UNIT(.MILLI.,.METRE.)
);
#1676=(
LENGTH_UNIT()
NAMED_UNIT(*)
SI_UNIT($,.METRE.)
);
#1677=(
NAMED_UNIT(*)
PLANE_ANGLE_UNIT()
SI_UNIT($,.RADIAN.)
);
#1678=(
NAMED_UNIT(*)
SI_UNIT($,.STERADIAN.)
SOLID_ANGLE_UNIT()
);
#1679=SHAPE_DEFINITION_REPRESENTATION(#1680,#1681);
#1680=PRODUCT_DEFINITION_SHAPE('',$,#1683);
#1681=SHAPE_REPRESENTATION('',(#108),#1673);
#1682=PRODUCT_DEFINITION_CONTEXT('part definition',#1687,'design');
#1683=PRODUCT_DEFINITION('2026-05-26-22-15-00-733',
'Refined_blade_NACA4412_modified_300mm',#1684,#1682);
#1684=PRODUCT_DEFINITION_FORMATION('',$,#1689);
#1685=PRODUCT_RELATED_PRODUCT_CATEGORY(
'Refined_blade_NACA4412_modified_300mm',
'Refined_blade_NACA4412_modified_300mm',(#1689));
#1686=APPLICATION_PROTOCOL_DEFINITION('international standard',
'automotive_design',2009,#1687);
#1687=APPLICATION_CONTEXT(
'Core Data for Automotive Mechanical Design Process');
#1688=PRODUCT_CONTEXT('part definition',#1687,'mechanical');
#1689=PRODUCT('2026-05-26-22-15-00-733',
'Refined_blade_NACA4412_modified_300mm',$,(#1688));
#1690=PRESENTATION_STYLE_ASSIGNMENT((#1691));
#1691=SURFACE_STYLE_USAGE(.BOTH.,#1692);
#1692=SURFACE_SIDE_STYLE('',(#1693));
#1693=SURFACE_STYLE_FILL_AREA(#1694);
#1694=FILL_AREA_STYLE('Steel - Satin',(#1695));
#1695=FILL_AREA_STYLE_COLOUR('Steel - Satin',#1696);
#1696=COLOUR_RGB('Steel - Satin',0.627450980392157,0.627450980392157,0.627450980392157);
ENDSEC;
END-ISO-10303-21;
