ISO-10303-21;
HEADER;
/* Generated by software containing ST-Developer
 * from STEP Tools, Inc. (www.steptools.com) 
 */

FILE_DESCRIPTION(
/* description */ (''),
/* implementation_level */ '2;1');

FILE_NAME(
/* name */ 'Refined_blade_NACA4412_modified_150mm_1.6m.step',
/* time_stamp */ '2026-07-09T14:21:56+08:00',
/* author */ (''),
/* organization */ (''),
/* preprocessor_version */ 'ST-DEVELOPER v20.1',
/* originating_system */ 'Autodesk Translation Framework v15.8.0.0',
/* authorisation */ '');

FILE_SCHEMA (('AUTOMOTIVE_DESIGN { 1 0 10303 214 3 1 1 }'));
ENDSEC;

DATA;
#10=MECHANICAL_DESIGN_GEOMETRIC_PRESENTATION_REPRESENTATION('',(#13),#1503);
#11=SHAPE_REPRESENTATION_RELATIONSHIP('SRR','None',#1510,#12);
#12=ADVANCED_BREP_SHAPE_REPRESENTATION('',(#14),#1502);
#13=STYLED_ITEM('',(#1519),#14);
#14=MANIFOLD_SOLID_BREP('Body1',#90);
#15=B_SPLINE_CURVE_WITH_KNOTS('',3,(#1063,#1064,#1065,#1066,#1067,#1068,
#1069,#1070,#1071,#1072,#1073,#1074,#1075,#1076,#1077,#1078,#1079,#1080,
#1081),.UNSPECIFIED.,.F.,.F.,(4,1,1,1,1,1,1,1,1,1,1,1,1,1,1,1,4),(0.,10.0002549863371,
20.000257273771,30.0001339508003,40.0000151096751,49.9996641031819,59.9997034806138,
69.9999201757977,80.0000188174735,89.9999767749446,99.9999562644943,109.999963314992,
120.000022778114,129.9995153065,139.999455203781,149.999679355818,160.000029916046),
 .UNSPECIFIED.);
#16=(
BOUNDED_CURVE()
B_SPLINE_CURVE(5,(#296,#297,#298,#299,#300,#301,#302,#303,#304,#305),
 .UNSPECIFIED.,.F.,.F.)
B_SPLINE_CURVE_WITH_KNOTS((6,1,1,1,1,6),(0.,0.2,0.4,0.6,0.8,1.),
 .UNSPECIFIED.)
CURVE()
GEOMETRIC_REPRESENTATION_ITEM()
RATIONAL_B_SPLINE_CURVE((1.,1.,1.,1.,1.,1.,1.,1.,1.,1.))
REPRESENTATION_ITEM('')
);
#17=(
BOUNDED_CURVE()
B_SPLINE_CURVE(5,(#307,#308,#309,#310,#311,#312,#313,#314,#315,#316,#317,
#318,#319,#320,#321,#322,#323,#324,#325,#326,#327,#328,#329),
 .UNSPECIFIED.,.F.,.F.)
B_SPLINE_CURVE_WITH_KNOTS((6,1,1,1,1,1,1,1,1,1,1,1,1,1,1,1,1,1,6),(0.,0.05,
0.1,0.15,0.2,0.25,0.3,0.35,0.4,0.45,0.5,0.55,0.6,0.65,0.7,0.75,0.8,0.85,
0.885019886498051),.UNSPECIFIED.)
CURVE()
GEOMETRIC_REPRESENTATION_ITEM()
RATIONAL_B_SPLINE_CURVE((1.,1.,1.,1.,1.,1.,1.,1.,1.,1.,1.,1.,1.,1.,1.,1.,
1.,1.,1.,1.,1.,1.,1.))
REPRESENTATION_ITEM('')
);
#18=(
BOUNDED_CURVE()
B_SPLINE_CURVE(5,(#331,#332,#333,#334,#335,#336,#337,#338),
 .UNSPECIFIED.,.F.,.F.)
B_SPLINE_CURVE_WITH_KNOTS((6,1,1,6),(0.885019886498051,0.9,0.95,1.),
 .UNSPECIFIED.)
CURVE()
GEOMETRIC_REPRESENTATION_ITEM()
RATIONAL_B_SPLINE_CURVE((1.,1.,1.,1.,1.,1.,1.,1.))
REPRESENTATION_ITEM('')
);
#19=(
BOUNDED_CURVE()
B_SPLINE_CURVE(5,(#339,#340,#341,#342,#343,#344,#345,#346,#347,#348,#349,
#350,#351,#352,#353),.UNSPECIFIED.,.F.,.F.)
B_SPLINE_CURVE_WITH_KNOTS((6,1,1,1,1,1,1,1,1,1,6),(0.,0.1,0.2,0.3,0.4,0.5,
0.6,0.7,0.8,0.9,1.),.UNSPECIFIED.)
CURVE()
GEOMETRIC_REPRESENTATION_ITEM()
RATIONAL_B_SPLINE_CURVE((1.,1.,1.,1.,1.,1.,1.,1.,1.,1.,1.,1.,1.,1.,1.))
REPRESENTATION_ITEM('')
);
#20=(
BOUNDED_CURVE()
B_SPLINE_CURVE(5,(#498,#499,#500,#501,#502,#503,#504,#505,#506,#507,#508,
#509,#510,#511,#512,#513,#514,#515,#516,#517,#518,#519,#520,#521,#522),
 .UNSPECIFIED.,.F.,.F.)
B_SPLINE_CURVE_WITH_KNOTS((6,1,1,1,1,1,1,1,1,1,1,1,1,1,1,1,1,1,1,1,6),(-1.,
-0.95,-0.9,-0.85,-0.8,-0.75,-0.7,-0.65,-0.6,-0.55,-0.5,-0.45,-0.4,-0.35,
-0.3,-0.25,-0.2,-0.15,-0.1,-0.05,0.),.UNSPECIFIED.)
CURVE()
GEOMETRIC_REPRESENTATION_ITEM()
RATIONAL_B_SPLINE_CURVE((1.,1.,1.,1.,1.,1.,1.,1.,1.,1.,1.,1.,1.,1.,1.,1.,
1.,1.,1.,1.,1.,1.,1.,1.,1.))
REPRESENTATION_ITEM('')
);
#21=(
BOUNDED_CURVE()
B_SPLINE_CURVE(5,(#526,#527,#528,#529,#530,#531,#532,#533,#534,#535,#536,
#537,#538,#539,#540,#541,#542,#543,#544,#545,#546,#547,#548,#549,#550),
 .UNSPECIFIED.,.F.,.F.)
B_SPLINE_CURVE_WITH_KNOTS((6,1,1,1,1,1,1,1,1,1,1,1,1,1,1,1,1,1,1,1,6),(-1.,
-0.95,-0.9,-0.85,-0.8,-0.75,-0.7,-0.65,-0.6,-0.55,-0.5,-0.45,-0.4,-0.35,
-0.3,-0.25,-0.2,-0.15,-0.1,-0.05,0.),.UNSPECIFIED.)
CURVE()
GEOMETRIC_REPRESENTATION_ITEM()
RATIONAL_B_SPLINE_CURVE((1.,1.,1.,1.,1.,1.,1.,1.,1.,1.,1.,1.,1.,1.,1.,1.,
1.,1.,1.,1.,1.,1.,1.,1.,1.))
REPRESENTATION_ITEM('')
);
#22=(
BOUNDED_CURVE()
B_SPLINE_CURVE(5,(#551,#552,#553,#554,#555,#556,#557,#558,#559,#560,#561,
#562,#563,#564,#565,#566,#567,#568,#569,#570,#571,#572,#573,#574,#575),
 .UNSPECIFIED.,.F.,.F.)
B_SPLINE_CURVE_WITH_KNOTS((6,1,1,1,1,1,1,1,1,1,1,1,1,1,1,1,1,1,1,1,6),(0.,
0.05,0.1,0.15,0.2,0.25,0.3,0.35,0.4,0.45,0.5,0.55,0.6,0.65,0.7,0.75,0.8,
0.85,0.9,0.95,1.),.UNSPECIFIED.)
CURVE()
GEOMETRIC_REPRESENTATION_ITEM()
RATIONAL_B_SPLINE_CURVE((1.,1.,1.,1.,1.,1.,1.,1.,1.,1.,1.,1.,1.,1.,1.,1.,
1.,1.,1.,1.,1.,1.,1.,1.,1.))
REPRESENTATION_ITEM('')
);
#23=(
BOUNDED_CURVE()
B_SPLINE_CURVE(5,(#1038,#1039,#1040,#1041,#1042,#1043,#1044,#1045,#1046,
#1047,#1048,#1049,#1050,#1051,#1052,#1053,#1054,#1055,#1056,#1057,#1058,
#1059,#1060,#1061,#1062),.UNSPECIFIED.,.F.,.F.)
B_SPLINE_CURVE_WITH_KNOTS((6,1,1,1,1,1,1,1,1,1,1,1,1,1,1,1,1,1,1,1,6),(0.,
0.05,0.1,0.15,0.2,0.25,0.3,0.35,0.4,0.45,0.5,0.55,0.6,0.65,0.7,0.75,0.8,
0.85,0.9,0.95,1.),.UNSPECIFIED.)
CURVE()
GEOMETRIC_REPRESENTATION_ITEM()
RATIONAL_B_SPLINE_CURVE((1.,1.,1.,1.,1.,1.,1.,1.,1.,1.,1.,1.,1.,1.,1.,1.,
1.,1.,1.,1.,1.,1.,1.,1.,1.))
REPRESENTATION_ITEM('')
);
#24=B_SPLINE_SURFACE_WITH_KNOTS('',3,3,((#124,#125,#126,#127,#128,#129,
#130,#131,#132),(#133,#134,#135,#136,#137,#138,#139,#140,#141),(#142,#143,
#144,#145,#146,#147,#148,#149,#150),(#151,#152,#153,#154,#155,#156,#157,
#158,#159),(#160,#161,#162,#163,#164,#165,#166,#167,#168),(#169,#170,#171,
#172,#173,#174,#175,#176,#177),(#178,#179,#180,#181,#182,#183,#184,#185,
#186),(#187,#188,#189,#190,#191,#192,#193,#194,#195),(#196,#197,#198,#199,
#200,#201,#202,#203,#204),(#205,#206,#207,#208,#209,#210,#211,#212,#213),
(#214,#215,#216,#217,#218,#219,#220,#221,#222),(#223,#224,#225,#226,#227,
#228,#229,#230,#231),(#232,#233,#234,#235,#236,#237,#238,#239,#240),(#241,
#242,#243,#244,#245,#246,#247,#248,#249),(#250,#251,#252,#253,#254,#255,
#256,#257,#258),(#259,#260,#261,#262,#263,#264,#265,#266,#267),(#268,#269,
#270,#271,#272,#273,#274,#275,#276),(#277,#278,#279,#280,#281,#282,#283,
#284,#285),(#286,#287,#288,#289,#290,#291,#292,#293,#294)),
 .UNSPECIFIED.,.F.,.F.,.F.,(4,1,1,1,1,2,1,1,1,1,1,1,1,1,1,4),(4,1,1,1,1,
1,4),(0.,0.112308070848722,0.224616141697444,0.336924212546165,0.449232283394887,
0.561540354243609,0.649232283394887,0.693078247970526,0.736924212546165,
0.758847194833985,0.780770177121805,0.824616141697444,0.868462106273083,
0.912308070848722,0.956154035424361,1.),(0.,0.142857142857143,0.285714285714286,
0.428571428571429,0.571428571428571,0.857142857142857,1.),.UNSPECIFIED.);
#25=B_SPLINE_SURFACE_WITH_KNOTS('',3,3,((#354,#355,#356,#357,#358,#359,
#360,#361,#362),(#363,#364,#365,#366,#367,#368,#369,#370,#371),(#372,#373,
#374,#375,#376,#377,#378,#379,#380),(#381,#382,#383,#384,#385,#386,#387,
#388,#389),(#390,#391,#392,#393,#394,#395,#396,#397,#398),(#399,#400,#401,
#402,#403,#404,#405,#406,#407),(#408,#409,#410,#411,#412,#413,#414,#415,
#416),(#417,#418,#419,#420,#421,#422,#423,#424,#425),(#426,#427,#428,#429,
#430,#431,#432,#433,#434),(#435,#436,#437,#438,#439,#440,#441,#442,#443),
(#444,#445,#446,#447,#448,#449,#450,#451,#452),(#453,#454,#455,#456,#457,
#458,#459,#460,#461),(#462,#463,#464,#465,#466,#467,#468,#469,#470),(#471,
#472,#473,#474,#475,#476,#477,#478,#479),(#480,#481,#482,#483,#484,#485,
#486,#487,#488),(#489,#490,#491,#492,#493,#494,#495,#496,#497)),
 .UNSPECIFIED.,.F.,.F.,.F.,(4,1,1,1,1,1,1,2,1,1,1,1,4),(4,1,1,1,1,1,4),
(0.,0.0520649030705837,0.104129806141167,0.156194709211751,0.208259612282335,
0.312389418423502,0.41651922456467,0.520649030705837,0.61651922456467,0.712389418423502,
0.808259612282335,0.904129806141167,1.),(0.,0.142857142857143,0.285714285714286,
0.428571428571429,0.571428571428571,0.857142857142857,1.),.UNSPECIFIED.);
#26=B_SPLINE_SURFACE_WITH_KNOTS('',3,3,((#576,#577,#578,#579,#580,#581,
#582,#583,#584,#585,#586,#587,#588,#589,#590,#591,#592,#593,#594,#595,#596,
#597),(#598,#599,#600,#601,#602,#603,#604,#605,#606,#607,#608,#609,#610,
#611,#612,#613,#614,#615,#616,#617,#618,#619),(#620,#621,#622,#623,#624,
#625,#626,#627,#628,#629,#630,#631,#632,#633,#634,#635,#636,#637,#638,#639,
#640,#641),(#642,#643,#644,#645,#646,#647,#648,#649,#650,#651,#652,#653,
#654,#655,#656,#657,#658,#659,#660,#661,#662,#663),(#664,#665,#666,#667,
#668,#669,#670,#671,#672,#673,#674,#675,#676,#677,#678,#679,#680,#681,#682,
#683,#684,#685),(#686,#687,#688,#689,#690,#691,#692,#693,#694,#695,#696,
#697,#698,#699,#700,#701,#702,#703,#704,#705,#706,#707),(#708,#709,#710,
#711,#712,#713,#714,#715,#716,#717,#718,#719,#720,#721,#722,#723,#724,#725,
#726,#727,#728,#729),(#730,#731,#732,#733,#734,#735,#736,#737,#738,#739,
#740,#741,#742,#743,#744,#745,#746,#747,#748,#749,#750,#751),(#752,#753,
#754,#755,#756,#757,#758,#759,#760,#761,#762,#763,#764,#765,#766,#767,#768,
#769,#770,#771,#772,#773),(#774,#775,#776,#777,#778,#779,#780,#781,#782,
#783,#784,#785,#786,#787,#788,#789,#790,#791,#792,#793,#794,#795),(#796,
#797,#798,#799,#800,#801,#802,#803,#804,#805,#806,#807,#808,#809,#810,#811,
#812,#813,#814,#815,#816,#817),(#818,#819,#820,#821,#822,#823,#824,#825,
#826,#827,#828,#829,#830,#831,#832,#833,#834,#835,#836,#837,#838,#839),
(#840,#841,#842,#843,#844,#845,#846,#847,#848,#849,#850,#851,#852,#853,
#854,#855,#856,#857,#858,#859,#860,#861),(#862,#863,#864,#865,#866,#867,
#868,#869,#870,#871,#872,#873,#874,#875,#876,#877,#878,#879,#880,#881,#882,
#883),(#884,#885,#886,#887,#888,#889,#890,#891,#892,#893,#894,#895,#896,
#897,#898,#899,#900,#901,#902,#903,#904,#905),(#906,#907,#908,#909,#910,
#911,#912,#913,#914,#915,#916,#917,#918,#919,#920,#921,#922,#923,#924,#925,
#926,#927),(#928,#929,#930,#931,#932,#933,#934,#935,#936,#937,#938,#939,
#940,#941,#942,#943,#944,#945,#946,#947,#948,#949),(#950,#951,#952,#953,
#954,#955,#956,#957,#958,#959,#960,#961,#962,#963,#964,#965,#966,#967,#968,
#969,#970,#971),(#972,#973,#974,#975,#976,#977,#978,#979,#980,#981,#982,
#983,#984,#985,#986,#987,#988,#989,#990,#991,#992,#993),(#994,#995,#996,
#997,#998,#999,#1000,#1001,#1002,#1003,#1004,#1005,#1006,#1007,#1008,#1009,
#1010,#1011,#1012,#1013,#1014,#1015),(#1016,#1017,#1018,#1019,#1020,#1021,
#1022,#1023,#1024,#1025,#1026,#1027,#1028,#1029,#1030,#1031,#1032,#1033,
#1034,#1035,#1036,#1037)),.UNSPECIFIED.,.F.,.F.,.F.,(4,1,1,1,1,1,2,1,1,
1,1,1,1,1,1,1,1,4),(4,1,1,1,2,1,1,1,2,1,1,1,2,1,1,1,4),(0.,0.131590101867813,
0.263180203735625,0.394770305603438,0.52636040747125,0.592155458405156,
0.657950509339063,0.692155458405156,0.72636040747125,0.760565356537344,
0.777667831070391,0.786219068336914,0.790494686970176,0.794770305603438,
0.863180203735625,0.931590101867813,0.965795050933906,1.),(0.,0.0625053105759294,
0.12500904168979,0.187511987691935,0.25001496170728,0.312515078141936,0.375015638759904,
0.437516537455213,0.500017153754873,0.562517527024428,0.625018034870844,
0.687518714974934,0.750019722661266,0.812514746660511,0.875009080664027,
0.937503796775649,1.),.UNSPECIFIED.);
#27=B_SPLINE_SURFACE_WITH_KNOTS('',3,3,((#1082,#1083,#1084,#1085,#1086,
#1087,#1088,#1089,#1090,#1091,#1092,#1093,#1094,#1095,#1096,#1097,#1098,
#1099,#1100,#1101,#1102,#1103),(#1104,#1105,#1106,#1107,#1108,#1109,#1110,
#1111,#1112,#1113,#1114,#1115,#1116,#1117,#1118,#1119,#1120,#1121,#1122,
#1123,#1124,#1125),(#1126,#1127,#1128,#1129,#1130,#1131,#1132,#1133,#1134,
#1135,#1136,#1137,#1138,#1139,#1140,#1141,#1142,#1143,#1144,#1145,#1146,
#1147),(#1148,#1149,#1150,#1151,#1152,#1153,#1154,#1155,#1156,#1157,#1158,
#1159,#1160,#1161,#1162,#1163,#1164,#1165,#1166,#1167,#1168,#1169),(#1170,
#1171,#1172,#1173,#1174,#1175,#1176,#1177,#1178,#1179,#1180,#1181,#1182,
#1183,#1184,#1185,#1186,#1187,#1188,#1189,#1190,#1191),(#1192,#1193,#1194,
#1195,#1196,#1197,#1198,#1199,#1200,#1201,#1202,#1203,#1204,#1205,#1206,
#1207,#1208,#1209,#1210,#1211,#1212,#1213),(#1214,#1215,#1216,#1217,#1218,
#1219,#1220,#1221,#1222,#1223,#1224,#1225,#1226,#1227,#1228,#1229,#1230,
#1231,#1232,#1233,#1234,#1235),(#1236,#1237,#1238,#1239,#1240,#1241,#1242,
#1243,#1244,#1245,#1246,#1247,#1248,#1249,#1250,#1251,#1252,#1253,#1254,
#1255,#1256,#1257),(#1258,#1259,#1260,#1261,#1262,#1263,#1264,#1265,#1266,
#1267,#1268,#1269,#1270,#1271,#1272,#1273,#1274,#1275,#1276,#1277,#1278,
#1279),(#1280,#1281,#1282,#1283,#1284,#1285,#1286,#1287,#1288,#1289,#1290,
#1291,#1292,#1293,#1294,#1295,#1296,#1297,#1298,#1299,#1300,#1301),(#1302,
#1303,#1304,#1305,#1306,#1307,#1308,#1309,#1310,#1311,#1312,#1313,#1314,
#1315,#1316,#1317,#1318,#1319,#1320,#1321,#1322,#1323),(#1324,#1325,#1326,
#1327,#1328,#1329,#1330,#1331,#1332,#1333,#1334,#1335,#1336,#1337,#1338,
#1339,#1340,#1341,#1342,#1343,#1344,#1345),(#1346,#1347,#1348,#1349,#1350,
#1351,#1352,#1353,#1354,#1355,#1356,#1357,#1358,#1359,#1360,#1361,#1362,
#1363,#1364,#1365,#1366,#1367),(#1368,#1369,#1370,#1371,#1372,#1373,#1374,
#1375,#1376,#1377,#1378,#1379,#1380,#1381,#1382,#1383,#1384,#1385,#1386,
#1387,#1388,#1389),(#1390,#1391,#1392,#1393,#1394,#1395,#1396,#1397,#1398,
#1399,#1400,#1401,#1402,#1403,#1404,#1405,#1406,#1407,#1408,#1409,#1410,
#1411),(#1412,#1413,#1414,#1415,#1416,#1417,#1418,#1419,#1420,#1421,#1422,
#1423,#1424,#1425,#1426,#1427,#1428,#1429,#1430,#1431,#1432,#1433),(#1434,
#1435,#1436,#1437,#1438,#1439,#1440,#1441,#1442,#1443,#1444,#1445,#1446,
#1447,#1448,#1449,#1450,#1451,#1452,#1453,#1454,#1455),(#1456,#1457,#1458,
#1459,#1460,#1461,#1462,#1463,#1464,#1465,#1466,#1467,#1468,#1469,#1470,
#1471,#1472,#1473,#1474,#1475,#1476,#1477),(#1478,#1479,#1480,#1481,#1482,
#1483,#1484,#1485,#1486,#1487,#1488,#1489,#1490,#1491,#1492,#1493,#1494,
#1495,#1496,#1497,#1498,#1499)),.UNSPECIFIED.,.F.,.F.,.F.,(4,1,1,1,1,1,
1,1,1,1,1,1,1,1,1,1,4),(4,1,1,1,2,1,1,1,2,1,1,1,2,1,1,1,4),(0.,0.0714285714285714,
0.142857142857143,0.19047619047619,0.238095238095238,0.285714285714286,
0.297619047619048,0.30952380952381,0.333333333333333,0.428571428571429,
0.464285714285714,0.5,0.571428571428571,0.714285714285714,0.785714285714286,
0.857142857142857,1.),(0.,0.0625053105759294,0.12500904168979,0.187511987691935,
0.25001496170728,0.312515078141936,0.375015638759904,0.437516537455213,
0.500017153754873,0.562517527024428,0.625018034870844,0.687518714974934,
0.750019722661266,0.812514746660511,0.875009080664027,0.937503796775649,
1.),.UNSPECIFIED.);
#28=FACE_OUTER_BOUND('',#34,.T.);
#29=FACE_OUTER_BOUND('',#35,.T.);
#30=FACE_OUTER_BOUND('',#36,.T.);
#31=FACE_OUTER_BOUND('',#37,.T.);
#32=FACE_OUTER_BOUND('',#38,.T.);
#33=FACE_OUTER_BOUND('',#39,.T.);
#34=EDGE_LOOP('',(#60,#61));
#35=EDGE_LOOP('',(#62,#63,#64,#65,#66));
#36=EDGE_LOOP('',(#67,#68,#69,#70));
#37=EDGE_LOOP('',(#71,#72));
#38=EDGE_LOOP('',(#73,#74,#75,#76));
#39=EDGE_LOOP('',(#77,#78,#79,#80,#81));
#40=CIRCLE('',#105,50.);
#41=CIRCLE('',#106,50.);
#42=VERTEX_POINT('',#120);
#43=VERTEX_POINT('',#121);
#44=VERTEX_POINT('',#295);
#45=VERTEX_POINT('',#306);
#46=VERTEX_POINT('',#330);
#47=VERTEX_POINT('',#524);
#48=VERTEX_POINT('',#525);
#49=EDGE_CURVE('',#42,#43,#40,.T.);
#50=EDGE_CURVE('',#43,#42,#41,.T.);
#51=EDGE_CURVE('',#43,#44,#16,.T.);
#52=EDGE_CURVE('',#44,#45,#17,.T.);
#53=EDGE_CURVE('',#45,#46,#18,.T.);
#54=EDGE_CURVE('',#42,#46,#19,.T.);
#55=EDGE_CURVE('',#46,#44,#20,.T.);
#56=EDGE_CURVE('',#47,#48,#21,.T.);
#57=EDGE_CURVE('',#48,#47,#22,.T.);
#58=EDGE_CURVE('',#46,#47,#23,.T.);
#59=EDGE_CURVE('',#44,#48,#15,.T.);
#60=ORIENTED_EDGE('',*,*,#49,.F.);
#61=ORIENTED_EDGE('',*,*,#50,.F.);
#62=ORIENTED_EDGE('',*,*,#49,.T.);
#63=ORIENTED_EDGE('',*,*,#51,.T.);
#64=ORIENTED_EDGE('',*,*,#52,.T.);
#65=ORIENTED_EDGE('',*,*,#53,.T.);
#66=ORIENTED_EDGE('',*,*,#54,.F.);
#67=ORIENTED_EDGE('',*,*,#50,.T.);
#68=ORIENTED_EDGE('',*,*,#54,.T.);
#69=ORIENTED_EDGE('',*,*,#55,.T.);
#70=ORIENTED_EDGE('',*,*,#51,.F.);
#71=ORIENTED_EDGE('',*,*,#56,.F.);
#72=ORIENTED_EDGE('',*,*,#57,.F.);
#73=ORIENTED_EDGE('',*,*,#55,.F.);
#74=ORIENTED_EDGE('',*,*,#58,.T.);
#75=ORIENTED_EDGE('',*,*,#56,.T.);
#76=ORIENTED_EDGE('',*,*,#59,.F.);
#77=ORIENTED_EDGE('',*,*,#52,.F.);
#78=ORIENTED_EDGE('',*,*,#59,.T.);
#79=ORIENTED_EDGE('',*,*,#57,.T.);
#80=ORIENTED_EDGE('',*,*,#58,.F.);
#81=ORIENTED_EDGE('',*,*,#53,.F.);
#82=PLANE('',#104);
#83=PLANE('',#107);
#84=ADVANCED_FACE('',(#28),#82,.F.);
#85=ADVANCED_FACE('',(#29),#24,.T.);
#86=ADVANCED_FACE('',(#30),#25,.T.);
#87=ADVANCED_FACE('',(#31),#83,.T.);
#88=ADVANCED_FACE('',(#32),#26,.F.);
#89=ADVANCED_FACE('',(#33),#27,.F.);
#90=CLOSED_SHELL('',(#84,#85,#86,#87,#88,#89));
#91=DERIVED_UNIT_ELEMENT(#93,1.);
#92=DERIVED_UNIT_ELEMENT(#1505,-3.);
#93=(
MASS_UNIT()
NAMED_UNIT(*)
SI_UNIT(.KILO.,.GRAM.)
);
#94=DERIVED_UNIT((#91,#92));
#95=MEASURE_REPRESENTATION_ITEM('density measure',
POSITIVE_RATIO_MEASURE(7850.),#94);
#96=PROPERTY_DEFINITION_REPRESENTATION(#101,#98);
#97=PROPERTY_DEFINITION_REPRESENTATION(#102,#99);
#98=REPRESENTATION('material name',(#100),#1502);
#99=REPRESENTATION('density',(#95),#1502);
#100=DESCRIPTIVE_REPRESENTATION_ITEM('Steel','Steel');
#101=PROPERTY_DEFINITION('material property','material name',#1512);
#102=PROPERTY_DEFINITION('material property','density of part',#1512);
#103=AXIS2_PLACEMENT_3D('',#118,#108,#109);
#104=AXIS2_PLACEMENT_3D('',#119,#110,#111);
#105=AXIS2_PLACEMENT_3D('',#122,#112,#113);
#106=AXIS2_PLACEMENT_3D('',#123,#114,#115);
#107=AXIS2_PLACEMENT_3D('',#523,#116,#117);
#108=DIRECTION('axis',(0.,0.,1.));
#109=DIRECTION('refdir',(1.,0.,0.));
#110=DIRECTION('center_axis',(0.,1.,0.));
#111=DIRECTION('ref_axis',(0.,0.,1.));
#112=DIRECTION('center_axis',(0.,1.,0.));
#113=DIRECTION('ref_axis',(1.,0.,0.));
#114=DIRECTION('center_axis',(0.,1.,0.));
#115=DIRECTION('ref_axis',(1.,0.,0.));
#116=DIRECTION('center_axis',(0.,1.,0.));
#117=DIRECTION('ref_axis',(0.,0.,1.));
#118=CARTESIAN_POINT('',(0.,0.,0.));
#119=CARTESIAN_POINT('Origin',(49.9975482340912,-200.,0.447122961666122));
#120=CARTESIAN_POINT('',(99.9950964681825,-200.,-4.45476988630844E-14));
#121=CARTESIAN_POINT('',(8.88178419700125E-15,-200.,3.67761376907083E-15));
#122=CARTESIAN_POINT('Origin',(49.9975482340913,-200.,0.495147028386197));
#123=CARTESIAN_POINT('Origin',(49.9975482340913,-200.,0.495147028386197));
#124=CARTESIAN_POINT('Ctrl Pts',(99.9950964681825,-200.,1.38777878078145E-16));
#125=CARTESIAN_POINT('Ctrl Pts',(98.8077009194432,-192.291844500609,3.62606749481704));
#126=CARTESIAN_POINT('Ctrl Pts',(97.3043091153705,-176.404148732363,10.3854248329404));
#127=CARTESIAN_POINT('Ctrl Pts',(97.7915183742828,-151.089155377284,18.9736876545532));
#128=CARTESIAN_POINT('Ctrl Pts',(101.307727684438,-124.13561984995,25.8490462508504));
#129=CARTESIAN_POINT('Ctrl Pts',(110.338397497844,-85.8485496261222,32.5605623536255));
#130=CARTESIAN_POINT('Ctrl Pts',(125.442954099617,-44.2758011306091,35.8372860603351));
#131=CARTESIAN_POINT('Ctrl Pts',(140.238900237433,-11.2204748561609,36.333935991926));
#132=CARTESIAN_POINT('Ctrl Pts',(145.544358941399,0.,36.2882843399501));
#133=CARTESIAN_POINT('Ctrl Pts',(99.9432447926217,-200.,-5.23573100765737));
#134=CARTESIAN_POINT('Ctrl Pts',(98.746357908372,-192.306248859607,-1.42209283917062));
#135=CARTESIAN_POINT('Ctrl Pts',(97.1211398601609,-176.428850786542,5.66687523671445));
#136=CARTESIAN_POINT('Ctrl Pts',(97.1546024919741,-151.092279395083,14.6634272090092));
#137=CARTESIAN_POINT('Ctrl Pts',(99.9852623087508,-124.09864974151,21.9113484875625));
#138=CARTESIAN_POINT('Ctrl Pts',(107.844417631579,-85.7581105486108,29.1392051098152));
#139=CARTESIAN_POINT('Ctrl Pts',(121.469396695061,-44.1688948614853,33.0624671817976));
#140=CARTESIAN_POINT('Ctrl Pts',(135.040862325645,-11.1844949943036,34.2929229511946));
#141=CARTESIAN_POINT('Ctrl Pts',(139.931760682941,0.,34.5279359668608));
#142=CARTESIAN_POINT('Ctrl Pts',(98.1824384691195,-200.,-15.6906101362412));
#143=CARTESIAN_POINT('Ctrl Pts',(96.9781702384916,-192.3018033325,-11.6476496514376));
#144=CARTESIAN_POINT('Ctrl Pts',(95.1785371154916,-176.398221748316,-4.11639096498853));
#145=CARTESIAN_POINT('Ctrl Pts',(94.5109002600143,-150.995221070672,5.5536954280819));
#146=CARTESIAN_POINT('Ctrl Pts',(96.2294548480868,-123.934746710589,13.5520549121357));
#147=CARTESIAN_POINT('Ctrl Pts',(102.102379171976,-85.5373713718464,21.9683215485779));
#148=CARTESIAN_POINT('Ctrl Pts',(113.105211450536,-43.9742637735219,27.4503832826923));
#149=CARTESIAN_POINT('Ctrl Pts',(124.43298131066,-11.1235498872264,30.2417130753405));
#150=CARTESIAN_POINT('Ctrl Pts',(128.553518853867,0.,31.0489886039402));
#151=CARTESIAN_POINT('Ctrl Pts',(90.8207100118276,-200.,-29.7869236875098));
#152=CARTESIAN_POINT('Ctrl Pts',(89.663985836143,-192.215507346429,-25.7415545949025));
#153=CARTESIAN_POINT('Ctrl Pts',(87.8248407622177,-176.1583173183,-18.0926883540927));
#154=CARTESIAN_POINT('Ctrl Pts',(86.6666265555453,-150.591976299379,-7.89311757787572));
#155=CARTESIAN_POINT('Ctrl Pts',(87.4074670554703,-123.452005981029,1.02422636970527));
#156=CARTESIAN_POINT('Ctrl Pts',(91.271572766248,-85.0735267268118,11.2225690111246));
#157=CARTESIAN_POINT('Ctrl Pts',(99.3002238386781,-43.6876004517608,19.2469626712835));
#158=CARTESIAN_POINT('Ctrl Pts',(107.877000651498,-11.0453497665754,24.342123489746));
#159=CARTESIAN_POINT('Ctrl Pts',(111.024379014226,0.,25.9590184336564));
#160=CARTESIAN_POINT('Ctrl Pts',(79.466527507905,-200.,-40.9217727660279));
#161=CARTESIAN_POINT('Ctrl Pts',(78.4397755622576,-192.069718704847,-37.1196877058921));
#162=CARTESIAN_POINT('Ctrl Pts',(76.7832187422947,-175.770590582683,-29.7853224827817));
#163=CARTESIAN_POINT('Ctrl Pts',(75.6008755588335,-149.983336038757,-19.5629410439507));
#164=CARTESIAN_POINT('Ctrl Pts',(75.9186941837854,-122.765381327228,-10.1210226999498));
#165=CARTESIAN_POINT('Ctrl Pts',(78.575136217537,-84.4637933872251,1.44098298750968));
#166=CARTESIAN_POINT('Ctrl Pts',(84.4703700468941,-43.3539593995168,11.6646197030971));
#167=CARTESIAN_POINT('Ctrl Pts',(90.8899458909675,-10.960540875942,18.7212004521335));
#168=CARTESIAN_POINT('Ctrl Pts',(93.2526495167686,0.,21.0173665702279));
#169=CARTESIAN_POINT('Ctrl Pts',(65.2251453069424,-200.,-47.999727704173));
#170=CARTESIAN_POINT('Ctrl Pts',(64.43460586701,-191.884572447654,-44.5907370903878));
#171=CARTESIAN_POINT('Ctrl Pts',(63.1838309422343,-175.281180108538,-37.8786964320912));
#172=CARTESIAN_POINT('Ctrl Pts',(62.3493680097559,-149.221562084155,-28.1204761314893));
#173=CARTESIAN_POINT('Ctrl Pts',(62.6633098514104,-121.907875008126,-18.6744099184304));
#174=CARTESIAN_POINT('Ctrl Pts',(64.7437298619311,-83.6950185384229,-6.494773151795));
#175=CARTESIAN_POINT('Ctrl Pts',(69.2291423605313,-42.9210795761226,5.11495331662383));
#176=CARTESIAN_POINT('Ctrl Pts',(74.0657022681728,-10.849296905379,13.5023890930469));
#177=CARTESIAN_POINT('Ctrl Pts',(75.8383180034914,0.,16.2659042571607));
#178=CARTESIAN_POINT('Ctrl Pts',(54.7367836100511,-200.,-49.5526655067219));
#179=CARTESIAN_POINT('Ctrl Pts',(54.1904207581027,-191.74832655905,-46.441689982159));
#180=CARTESIAN_POINT('Ctrl Pts',(53.3719910724203,-174.917876344807,-40.2536600412927));
#181=CARTESIAN_POINT('Ctrl Pts',(52.9986148955944,-148.646464848666,-31.0733681009796));
#182=CARTESIAN_POINT('Ctrl Pts',(53.5587210842819,-121.244284524483,-21.9973481484334));
#183=CARTESIAN_POINT('Ctrl Pts',(55.6496320058917,-83.0677057566352,-10.0380373369865));
#184=CARTESIAN_POINT('Ctrl Pts',(59.6757179991846,-42.5314931526482,1.71557459794376));
#185=CARTESIAN_POINT('Ctrl Pts',(63.8450115082176,-10.7442933317523,10.3969347949829));
#186=CARTESIAN_POINT('Ctrl Pts',(65.3580281494413,0.,13.2763519796418));
#187=CARTESIAN_POINT('Ctrl Pts',(45.416932187347,-200.,-49.465220025579));
#188=CARTESIAN_POINT('Ctrl Pts',(45.1336534972932,-191.627282957422,-46.6071474379448));
#189=CARTESIAN_POINT('Ctrl Pts',(44.7726048425095,-174.59159587738,-40.8862652766092));
#190=CARTESIAN_POINT('Ctrl Pts',(44.8851993236563,-148.119966086126,-32.2937047381882));
#191=CARTESIAN_POINT('Ctrl Pts',(45.7369402026676,-120.62229046163,-23.6957014761771));
#192=CARTESIAN_POINT('Ctrl Pts',(47.9654612987973,-82.4541299413848,-12.2317145496184));
#193=CARTESIAN_POINT('Ctrl Pts',(51.7639214545171,-42.1241255394585,-0.766878184334286));
#194=CARTESIAN_POINT('Ctrl Pts',(55.5062656545445,-10.6311823095958,7.84322134522404));
#195=CARTESIAN_POINT('Ctrl Pts',(56.8495095074823,0.,10.714516869407));
#196=CARTESIAN_POINT('Ctrl Pts',(38.385872913596,-200.,-48.610267002752));
#197=CARTESIAN_POINT('Ctrl Pts',(38.2232170072206,-191.512918437957,-45.9911465862591));
#198=CARTESIAN_POINT('Ctrl Pts',(38.0952871093098,-174.279735521865,-40.6980952402946));
#199=CARTESIAN_POINT('Ctrl Pts',(38.5067469384044,-147.607276404736,-32.6247218937831));
#200=CARTESIAN_POINT('Ctrl Pts',(39.5787056555409,-120.009537090649,-24.4511265094538));
#201=CARTESIAN_POINT('Ctrl Pts',(41.9586757802211,-81.8490036250763,-13.46359982444));
#202=CARTESIAN_POINT('Ctrl Pts',(45.6537566646866,-41.7302403167582,-2.39735448380684));
#203=CARTESIAN_POINT('Ctrl Pts',(49.0751083987409,-10.5225050824234,5.88740450682233));
#204=CARTESIAN_POINT('Ctrl Pts',(50.2805703518943,0.,8.64266360091497));
#205=CARTESIAN_POINT('Ctrl Pts',(28.5802237187205,-200.,-44.9241258980089));
#206=CARTESIAN_POINT('Ctrl Pts',(28.5045147590611,-191.322834297367,-42.7130402988255));
#207=CARTESIAN_POINT('Ctrl Pts',(28.6141889973097,-173.758262260031,-38.1873261636041));
#208=CARTESIAN_POINT('Ctrl Pts',(29.4827020699405,-146.741813896239,-31.1493361441063));
#209=CARTESIAN_POINT('Ctrl Pts',(31.0098844489281,-118.969148910365,-23.9243906283247));
#210=CARTESIAN_POINT('Ctrl Pts',(33.8605082488872,-80.8209671619414,-14.125159650627));
#211=CARTESIAN_POINT('Ctrl Pts',(37.6540528330669,-41.0676100453986,-4.19225019210624));
#212=CARTESIAN_POINT('Ctrl Pts',(40.648482480303,-10.3402607185957,3.1917509772215));
#213=CARTESIAN_POINT('Ctrl Pts',(41.64210942296,0.,5.63602432183742));
#214=CARTESIAN_POINT('Ctrl Pts',(22.6286065320558,-200.,-41.5115908378535));
#215=CARTESIAN_POINT('Ctrl Pts',(22.582897643961,-191.195014311779,-39.5811633789657));
#216=CARTESIAN_POINT('Ctrl Pts',(22.7981145437397,-173.406833115778,-35.6034632792832));
#217=CARTESIAN_POINT('Ctrl Pts',(23.8979784028151,-146.156567574284,-29.3539253815363));
#218=CARTESIAN_POINT('Ctrl Pts',(25.6640582003566,-118.264155838448,-22.8911001491794));
#219=CARTESIAN_POINT('Ctrl Pts',(28.7552683529696,-80.1241868317836,-14.0821482552766));
#220=CARTESIAN_POINT('Ctrl Pts',(32.5683946498514,-40.6200448224668,-5.11638583737701));
#221=CARTESIAN_POINT('Ctrl Pts',(35.2743846397662,-10.2173051610855,1.53564005638975));
#222=CARTESIAN_POINT('Ctrl Pts',(36.1289211211516,0.,3.73400111403816));
#223=CARTESIAN_POINT('Ctrl Pts',(18.1728681969095,-200.,-38.1450158322409));
#224=CARTESIAN_POINT('Ctrl Pts',(18.1404200997876,-191.091336974705,-36.4475205603486));
#225=CARTESIAN_POINT('Ctrl Pts',(18.3978612011674,-173.121494637269,-32.9378139246073));
#226=CARTESIAN_POINT('Ctrl Pts',(19.5784027167146,-145.680640878407,-27.3938328005003));
#227=CARTESIAN_POINT('Ctrl Pts',(21.4072820230304,-117.690306751238,-21.6358906377942));
#228=CARTESIAN_POINT('Ctrl Pts',(24.512327761652,-79.5569538625003,-13.7607175287794));
#229=CARTESIAN_POINT('Ctrl Pts',(28.1876030526458,-40.2562495737295,-5.71258031096318));
#230=CARTESIAN_POINT('Ctrl Pts',(30.6242528413142,-10.1174126675018,0.272370169592754));
#231=CARTESIAN_POINT('Ctrl Pts',(31.3665161107244,0.,2.25121359275274));
#232=CARTESIAN_POINT('Ctrl Pts',(13.9825626019966,-200.,-34.3890285810712));
#233=CARTESIAN_POINT('Ctrl Pts',(13.9575043835952,-190.98804176857,-32.9277438950381));
#234=CARTESIAN_POINT('Ctrl Pts',(14.2266407446937,-172.837062666773,-29.9009085231245));
#235=CARTESIAN_POINT('Ctrl Pts',(15.4020572451132,-145.205850995047,-25.1025585022165));
#236=CARTESIAN_POINT('Ctrl Pts',(17.1849700354768,-117.117553126199,-20.1020804149404));
#237=CARTESIAN_POINT('Ctrl Pts',(20.1506468465253,-78.9907636961994,-13.2397107363425));
#238=CARTESIAN_POINT('Ctrl Pts',(23.5570220507581,-39.8933955152669,-6.1907725902465));
#239=CARTESIAN_POINT('Ctrl Pts',(25.6942374338104,-10.0178026923663,-0.918703796310513));
#240=CARTESIAN_POINT('Ctrl Pts',(26.3245653642299,0.,0.828143426155557));
#241=CARTESIAN_POINT('Ctrl Pts',(9.35059340447826,-200.,-29.0295178223959));
#242=CARTESIAN_POINT('Ctrl Pts',(9.32618069637974,-190.862132437682,-27.8652832709763));
#243=CARTESIAN_POINT('Ctrl Pts',(9.54822310947996,-172.490166062591,-25.4589802354954));
#244=CARTESIAN_POINT('Ctrl Pts',(10.5303226325859,-144.626288735675,-21.6496523332734));
#245=CARTESIAN_POINT('Ctrl Pts',(12.0142326774359,-116.418037365139,-17.6745501734777));
#246=CARTESIAN_POINT('Ctrl Pts',(14.4635585294558,-78.2991973809543,-12.198888932216));
#247=CARTESIAN_POINT('Ctrl Pts',(17.2408809702624,-39.4505362437078,-6.52386761188419));
#248=CARTESIAN_POINT('Ctrl Pts',(18.9397651584495,-9.89625972709677,-2.2109212516767));
#249=CARTESIAN_POINT('Ctrl Pts',(19.4326919925198,0.,-0.772379147205636));
#250=CARTESIAN_POINT('Ctrl Pts',(5.01741068795983,-200.,-21.8548068130459));
#251=CARTESIAN_POINT('Ctrl Pts',(4.98775724287017,-190.724154903519,-21.0359391609715));
#252=CARTESIAN_POINT('Ctrl Pts',(5.0886296196301,-172.109939212383,-19.3587282282354));
#253=CARTESIAN_POINT('Ctrl Pts',(5.63146276754325,-143.990833604501,-16.7295116508564));
#254=CARTESIAN_POINT('Ctrl Pts',(6.48659589878124,-115.650891775982,-13.9924210324508));
#255=CARTESIAN_POINT('Ctrl Pts',(7.93637111893652,-77.5406836693932,-10.2064454008339));
#256=CARTESIAN_POINT('Ctrl Pts',(9.64140208635995,-38.9648578234829,-6.22411485719571));
#257=CARTESIAN_POINT('Ctrl Pts',(10.7598985053255,-9.76296667560368,-3.10077673951389));
#258=CARTESIAN_POINT('Ctrl Pts',(11.0980035573373,0.,-2.04521674161631));
#259=CARTESIAN_POINT('Ctrl Pts',(2.02974930337013,-200.,-14.3311894742257));
#260=CARTESIAN_POINT('Ctrl Pts',(1.99657136353625,-190.607269212315,-13.8326431534507));
#261=CARTESIAN_POINT('Ctrl Pts',(1.99115561302095,-171.7879811375,-12.8213268227326));
#262=CARTESIAN_POINT('Ctrl Pts',(2.14303514516215,-143.453137481748,-11.2525588401771));
#263=CARTESIAN_POINT('Ctrl Pts',(2.43754397874807,-115.002010802674,-9.62258998569457));
#264=CARTESIAN_POINT('Ctrl Pts',(2.9963336343945,-76.8990274630892,-7.35532684188778));
#265=CARTESIAN_POINT('Ctrl Pts',(3.74594605558086,-38.5535515321183,-4.92717027034355));
#266=CARTESIAN_POINT('Ctrl Pts',(4.3456871787926,-9.65003943193167,-2.95485047512498));
#267=CARTESIAN_POINT('Ctrl Pts',(4.5450605920446,0.,-2.27900872635571));
#268=CARTESIAN_POINT('Ctrl Pts',(0.361612867606628,-200.,-6.8733736427563));
#269=CARTESIAN_POINT('Ctrl Pts',(0.334358266877013,-190.519453544124,-6.65615077938038));
#270=CARTESIAN_POINT('Ctrl Pts',(0.292449987549944,-171.546511538455,-6.21447733494005));
#271=CARTESIAN_POINT('Ctrl Pts',(0.271286941593204,-143.050939795765,-5.52411044747283));
#272=CARTESIAN_POINT('Ctrl Pts',(0.295140212014086,-114.51738573695,-4.80030116959402));
#273=CARTESIAN_POINT('Ctrl Pts',(0.391860311761532,-76.4197204005658,-3.7829699974408));
#274=CARTESIAN_POINT('Ctrl Pts',(0.588073127267539,-38.2452367928289,-2.67574542337374));
#275=CARTESIAN_POINT('Ctrl Pts',(0.810263200225444,-9.56528529707131,-1.76015452055766));
#276=CARTESIAN_POINT('Ctrl Pts',(0.893025727754537,0.,-1.44448734104688));
#277=CARTESIAN_POINT('Ctrl Pts',(0.0218331985247976,-200.,-2.20461061819426));
#278=CARTESIAN_POINT('Ctrl Pts',(0.00998044083140925,-190.485608567377,
-2.13963660658112));
#279=CARTESIAN_POINT('Ctrl Pts',(-0.00843506533408836,-171.454003923326,
-2.00454205515657));
#280=CARTESIAN_POINT('Ctrl Pts',(-0.0199686120782702,-142.898299915189,
-1.78663404418519));
#281=CARTESIAN_POINT('Ctrl Pts',(-0.015829916593866,-114.334467159346,-1.55366338049704));
#282=CARTESIAN_POINT('Ctrl Pts',(0.0102746246637705,-76.2387428804199,-1.22321200606558));
#283=CARTESIAN_POINT('Ctrl Pts',(0.0665370148653218,-38.1274342834958,-0.863426598524772));
#284=CARTESIAN_POINT('Ctrl Pts',(0.130616520876618,-9.532769480366,-0.572173175449251));
#285=CARTESIAN_POINT('Ctrl Pts',(0.154406033107083,0.,-0.472740040581118));
#286=CARTESIAN_POINT('Ctrl Pts',(8.88178419700125E-15,-200.,-4.07313072159354E-14));
#287=CARTESIAN_POINT('Ctrl Pts',(8.89015291088061E-15,-190.47619047619,
-4.07044809262165E-14));
#288=CARTESIAN_POINT('Ctrl Pts',(8.60930842205078E-15,-171.428571428572,
-3.92321062689975E-14));
#289=CARTESIAN_POINT('Ctrl Pts',(7.55036615325912E-15,-142.857142857145,
-3.39834255450669E-14));
#290=CARTESIAN_POINT('Ctrl Pts',(6.10881856313931E-15,-114.28571428572,
-2.69106735782749E-14));
#291=CARTESIAN_POINT('Ctrl Pts',(4.01670830016705E-15,-76.190476190485,
-1.66696392923918E-14));
#292=CARTESIAN_POINT('Ctrl Pts',(2.17966825141354E-15,-38.0952380952467,
-7.64465250174951E-15));
#293=CARTESIAN_POINT('Ctrl Pts',(1.75840151816875E-15,-9.52380952381216,
-5.43609051592111E-15));
#294=CARTESIAN_POINT('Ctrl Pts',(1.76677023204809E-15,0.,-5.40926422620215E-15));
#295=CARTESIAN_POINT('',(0.,0.,0.));
#296=CARTESIAN_POINT('Ctrl Pts',(0.,-200.,0.));
#297=CARTESIAN_POINT('Ctrl Pts',(7.02971965866279E-18,-192.,2.25340833639379E-17));
#298=CARTESIAN_POINT('Ctrl Pts',(2.10891589759859E-17,-176.,6.76022500918101E-17));
#299=CARTESIAN_POINT('Ctrl Pts',(4.2178317951963E-17,-152.000000000001,
1.35204500183608E-16));
#300=CARTESIAN_POINT('Ctrl Pts',(7.02971965865862E-17,-120.000000000005,
2.25340833639321E-16));
#301=CARTESIAN_POINT('Ctrl Pts',(1.05445794879852E-16,-80.0000000000089,
3.38011250458947E-16));
#302=CARTESIAN_POINT('Ctrl Pts',(1.33564673514458E-16,-48.0000000000091,
4.28147583914641E-16));
#303=CARTESIAN_POINT('Ctrl Pts',(1.54653832490412E-16,-24.0000000000058,
4.95749834006411E-16));
#304=CARTESIAN_POINT('Ctrl Pts',(1.68713271807713E-16,-8.00000000000221,
5.40818000734256E-16));
#305=CARTESIAN_POINT('Ctrl Pts',(1.75742991466363E-16,0.,5.63352084098179E-16));
#306=CARTESIAN_POINT('',(125.261672702624,0.,30.1171928032094));
#307=CARTESIAN_POINT('Ctrl Pts',(0.,0.,0.));
#308=CARTESIAN_POINT('Ctrl Pts',(0.159136515174021,0.,-0.487223207069451));
#309=CARTESIAN_POINT('Ctrl Pts',(0.803216548626797,0.,-1.31618056245445));
#310=CARTESIAN_POINT('Ctrl Pts',(2.74697933968329,0.,-2.12310435566943));
#311=CARTESIAN_POINT('Ctrl Pts',(7.05629066255023,0.,-2.38774382731768));
#312=CARTESIAN_POINT('Ctrl Pts',(14.0868940017788,0.,-1.69696277836377));
#313=CARTESIAN_POINT('Ctrl Pts',(21.4128551369496,0.,-0.37401782937753));
#314=CARTESIAN_POINT('Ctrl Pts',(28.1634123330235,0.,1.27265225873281));
#315=CARTESIAN_POINT('Ctrl Pts',(34.1945470955951,0.,3.07981835910572));
#316=CARTESIAN_POINT('Ctrl Pts',(39.7657856824255,0.,4.97358283116664));
#317=CARTESIAN_POINT('Ctrl Pts',(45.3551236030798,0.,6.94237942343462));
#318=CARTESIAN_POINT('Ctrl Pts',(51.4280205442473,0.,8.99999438730695));
#319=CARTESIAN_POINT('Ctrl Pts',(58.2150731284218,0.,11.1518335267212));
#320=CARTESIAN_POINT('Ctrl Pts',(65.7555951616915,0.,13.3952444604946));
#321=CARTESIAN_POINT('Ctrl Pts',(73.9583754309352,0.,15.7226863300575));
#322=CARTESIAN_POINT('Ctrl Pts',(82.6541338155529,0.,18.1236657608586));
#323=CARTESIAN_POINT('Ctrl Pts',(91.6458659835593,0.,20.5869179725024));
#324=CARTESIAN_POINT('Ctrl Pts',(100.766710011285,0.,23.1026721660878));
#325=CARTESIAN_POINT('Ctrl Pts',(109.357326583873,0.,25.510250373893));
#326=CARTESIAN_POINT('Ctrl Pts',(116.081576943748,0.,27.4330215550702));
#327=CARTESIAN_POINT('Ctrl Pts',(120.954266349962,0.,28.8496286087823));
#328=CARTESIAN_POINT('Ctrl Pts',(124.006985736409,0.,29.7467884242126));
#329=CARTESIAN_POINT('Ctrl Pts',(125.261672702624,0.,30.1171928032094));
#330=CARTESIAN_POINT('',(145.544358941399,0.,36.2882843399501));
#331=CARTESIAN_POINT('Ctrl Pts',(125.261672702624,0.,30.1171928032094));
#332=CARTESIAN_POINT('Ctrl Pts',(125.79837784484,0.,30.2756370528588));
#333=CARTESIAN_POINT('Ctrl Pts',(128.124304150656,0.,30.9636142672142));
#334=CARTESIAN_POINT('Ctrl Pts',(132.223030302096,0.,32.1861914634646));
#335=CARTESIAN_POINT('Ctrl Pts',(136.290115183994,0.,33.4178205246589));
#336=CARTESIAN_POINT('Ctrl Pts',(140.324451897267,0.,34.6583056457124));
#337=CARTESIAN_POINT('Ctrl Pts',(143.808502271746,0.,35.7438462163528));
#338=CARTESIAN_POINT('Ctrl Pts',(145.544358941399,0.,36.2882843399501));
#339=CARTESIAN_POINT('Ctrl Pts',(99.9950964681825,-200.,0.));
#340=CARTESIAN_POINT('Ctrl Pts',(99.496390337712,-196.762574690256,1.52294834782316));
#341=CARTESIAN_POINT('Ctrl Pts',(98.6281402777653,-190.217853582231,4.49580361854371));
#342=CARTESIAN_POINT('Ctrl Pts',(97.7132671324,-180.191152155542,8.73595357416431));
#343=CARTESIAN_POINT('Ctrl Pts',(97.2810575984175,-166.396151968743,13.9440857669992));
#344=CARTESIAN_POINT('Ctrl Pts',(98.1367141686755,-148.397277511954,19.664856938905));
#345=CARTESIAN_POINT('Ctrl Pts',(100.491211875507,-129.587602668815,24.5380311241894));
#346=CARTESIAN_POINT('Ctrl Pts',(104.431290649405,-109.920205342303,28.5145567576801));
#347=CARTESIAN_POINT('Ctrl Pts',(109.942253812753,-89.4030357224429,31.6027448333611));
#348=CARTESIAN_POINT('Ctrl Pts',(116.908170149214,-68.0988069765609,33.8681546338174));
#349=CARTESIAN_POINT('Ctrl Pts',(125.193178051287,-46.0810136473283,35.3876161087366));
#350=CARTESIAN_POINT('Ctrl Pts',(132.778267399437,-27.9490434689684,36.0619533532811));
#351=CARTESIAN_POINT('Ctrl Pts',(138.969242058809,-14.078422893658,36.2837353580276));
#352=CARTESIAN_POINT('Ctrl Pts',(143.316066285733,-4.71259943958756,36.30745803378));
#353=CARTESIAN_POINT('Ctrl Pts',(145.544358941399,0.,36.2882843399501));
#354=CARTESIAN_POINT('Ctrl Pts',(8.88178419700125E-15,-200.,3.67761376907083E-15));
#355=CARTESIAN_POINT('Ctrl Pts',(8.89015291088061E-15,-190.47619047619,
3.7044400587898E-15));
#356=CARTESIAN_POINT('Ctrl Pts',(8.53719535135494E-15,-171.428571428572,
3.58499199115962E-15));
#357=CARTESIAN_POINT('Ctrl Pts',(7.21555546788557E-15,-142.857142857145,
3.03488993171121E-15));
#358=CARTESIAN_POINT('Ctrl Pts',(5.41859345790769E-15,-114.28571428572,
2.26222989746092E-15));
#359=CARTESIAN_POINT('Ctrl Pts',(2.81138983282228E-15,-76.190476190485,
1.13310186299302E-15));
#360=CARTESIAN_POINT('Ctrl Pts',(5.21067625409205E-16,-38.0952380952467,
1.52345811726361E-16));
#361=CARTESIAN_POINT('Ctrl Pts',(-8.3687138793458E-18,-9.52380952381216,
-2.68262897189556E-17));
#362=CARTESIAN_POINT('Ctrl Pts',(0.,0.,0.));
#363=CARTESIAN_POINT('Ctrl Pts',(-0.025925837780406,-200.,2.61786550382873));
#364=CARTESIAN_POINT('Ctrl Pts',(-0.0118512772958078,-190.46500696114,2.5407120953113));
#365=CARTESIAN_POINT('Ctrl Pts',(0.00993390595123205,-171.398371605463,
2.38031395875991));
#366=CARTESIAN_POINT('Ctrl Pts',(0.0236597490960367,-142.808270896899,2.12155167985206));
#367=CARTESIAN_POINT('Ctrl Pts',(0.018790173501233,-114.227822672105,1.84489972739052));
#368=CARTESIAN_POINT('Ctrl Pts',(-0.0121049949725364,-76.1331618958327,
1.45248030021702));
#369=CARTESIAN_POINT('Ctrl Pts',(-0.0789293412835138,-38.0570067223791,
1.02525676621573));
#370=CARTESIAN_POINT('Ctrl Pts',(-0.155100624759349,-9.51317002086115,0.679427199462376));
#371=CARTESIAN_POINT('Ctrl Pts',(-0.183349487804406,0.,0.561355295262783));
#372=CARTESIAN_POINT('Ctrl Pts',(0.334325635134595,-200.,7.85764482977625));
#373=CARTESIAN_POINT('Ctrl Pts',(0.393632660186318,-190.455988722156,7.65218862903577));
#374=CARTESIAN_POINT('Ctrl Pts',(0.491836089925791,-171.374758463116,7.22873435069936));
#375=CARTESIAN_POINT('Ctrl Pts',(0.578103832164561,-142.772038316971,6.54741151793703));
#376=CARTESIAN_POINT('Ctrl Pts',(0.603452572184655,-114.186413056239,5.81197706013675));
#377=CARTESIAN_POINT('Ctrl Pts',(0.556141071580609,-76.0923531316757,4.74792917172298));
#378=CARTESIAN_POINT('Ctrl Pts',(0.388326770211904,-38.0280920698472,3.54875608640161));
#379=CARTESIAN_POINT('Ctrl Pts',(0.174600621666878,-9.50496712364541,2.5377323565524));
#380=CARTESIAN_POINT('Ctrl Pts',(0.0936776062817883,0.,2.18729551456041));
#381=CARTESIAN_POINT('Ctrl Pts',(2.09687884693457,-200.,15.5365702849562));
#382=CARTESIAN_POINT('Ctrl Pts',(2.26079412778886,-190.477060110278,15.2084176827654));
#383=CARTESIAN_POINT('Ctrl Pts',(2.54847082941808,-171.434534676543,14.5452061671098));
#384=CARTESIAN_POINT('Ctrl Pts',(2.85560413576474,-142.876472614164,13.4904281632166));
#385=CARTESIAN_POINT('Ctrl Pts',(3.03372305081327,-114.31598401471,12.3296051707043));
#386=CARTESIAN_POINT('Ctrl Pts',(3.09294290461746,-76.2213301530766,10.5792909531964));
#387=CARTESIAN_POINT('Ctrl Pts',(2.88008310374939,-38.1074922636984,8.46416741037039));
#388=CARTESIAN_POINT('Ctrl Pts',(2.51332287442841,-9.52645054316716,6.54037388665481));
#389=CARTESIAN_POINT('Ctrl Pts',(2.36762514380847,0.,5.8564388104778));
#390=CARTESIAN_POINT('Ctrl Pts',(5.04036049368551,-200.,22.8440251243113));
#391=CARTESIAN_POINT('Ctrl Pts',(5.33115311745234,-190.527282618249,22.4546796200034));
#392=CARTESIAN_POINT('Ctrl Pts',(5.85565669098268,-171.574343232256,21.6759153866099));
#393=CARTESIAN_POINT('Ctrl Pts',(6.45999401077656,-143.113939223829,20.4274857021866));
#394=CARTESIAN_POINT('Ctrl Pts',(6.86900472722291,-114.605804903626,19.0072789832272));
#395=CARTESIAN_POINT('Ctrl Pts',(7.1366162875329,-76.5092280343097,16.7619617217277));
#396=CARTESIAN_POINT('Ctrl Pts',(6.97177860564847,-38.2897925232368,13.8729541511029));
#397=CARTESIAN_POINT('Ctrl Pts',(6.50870002997012,-9.57628116732115,11.1071812668819));
#398=CARTESIAN_POINT('Ctrl Pts',(6.31522988941547,0.,10.1085096897066));
#399=CARTESIAN_POINT('Ctrl Pts',(10.4375766001421,-200.,31.8561837997445));
#400=CARTESIAN_POINT('Ctrl Pts',(10.9079105014831,-190.625850619673,31.456246708323));
#401=CARTESIAN_POINT('Ctrl Pts',(11.7725407378544,-171.847246316705,30.6448843138815));
#402=CARTESIAN_POINT('Ctrl Pts',(12.8193420278971,-143.573603313858,29.2751831608387));
#403=CARTESIAN_POINT('Ctrl Pts',(13.5904852958679,-115.163985393677,27.607896491972));
#404=CARTESIAN_POINT('Ctrl Pts',(14.2170402984444,-77.0632939453226,24.7956426420088));
#405=CARTESIAN_POINT('Ctrl Pts',(14.2087831480325,-38.6435634809223,20.9355735263682));
#406=CARTESIAN_POINT('Ctrl Pts',(13.6942405222303,-9.67326419141839,17.1198077832072));
#407=CARTESIAN_POINT('Ctrl Pts',(13.4634312981962,0.,15.7314532631941));
#408=CARTESIAN_POINT('Ctrl Pts',(19.7145258572296,-200.,41.3198958878365));
#409=CARTESIAN_POINT('Ctrl Pts',(20.3925067141036,-190.794700287316,41.0192066231002));
#410=CARTESIAN_POINT('Ctrl Pts',(21.6533799030254,-172.312638104667,40.3327349229134));
#411=CARTESIAN_POINT('Ctrl Pts',(23.2286339411509,-144.352009934508,38.9253296230384));
#412=CARTESIAN_POINT('Ctrl Pts',(24.4512029588382,-116.105158573234,36.9717725232481));
#413=CARTESIAN_POINT('Ctrl Pts',(25.5621147760007,-77.9968319446437,33.4162451814105));
#414=CARTESIAN_POINT('Ctrl Pts',(25.8519379398474,-39.2436668074395,28.3064199236343));
#415=CARTESIAN_POINT('Ctrl Pts',(25.4170456205574,-9.83815817955429,23.3012385971161));
#416=CARTESIAN_POINT('Ctrl Pts',(25.1958972655491,0.,21.4912475349387));
#417=CARTESIAN_POINT('Ctrl Pts',(33.8128672098527,-200.,48.6787026240873));
#418=CARTESIAN_POINT('Ctrl Pts',(34.5972532123358,-191.02676233986,48.6110561478874));
#419=CARTESIAN_POINT('Ctrl Pts',(36.0579086135213,-172.948620264764,48.2427115184322));
#420=CARTESIAN_POINT('Ctrl Pts',(37.9074103402655,-145.40621345536,46.9158808148591));
#421=CARTESIAN_POINT('Ctrl Pts',(39.388083529749,-117.372598881303,44.6771275823859));
#422=CARTESIAN_POINT('Ctrl Pts',(40.8347322012561,-79.2524520582763,40.2947679832394));
#423=CARTESIAN_POINT('Ctrl Pts',(41.4790660582959,-40.0574373506237,33.8335925331044));
#424=CARTESIAN_POINT('Ctrl Pts',(41.3831839578206,-10.0623708124344,27.7128574827173));
#425=CARTESIAN_POINT('Ctrl Pts',(41.2858905392431,0.,25.5313504736207));
#426=CARTESIAN_POINT('Ctrl Pts',(44.2672789242357,-200.,50.4411032805107));
#427=CARTESIAN_POINT('Ctrl Pts',(44.950138373281,-191.172044666464,50.5607593940718));
#428=CARTESIAN_POINT('Ctrl Pts',(46.2311435851973,-173.343410596324,50.490316943071));
#429=CARTESIAN_POINT('Ctrl Pts',(47.8944710047123,-146.051754962041,49.4042980428187));
#430=CARTESIAN_POINT('Ctrl Pts',(49.2848032315294,-118.141925005354,47.2196340477105));
#431=CARTESIAN_POINT('Ctrl Pts',(50.7554144513593,-80.0130121687031,42.6861002442088));
#432=CARTESIAN_POINT('Ctrl Pts',(51.6691474098982,-40.5563975098607,35.8027562109947));
#433=CARTESIAN_POINT('Ctrl Pts',(52.0058223632278,-10.2003894752952,29.2801687880547));
#434=CARTESIAN_POINT('Ctrl Pts',(52.0806910554705,0.,26.9604167404411));
#435=CARTESIAN_POINT('Ctrl Pts',(54.3220147152796,-200.,50.5413142044008));
#436=CARTESIAN_POINT('Ctrl Pts',(54.7874537362444,-191.293088268092,50.8350429762878));
#437=CARTESIAN_POINT('Ctrl Pts',(55.7018098077043,-173.669691063751,51.0742083660169));
#438=CARTESIAN_POINT('Ctrl Pts',(57.0141791069448,-146.578253724581,50.3404021466905));
#439=CARTESIAN_POINT('Ctrl Pts',(58.2471930791281,-118.763919068207,48.3985854367752));
#440=CARTESIAN_POINT('Ctrl Pts',(59.7589943176219,-80.6265879839535,44.0470301245974));
#441=CARTESIAN_POINT('Ctrl Pts',(61.0795546249317,-40.9637651230504,37.1387084102665));
#442=CARTESIAN_POINT('Ctrl Pts',(61.9793018329317,-10.3135004974518,30.451141733582));
#443=CARTESIAN_POINT('Ctrl Pts',(62.2696070472744,0.,28.0606810678415));
#444=CARTESIAN_POINT('Ctrl Pts',(64.3774943280214,-200.,49.2259074670395));
#445=CARTESIAN_POINT('Ctrl Pts',(64.5757619528798,-191.442277864317,49.8171080082991));
#446=CARTESIAN_POINT('Ctrl Pts',(65.0112969639272,-174.069226792514,50.56122812638));
#447=CARTESIAN_POINT('Ctrl Pts',(65.8023640619741,-147.215250008461,50.3578189824423));
#448=CARTESIAN_POINT('Ctrl Pts',(66.754987234733,-119.502608791409,48.7610525092532));
#449=CARTESIAN_POINT('Ctrl Pts',(68.2664352165293,-81.3262167273592,44.6812031659352));
#450=CARTESIAN_POINT('Ctrl Pts',(70.1499979801826,-41.3959849260964,37.8657365990742));
#451=CARTESIAN_POINT('Ctrl Pts',(71.8614869107368,-10.4298280438124,31.2658426122791));
#452=CARTESIAN_POINT('Ctrl Pts',(72.4678975398429,0.,28.9141719325624));
#453=CARTESIAN_POINT('Ctrl Pts',(78.8904798729118,-200.,42.3725900012126));
#454=CARTESIAN_POINT('Ctrl Pts',(78.608214637663,-191.714785359505,43.6705830693703));
#455=CARTESIAN_POINT('Ctrl Pts',(78.1665081653046,-174.798757643385,45.6670071359955));
#456=CARTESIAN_POINT('Ctrl Pts',(77.9972454321191,-148.376358980841,46.9422673784588));
#457=CARTESIAN_POINT('Ctrl Pts',(78.4934615680897,-120.838985238443,46.5021407332603));
#458=CARTESIAN_POINT('Ctrl Pts',(80.2453759036203,-82.5623375187528,43.6501383401995));
#459=CARTESIAN_POINT('Ctrl Pts',(83.6597696987084,-42.1220803549598,37.8139522897731));
#460=CARTESIAN_POINT('Ctrl Pts',(87.3884090365323,-10.6208837226544,32.0865927793045));
#461=CARTESIAN_POINT('Ctrl Pts',(88.7717871171223,0.,30.0563290140363));
#462=CARTESIAN_POINT('Ctrl Pts',(90.814190983896,-200.,30.9236227844634));
#463=CARTESIAN_POINT('Ctrl Pts',(90.0680313872965,-191.985304474321,33.0578142020575));
#464=CARTESIAN_POINT('Ctrl Pts',(88.8471528310208,-175.528552973356,36.6350234646896));
#465=CARTESIAN_POINT('Ctrl Pts',(88.0391607785601,-149.551974347633,40.0391980608923));
#466=CARTESIAN_POINT('Ctrl Pts',(88.5635779595499,-122.20489698187,41.5107874757045));
#467=CARTESIAN_POINT('Ctrl Pts',(91.4002280299548,-83.8376364031539,40.9650080460873));
#468=CARTESIAN_POINT('Ctrl Pts',(97.4129770177652,-42.8786801847227,37.2007770240179));
#469=CARTESIAN_POINT('Ctrl Pts',(103.993221243131,-10.8214047496685,33.0347423858586));
#470=CARTESIAN_POINT('Ctrl Pts',(106.430487423731,0.,31.5325939799737));
#471=CARTESIAN_POINT('Ctrl Pts',(98.4392824734097,-200.,16.1206782026191));
#472=CARTESIAN_POINT('Ctrl Pts',(97.3422812789194,-192.203123727542,19.089294741887));
#473=CARTESIAN_POINT('Ctrl Pts',(95.673141893806,-176.1286500038,24.3613619972329));
#474=CARTESIAN_POINT('Ctrl Pts',(94.9592573409547,-150.550987956688,30.3359368046631));
#475=CARTESIAN_POINT('Ctrl Pts',(96.3968463696629,-123.401537455858,34.3522951849028));
#476=CARTESIAN_POINT('Ctrl Pts',(101.591714843114,-85.0046137972852,37.1041096816726));
#477=CARTESIAN_POINT('Ctrl Pts',(111.498510660958,-43.6185230919909,36.4538261390681));
#478=CARTESIAN_POINT('Ctrl Pts',(121.763316017886,-11.0242921137256,34.4135125462211));
#479=CARTESIAN_POINT('Ctrl Pts',(125.505502266211,0.,33.5896744541762));
#480=CARTESIAN_POINT('Ctrl Pts',(100.047601942642,-200.,5.30174845321556));
#481=CARTESIAN_POINT('Ctrl Pts',(98.8563510350008,-192.279395667813,8.73801355489009));
#482=CARTESIAN_POINT('Ctrl Pts',(97.2273352244559,-176.355607305327,15.0463264860565));
#483=CARTESIAN_POINT('Ctrl Pts',(97.2061295345568,-150.971857089469,22.7965123027097));
#484=CARTESIAN_POINT('Ctrl Pts',(99.9297701440057,-123.953912548332,28.724107301099));
#485=CARTESIAN_POINT('Ctrl Pts',(107.571773345156,-85.6120513443412,34.0951719348336));
#486=CARTESIAN_POINT('Ctrl Pts',(120.861087737406,-44.0690728662434,36.0201147503863));
#487=CARTESIAN_POINT('Ctrl Pts',(134.081468118966,-11.156395240373,35.6507040991484));
#488=CARTESIAN_POINT('Ctrl Pts',(138.843696603709,0.,35.3415271923161));
#489=CARTESIAN_POINT('Ctrl Pts',(99.9950964681825,-200.,-4.45476988630844E-14));
#490=CARTESIAN_POINT('Ctrl Pts',(98.8077009194432,-192.291844500609,3.626067494817));
#491=CARTESIAN_POINT('Ctrl Pts',(97.304309273862,-176.404148646627,10.3854247433132));
#492=CARTESIAN_POINT('Ctrl Pts',(97.7915184946218,-151.089155312187,18.9736875865013));
#493=CARTESIAN_POINT('Ctrl Pts',(101.307728588217,-124.13561936105,25.8490457397623));
#494=CARTESIAN_POINT('Ctrl Pts',(110.338396791171,-85.8485500083983,32.5605627532505));
#495=CARTESIAN_POINT('Ctrl Pts',(125.442954048078,-44.275801158489,35.8372860894803));
#496=CARTESIAN_POINT('Ctrl Pts',(140.238900237433,-11.2204748561609,36.333935991926));
#497=CARTESIAN_POINT('Ctrl Pts',(145.544358941399,0.,36.2882843399501));
#498=CARTESIAN_POINT('Ctrl Pts',(145.544358941399,0.,36.2882843399501));
#499=CARTESIAN_POINT('Ctrl Pts',(143.588321041523,0.,36.0119097415266));
#500=CARTESIAN_POINT('Ctrl Pts',(139.704951314717,0.,35.4725608300199));
#501=CARTESIAN_POINT('Ctrl Pts',(133.966015273252,0.,34.7037382586814));
#502=CARTESIAN_POINT('Ctrl Pts',(126.48703767804,0.,33.7593717331823));
#503=CARTESIAN_POINT('Ctrl Pts',(117.427225514849,0.,32.7135779400103));
#504=CARTESIAN_POINT('Ctrl Pts',(108.651010702534,0.,31.7993885687247));
#505=CARTESIAN_POINT('Ctrl Pts',(100.142092582788,0.,31.0079666069985));
#506=CARTESIAN_POINT('Ctrl Pts',(91.8673218677461,0.,30.321904784906));
#507=CARTESIAN_POINT('Ctrl Pts',(83.7716200515222,0.,29.7122744233266));
#508=CARTESIAN_POINT('Ctrl Pts',(75.7693616112066,0.,29.1353328413823));
#509=CARTESIAN_POINT('Ctrl Pts',(67.7650502770096,0.,28.5308638084985));
#510=CARTESIAN_POINT('Ctrl Pts',(59.6774685665611,0.,27.8210777517491));
#511=CARTESIAN_POINT('Ctrl Pts',(51.4636113261394,0.,26.9080711669043));
#512=CARTESIAN_POINT('Ctrl Pts',(43.141274339992,0.,25.6738410051294));
#513=CARTESIAN_POINT('Ctrl Pts',(34.8181736112362,0.,23.9737833889924));
#514=CARTESIAN_POINT('Ctrl Pts',(26.7040202487978,0.,21.6499672380141));
#515=CARTESIAN_POINT('Ctrl Pts',(19.076647543759,0.,18.5973739777356));
#516=CARTESIAN_POINT('Ctrl Pts',(12.257716595699,0.,14.8195259622836));
#517=CARTESIAN_POINT('Ctrl Pts',(6.58513749602351,0.,10.4942727013801));
#518=CARTESIAN_POINT('Ctrl Pts',(2.38627681296585,0.,6.030309578809));
#519=CARTESIAN_POINT('Ctrl Pts',(0.437475383896829,0.,2.92985905397027));
#520=CARTESIAN_POINT('Ctrl Pts',(-0.136457331346089,0.,1.19403278169775));
#521=CARTESIAN_POINT('Ctrl Pts',(-0.113142499279716,0.,0.346404791475007));
#522=CARTESIAN_POINT('Ctrl Pts',(0.,0.,0.));
#523=CARTESIAN_POINT('Origin',(20.5513702137594,1600.,1.28743265362465));
#524=CARTESIAN_POINT('',(44.9725872158593,1600.,1.57047735161254));
#525=CARTESIAN_POINT('',(0.,1600.,0.));
#526=CARTESIAN_POINT('Ctrl Pts',(44.9725872158593,1600.,1.57047735161254));
#527=CARTESIAN_POINT('Ctrl Pts',(44.6274428595084,1600.,1.59492671554898));
#528=CARTESIAN_POINT('Ctrl Pts',(43.9195634519779,1600.,1.64562582687892));
#529=CARTESIAN_POINT('Ctrl Pts',(42.8049722375812,1600.,1.72707563218077));
#530=CARTESIAN_POINT('Ctrl Pts',(41.2128758493842,1600.,1.84652184144986));
#531=CARTESIAN_POINT('Ctrl Pts',(39.0458036277675,1600.,2.01384922265816));
#532=CARTESIAN_POINT('Ctrl Pts',(36.7052775818914,1600.,2.19856544730669));
#533=CARTESIAN_POINT('Ctrl Pts',(34.2018264124123,1600.,2.39904016279029));
#534=CARTESIAN_POINT('Ctrl Pts',(31.5565616706405,1600.,2.61219295706114));
#535=CARTESIAN_POINT('Ctrl Pts',(28.804647234619,1600.,2.83300912348514));
#536=CARTESIAN_POINT('Ctrl Pts',(25.9894088997818,1600.,3.05406959209347));
#537=CARTESIAN_POINT('Ctrl Pts',(23.1568231698091,1600.,3.26501754299546));
#538=CARTESIAN_POINT('Ctrl Pts',(20.3502063578284,1600.,3.45205278513295));
#539=CARTESIAN_POINT('Ctrl Pts',(17.604398360313,1600.,3.59724568625667));
#540=CARTESIAN_POINT('Ctrl Pts',(14.9410555980524,1600.,3.67816371025249));
#541=CARTESIAN_POINT('Ctrl Pts',(12.3605403561878,1600.,3.66659706821896));
#542=CARTESIAN_POINT('Ctrl Pts',(9.85674407755153,1600.,3.53360544075677));
#543=CARTESIAN_POINT('Ctrl Pts',(7.43571621475761,1600.,3.25565868142602));
#544=CARTESIAN_POINT('Ctrl Pts',(5.13463106293431,1600.,2.82110468077087));
#545=CARTESIAN_POINT('Ctrl Pts',(3.03734148901004,1600.,2.23565253434735));
#546=CARTESIAN_POINT('Ctrl Pts',(1.30068727278574,1600.,1.5315326080196));
#547=CARTESIAN_POINT('Ctrl Pts',(0.379566644238984,1600.,0.919628061373279));
#548=CARTESIAN_POINT('Ctrl Pts',(0.0414755603814676,1600.,0.457793222781622));
#549=CARTESIAN_POINT('Ctrl Pts',(-0.0144209510456861,1600.,0.152213809601289));
#550=CARTESIAN_POINT('Ctrl Pts',(0.,1600.,0.));
#551=CARTESIAN_POINT('Ctrl Pts',(0.,1600.,0.));
#552=CARTESIAN_POINT('Ctrl Pts',(0.0149836910428647,1600.,-0.158153556467824));
#553=CARTESIAN_POINT('Ctrl Pts',(0.133195607674921,1600.,-0.441667423775451));
#554=CARTESIAN_POINT('Ctrl Pts',(0.575287855274018,1600.,-0.768549371175973));
#555=CARTESIAN_POINT('Ctrl Pts',(1.64475001922428,1600.,-1.02104577159058));
#556=CARTESIAN_POINT('Ctrl Pts',(3.526044945073,1600.,-1.10275593714509));
#557=CARTESIAN_POINT('Ctrl Pts',(5.66733887406751,1600.,-1.03446484594397));
#558=CARTESIAN_POINT('Ctrl Pts',(7.8798593648911,1600.,-0.881630967663163));
#559=CARTESIAN_POINT('Ctrl Pts',(10.0748814407968,1600.,-0.688233486816217));
#560=CARTESIAN_POINT('Ctrl Pts',(12.2287766235049,1600.,-0.4828709742201));
#561=CARTESIAN_POINT('Ctrl Pts',(14.361553426757,1600.,-0.281690174341973));
#562=CARTESIAN_POINT('Ctrl Pts',(16.5121154838355,1600.,-0.0923027820713673));
#563=CARTESIAN_POINT('Ctrl Pts',(18.7117100052994,1600.,0.0825573051609374));
#564=CARTESIAN_POINT('Ctrl Pts',(20.9789435204724,1600.,0.243247143499632));
#565=CARTESIAN_POINT('Ctrl Pts',(23.3245297685156,1600.,0.392445193555406));
#566=CARTESIAN_POINT('Ctrl Pts',(25.7526736192536,1600.,0.534075469072646));
#567=CARTESIAN_POINT('Ctrl Pts',(28.2635931527836,1600.,0.672449944261693));
#568=CARTESIAN_POINT('Ctrl Pts',(30.8555347305318,1600.,0.811218598988657));
#569=CARTESIAN_POINT('Ctrl Pts',(33.5263551059421,1600.,0.952799292633573));
#570=CARTESIAN_POINT('Ctrl Pts',(36.2736810553292,1600.,1.09874633046733));
#571=CARTESIAN_POINT('Ctrl Pts',(39.0953115663542,1600.,1.24990942565946));
#572=CARTESIAN_POINT('Ctrl Pts',(41.4106126246775,1600.,1.37530940014527));
#573=CARTESIAN_POINT('Ctrl Pts',(43.1791733680967,1600.,1.47190670504588));
#574=CARTESIAN_POINT('Ctrl Pts',(44.3724156287369,1600.,1.53743253494055));
#575=CARTESIAN_POINT('Ctrl Pts',(44.9725872158593,1600.,1.57047735161254));
#576=CARTESIAN_POINT('Ctrl Pts',(145.544358941399,0.,36.2882843399501));
#577=CARTESIAN_POINT('Ctrl Pts',(143.609286237088,33.3330330904509,34.9623241015362));
#578=CARTESIAN_POINT('Ctrl Pts',(139.71244876427,99.9989098361237,32.4003328613431));
#579=CARTESIAN_POINT('Ctrl Pts',(133.786406643096,199.998664524896,28.8291854083011));
#580=CARTESIAN_POINT('Ctrl Pts',(127.778875630513,299.998767671316,25.53255552819));
#581=CARTESIAN_POINT('Ctrl Pts',(123.720013557828,366.666136239875,23.516417826496));
#582=CARTESIAN_POINT('Ctrl Pts',(119.635687724617,433.33233925898,21.5868582428578));
#583=CARTESIAN_POINT('Ctrl Pts',(115.525854337023,499.998157176059,19.7438348279732));
#584=CARTESIAN_POINT('Ctrl Pts',(109.293283221471,599.998743175241,17.2106912458035));
#585=CARTESIAN_POINT('Ctrl Pts',(103.004571231341,699.999944177244,14.8739729524471));
#586=CARTESIAN_POINT('Ctrl Pts',(98.7826007815798,766.666915450267,13.4259833162194));
#587=CARTESIAN_POINT('Ctrl Pts',(94.5491416492121,833.332955467844,12.0266966731428));
#588=CARTESIAN_POINT('Ctrl Pts',(90.3041336820812,899.999063288707,10.6760880751764));
#589=CARTESIAN_POINT('Ctrl Pts',(83.9075507159965,999.9986557027,8.79812667604144));
#590=CARTESIAN_POINT('Ctrl Pts',(77.4842734688744,1099.9989294915,7.08422546973845));
#591=CARTESIAN_POINT('Ctrl Pts',(73.1846038747817,1166.66619169058,6.06549280908978));
#592=CARTESIAN_POINT('Ctrl Pts',(68.8763254334949,1233.33061681406,5.11493001446685));
#593=CARTESIAN_POINT('Ctrl Pts',(64.5593231101006,1299.9939644519,4.23251233666925));
#594=CARTESIAN_POINT('Ctrl Pts',(58.0573685465767,1399.99391319521,3.12126771962417));
#595=CARTESIAN_POINT('Ctrl Pts',(51.5296155275128,1499.99682479293,2.22309829741225));
#596=CARTESIAN_POINT('Ctrl Pts',(47.1610254240154,1566.6656608138,1.76479148023732));
#597=CARTESIAN_POINT('Ctrl Pts',(44.9725872158593,1600.,1.57047735161254));
#598=CARTESIAN_POINT('Ctrl Pts',(137.908363731026,0.,35.2093711399735));
#599=CARTESIAN_POINT('Ctrl Pts',(136.079816199292,33.3330254711309,33.9101279257074));
#600=CARTESIAN_POINT('Ctrl Pts',(132.38599432819,99.9988880102393,31.3978335110339));
#601=CARTESIAN_POINT('Ctrl Pts',(126.754588662403,199.998630735059,27.9034215095256));
#602=CARTESIAN_POINT('Ctrl Pts',(121.052016341676,299.998737512873,24.6991163828207));
#603=CARTESIAN_POINT('Ctrl Pts',(117.21681611478,366.666123065467,22.7638544519079));
#604=CARTESIAN_POINT('Ctrl Pts',(113.373061641584,433.332352432785,20.9292979821793));
#605=CARTESIAN_POINT('Ctrl Pts',(109.53418591361,499.998179122581,19.2032524923949));
#606=CARTESIAN_POINT('Ctrl Pts',(103.751434427066,599.998750278803,16.872789758753));
#607=CARTESIAN_POINT('Ctrl Pts',(97.908133307677,699.999933159109,14.7272489823503));
#608=CARTESIAN_POINT('Ctrl Pts',(93.948302040899,766.666906647716,13.3732300193438));
#609=CARTESIAN_POINT('Ctrl Pts',(89.9436495557477,833.332964270361,12.0382673955278));
#610=CARTESIAN_POINT('Ctrl Pts',(85.8795772720848,899.999074386922,10.7273030136551));
#611=CARTESIAN_POINT('Ctrl Pts',(79.6934640822278,999.998648859491,8.86047628504075));
#612=CARTESIAN_POINT('Ctrl Pts',(73.5024020707984,1099.99890786511,7.13508566739467));
#613=CARTESIAN_POINT('Ctrl Pts',(69.4271594304319,1166.66617867668,6.11074929305483));
#614=CARTESIAN_POINT('Ctrl Pts',(65.4056635018314,1233.33062982672,5.16417999854878));
#615=CARTESIAN_POINT('Ctrl Pts',(61.4242983568914,1299.99396673791,4.28753436527196));
#616=CARTESIAN_POINT('Ctrl Pts',(55.5193570187196,1399.99385718839,3.18814894319544));
#617=CARTESIAN_POINT('Ctrl Pts',(49.6291272848983,1499.99673634147,2.30290482668065));
#618=CARTESIAN_POINT('Ctrl Pts',(45.6771914609301,1566.66561333411,1.85250219710006));
#619=CARTESIAN_POINT('Ctrl Pts',(43.6861493104099,1600.,1.66160614440088));
#620=CARTESIAN_POINT('Ctrl Pts',(123.162882802644,0.,33.2972350264676));
#621=CARTESIAN_POINT('Ctrl Pts',(121.547904039076,33.3330003240964,32.04258934089));
#622=CARTESIAN_POINT('Ctrl Pts',(118.270905401777,99.9988123693205,29.6221012576639));
#623=CARTESIAN_POINT('Ctrl Pts',(113.249411248022,199.998508728079,26.2839768993158));
#624=CARTESIAN_POINT('Ctrl Pts',(108.15720220503,299.998626754842,23.2647478077144));
#625=CARTESIAN_POINT('Ctrl Pts',(104.740015677745,366.666074816819,21.4780554683305));
#626=CARTESIAN_POINT('Ctrl Pts',(101.325453531437,433.332400659308,19.8069865271986));
#627=CARTESIAN_POINT('Ctrl Pts',(97.9622615128419,499.998268695738,18.2855309372556));
#628=CARTESIAN_POINT('Ctrl Pts',(92.9609124680478,599.998805733542,16.3131309419542));
#629=CARTESIAN_POINT('Ctrl Pts',(87.8957223810558,699.999926647538,14.5037393443647));
#630=CARTESIAN_POINT('Ctrl Pts',(84.4049326076445,766.666889687102,13.3111079782252));
#631=CARTESIAN_POINT('Ctrl Pts',(80.8205051231421,833.332981293184,12.0830836250907));
#632=CARTESIAN_POINT('Ctrl Pts',(77.1219157277469,899.999092596087,10.8442213232853));
#633=CARTESIAN_POINT('Ctrl Pts',(71.4237055290821,999.998619953269,9.01159000145018));
#634=CARTESIAN_POINT('Ctrl Pts',(65.763306095364,1099.99884400428,7.28001835143506));
#635=CARTESIAN_POINT('Ctrl Pts',(62.138751470139,1166.66614236517,6.24787372562269));
#636=CARTESIAN_POINT('Ctrl Pts',(58.650530227003,1233.33066608695,5.30312132499945));
#637=CARTESIAN_POINT('Ctrl Pts',(55.2849225903217,1299.99397352551,4.43447485938972));
#638=CARTESIAN_POINT('Ctrl Pts',(50.4550937937817,1399.99370710066,3.35845886447385));
#639=CARTESIAN_POINT('Ctrl Pts',(45.6955590330031,1499.99650073631,2.49924209512477));
#640=CARTESIAN_POINT('Ctrl Pts',(42.4706377993925,1566.66548736337,2.06149618268639));
#641=CARTESIAN_POINT('Ctrl Pts',(40.8204741542264,1599.99999999999,1.87405319198296));
#642=CARTESIAN_POINT('Ctrl Pts',(102.621451204776,0.,31.1685395744988));
#643=CARTESIAN_POINT('Ctrl Pts',(101.321130249381,33.332950694066,29.967700811557));
#644=CARTESIAN_POINT('Ctrl Pts',(98.6797355248004,99.998659808679,27.6702823092286));
#645=CARTESIAN_POINT('Ctrl Pts',(94.6041670129926,199.998258758426,24.557778371855));
#646=CARTESIAN_POINT('Ctrl Pts',(90.4246168179731,299.998399069721,21.7980682295594));
#647=CARTESIAN_POINT('Ctrl Pts',(87.5774363338639,366.665976159824,20.1995648124861));
#648=CARTESIAN_POINT('Ctrl Pts',(84.7063004271151,433.332499243482,18.7183451474126));
#649=CARTESIAN_POINT('Ctrl Pts',(81.8778438736539,499.998458830583,17.4213751916178));
#650=CARTESIAN_POINT('Ctrl Pts',(77.6681257773421,599.998941213916,15.8243298203673));
#651=CARTESIAN_POINT('Ctrl Pts',(73.4011642134854,699.999937517248,14.360511534812));
#652=CARTESIAN_POINT('Ctrl Pts',(70.4581144833522,766.666865025071,13.3348614199871));
#653=CARTESIAN_POINT('Ctrl Pts',(67.4341110045401,833.333006139695,12.2235071098243));
#654=CARTESIAN_POINT('Ctrl Pts',(64.3106042149346,899.999116536257,11.0779058044331));
#655=CARTESIAN_POINT('Ctrl Pts',(59.5246241548434,999.998559799196,9.32123724051474));
#656=CARTESIAN_POINT('Ctrl Pts',(54.8289662710418,1099.99872362619,7.61800796036356));
#657=CARTESIAN_POINT('Ctrl Pts',(51.88348171608,1166.66607555242,6.58665520233737));
#658=CARTESIAN_POINT('Ctrl Pts',(49.0925393938202,1233.33073276463,5.63999153489698));
#659=CARTESIAN_POINT('Ctrl Pts',(46.473212306645,1299.99398469243,4.77742398869727));
#660=CARTESIAN_POINT('Ctrl Pts',(42.8498171192624,1399.99343368728,3.72683726413615));
#661=CARTESIAN_POINT('Ctrl Pts',(39.3241423400865,1499.99607578619,2.89661461861435));
#662=CARTESIAN_POINT('Ctrl Pts',(36.9006789470137,1566.66526122859,2.46990306800628));
#663=CARTESIAN_POINT('Ctrl Pts',(35.6361907111946,1599.99999999999,2.28296157765565));
#664=CARTESIAN_POINT('Ctrl Pts',(83.4967415947035,0.,29.6729141962868));
#665=CARTESIAN_POINT('Ctrl Pts',(82.4981339534059,33.3329070254426,28.526212862857));
#666=CARTESIAN_POINT('Ctrl Pts',(80.4774719948648,99.9985250046578,26.3488401671569));
#667=CARTESIAN_POINT('Ctrl Pts',(77.3383393665038,199.998038171054,23.4463583782323));
#668=CARTESIAN_POINT('Ctrl Pts',(74.0546449361528,299.99819961397,20.9191759409428));
#669=CARTESIAN_POINT('Ctrl Pts',(71.7481422336973,366.665890633676,19.4825639631802));
#670=CARTESIAN_POINT('Ctrl Pts',(69.375558132933,433.332584686023,18.1599894661598));
#671=CARTESIAN_POINT('Ctrl Pts',(66.9509669932143,499.998623468134,17.0156023529825));
#672=CARTESIAN_POINT('Ctrl Pts',(63.2106875878017,599.999057559592,15.6267393734148));
#673=CARTESIAN_POINT('Ctrl Pts',(59.4262543263006,699.999943095481,14.3442174643203));
#674=CARTESIAN_POINT('Ctrl Pts',(56.9130259185362,766.666840012924,13.4198122987771));
#675=CARTESIAN_POINT('Ctrl Pts',(54.4217836989501,833.333031371569,12.4027831081783));
#676=CARTESIAN_POINT('Ctrl Pts',(51.9076761997365,899.999145709443,11.3440835798843));
#677=CARTESIAN_POINT('Ctrl Pts',(48.1680878412522,999.99851171284,9.68254232376659));
#678=CARTESIAN_POINT('Ctrl Pts',(44.5502725272571,1099.99861587313,8.03808893510694));
#679=CARTESIAN_POINT('Ctrl Pts',(42.2758641106085,1166.66601488077,7.02421120976161));
#680=CARTESIAN_POINT('Ctrl Pts',(40.0978061172136,1233.33079327576,6.08486981913869));
#681=CARTESIAN_POINT('Ctrl Pts',(38.0526638354968,1299.99399117557,5.22873086904053));
#682=CARTESIAN_POINT('Ctrl Pts',(35.228168050688,1399.99317789489,4.19002377033915));
#683=CARTESIAN_POINT('Ctrl Pts',(32.4932423834677,1499.99568387976,3.37282298980063));
#684=CARTESIAN_POINT('Ctrl Pts',(30.6280505814157,1566.66505370131,2.95225616199678));
#685=CARTESIAN_POINT('Ctrl Pts',(29.6596987929884,1599.99999999999,2.76660363794727));
#686=CARTESIAN_POINT('Ctrl Pts',(67.9732945966304,0.,28.5964158241206));
#687=CARTESIAN_POINT('Ctrl Pts',(67.2092856663204,33.3328904858477,27.5062893954467));
#688=CARTESIAN_POINT('Ctrl Pts',(65.6654435533935,99.9984748464334,25.4437598637659));
#689=CARTESIAN_POINT('Ctrl Pts',(63.2438771822083,199.997959116506,22.7205856952346));
#690=CARTESIAN_POINT('Ctrl Pts',(60.6600325093092,299.998131739707,20.3802097018884));
#691=CARTESIAN_POINT('Ctrl Pts',(58.7956932727859,366.665863154424,19.0712150739929));
#692=CARTESIAN_POINT('Ctrl Pts',(56.8474139718001,433.332612114876,17.8749880285692));
#693=CARTESIAN_POINT('Ctrl Pts',(54.7846107742883,499.998671696784,16.8232702153824));
#694=CARTESIAN_POINT('Ctrl Pts',(51.4986829400819,599.999079037276,15.5141155737801));
#695=CARTESIAN_POINT('Ctrl Pts',(48.1807186005813,699.999921722723,14.2911500433845));
#696=CARTESIAN_POINT('Ctrl Pts',(46.0533553216509,766.666817926006,13.4208258384265));
#697=CARTESIAN_POINT('Ctrl Pts',(44.0182377499497,833.333053606149,12.4816069609533));
#698=CARTESIAN_POINT('Ctrl Pts',(42.0206926745605,899.999181545782,11.4996069514213));
#699=CARTESIAN_POINT('Ctrl Pts',(39.1481393464889,999.998505749613,9.93612902174627));
#700=CARTESIAN_POINT('Ctrl Pts',(36.3981560336369,1099.9985676207,8.36744272458341));
#701=CARTESIAN_POINT('Ctrl Pts',(34.6410403801775,1166.66598485169,7.38798010709034));
#702=CARTESIAN_POINT('Ctrl Pts',(32.9185889982135,1233.33082320017,6.47399525680046));
#703=CARTESIAN_POINT('Ctrl Pts',(31.263421353284,1299.99398795363,5.6312448210353));
#704=CARTESIAN_POINT('Ctrl Pts',(28.9155317784075,1399.99303435349,4.59542723426583));
#705=CARTESIAN_POINT('Ctrl Pts',(26.6377492297584,1499.99547197349,3.77838083493329));
#706=CARTESIAN_POINT('Ctrl Pts',(25.1238806008755,1566.6649427854,3.36392763977843));
#707=CARTESIAN_POINT('Ctrl Pts',(24.3577778707341,1599.99999999999,3.18456077964553));
#708=CARTESIAN_POINT('Ctrl Pts',(55.2502328559074,0.,27.3621469188733));
#709=CARTESIAN_POINT('Ctrl Pts',(54.6601811515632,33.3328980850664,26.3308652184554));
#710=CARTESIAN_POINT('Ctrl Pts',(53.4551735731541,99.9985004588482,24.3874780974478));
#711=CARTESIAN_POINT('Ctrl Pts',(51.5325291405607,199.998006898012,21.8446537479516));
#712=CARTESIAN_POINT('Ctrl Pts',(49.4564091649698,299.998181331591,19.6828189160847));
#713=CARTESIAN_POINT('Ctrl Pts',(47.9488768592665,366.665887150397,18.4883013150893));
#714=CARTESIAN_POINT('Ctrl Pts',(46.3730923392973,433.332588098524,17.4017269260289));
#715=CARTESIAN_POINT('Ctrl Pts',(44.7080188621442,499.998616260228,16.429890365706));
#716=CARTESIAN_POINT('Ctrl Pts',(42.0602039871641,599.999015215293,15.189081533199));
#717=CARTESIAN_POINT('Ctrl Pts',(39.3882519743662,699.999876047889,14.0195958259181));
#718=CARTESIAN_POINT('Ctrl Pts',(37.6743413267954,766.666798944548,13.2002317868197));
#719=CARTESIAN_POINT('Ctrl Pts',(36.0325430468032,833.333072655575,12.3334809856129));
#720=CARTESIAN_POINT('Ctrl Pts',(34.4354108919667,899.999221432263,11.4254401426658));
#721=CARTESIAN_POINT('Ctrl Pts',(32.1649915905051,999.998535876209,9.96622718552807));
#722=CARTESIAN_POINT('Ctrl Pts',(29.9978158030407,1099.99857255089,8.48792957843518));
#723=CARTESIAN_POINT('Ctrl Pts',(28.6020517312965,1166.66598239154,7.55576398548938));
#724=CARTESIAN_POINT('Ctrl Pts',(27.2201266749473,1233.33082561376,6.68055237101268));
#725=CARTESIAN_POINT('Ctrl Pts',(25.8697826525534,1299.99397736751,5.86245043366964));
#726=CARTESIAN_POINT('Ctrl Pts',(23.919007237102,1399.99299424531,4.84072771637761));
#727=CARTESIAN_POINT('Ctrl Pts',(22.0253520171804,1499.99542354968,4.03237739668251));
#728=CARTESIAN_POINT('Ctrl Pts',(20.790462624609,1566.66491916404,3.63092365076261));
#729=CARTESIAN_POINT('Ctrl Pts',(20.1774914293437,1599.99999999998,3.46244679372708));
#730=CARTESIAN_POINT('Ctrl Pts',(48.7823423784365,0.,26.5004645631406));
#731=CARTESIAN_POINT('Ctrl Pts',(48.2740907692488,33.332910325545,25.5042533441882));
#732=CARTESIAN_POINT('Ctrl Pts',(47.22173988093,99.9985399135996,23.633962440934));
#733=CARTESIAN_POINT('Ctrl Pts',(45.5187810230965,199.998075829856,21.2034587400331));
#734=CARTESIAN_POINT('Ctrl Pts',(43.6766265791534,299.998248239911,19.1502596626306));
#735=CARTESIAN_POINT('Ctrl Pts',(42.3503793830531,366.665917763397,18.0212757671915));
#736=CARTESIAN_POINT('Ctrl Pts',(40.9764833273997,433.332557490082,16.9944003400108));
#737=CARTESIAN_POINT('Ctrl Pts',(39.5490966564659,499.99855043235,16.069566725676));
#738=CARTESIAN_POINT('Ctrl Pts',(37.3129255463136,599.998950349953,14.8768203418163));
#739=CARTESIAN_POINT('Ctrl Pts',(35.0555485395405,699.999841522474,13.7483668359822));
#740=CARTESIAN_POINT('Ctrl Pts',(33.5851718317227,766.666788919993,12.9621004108756));
#741=CARTESIAN_POINT('Ctrl Pts',(32.1530273381401,833.333082687697,12.1367729077785));
#742=CARTESIAN_POINT('Ctrl Pts',(30.7515030473231,899.99924583025,11.272646947373));
#743=CARTESIAN_POINT('Ctrl Pts',(28.7449784644517,999.998564976672,9.87978520670164));
#744=CARTESIAN_POINT('Ctrl Pts',(26.8245932629586,1099.99859263034,8.46208171961147));
#745=CARTESIAN_POINT('Ctrl Pts',(25.5901504635821,1166.66598989106,7.56252513882952));
#746=CARTESIAN_POINT('Ctrl Pts',(24.372022059026,1233.33081811087,6.71401904351849));
#747=CARTESIAN_POINT('Ctrl Pts',(23.176590471272,1299.99396893283,5.91551692420902));
#748=CARTESIAN_POINT('Ctrl Pts',(21.4428830114819,1399.99300459479,4.91076618131179));
#749=CARTESIAN_POINT('Ctrl Pts',(19.7623612554642,1499.99544841843,4.1154500913823));
#750=CARTESIAN_POINT('Ctrl Pts',(18.6745393418151,1566.664933712,3.72556325803022));
#751=CARTESIAN_POINT('Ctrl Pts',(18.1382532148993,1599.99999999998,3.56493961526273));
#752=CARTESIAN_POINT('Ctrl Pts',(43.8526982298779,0.,25.69933286817));
#753=CARTESIAN_POINT('Ctrl Pts',(43.4044126478821,33.3329233919073,24.7323425867554));
#754=CARTESIAN_POINT('Ctrl Pts',(42.4609146065766,99.9985818250978,22.9247181768817));
#755=CARTESIAN_POINT('Ctrl Pts',(40.9123408655862,199.998148373951,20.5925976477808));
#756=CARTESIAN_POINT('Ctrl Pts',(39.2400196612213,299.998317929477,18.6338597540121));
#757=CARTESIAN_POINT('Ctrl Pts',(38.053521024865,366.665949344787,17.5597029271918));
#758=CARTESIAN_POINT('Ctrl Pts',(36.8407471927452,433.332525913282,16.5808121734597));
#759=CARTESIAN_POINT('Ctrl Pts',(35.605601918254,499.998483351057,15.6963457870239));
#760=CARTESIAN_POINT('Ctrl Pts',(33.7053178010714,599.99888627295,14.550126726192));
#761=CARTESIAN_POINT('Ctrl Pts',(31.7855086255449,699.999810024715,13.4630047582397));
#762=CARTESIAN_POINT('Ctrl Pts',(30.5107341432953,766.666781065002,12.7067137131622));
#763=CARTESIAN_POINT('Ctrl Pts',(29.2441881689976,833.333090540288,11.9155144049664));
#764=CARTESIAN_POINT('Ctrl Pts',(27.9904289896312,899.999266337352,11.0886824483916));
#765=CARTESIAN_POINT('Ctrl Pts',(26.1707403210526,999.998593339174,9.75452041073177));
#766=CARTESIAN_POINT('Ctrl Pts',(24.4210671134526,1099.99861575878,8.39153709842515));
#767=CARTESIAN_POINT('Ctrl Pts',(23.3021414866716,1166.66599949176,7.52131472502394));
#768=CARTESIAN_POINT('Ctrl Pts',(22.2066084693492,1233.33080851317,6.69632296589244));
#769=CARTESIAN_POINT('Ctrl Pts',(21.1306667262768,1299.99396114967,5.91672671204439));
#770=CARTESIAN_POINT('Ctrl Pts',(19.5708585391329,1399.99302609669,4.93166331429695));
#771=CARTESIAN_POINT('Ctrl Pts',(18.0628633468428,1499.99548927899,4.15250970303937));
#772=CARTESIAN_POINT('Ctrl Pts',(17.0917850712459,1566.66495654553,3.77448170216717));
#773=CARTESIAN_POINT('Ctrl Pts',(16.6149631133826,1599.99999999998,3.6209152300484));
#774=CARTESIAN_POINT('Ctrl Pts',(40.2324153130356,0.,25.0598779526781));
#775=CARTESIAN_POINT('Ctrl Pts',(39.8289439810275,33.3329394221013,24.1228089879452));
#776=CARTESIAN_POINT('Ctrl Pts',(38.9653564285568,99.9986687019042,22.3768261685085));
#777=CARTESIAN_POINT('Ctrl Pts',(37.5352602551472,199.998258855042,20.1101228671071));
#778=CARTESIAN_POINT('Ctrl Pts',(35.9905630635626,299.998410207875,18.2116364656727));
#779=CARTESIAN_POINT('Ctrl Pts',(34.9050997351268,366.665986798211,17.1796652163774));
#780=CARTESIAN_POINT('Ctrl Pts',(33.8062339547758,433.332488477589,16.2471520759588));
#781=CARTESIAN_POINT('Ctrl Pts',(32.7115970404708,499.998405436041,15.3972560034617));
#782=CARTESIAN_POINT('Ctrl Pts',(31.0632823235817,599.998814347311,14.2813359137107));
#783=CARTESIAN_POINT('Ctrl Pts',(29.3967741933887,699.999777515477,13.2199036871807));
#784=CARTESIAN_POINT('Ctrl Pts',(28.2651401851406,766.666774759167,12.4885994323257));
#785=CARTESIAN_POINT('Ctrl Pts',(27.1160707021097,833.333096820845,11.7312461540127));
#786=CARTESIAN_POINT('Ctrl Pts',(25.9667443874864,899.999284257351,10.9357897045618));
#787=CARTESIAN_POINT('Ctrl Pts',(24.2799382619707,999.998623939342,9.64272114834219));
#788=CARTESIAN_POINT('Ctrl Pts',(22.653329346558,1099.99864572626,8.31752593533096));
#789=CARTESIAN_POINT('Ctrl Pts',(21.619458310595,1166.66601313552,7.47142898195225));
#790=CARTESIAN_POINT('Ctrl Pts',(20.6153357357872,1233.33079488507,6.67114590991282));
#791=CARTESIAN_POINT('Ctrl Pts',(19.6218089838161,1299.99394989953,5.91035844584684));
#792=CARTESIAN_POINT('Ctrl Pts',(18.1711897618169,1399.99305638784,4.94204486934641));
#793=CARTESIAN_POINT('Ctrl Pts',(16.7704475506551,1499.99554278502,4.17573480224414));
#794=CARTESIAN_POINT('Ctrl Pts',(15.8772488017127,1566.66499310527,3.80295591654165));
#795=CARTESIAN_POINT('Ctrl Pts',(15.4435299944403,1599.99999999998,3.65666105176356));
#796=CARTESIAN_POINT('Ctrl Pts',(34.214836620248,0.,23.7291986554457));
#797=CARTESIAN_POINT('Ctrl Pts',(33.8860860062475,33.3329805897552,22.8606466709553));
#798=CARTESIAN_POINT('Ctrl Pts',(33.153788797749,99.9989390044821,21.2580094598383));
#799=CARTESIAN_POINT('Ctrl Pts',(31.932091164086,199.99857107493,19.102949610022));
#800=CARTESIAN_POINT('Ctrl Pts',(30.6059708125171,299.998656072312,17.3023047056053));
#801=CARTESIAN_POINT('Ctrl Pts',(29.6832002497099,366.666081187263,16.3504814650798));
#802=CARTESIAN_POINT('Ctrl Pts',(28.7604936229789,433.332394149253,15.5194057579399));
#803=CARTESIAN_POINT('Ctrl Pts',(27.8969594583316,499.998211427035,14.7413459147783));
#804=CARTESIAN_POINT('Ctrl Pts',(26.6814056368303,599.998638985086,13.6781059942526));
#805=CARTESIAN_POINT('Ctrl Pts',(25.4500637330863,699.9997026339,12.6600295851987));
#806=CARTESIAN_POINT('Ctrl Pts',(24.5542228845084,766.6667632016,11.9804896128292));
#807=CARTESIAN_POINT('Ctrl Pts',(23.5878043136198,833.333108284546,11.2987732541979));
#808=CARTESIAN_POINT('Ctrl Pts',(22.6007649723484,899.999320293697,10.5677937141638));
#809=CARTESIAN_POINT('Ctrl Pts',(21.1238202657108,999.998696793844,9.34932285698915));
#810=CARTESIAN_POINT('Ctrl Pts',(19.6955067479674,1099.99872493215,8.09273716745976));
#811=CARTESIAN_POINT('Ctrl Pts',(18.8017978172521,1166.66605077085,7.29664873027513));
#812=CARTESIAN_POINT('Ctrl Pts',(17.9499455883854,1233.33075730516,6.55477724330104));
#813=CARTESIAN_POINT('Ctrl Pts',(17.0851724496802,1299.99391877443,5.83815700597678));
#814=CARTESIAN_POINT('Ctrl Pts',(15.789897899232,1399.99314004343,4.90752473871592));
#815=CARTESIAN_POINT('Ctrl Pts',(14.5392942105122,1499.99568566715,4.16965412187941));
#816=CARTESIAN_POINT('Ctrl Pts',(13.7618501762924,1566.66509889265,3.8001397039625));
#817=CARTESIAN_POINT('Ctrl Pts',(13.3972491455343,1599.99999999998,3.67121822944777));
#818=CARTESIAN_POINT('Ctrl Pts',(28.8917262673388,0.,22.2126164832713));
#819=CARTESIAN_POINT('Ctrl Pts',(28.6282629069446,33.3330257051454,21.4157255070345));
#820=CARTESIAN_POINT('Ctrl Pts',(28.0106182106295,99.9992520557673,19.9711318658895));
#821=CARTESIAN_POINT('Ctrl Pts',(26.9810070579282,199.998923287835,17.9384914041092));
#822=CARTESIAN_POINT('Ctrl Pts',(25.8531068850368,299.998928527848,16.2448819112009));
#823=CARTESIAN_POINT('Ctrl Pts',(25.0707100564846,366.666183905047,15.3769810966679));
#824=CARTESIAN_POINT('Ctrl Pts',(24.2944199359711,433.332291502849,14.6496765388343));
#825=CARTESIAN_POINT('Ctrl Pts',(23.6283315036443,499.998001254195,13.9474834250166));
#826=CARTESIAN_POINT('Ctrl Pts',(22.7896335541869,599.998450620166,12.9442915396252));
#827=CARTESIAN_POINT('Ctrl Pts',(21.93737715375,699.999624107061,11.9771123809149));
#828=CARTESIAN_POINT('Ctrl Pts',(21.2432952488456,766.666752402686,11.3534042320272));
#829=CARTESIAN_POINT('Ctrl Pts',(20.4293359521525,833.33311897069,10.749917677547));
#830=CARTESIAN_POINT('Ctrl Pts',(19.5799665324168,899.999355856662,10.0873801666588));
#831=CARTESIAN_POINT('Ctrl Pts',(18.2870040612219,999.998774436129,8.95136308554616));
#832=CARTESIAN_POINT('Ctrl Pts',(17.0352731043544,1099.99881266501,7.77198170290304));
#833=CARTESIAN_POINT('Ctrl Pts',(16.2656613758177,1166.66609306008,7.0308014937897));
#834=CARTESIAN_POINT('Ctrl Pts',(15.5471012428978,1233.33071508173,6.35163089770874));
#835=CARTESIAN_POINT('Ctrl Pts',(14.7949238190485,1299.99388390129,5.68378480507075));
#836=CARTESIAN_POINT('Ctrl Pts',(13.6347652104585,1399.99323450048,4.79747605599474));
#837=CARTESIAN_POINT('Ctrl Pts',(12.5135942757311,1499.99584522383,4.09432720132976));
#838=CARTESIAN_POINT('Ctrl Pts',(11.8342292961406,1566.66521961392,3.7270763716716));
#839=CARTESIAN_POINT('Ctrl Pts',(11.5286053878343,1599.99999999998,3.61729977380603));
#840=CARTESIAN_POINT('Ctrl Pts',(25.1281065071659,0.,20.890526454903));
#841=CARTESIAN_POINT('Ctrl Pts',(24.9102341695184,33.3330611457895,20.1487498210977));
#842=CARTESIAN_POINT('Ctrl Pts',(24.3731066392355,99.9995021358568,18.8328017671741));
#843=CARTESIAN_POINT('Ctrl Pts',(23.4831320579082,199.999202375774,16.9100689277542));
#844=CARTESIAN_POINT('Ctrl Pts',(22.4982458789703,299.999143185746,15.3141698510815));
#845=CARTESIAN_POINT('Ctrl Pts',(21.8140257241569,366.666264355002,14.5153819002374));
#846=CARTESIAN_POINT('Ctrl Pts',(21.1375077747188,433.332211110706,13.8669754702317));
#847=CARTESIAN_POINT('Ctrl Pts',(20.6029898709765,499.997836957282,13.2256719491586));
#848=CARTESIAN_POINT('Ctrl Pts',(20.0126086373733,599.998303943265,12.277468224007));
#849=CARTESIAN_POINT('Ctrl Pts',(19.410287647715,699.999563632708,11.3584767907966));
#850=CARTESIAN_POINT('Ctrl Pts',(18.8508955133562,766.666744535348,10.7806523447437));
#851=CARTESIAN_POINT('Ctrl Pts',(18.1411045790959,833.333126746554,10.2370059401496));
#852=CARTESIAN_POINT('Ctrl Pts',(17.3886408260325,899.999382553922,9.63000331616909));
#853=CARTESIAN_POINT('Ctrl Pts',(16.2307610313507,999.998834769879,8.56672970924297));
#854=CARTESIAN_POINT('Ctrl Pts',(15.1099004884965,1099.99888190635,7.4565956011608));
#855=CARTESIAN_POINT('Ctrl Pts',(14.4297640939905,1166.66612662376,6.7614979580524));
#856=CARTESIAN_POINT('Ctrl Pts',(13.8045983933226,1233.33068157139,6.13160384719918));
#857=CARTESIAN_POINT('Ctrl Pts',(13.1332936428139,1299.99385634211,5.50345278954577));
#858=CARTESIAN_POINT('Ctrl Pts',(12.0735566374616,1399.99330988139,4.6561453869355));
#859=CARTESIAN_POINT('Ctrl Pts',(11.0484242689826,1499.9959720283,3.98476100212714));
#860=CARTESIAN_POINT('Ctrl Pts',(10.438612413306,1566.66531602334,3.62059839665434));
#861=CARTESIAN_POINT('Ctrl Pts',(10.1737678286383,1599.99999999998,3.52629456084871));
#862=CARTESIAN_POINT('Ctrl Pts',(23.2558462853132,0.,20.1612539296518));
#863=CARTESIAN_POINT('Ctrl Pts',(23.0605300638177,33.3330796031807,19.4479354096186));
#864=CARTESIAN_POINT('Ctrl Pts',(22.5633690229128,99.9996330184688,18.2004046547298));
#865=CARTESIAN_POINT('Ctrl Pts',(21.7438083070907,199.999348081841,16.3393904676358));
#866=CARTESIAN_POINT('Ctrl Pts',(20.8308351716889,299.999255057583,14.7988308146703));
#867=CARTESIAN_POINT('Ctrl Pts',(20.1953112244628,366.666306205844,14.0372335939433));
#868=CARTESIAN_POINT('Ctrl Pts',(19.5676846996899,433.332169289632,13.4293605267495));
#869=CARTESIAN_POINT('Ctrl Pts',(19.095988371432,499.997751550219,12.8203072421538));
#870=CARTESIAN_POINT('Ctrl Pts',(18.6224324475012,599.998227818113,11.9032071923658));
#871=CARTESIAN_POINT('Ctrl Pts',(18.1377530696227,699.99953238939,11.0118616960184));
#872=CARTESIAN_POINT('Ctrl Pts',(17.6427530771001,766.666740563047,10.4586336380289));
#873=CARTESIAN_POINT('Ctrl Pts',(16.9840724762075,833.333130671278,9.94581461020746));
#874=CARTESIAN_POINT('Ctrl Pts',(16.2800829750148,899.999396215849,9.36838763165949));
#875=CARTESIAN_POINT('Ctrl Pts',(15.191447120446,999.99886606982,8.34553126632479));
#876=CARTESIAN_POINT('Ctrl Pts',(14.1379403030859,1099.99891803643,7.27415018370717));
#877=CARTESIAN_POINT('Ctrl Pts',(13.5030201954223,1166.66614417386,6.60400699472872));
#878=CARTESIAN_POINT('Ctrl Pts',(12.9241654462854,1233.33066404885,5.99985041678863));
#879=CARTESIAN_POINT('Ctrl Pts',(12.2935894932509,1299.99384196839,5.39284012260627));
#880=CARTESIAN_POINT('Ctrl Pts',(11.2854903033186,1399.9933494205,4.56716435860155));
#881=CARTESIAN_POINT('Ctrl Pts',(10.3097406704059,1499.99603844176,3.91372469348395));
#882=CARTESIAN_POINT('Ctrl Pts',(9.73480540667186,1566.66536655448,3.55169605134362));
#883=CARTESIAN_POINT('Ctrl Pts',(9.49007074596227,1599.99999999997,3.46559921538093));
#884=CARTESIAN_POINT('Ctrl Pts',(22.1912398245514,0.,19.7244393534461));
#885=CARTESIAN_POINT('Ctrl Pts',(22.0087141542133,33.3330903281747,19.0275918600475));
#886=CARTESIAN_POINT('Ctrl Pts',(21.5342595514795,99.9997092073791,17.8202780953609));
#887=CARTESIAN_POINT('Ctrl Pts',(20.7550145472503,199.999432821178,15.9965960056475));
#888=CARTESIAN_POINT('Ctrl Pts',(19.883165276094,299.999320076325,14.4896539591624));
#889=CARTESIAN_POINT('Ctrl Pts',(19.2753056546896,366.666330512073,13.7500772629643));
#890=CARTESIAN_POINT('Ctrl Pts',(18.6752879221991,433.332145000406,13.165607314039));
#891=CARTESIAN_POINT('Ctrl Pts',(18.2384536426883,499.997701963011,12.5754755265717));
#892=CARTESIAN_POINT('Ctrl Pts',(17.8290561267903,599.99818365307,11.6772243120436));
#893=CARTESIAN_POINT('Ctrl Pts',(17.4090025266882,699.999514301525,10.8027412452932));
#894=CARTESIAN_POINT('Ctrl Pts',(16.9497631683718,766.66673828766,10.2640314432194));
#895=CARTESIAN_POINT('Ctrl Pts',(16.3199622909426,833.33313291924,9.76903550087662));
#896=CARTESIAN_POINT('Ctrl Pts',(15.6436704611817,899.99940409257,9.20901902752315));
#897=CARTESIAN_POINT('Ctrl Pts',(14.5951316924143,999.998884227388,8.21047798129704));
#898=CARTESIAN_POINT('Ctrl Pts',(13.5806998228277,1099.99893904944,7.16249080690662));
#899=CARTESIAN_POINT('Ctrl Pts',(12.9717376832783,1166.66615439024,6.50716167730983));
#900=CARTESIAN_POINT('Ctrl Pts',(12.4191775813644,1233.33065384824,5.9179910252903));
#901=CARTESIAN_POINT('Ctrl Pts',(11.8119213474257,1299.99383361263,5.32341526789487));
#902=CARTESIAN_POINT('Ctrl Pts',(10.8337150652679,1399.99337247573,4.51072338686482));
#903=CARTESIAN_POINT('Ctrl Pts',(9.88655694117877,1499.99607714307,3.86814988639073));
#904=CARTESIAN_POINT('Ctrl Pts',(9.33155615945579,1566.66539600117,3.50753788597991));
#905=CARTESIAN_POINT('Ctrl Pts',(9.09821102285515,1599.99999999998,3.42625849812403));
#906=CARTESIAN_POINT('Ctrl Pts',(17.4221472442619,0.,17.70234745907));
#907=CARTESIAN_POINT('Ctrl Pts',(17.2968372907469,33.3331390815325,17.0801762753922));
#908=CARTESIAN_POINT('Ctrl Pts',(16.9240362005325,100.000055846435,16.0568738905414));
#909=CARTESIAN_POINT('Ctrl Pts',(16.3261353183465,199.999818164865,14.4068124338401));
#910=CARTESIAN_POINT('Ctrl Pts',(15.6391302458586,299.999615628002,13.0565830533588));
#911=CARTESIAN_POINT('Ctrl Pts',(15.1551394873885,366.666440958001,12.4181743445876));
#912=CARTESIAN_POINT('Ctrl Pts',(14.6783064493998,433.332034635039,11.9396387748552));
#913=CARTESIAN_POINT('Ctrl Pts',(14.3952239924588,499.997476695145,11.4360808594191));
#914=CARTESIAN_POINT('Ctrl Pts',(14.2667804317566,599.997983112187,10.6258903165881));
#915=CARTESIAN_POINT('Ctrl Pts',(14.1297850537842,699.999432280512,9.83050647966743));
#916=CARTESIAN_POINT('Ctrl Pts',(13.8283415208134,766.666728038269,9.35848710815713));
#917=CARTESIAN_POINT('Ctrl Pts',(13.3274489895547,833.33314304092,8.94423965254334));
#918=CARTESIAN_POINT('Ctrl Pts',(12.7755866518471,899.999439716828,8.46391756860271));
#919=CARTESIAN_POINT('Ctrl Pts',(11.9085594466484,999.998966674006,7.57802954954179));
#920=CARTESIAN_POINT('Ctrl Pts',(11.0712078118075,1099.99903461588,6.63864646719882));
#921=CARTESIAN_POINT('Ctrl Pts',(10.5791996435964,1166.66620088064,6.05148141485471));
#922=CARTESIAN_POINT('Ctrl Pts',(10.1443715519024,1233.33060743234,5.53053105382055));
#923=CARTESIAN_POINT('Ctrl Pts',(9.64222880211786,1299.99379562668,4.99296893761484));
#924=CARTESIAN_POINT('Ctrl Pts',(8.79994163638224,1399.99347751127,4.24065334184141));
#925=CARTESIAN_POINT('Ctrl Pts',(7.98281604464403,1499.99625338524,3.64890550024191));
#926=CARTESIAN_POINT('Ctrl Pts',(7.51759263886569,1566.66553009191,3.29532370842818));
#927=CARTESIAN_POINT('Ctrl Pts',(7.33516180458234,1599.99999999997,3.23609511478652));
#928=CARTESIAN_POINT('Ctrl Pts',(9.04184661176332,0.,12.9794029218625));
#929=CARTESIAN_POINT('Ctrl Pts',(9.01540214208717,33.3332352998253,12.5016781633992));
#930=CARTESIAN_POINT('Ctrl Pts',(8.82096240094935,100.000744088923,11.8683659256872));
#931=CARTESIAN_POINT('Ctrl Pts',(8.55614910132822,200.000580606683,10.6467360598123));
#932=CARTESIAN_POINT('Ctrl Pts',(8.20664722132285,300.000198895711,9.69120452212331));
#933=CARTESIAN_POINT('Ctrl Pts',(7.9402230552643,366.666658351097,9.27744806893278));
#934=CARTESIAN_POINT('Ctrl Pts',(7.67173823401735,433.331817411798,9.00119164037218));
#935=CARTESIAN_POINT('Ctrl Pts',(7.60897290942742,499.997034020925,8.67874608569517));
#936=CARTESIAN_POINT('Ctrl Pts',(7.83771696815502,599.997590501389,8.08361909644506));
#937=CARTESIAN_POINT('Ctrl Pts',(8.06175910042344,699.999273407408,7.48665272607841));
#938=CARTESIAN_POINT('Ctrl Pts',(7.98800522398992,766.666709234113,7.15853741994187));
#939=CARTESIAN_POINT('Ctrl Pts',(7.70595486968858,833.333161581898,6.89960536288926));
#940=CARTESIAN_POINT('Ctrl Pts',(7.38372747053994,899.999507369267,6.59050307826118));
#941=CARTESIAN_POINT('Ctrl Pts',(6.88213810197865,999.999128110499,5.97585765500886));
#942=CARTESIAN_POINT('Ctrl Pts',(6.40463699795872,1099.99922401438,5.30194085098204));
#943=CARTESIAN_POINT('Ctrl Pts',(6.13385896288448,1166.6662934145,4.86758767238474));
#944=CARTESIAN_POINT('Ctrl Pts',(5.904253402848,1233.33051505506,4.48309134033252));
#945=CARTESIAN_POINT('Ctrl Pts',(5.59426764911893,1299.99372062742,4.06588118883635));
#946=CARTESIAN_POINT('Ctrl Pts',(5.01528497860978,1399.99368855116,3.45402889965401));
#947=CARTESIAN_POINT('Ctrl Pts',(4.45032553277215,1499.99660645786,2.98512076938029));
#948=CARTESIAN_POINT('Ctrl Pts',(4.14786874941633,1566.6657983468,2.65499487784272));
#949=CARTESIAN_POINT('Ctrl Pts',(4.05299273415184,1599.99999999999,2.64184333725523));
#950=CARTESIAN_POINT('Ctrl Pts',(2.32142060182979,0.,6.01751826898294));
#951=CARTESIAN_POINT('Ctrl Pts',(2.37522063130341,33.3333398275115,5.69102023109572));
#952=CARTESIAN_POINT('Ctrl Pts',(2.32188498963293,100.001467801535,5.53133871942179));
#953=CARTESIAN_POINT('Ctrl Pts',(2.3372131332178,200.001392070829,4.95921188538869));
#954=CARTESIAN_POINT('Ctrl Pts',(2.27346206727099,300.000824633475,4.61536142677362));
#955=CARTESIAN_POINT('Ctrl Pts',(2.19051180246752,366.666893618436,4.49922191377136));
#956=CARTESIAN_POINT('Ctrl Pts',(2.09628701615896,433.331582322627,4.42800382051529));
#957=CARTESIAN_POINT('Ctrl Pts',(2.08272424401139,499.996555964885,4.3331361666588));
#958=CARTESIAN_POINT('Ctrl Pts',(2.20655727349679,599.997169664897,4.08840542814356));
#959=CARTESIAN_POINT('Ctrl Pts',(2.3294196698036,699.999106556405,3.82618816036575));
#960=CARTESIAN_POINT('Ctrl Pts',(2.31199832842598,766.666691068972,3.69033838954692));
#961=CARTESIAN_POINT('Ctrl Pts',(2.21439925603562,833.333179473941,3.59207641993876));
#962=CARTESIAN_POINT('Ctrl Pts',(2.11749205304851,899.999577938322,3.49316199014032));
#963=CARTESIAN_POINT('Ctrl Pts',(2.0208956434963,999.999303004166,3.26212400589505));
#964=CARTESIAN_POINT('Ctrl Pts',(1.94423640086232,1099.99943142345,2.97336075601273));
#965=CARTESIAN_POINT('Ctrl Pts',(1.89331692813899,1166.66639517887,2.74525506440255));
#966=CARTESIAN_POINT('Ctrl Pts',(1.83840622502671,1233.33041345504,2.52200225341594));
#967=CARTESIAN_POINT('Ctrl Pts',(1.73167557715209,1299.99364100703,2.27294526108702));
#968=CARTESIAN_POINT('Ctrl Pts',(1.49580331493986,1399.99392965933,1.90927357480417));
#969=CARTESIAN_POINT('Ctrl Pts',(1.26425183904284,1499.99700921174,1.67427604130764));
#970=CARTESIAN_POINT('Ctrl Pts',(1.1383477153862,1566.66609551302,1.42053555008715));
#971=CARTESIAN_POINT('Ctrl Pts',(1.11767088327968,1599.99999999999,1.47036066282772));
#972=CARTESIAN_POINT('Ctrl Pts',(-0.00386373458325311,0.,1.82396082559544));
#973=CARTESIAN_POINT('Ctrl Pts',(0.0748755397072212,33.3333995753951,1.57949155910007));
#974=CARTESIAN_POINT('Ctrl Pts',(0.0531074378235735,100.001841947996,1.66597385028965));
#975=CARTESIAN_POINT('Ctrl Pts',(0.13688486473734,200.001829362643,1.43358376018249));
#976=CARTESIAN_POINT('Ctrl Pts',(0.149119359034089,300.001171012617,1.40664180766911));
#977=CARTESIAN_POINT('Ctrl Pts',(0.127534757136894,366.667027537978,1.44356011083926));
#978=CARTESIAN_POINT('Ctrl Pts',(0.102722231001966,433.331448486396,1.47715179470008));
#979=CARTESIAN_POINT('Ctrl Pts',(0.0877359064167461,499.996284380527,1.50023007815787));
#980=CARTESIAN_POINT('Ctrl Pts',(0.10742896120263,599.996933221629,1.44071494285454));
#981=CARTESIAN_POINT('Ctrl Pts',(0.128027429254701,699.999015579324,1.35692766292738));
#982=CARTESIAN_POINT('Ctrl Pts',(0.112777636066757,766.666682107053,1.32355340710789));
#983=CARTESIAN_POINT('Ctrl Pts',(0.0897085156799193,833.333188308526,1.3107568473191));
#984=CARTESIAN_POINT('Ctrl Pts',(0.0727164452000225,899.999617466528,1.31968344408749));
#985=CARTESIAN_POINT('Ctrl Pts',(0.10592603159288,999.999403895319,1.28541174409193));
#986=CARTESIAN_POINT('Ctrl Pts',(0.155423970663745,1099.99955132434,1.20265427245598));
#987=CARTESIAN_POINT('Ctrl Pts',(0.178465027581797,1166.66645411827,1.0975445545284));
#988=CARTESIAN_POINT('Ctrl Pts',(0.188976396927532,1233.33035459265,0.982716657969158));
#989=CARTESIAN_POINT('Ctrl Pts',(0.183115184745816,1299.99359819182,0.85449698864771));
#990=CARTESIAN_POINT('Ctrl Pts',(0.150463858430922,1399.99407961939,0.685884420361801));
#991=CARTESIAN_POINT('Ctrl Pts',(0.119402724777971,1499.99726014052,0.643194686961257));
#992=CARTESIAN_POINT('Ctrl Pts',(0.0854562526000425,1566.66626896572,0.47489720031918));
#993=CARTESIAN_POINT('Ctrl Pts',(0.093749055267774,1600.,0.575918032377731));
#994=CARTESIAN_POINT('Ctrl Pts',(-0.156298401810479,0.,0.478533845652311));
#995=CARTESIAN_POINT('Ctrl Pts',(-0.0807592125105574,33.3334187341177,0.257990959640947));
#996=CARTESIAN_POINT('Ctrl Pts',(-0.11629980264549,100.00193765784,0.406266023870217));
#997=CARTESIAN_POINT('Ctrl Pts',(-0.0529961257060841,200.001953345931,0.256321271176866));
#998=CARTESIAN_POINT('Ctrl Pts',(-0.0559678650717696,300.001275222733,0.303815032581738));
#999=CARTESIAN_POINT('Ctrl Pts',(-0.0779611017195545,366.667070180564,0.377389781309431));
#1000=CARTESIAN_POINT('Ctrl Pts',(-0.0952368863610341,433.331405867231,
0.437790099659256));
#1001=CARTESIAN_POINT('Ctrl Pts',(-0.10906855087288,499.996198171171,0.485098237423858));
#1002=CARTESIAN_POINT('Ctrl Pts',(-0.0963409317774891,599.99685960703,0.456026436610769));
#1003=CARTESIAN_POINT('Ctrl Pts',(-0.0822308814655058,699.998988767726,
0.401703156913303));
#1004=CARTESIAN_POINT('Ctrl Pts',(-0.0954022199287835,766.666679944617,
0.390233868742436));
#1005=CARTESIAN_POINT('Ctrl Pts',(-0.109640620638278,833.333190440483,0.40139370312067));
#1006=CARTESIAN_POINT('Ctrl Pts',(-0.125246853250941,899.999629907994,0.437656725576236));
#1007=CARTESIAN_POINT('Ctrl Pts',(-0.101542970429798,999.999436907058,0.452731090565229));
#1008=CARTESIAN_POINT('Ctrl Pts',(-0.0638013177345636,1099.99959048222,
0.427086628502642));
#1009=CARTESIAN_POINT('Ctrl Pts',(-0.0436166120979125,1166.66647339382,
0.364206538140162));
#1010=CARTESIAN_POINT('Ctrl Pts',(-0.0301552431816695,1233.33033533842,
0.293722280423812));
#1011=CARTESIAN_POINT('Ctrl Pts',(-0.021990372988469,1299.99358609655,0.21540396972558));
#1012=CARTESIAN_POINT('Ctrl Pts',(-0.016583196216174,1399.99413461122,0.13044698967229));
#1013=CARTESIAN_POINT('Ctrl Pts',(-0.00881565642494956,1499.99735248605,
0.173658040726054));
#1014=CARTESIAN_POINT('Ctrl Pts',(-0.027859291545429,1566.66632636045,0.054009424104998));
#1015=CARTESIAN_POINT('Ctrl Pts',(-0.0170838796314459,1600.,0.180321144786784));
#1016=CARTESIAN_POINT('Ctrl Pts',(-6.28067038819878E-16,0.,1.92293287668015E-15));
#1017=CARTESIAN_POINT('Ctrl Pts',(0.0693762772858848,33.3334249358625,-0.213879501998607));
#1018=CARTESIAN_POINT('Ctrl Pts',(0.019956222411006,100.00195690263,-0.05145862045899));
#1019=CARTESIAN_POINT('Ctrl Pts',(0.0616744607122749,200.001985657786,-0.180415700287811));
#1020=CARTESIAN_POINT('Ctrl Pts',(0.0402458136360557,300.001305688392,-0.114853719099451));
#1021=CARTESIAN_POINT('Ctrl Pts',(0.0106298863863514,366.667083862952,-0.0329718231668324));
#1022=CARTESIAN_POINT('Ctrl Pts',(-0.0106293767334386,433.331392185468,
0.0329702867645437));
#1023=CARTESIAN_POINT('Ctrl Pts',(-0.0235335278042945,499.996170615954,
0.0829765663175701));
#1024=CARTESIAN_POINT('Ctrl Pts',(-0.00199800730478504,599.996836751397,
0.0538061731141648));
#1025=CARTESIAN_POINT('Ctrl Pts',(0.0210203295630493,699.998981160562,-0.000376616071148266));
#1026=CARTESIAN_POINT('Ctrl Pts',(0.008977174841093,766.666679561515,-0.00866954305151204));
#1027=CARTESIAN_POINT('Ctrl Pts',(-0.00897713868371397,833.333190823584,
0.00866961939798331));
#1028=CARTESIAN_POINT('Ctrl Pts',(-0.0328429470489481,899.999633880001,
0.0516407278154662));
#1029=CARTESIAN_POINT('Ctrl Pts',(-0.0289993570834673,999.999447948506,
0.0799652133690228));
#1030=CARTESIAN_POINT('Ctrl Pts',(-0.0124288550537457,1099.99960349711,
0.0723606121578547));
#1031=CARTESIAN_POINT('Ctrl Pts',(-0.0031253279221434,1166.66647980552,
0.0257680738890369));
#1032=CARTESIAN_POINT('Ctrl Pts',(0.00312508913514094,1233.33032892734,
-0.025765097253807));
#1033=CARTESIAN_POINT('Ctrl Pts',(0.00632304974074049,1299.99358296455,
-0.0822408611746161));
#1034=CARTESIAN_POINT('Ctrl Pts',(0.0081621242430229,1399.99415568603,-0.12898906966398));
#1035=CARTESIAN_POINT('Ctrl Pts',(0.0133951659152434,1499.99738804131,-0.0453564426311585));
#1036=CARTESIAN_POINT('Ctrl Pts',(-0.00854819857178521,1566.66634574118,
-0.138737099273109));
#1037=CARTESIAN_POINT('Ctrl Pts',(-8.0052359439564E-17,1600.,8.44956380426305E-16));
#1038=CARTESIAN_POINT('Ctrl Pts',(145.544358941399,0.,36.2882843399501));
#1039=CARTESIAN_POINT('Ctrl Pts',(144.615601301592,15.9985250537228,35.651876364806));
#1040=CARTESIAN_POINT('Ctrl Pts',(142.752946659335,47.9956842850218,34.3963415400958));
#1041=CARTESIAN_POINT('Ctrl Pts',(139.943546638047,95.9917505028921,32.564882578693));
#1042=CARTESIAN_POINT('Ctrl Pts',(136.16671774033,159.987162879218,30.227047814395));
#1043=CARTESIAN_POINT('Ctrl Pts',(131.393601180491,239.98253144703,27.479927786055));
#1044=CARTESIAN_POINT('Ctrl Pts',(126.568272224759,319.978997708144,24.9085838524104));
#1045=CARTESIAN_POINT('Ctrl Pts',(121.691495511301,399.976528917252,22.5107646924892));
#1046=CARTESIAN_POINT('Ctrl Pts',(116.765535304806,479.975049271764,20.2793937928795));
#1047=CARTESIAN_POINT('Ctrl Pts',(111.794817657367,559.974422820755,18.2004014140702));
#1048=CARTESIAN_POINT('Ctrl Pts',(106.785063299684,639.974480643225,16.256174369023));
#1049=CARTESIAN_POINT('Ctrl Pts',(101.742471087451,719.975046963123,14.4288441137181));
#1050=CARTESIAN_POINT('Ctrl Pts',(96.6729377258393,799.975964648001,12.703466582808));
#1051=CARTESIAN_POINT('Ctrl Pts',(91.5812996904196,879.977120528662,11.0711450740793));
#1052=CARTESIAN_POINT('Ctrl Pts',(86.4705828959326,959.978470995126,9.53214908598751));
#1053=CARTESIAN_POINT('Ctrl Pts',(81.3424109127803,1039.98002322978,8.09317244987396));
#1054=CARTESIAN_POINT('Ctrl Pts',(76.197411256272,1119.98181689843,6.76459565468755));
#1055=CARTESIAN_POINT('Ctrl Pts',(71.0356232712716,1199.98390607659,5.55771448527798));
#1056=CARTESIAN_POINT('Ctrl Pts',(65.8569120119908,1279.9863411637,4.48189391148856));
#1057=CARTESIAN_POINT('Ctrl Pts',(60.6613933344636,1359.98915051323,3.54160182977034));
#1058=CARTESIAN_POINT('Ctrl Pts',(55.4493177096057,1439.99234663394,2.73797709167586));
#1059=CARTESIAN_POINT('Ctrl Pts',(51.2666385988138,1503.99521485201,2.20379635398693));
#1060=CARTESIAN_POINT('Ctrl Pts',(48.1224092564744,1551.9975400295,1.86369257195946));
#1061=CARTESIAN_POINT('Ctrl Pts',(46.0230605348797,1583.99916717238,1.66375017369556));
#1062=CARTESIAN_POINT('Ctrl Pts',(44.9725872158593,1600.,1.57047735161254));
#1063=CARTESIAN_POINT('Ctrl Pts',(-1.33656175027846E-14,4.23043197872363E-16,
-2.19897544560894E-15));
#1064=CARTESIAN_POINT('Ctrl Pts',(0.069376277285872,33.3334249358625,-0.213879501998611));
#1065=CARTESIAN_POINT('Ctrl Pts',(0.0199562206130511,100.001956902642,-0.0514586186041517));
#1066=CARTESIAN_POINT('Ctrl Pts',(0.0616744582133044,200.001985657807,-0.180415699465011));
#1067=CARTESIAN_POINT('Ctrl Pts',(0.0402458073261972,300.001305688431,-0.114853712327919));
#1068=CARTESIAN_POINT('Ctrl Pts',(-0.0041777413863963,399.999206536404,
0.00796817996227359));
#1069=CARTESIAN_POINT('Ctrl Pts',(-0.0235333727436871,499.997767196618,
0.0829766283987786));
#1070=CARTESIAN_POINT('Ctrl Pts',(-0.00199780206470113,599.997452877886,
0.0538056439773691));
#1071=CARTESIAN_POINT('Ctrl Pts',(0.0210202150999694,699.998616810472,-0.000376356372887312));
#1072=CARTESIAN_POINT('Ctrl Pts',(0.0029559168890666,799.999536235008,-0.0128162628231353));
#1073=CARTESIAN_POINT('Ctrl Pts',(-0.0328429532035557,899.99963388014,0.0516406491128164));
#1074=CARTESIAN_POINT('Ctrl Pts',(-0.0289993689934233,999.999447948727,
0.0799651002851529));
#1075=CARTESIAN_POINT('Ctrl Pts',(-0.0124288731591486,1099.9996034974,0.0723604509094373));
#1076=CARTESIAN_POINT('Ctrl Pts',(0.00152615636717217,1199.99811553247,
0.00247282444153547));
#1077=CARTESIAN_POINT('Ctrl Pts',(0.00632310329397573,1299.99637183764,
-0.082242908094921));
#1078=CARTESIAN_POINT('Ctrl Pts',(0.00816204380060508,1399.9952712465,-0.128989612849105));
#1079=CARTESIAN_POINT('Ctrl Pts',(0.0133952459618457,1499.99683026929,-0.0453558150599289));
#1080=CARTESIAN_POINT('Ctrl Pts',(-0.00854834161390857,1566.66578794919,
-0.138739420844037));
#1081=CARTESIAN_POINT('Ctrl Pts',(0.,1600.,0.));
#1082=CARTESIAN_POINT('Ctrl Pts',(0.,0.,0.));
#1083=CARTESIAN_POINT('Ctrl Pts',(0.0693762772858854,33.3334249358625,-0.213879501998609));
#1084=CARTESIAN_POINT('Ctrl Pts',(0.0199562224110066,100.00195690263,-0.0514586204589918));
#1085=CARTESIAN_POINT('Ctrl Pts',(0.0616744607122754,200.001985657786,-0.180415700287813));
#1086=CARTESIAN_POINT('Ctrl Pts',(0.0402458136360561,300.001305688392,-0.114853719099453));
#1087=CARTESIAN_POINT('Ctrl Pts',(0.0106298863863517,366.667083862952,-0.032971823166834));
#1088=CARTESIAN_POINT('Ctrl Pts',(-0.0106293767334383,433.331392185468,
0.032970286764542));
#1089=CARTESIAN_POINT('Ctrl Pts',(-0.0235335278042942,499.996170615954,
0.0829765663175689));
#1090=CARTESIAN_POINT('Ctrl Pts',(-0.00199800730478507,599.996836751397,
0.0538061731141648));
#1091=CARTESIAN_POINT('Ctrl Pts',(0.021020329563049,699.998981160562,-0.000376616071147031));
#1092=CARTESIAN_POINT('Ctrl Pts',(0.00897717484109257,766.666679561515,
-0.0086695430515104));
#1093=CARTESIAN_POINT('Ctrl Pts',(-0.0089771386837144,833.333190823584,
0.00866961939798495));
#1094=CARTESIAN_POINT('Ctrl Pts',(-0.0328429470489485,899.999633880001,
0.0516407278154673));
#1095=CARTESIAN_POINT('Ctrl Pts',(-0.0289993570834674,999.999447948506,
0.0799652133690222));
#1096=CARTESIAN_POINT('Ctrl Pts',(-0.0124288550537455,1099.99960349711,
0.0723606121578526));
#1097=CARTESIAN_POINT('Ctrl Pts',(-0.0031253279221431,1166.66647980552,
0.0257680738890343));
#1098=CARTESIAN_POINT('Ctrl Pts',(0.00312508913514123,1233.33032892734,
-0.0257650972538097));
#1099=CARTESIAN_POINT('Ctrl Pts',(0.00632304974074075,1299.99358296455,
-0.0822408611746185));
#1100=CARTESIAN_POINT('Ctrl Pts',(0.00816212424302309,1399.99415568603,
-0.128989069663982));
#1101=CARTESIAN_POINT('Ctrl Pts',(0.0133951659152435,1499.99738804131,-0.0453564426311596));
#1102=CARTESIAN_POINT('Ctrl Pts',(-0.00854819857178513,1566.66634574118,
-0.13873709927311));
#1103=CARTESIAN_POINT('Ctrl Pts',(0.,1600.,0.));
#1104=CARTESIAN_POINT('Ctrl Pts',(0.326390533028393,0.,-0.999299513912957));
#1105=CARTESIAN_POINT('Ctrl Pts',(0.382897093708299,33.3334378866718,-1.19926418738803));
#1106=CARTESIAN_POINT('Ctrl Pts',(0.304493211474054,100.001997090613,-1.00730326706001));
#1107=CARTESIAN_POINT('Ctrl Pts',(0.301135602926319,200.002053133099,-1.09243278592896));
#1108=CARTESIAN_POINT('Ctrl Pts',(0.241164271626103,300.00136930838,-0.989139799063665));
#1109=CARTESIAN_POINT('Ctrl Pts',(0.195630241440913,366.667112435234,-0.889910481962603));
#1110=CARTESIAN_POINT('Ctrl Pts',(0.166052469310267,433.331363614493,-0.81239571173987));
#1111=CARTESIAN_POINT('Ctrl Pts',(0.155085200529242,499.996113073703,-0.756755030770648));
#1112=CARTESIAN_POINT('Ctrl Pts',(0.195013843420611,599.996789023061,-0.786131309782575));
#1113=CARTESIAN_POINT('Ctrl Pts',(0.23663493222739,699.998965274883,-0.840020719300432));
#1114=CARTESIAN_POINT('Ctrl Pts',(0.226947710057645,766.666678761501,-0.841680601988273));
#1115=CARTESIAN_POINT('Ctrl Pts',(0.201233632194701,833.333191623595,-0.811437442059765));
#1116=CARTESIAN_POINT('Ctrl Pts',(0.160119743866762,899.999642174555,-0.754458156160306));
#1117=CARTESIAN_POINT('Ctrl Pts',(0.12249002702825,999.999471005837,-0.698464072813921));
#1118=CARTESIAN_POINT('Ctrl Pts',(0.0948498201159807,1099.99963067547,-0.668396888959801));
#1119=CARTESIAN_POINT('Ctrl Pts',(0.0814306987041488,1166.66649319475,-0.6809769053602));
#1120=CARTESIAN_POINT('Ctrl Pts',(0.0726228272976684,1233.33031553939,-0.692935422018129));
#1121=CARTESIAN_POINT('Ctrl Pts',(0.0654486263902741,1299.99357642413,-0.703798432367567));
#1122=CARTESIAN_POINT('Ctrl Pts',(0.0598366022996104,1399.99419969555,-0.670757076967263));
#1123=CARTESIAN_POINT('Ctrl Pts',(0.0597769718623313,1499.99746228966,-0.502713991626303));
#1124=CARTESIAN_POINT('Ctrl Pts',(0.0317782401890543,1566.66638621303,-0.541240514381814));
#1125=CARTESIAN_POINT('Ctrl Pts',(0.0356754548639635,1600.,-0.376556086828152));
#1126=CARTESIAN_POINT('Ctrl Pts',(2.71593099872842,0.,-2.2891264331416));
#1127=CARTESIAN_POINT('Ctrl Pts',(2.73786809941852,33.3334574117831,-2.47112188844468));
#1128=CARTESIAN_POINT('Ctrl Pts',(2.52657663383869,100.002039171686,-2.2647531680442));
#1129=CARTESIAN_POINT('Ctrl Pts',(2.22934680791864,200.00214231292,-2.35177732775081));
#1130=CARTESIAN_POINT('Ctrl Pts',(1.8864234070955,300.00145958363,-2.26042548444186));
#1131=CARTESIAN_POINT('Ctrl Pts',(1.7283567996011,366.667154964868,-2.16212928390363));
#1132=CARTESIAN_POINT('Ctrl Pts',(1.65869376761344,433.331321075409,-2.0753150295436));
#1133=CARTESIAN_POINT('Ctrl Pts',(1.68863556348781,499.996027852891,-1.98961884085634));
#1134=CARTESIAN_POINT('Ctrl Pts',(1.91117749774376,599.996720117658,-1.94101215893063));
#1135=CARTESIAN_POINT('Ctrl Pts',(2.13552012099062,699.99894465651,-1.91484402128243));
#1136=CARTESIAN_POINT('Ctrl Pts',(2.16697964182332,766.666678997178,-1.88219250996756));
#1137=CARTESIAN_POINT('Ctrl Pts',(2.1014775032439,833.333191397029,-1.83723785350165));
#1138=CARTESIAN_POINT('Ctrl Pts',(1.95835322777768,899.999652665003,-1.78127835574867));
#1139=CARTESIAN_POINT('Ctrl Pts',(1.67141533976518,999.999505343252,-1.74075591693352));
#1140=CARTESIAN_POINT('Ctrl Pts',(1.38937687786596,1099.99967274751,-1.70786166304842));
#1141=CARTESIAN_POINT('Ctrl Pts',(1.26367667251952,1166.66651418675,-1.68464404873981));
#1142=CARTESIAN_POINT('Ctrl Pts',(1.20157295048704,1233.33029454458,-1.63325699767217));
#1143=CARTESIAN_POINT('Ctrl Pts',(1.12168467458442,1299.99356831046,-1.57822800545634));
#1144=CARTESIAN_POINT('Ctrl Pts',(0.979408049752161,1399.99427485798,-1.43807678208684));
#1145=CARTESIAN_POINT('Ctrl Pts',(0.845759096424299,1499.99758799577,-1.15450236204694));
#1146=CARTESIAN_POINT('Ctrl Pts',(0.751524273337099,1566.66645093049,-1.10728312175721));
#1147=CARTESIAN_POINT('Ctrl Pts',(0.732867213981125,1600.,-0.899636407064955));
#1148=CARTESIAN_POINT('Ctrl Pts',(9.92641988569522,0.,-2.15708032435266));
#1149=CARTESIAN_POINT('Ctrl Pts',(9.88091667902503,33.33346829665,-2.33906961392978));
#1150=CARTESIAN_POINT('Ctrl Pts',(9.38080585974663,100.002005831038,-2.20215320023369));
#1151=CARTESIAN_POINT('Ctrl Pts',(8.4083269647764,200.002153370342,-2.45165070932414));
#1152=CARTESIAN_POINT('Ctrl Pts',(7.39964676824208,300.001492376011,-2.53102311684478));
#1153=CARTESIAN_POINT('Ctrl Pts',(6.96637254226406,366.66717688695,-2.5014645150763));
#1154=CARTESIAN_POINT('Ctrl Pts',(6.78691499050557,433.331299132098,-2.43608533578183));
#1155=CARTESIAN_POINT('Ctrl Pts',(6.81220202603963,499.995985363135,-2.32158285031082));
#1156=CARTESIAN_POINT('Ctrl Pts',(7.18407996787336,599.996691477272,-2.14906933935847));
#1157=CARTESIAN_POINT('Ctrl Pts',(7.55711980750884,699.998943697793,-1.9935844184877));
#1158=CARTESIAN_POINT('Ctrl Pts',(7.582727711397,766.666683677093,-1.92092130981129));
#1159=CARTESIAN_POINT('Ctrl Pts',(7.40576660895356,833.333186738872,-1.88340801952118));
#1160=CARTESIAN_POINT('Ctrl Pts',(7.02492201388732,899.999652085308,-1.88099165226687));
#1161=CARTESIAN_POINT('Ctrl Pts',(6.18759737647128,999.999523026712,-1.97790893728583));
#1162=CARTESIAN_POINT('Ctrl Pts',(5.3493390442592,1099.99969958057,-2.06205681471261));
#1163=CARTESIAN_POINT('Ctrl Pts',(4.97392294262866,1166.66652840088,-2.05079325770442));
#1164=CARTESIAN_POINT('Ctrl Pts',(4.78503524076269,1233.33028032283,-1.95303526731329));
#1165=CARTESIAN_POINT('Ctrl Pts',(4.49171715902872,1299.99356917514,-1.87545026384811));
#1166=CARTESIAN_POINT('Ctrl Pts',(3.89995082300616,1399.99434407864,-1.73167273479321));
#1167=CARTESIAN_POINT('Ctrl Pts',(3.31807865896535,1499.99770069314,-1.43518355217439));
#1168=CARTESIAN_POINT('Ctrl Pts',(3.01413042935493,1566.66649859749,-1.33591642998779));
#1169=CARTESIAN_POINT('Ctrl Pts',(2.93374413906241,1600.,-1.09247147443147));
#1170=CARTESIAN_POINT('Ctrl Pts',(17.4715063325701,0.,-1.09083662060176));
#1171=CARTESIAN_POINT('Ctrl Pts',(17.3530314257661,33.3334681026567,-1.28858237347384));
#1172=CARTESIAN_POINT('Ctrl Pts',(16.6116510948614,100.001920681465,-1.24881309278877));
#1173=CARTESIAN_POINT('Ctrl Pts',(15.1168517444088,200.002094752151,-1.68144241082999));
#1174=CARTESIAN_POINT('Ctrl Pts',(13.5909357888338,300.001465230779,-1.94783376848541));
#1175=CARTESIAN_POINT('Ctrl Pts',(12.9198055246812,366.667173749995,-2.00151765724712));
#1176=CARTESIAN_POINT('Ctrl Pts',(12.6076979605978,433.331302246576,-1.97731283534562));
#1177=CARTESIAN_POINT('Ctrl Pts',(12.5131434503575,499.995993852605,-1.87711823578435));
#1178=CARTESIAN_POINT('Ctrl Pts',(12.7225730322474,599.996707004408,-1.67920948089563));
#1179=CARTESIAN_POINT('Ctrl Pts',(12.9320690714667,699.998959869237,-1.49183246642482));
#1180=CARTESIAN_POINT('Ctrl Pts',(12.8357487309892,766.666690572813,-1.41999804690338));
#1181=CARTESIAN_POINT('Ctrl Pts',(12.5232711262665,833.333179867207,-1.40687702594537));
#1182=CARTESIAN_POINT('Ctrl Pts',(11.9293571539119,899.999642195325,-1.46624155069709));
#1183=CARTESIAN_POINT('Ctrl Pts',(10.6519838015426,999.999520422416,-1.70194646693844));
#1184=CARTESIAN_POINT('Ctrl Pts',(9.36921584961459,1099.99970426704,-1.9095522874268));
#1185=CARTESIAN_POINT('Ctrl Pts',(8.77139231265868,1166.66653199936,-1.92841199409079));
#1186=CARTESIAN_POINT('Ctrl Pts',(8.4353770619898,1233.3302767159,-1.81489820926466));
#1187=CARTESIAN_POINT('Ctrl Pts',(7.93079801270643,1299.99357731081,-1.75048507013915));
#1188=CARTESIAN_POINT('Ctrl Pts',(6.92562302036269,1399.99438443863,-1.66531284076199));
#1189=CARTESIAN_POINT('Ctrl Pts',(5.92973311566366,1499.99776354284,-1.4205315505857));
#1190=CARTESIAN_POINT('Ctrl Pts',(5.41479278826818,1566.66651552377,-1.30689701523256));
#1191=CARTESIAN_POINT('Ctrl Pts',(5.25999525168406,1600.,-1.04608889134374));
#1192=CARTESIAN_POINT('Ctrl Pts',(23.9624866106767,0.,0.245020663230948));
#1193=CARTESIAN_POINT('Ctrl Pts',(23.7726245766475,33.333461877822,0.0237398548972637));
#1194=CARTESIAN_POINT('Ctrl Pts',(22.8550026696049,100.001813539653,-0.0362597167598628));
#1195=CARTESIAN_POINT('Ctrl Pts',(21.0260849210208,200.002002407266,-0.632807644947798));
#1196=CARTESIAN_POINT('Ctrl Pts',(19.1684183932042,300.00140733939,-1.06435519920052));
#1197=CARTESIAN_POINT('Ctrl Pts',(18.3187725242399,366.667157148109,-1.1977698665559));
#1198=CARTESIAN_POINT('Ctrl Pts',(17.8699419476362,433.331318826724,-1.22320051393307));
#1199=CARTESIAN_POINT('Ctrl Pts',(17.611871152371,499.996029608238,-1.16231777154286));
#1200=CARTESIAN_POINT('Ctrl Pts',(17.5337880204938,599.996745621205,-1.00110517300284));
#1201=CARTESIAN_POINT('Ctrl Pts',(17.4544812307681,699.998984326902,-0.843721612715837));
#1202=CARTESIAN_POINT('Ctrl Pts',(17.192173413266,766.666698229328,-0.79728932022677));
#1203=CARTESIAN_POINT('Ctrl Pts',(16.7395911689055,833.333172234364,-0.816492568567354));
#1204=CARTESIAN_POINT('Ctrl Pts',(15.9714293073906,899.999627850841,-0.933058614978828));
#1205=CARTESIAN_POINT('Ctrl Pts',(14.3778088056473,999.999506897027,-1.28369415493898));
#1206=CARTESIAN_POINT('Ctrl Pts',(12.7753867479456,1099.999696561,-1.59463537254629));
#1207=CARTESIAN_POINT('Ctrl Pts',(11.9960682149627,1166.66652957384,-1.64647018701406));
#1208=CARTESIAN_POINT('Ctrl Pts',(11.5111561348303,1233.33027913304,-1.53511918423313));
#1209=CARTESIAN_POINT('Ctrl Pts',(10.8380251142106,1299.99358882317,-1.49588440320386));
#1210=CARTESIAN_POINT('Ctrl Pts',(9.54975539399703,1399.99440626961,-1.47928959362596));
#1211=CARTESIAN_POINT('Ctrl Pts',(8.26923075693719,1499.99779484861,-1.29793233880368));
#1212=CARTESIAN_POINT('Ctrl Pts',(7.58420018669291,1566.66651458312,-1.18489645412688));
#1213=CARTESIAN_POINT('Ctrl Pts',(7.35286166014636,1600.00000000001,-0.917998437813696));
#1214=CARTESIAN_POINT('Ctrl Pts',(28.5061132763843,0.,1.43374567253716));
#1215=CARTESIAN_POINT('Ctrl Pts',(28.2566314375112,33.3334531123727,1.18787435931205));
#1216=CARTESIAN_POINT('Ctrl Pts',(27.2284246665721,100.001710738518,1.0433569399517));
#1217=CARTESIAN_POINT('Ctrl Pts',(25.2289849899848,200.001905116446,0.323564222363907));
#1218=CARTESIAN_POINT('Ctrl Pts',(23.2012442270235,300.001340701357,-0.230727230008883));
#1219=CARTESIAN_POINT('Ctrl Pts',(22.2358795827132,366.667135302604,-0.428282242998404));
#1220=CARTESIAN_POINT('Ctrl Pts',(21.668784671175,433.331340650164,-0.500924447568573));
#1221=CARTESIAN_POINT('Ctrl Pts',(21.2707641795541,499.99607565516,-0.485178210467015));
#1222=CARTESIAN_POINT('Ctrl Pts',(20.9484113921283,599.996791671824,-0.382690356658178));
#1223=CARTESIAN_POINT('Ctrl Pts',(20.6236167897307,699.999009817598,-0.27821033052004));
#1224=CARTESIAN_POINT('Ctrl Pts',(20.2190167782593,766.666705151144,-0.264837654134433));
#1225=CARTESIAN_POINT('Ctrl Pts',(19.6449722451493,833.333165334702,-0.316213016002728));
#1226=CARTESIAN_POINT('Ctrl Pts',(18.7513447004526,899.999613117473,-0.477042813669131));
#1227=CARTESIAN_POINT('Ctrl Pts',(16.9607055507488,999.999489110547,-0.906316855354771));
#1228=CARTESIAN_POINT('Ctrl Pts',(15.1590037625969,1099.99968286049,-1.28822203141225));
#1229=CARTESIAN_POINT('Ctrl Pts',(14.249323833987,1166.66652403511,-1.36807970507791));
#1230=CARTESIAN_POINT('Ctrl Pts',(13.6371707138458,1233.3302846629,-1.26908864057032));
#1231=CARTESIAN_POINT('Ctrl Pts',(12.8560074769903,1299.99360047085,-1.25468802322406));
#1232=CARTESIAN_POINT('Ctrl Pts',(11.4335902507751,1399.99441388935,-1.29139952003791));
#1233=CARTESIAN_POINT('Ctrl Pts',(10.0171187793008,1499.9978028717,-1.15998800181557));
#1234=CARTESIAN_POINT('Ctrl Pts',(9.22178302713344,1566.66650344725,-1.05278277066688));
#1235=CARTESIAN_POINT('Ctrl Pts',(8.92438928557283,1600.00000000001,-0.787326104937418));
#1236=CARTESIAN_POINT('Ctrl Pts',(31.3865451120623,0.,2.2722211764835));
#1237=CARTESIAN_POINT('Ctrl Pts',(31.0950125957171,33.3334457572447,2.00730911804075));
#1238=CARTESIAN_POINT('Ctrl Pts',(29.9974216477264,100.001634171685,1.80275584842621));
#1239=CARTESIAN_POINT('Ctrl Pts',(27.9032034798704,200.001830056778,1.00041040361172));
#1240=CARTESIAN_POINT('Ctrl Pts',(25.7804986839605,300.001287746965,0.364435012198314));
#1241=CARTESIAN_POINT('Ctrl Pts',(24.7410948397072,366.667117261966,0.122351408994837));
#1242=CARTESIAN_POINT('Ctrl Pts',(24.0892500565149,433.331358677455,0.0143960242290688));
#1243=CARTESIAN_POINT('Ctrl Pts',(23.6000705104361,499.996113481014,-0.00439001924074713));
#1244=CARTESIAN_POINT('Ctrl Pts',(23.1300516471073,599.996828703766,0.0516653440911412));
#1245=CARTESIAN_POINT('Ctrl Pts',(22.6566797423069,699.999029454931,0.113901278449455));
#1246=CARTESIAN_POINT('Ctrl Pts',(22.1591646975447,766.666710201637,0.101427007703003));
#1247=CARTESIAN_POINT('Ctrl Pts',(21.4979757943172,833.333160298506,0.0255638047337289));
#1248=CARTESIAN_POINT('Ctrl Pts',(20.5207176211035,899.999601815457,-0.165228815466628));
#1249=CARTESIAN_POINT('Ctrl Pts',(18.6080100731478,999.99947441283,-0.643824117098013));
#1250=CARTESIAN_POINT('Ctrl Pts',(16.6828473086405,1099.99967079096,-1.07030292153674));
#1251=CARTESIAN_POINT('Ctrl Pts',(15.6864861199771,1166.66651896535,-1.16999483500095));
#1252=CARTESIAN_POINT('Ctrl Pts',(14.9836530136032,1233.33028972733,-1.08329554012471));
#1253=CARTESIAN_POINT('Ctrl Pts',(14.1364235900674,1299.99360932877,-1.08701078873513));
#1254=CARTESIAN_POINT('Ctrl Pts',(12.6511090406593,1399.99441566485,-1.15791006168857));
#1255=CARTESIAN_POINT('Ctrl Pts',(11.1703217956137,1499.99780239094,-1.05863068439344));
#1256=CARTESIAN_POINT('Ctrl Pts',(10.3070242006643,1566.66649216214,-0.956701095387628));
#1257=CARTESIAN_POINT('Ctrl Pts',(9.96237333307255,1600.00000000001,-0.694466057373222));
#1258=CARTESIAN_POINT('Ctrl Pts',(33.2726914967749,0.,2.8423632589287));
#1259=CARTESIAN_POINT('Ctrl Pts',(32.9525260823113,33.3334404624486,2.56406756661362));
#1260=CARTESIAN_POINT('Ctrl Pts',(31.8094401016976,100.001581073403,2.31852502318104));
#1261=CARTESIAN_POINT('Ctrl Pts',(29.6558572895897,200.001777395302,1.46100905044566));
#1262=CARTESIAN_POINT('Ctrl Pts',(27.4735396511437,300.001250245935,0.7705811538407));
#1263=CARTESIAN_POINT('Ctrl Pts',(26.3852219519183,366.667104336305,0.498338301130718));
#1264=CARTESIAN_POINT('Ctrl Pts',(25.6753449759829,433.331371594045,0.365838589838389));
#1265=CARTESIAN_POINT('Ctrl Pts',(25.1262882195578,499.996140539695,0.322944535144384));
#1266=CARTESIAN_POINT('Ctrl Pts',(24.5627838532414,599.996855027539,0.346361592262945));
#1267=CARTESIAN_POINT('Ctrl Pts',(23.9952928766567,699.999043229312,0.378831935531754));
#1268=CARTESIAN_POINT('Ctrl Pts',(23.4366787798565,766.666713681379,0.348205569071234));
#1269=CARTESIAN_POINT('Ctrl Pts',(22.7157922281788,833.33315682848,0.255224135440911));
#1270=CARTESIAN_POINT('Ctrl Pts',(21.6825847409513,899.999593898059,0.0443219980901346));
#1271=CARTESIAN_POINT('Ctrl Pts',(19.6903101306748,999.999463880021,-0.466392100163574));
#1272=CARTESIAN_POINT('Ctrl Pts',(17.6846820252971,1099.9996619858,-0.921919166095774));
#1273=CARTESIAN_POINT('Ctrl Pts',(16.6303938268925,1166.66651522967,-1.03514749068076));
#1274=CARTESIAN_POINT('Ctrl Pts',(15.8655889826966,1233.33029345938,-0.95769507203108));
#1275=CARTESIAN_POINT('Ctrl Pts',(14.9755261852753,1299.99361551461,-0.973883585208241));
#1276=CARTESIAN_POINT('Ctrl Pts',(13.4541621901877,1399.99441598997,-1.06719716624672));
#1277=CARTESIAN_POINT('Ctrl Pts',(11.9363247673405,1499.99780055674,-0.989009038476554));
#1278=CARTESIAN_POINT('Ctrl Pts',(11.0288343552231,1566.66648364097,-0.89095156495327));
#1279=CARTESIAN_POINT('Ctrl Pts',(10.6518455464777,1600.00000000001,-0.63145077258026));
#1280=CARTESIAN_POINT('Ctrl Pts',(38.3312536016609,0.,4.45312548152636));
#1281=CARTESIAN_POINT('Ctrl Pts',(37.9299395343067,33.3334243367681,4.13524588165367));
#1282=CARTESIAN_POINT('Ctrl Pts',(36.6646148915353,100.001426945541,3.77317426701671));
#1283=CARTESIAN_POINT('Ctrl Pts',(34.3626093443556,200.001622166872,2.76354006192338));
#1284=CARTESIAN_POINT('Ctrl Pts',(32.030691633987,300.001138365761,1.9235252750673));
#1285=CARTESIAN_POINT('Ctrl Pts',(30.8094863394562,366.66706520269,1.56647949001501));
#1286=CARTESIAN_POINT('Ctrl Pts',(29.9338772252723,433.331410700511,1.36243733418946));
#1287=CARTESIAN_POINT('Ctrl Pts',(29.2234399655569,499.996222302608,1.24890302324309));
#1288=CARTESIAN_POINT('Ctrl Pts',(28.421806540817,599.996933948711,1.17589301282189));
#1289=CARTESIAN_POINT('Ctrl Pts',(27.6143379959956,699.999083834115,1.12016162456196));
#1290=CARTESIAN_POINT('Ctrl Pts',(26.8907747399918,766.666723701108,1.03594323600767));
#1291=CARTESIAN_POINT('Ctrl Pts',(25.9992945565762,833.333146837092,0.892688129164881));
#1292=CARTESIAN_POINT('Ctrl Pts',(24.8113245951524,899.999570595404,0.625944521779814));
#1293=CARTESIAN_POINT('Ctrl Pts',(22.6071614086401,999.999431980589,0.029981739159783));
#1294=CARTESIAN_POINT('Ctrl Pts',(20.3872965581502,1099.99963474105,-0.502724468273031));
#1295=CARTESIAN_POINT('Ctrl Pts',(19.1730352327329,1166.66650353587,-0.654428781059282));
#1296=CARTESIAN_POINT('Ctrl Pts',(18.2317190804359,1233.33030514218,-0.606630245785064));
#1297=CARTESIAN_POINT('Ctrl Pts',(17.2282079709972,1299.99363363816,-0.658657877806296));
#1298=CARTESIAN_POINT('Ctrl Pts',(15.6297643155122,1399.99441343607,-0.811939208244494));
#1299=CARTESIAN_POINT('Ctrl Pts',(14.031881496674,1499.99778943715,-0.790268146877335));
#1300=CARTESIAN_POINT('Ctrl Pts',(13.0068333889804,1566.66645622383,-0.704246472457797));
#1301=CARTESIAN_POINT('Ctrl Pts',(12.5375837819459,1600.00000000001,-0.454616786217232));
#1302=CARTESIAN_POINT('Ctrl Pts',(44.0059774070656,0.,6.48710350089424));
#1303=CARTESIAN_POINT('Ctrl Pts',(43.49977015909,33.3333995273371,6.11202337816868));
#1304=CARTESIAN_POINT('Ctrl Pts',(42.083447222876,100.001215716797,5.5970620859231));
#1305=CARTESIAN_POINT('Ctrl Pts',(39.6098635573456,200.00140091213,4.40273581362817));
#1306=CARTESIAN_POINT('Ctrl Pts',(37.1031775739689,300.000974146705,3.38308454893358));
#1307=CARTESIAN_POINT('Ctrl Pts',(35.7139018189517,366.667005762456,2.91763369848754));
#1308=CARTESIAN_POINT('Ctrl Pts',(34.6196203708057,433.331470102105,2.61380143655636));
#1309=CARTESIAN_POINT('Ctrl Pts',(33.7485640504305,499.996345972634,2.40426030289374));
#1310=CARTESIAN_POINT('Ctrl Pts',(32.7896446223274,599.997051237968,2.20363523339943));
#1311=CARTESIAN_POINT('Ctrl Pts',(31.8222985246512,699.999141834003,2.03124072267628));
#1312=CARTESIAN_POINT('Ctrl Pts',(30.9330974779595,766.666737198327,1.87368998904377));
#1313=CARTESIAN_POINT('Ctrl Pts',(29.8161192801787,833.33313337832,1.65899215633251));
#1314=CARTESIAN_POINT('Ctrl Pts',(28.4332707611226,899.999537412664,1.32339499508626));
#1315=CARTESIAN_POINT('Ctrl Pts',(25.9785754951679,999.999383468725,0.635777577332394));
#1316=CARTESIAN_POINT('Ctrl Pts',(23.505867651594,1099.9995913923,0.0196018268378975));
#1317=CARTESIAN_POINT('Ctrl Pts',(22.0914425367028,1166.66648449266,-0.183004580387172));
#1318=CARTESIAN_POINT('Ctrl Pts',(20.9189092020162,1233.3303241694,-0.185980663254807));
#1319=CARTESIAN_POINT('Ctrl Pts',(19.7839265953249,1299.99365908675,-0.285885597066399));
#1320=CARTESIAN_POINT('Ctrl Pts',(18.1357493938142,1399.99439757604,-0.503210103995707));
#1321=CARTESIAN_POINT('Ctrl Pts',(16.4838929719755,1499.99775368587,-0.542187015160893));
#1322=CARTESIAN_POINT('Ctrl Pts',(15.3212418744907,1566.66640917462,-0.475464510744511));
#1323=CARTESIAN_POINT('Ctrl Pts',(14.7306639307943,1600.00000000001,-0.24623820288665));
#1324=CARTESIAN_POINT('Ctrl Pts',(51.0048728691236,0.,8.83796992091448));
#1325=CARTESIAN_POINT('Ctrl Pts',(50.3774067457674,33.3333679527215,8.39144633124974));
#1326=CARTESIAN_POINT('Ctrl Pts',(48.7667849284458,100.000967352654,7.69887969905907));
#1327=CARTESIAN_POINT('Ctrl Pts',(46.0362071360002,200.001133035425,6.30146518778146));
#1328=CARTESIAN_POINT('Ctrl Pts',(43.267668793048,300.000771151419,5.08600203273296));
#1329=CARTESIAN_POINT('Ctrl Pts',(41.6624083823579,366.666930592406,4.49597441748948));
#1330=CARTESIAN_POINT('Ctrl Pts',(40.3122262407797,433.331545231978,4.06992543581787));
#1331=CARTESIAN_POINT('Ctrl Pts',(39.2536752587559,499.996502093232,3.74283194341184));
#1332=CARTESIAN_POINT('Ctrl Pts',(38.1121151572391,599.997197906303,3.38524958054764));
#1333=CARTESIAN_POINT('Ctrl Pts',(36.9589070529248,699.999212728387,3.06891001539302));
#1334=CARTESIAN_POINT('Ctrl Pts',(35.8759525954852,766.666753132776,2.82069363117549));
#1335=CARTESIAN_POINT('Ctrl Pts',(34.4945788869244,833.333117484858,2.51751849416774));
#1336=CARTESIAN_POINT('Ctrl Pts',(32.8790887419027,899.99949680867,2.10269770190371));
#1337=CARTESIAN_POINT('Ctrl Pts',(30.1187088747738,999.999321953711,1.31810875023203));
#1338=CARTESIAN_POINT('Ctrl Pts',(27.3382987009766,1099.99953523459,0.6127596507409));
#1339=CARTESIAN_POINT('Ctrl Pts',(25.6864542211085,1166.66645956572,0.348295300850685));
#1340=CARTESIAN_POINT('Ctrl Pts',(24.2446416492304,1233.33034907964,0.276340213569394));
#1341=CARTESIAN_POINT('Ctrl Pts',(22.9144460037829,1299.99368959521,0.116791316367071));
#1342=CARTESIAN_POINT('Ctrl Pts',(21.0820555544582,1399.99436879508,-0.172502547623481));
#1343=CARTESIAN_POINT('Ctrl Pts',(19.2410555462717,1499.99769467465,-0.28033283238244));
#1344=CARTESIAN_POINT('Ctrl Pts',(17.8759607929796,1566.66634611583,-0.242634027733939));
#1345=CARTESIAN_POINT('Ctrl Pts',(17.1440973192153,1600.,-0.0432307255213629));
#1346=CARTESIAN_POINT('Ctrl Pts',(57.5215775931021,0.,10.9332025710661));
#1347=CARTESIAN_POINT('Ctrl Pts',(56.7867088245419,33.3333389586718,10.4212778289561));
#1348=CARTESIAN_POINT('Ctrl Pts',(54.9994788675115,100.000747081642,9.57190144443364));
#1349=CARTESIAN_POINT('Ctrl Pts',(52.0282361910937,200.000892246888,8.0005379772038));
#1350=CARTESIAN_POINT('Ctrl Pts',(49.0143269735597,300.000586994002,6.61811208775997));
#1351=CARTESIAN_POINT('Ctrl Pts',(47.2126804969238,366.666861727045,5.91856812634452));
#1352=CARTESIAN_POINT('Ctrl Pts',(45.6347726929412,433.331614063731,5.38144481020725));
#1353=CARTESIAN_POINT('Ctrl Pts',(44.3936303317067,499.996645039534,4.94586132595397));
#1354=CARTESIAN_POINT('Ctrl Pts',(43.0423316937841,599.997331719981,4.44034236950889));
#1355=CARTESIAN_POINT('Ctrl Pts',(41.6764316112479,699.999276837044,3.98774671346892));
#1356=CARTESIAN_POINT('Ctrl Pts',(40.4051384731696,766.666767346697,3.6551479533081));
#1357=CARTESIAN_POINT('Ctrl Pts',(38.7882467218835,833.333103305633,3.27121541955698));
#1358=CARTESIAN_POINT('Ctrl Pts',(36.9648167376562,899.999460047621,2.78618992199116));
#1359=CARTESIAN_POINT('Ctrl Pts',(33.9302369889939,999.999265512133,1.91881547700754));
#1360=CARTESIAN_POINT('Ctrl Pts',(30.8741038807404,1099.99948332412,1.13699224124327));
#1361=CARTESIAN_POINT('Ctrl Pts',(29.0106307249698,1166.66643644376,0.816477902669935));
#1362=CARTESIAN_POINT('Ctrl Pts',(27.329669269091,1233.33037218759,0.679472723152516));
#1363=CARTESIAN_POINT('Ctrl Pts',(25.8049064606251,1299.99371690267,0.465047434186663));
#1364=CARTESIAN_POINT('Ctrl Pts',(23.7453601397055,1399.99433927035,0.111609156944366));
#1365=CARTESIAN_POINT('Ctrl Pts',(21.672897104531,1499.99763560489,-0.0578998725494249));
#1366=CARTESIAN_POINT('Ctrl Pts',(20.1068992328458,1566.66628714147,-0.0490252462093793));
#1367=CARTESIAN_POINT('Ctrl Pts',(19.2496571070462,1600.,0.121583998059616));
#1368=CARTESIAN_POINT('Ctrl Pts',(70.4572504411043,0.,14.8038379507791));
#1369=CARTESIAN_POINT('Ctrl Pts',(69.5264117226527,33.3332840251247,14.1676774500652));
#1370=CARTESIAN_POINT('Ctrl Pts',(67.405561724819,100.000348463504,13.034306504032));
#1371=CARTESIAN_POINT('Ctrl Pts',(63.9629907654691,200.000448491886,11.1599752781357));
#1372=CARTESIAN_POINT('Ctrl Pts',(60.4684190767928,300.00024345546,9.48849736136525));
#1373=CARTESIAN_POINT('Ctrl Pts',(58.296345656005,366.666731619598,8.59109288068014));
#1374=CARTESIAN_POINT('Ctrl Pts',(56.3009566545455,433.331744102357,7.84452787558564));
#1375=CARTESIAN_POINT('Ctrl Pts',(54.6684207558922,499.996914964759,7.19928732356458));
#1376=CARTESIAN_POINT('Ctrl Pts',(52.7627035748117,599.997583424354,6.39871055972407));
#1377=CARTESIAN_POINT('Ctrl Pts',(50.8367355900017,699.999396226376,5.67277065553996));
#1378=CARTESIAN_POINT('Ctrl Pts',(49.1630305961264,766.666793425256,5.1752493470693));
#1379=CARTESIAN_POINT('Ctrl Pts',(47.1137418449098,833.333077293445,4.63832445534709));
#1380=CARTESIAN_POINT('Ctrl Pts',(44.9051068769697,899.999391415418,4.02430785933518));
#1381=CARTESIAN_POINT('Ctrl Pts',(41.3573597366841,999.999158618374,3.01080612881235));
#1382=CARTESIAN_POINT('Ctrl Pts',(37.7858997104613,1099.99938428475,2.09319038908939));
#1383=CARTESIAN_POINT('Ctrl Pts',(35.5317775180242,1166.66639218314,1.66703646033892));
#1384=CARTESIAN_POINT('Ctrl Pts',(33.4134148588054,1233.33041641907,1.4026339624392));
#1385=CARTESIAN_POINT('Ctrl Pts',(31.4714802165032,1299.9937669594,1.08278834359531));
#1386=CARTESIAN_POINT('Ctrl Pts',(28.812720125383,1399.99427646769,0.609065644758185));
#1387=CARTESIAN_POINT('Ctrl Pts',(26.1335263258688,1499.99751284045,0.323176451966597));
#1388=CARTESIAN_POINT('Ctrl Pts',(24.1393132361474,1566.66617328477,0.271392380577217));
#1389=CARTESIAN_POINT('Ctrl Pts',(23.0532440381015,1600.,0.384283750463275));
#1390=CARTESIAN_POINT('Ctrl Pts',(88.2257509273959,0.,19.6327049779413));
#1391=CARTESIAN_POINT('Ctrl Pts',(87.0575760331058,33.3332157792816,18.8374588283817));
#1392=CARTESIAN_POINT('Ctrl Pts',(84.5335981149621,99.9998913817826,17.3666260043008));
#1393=CARTESIAN_POINT('Ctrl Pts',(80.5301802884717,199.999922138784,15.1480864121987));
#1394=CARTESIAN_POINT('Ctrl Pts',(76.4630665366521,299.999826981152,13.1508755821597));
#1395=CARTESIAN_POINT('Ctrl Pts',(73.8450157426781,366.66657040296,12.0155083216944));
#1396=CARTESIAN_POINT('Ctrl Pts',(71.3430725019765,433.331905239403,11.0021039567973));
#1397=CARTESIAN_POINT('Ctrl Pts',(69.0828669122856,499.997249501911,10.0780759941293));
#1398=CARTESIAN_POINT('Ctrl Pts',(66.0463450948855,599.997894122629,8.86454703653937));
#1399=CARTESIAN_POINT('Ctrl Pts',(62.9821272700098,699.999541914106,7.75287354383461));
#1400=CARTESIAN_POINT('Ctrl Pts',(60.6661662698754,766.666824797901,7.03240538632703));
#1401=CARTESIAN_POINT('Ctrl Pts',(58.0906382431866,833.333045994837,6.29966645227579));
#1402=CARTESIAN_POINT('Ctrl Pts',(55.4120674927043,899.999306970185,5.52546949292889));
#1403=CARTESIAN_POINT('Ctrl Pts',(51.2376955084772,999.999025333531,4.33749844323936));
#1404=CARTESIAN_POINT('Ctrl Pts',(47.0381333747506,1099.99926022077,3.2568317090936));
#1405=CARTESIAN_POINT('Ctrl Pts',(44.3099138176526,1166.66633664173,2.69621189155655));
#1406=CARTESIAN_POINT('Ctrl Pts',(41.6621848897068,1233.33047192632,2.26433800463119));
#1407=CARTESIAN_POINT('Ctrl Pts',(39.1134793358611,1299.99382583594,1.80848687742013));
#1408=CARTESIAN_POINT('Ctrl Pts',(35.4246737509286,1399.99418663222,1.183135747811));
#1409=CARTESIAN_POINT('Ctrl Pts',(31.7079627938351,1499.99734141279,0.749706165080122));
#1410=CARTESIAN_POINT('Ctrl Pts',(29.096322084942,1566.66602925491,0.609734865217218));
#1411=CARTESIAN_POINT('Ctrl Pts',(27.7355028344478,1600.,0.645172780975525));
#1412=CARTESIAN_POINT('Ctrl Pts',(106.402639413493,0.,24.670300649082));
#1413=CARTESIAN_POINT('Ctrl Pts',(104.993659727353,33.3331502787908,23.7093838067356));
#1414=CARTESIAN_POINT('Ctrl Pts',(102.059781685659,99.9994898414457,21.8969923458053));
#1415=CARTESIAN_POINT('Ctrl Pts',(97.4978437442645,199.999440441834,19.3061789495455));
#1416=CARTESIAN_POINT('Ctrl Pts',(92.8624569687543,299.999436131042,16.9551666386649));
#1417=CARTESIAN_POINT('Ctrl Pts',(89.7993456765618,366.666415460155,15.5655047434655));
#1418=CARTESIAN_POINT('Ctrl Pts',(86.7892295448994,433.332060126198,14.2716826761997));
#1419=CARTESIAN_POINT('Ctrl Pts',(83.8885482511283,499.997571810483,13.0580229869516));
#1420=CARTESIAN_POINT('Ctrl Pts',(79.6856099240778,599.998193789428,11.4182013103552));
#1421=CARTESIAN_POINT('Ctrl Pts',(75.4467657497254,699.999682424243,9.90884487203598));
#1422=CARTESIAN_POINT('Ctrl Pts',(72.4741548647308,766.666855376085,8.95709270903729));
#1423=CARTESIAN_POINT('Ctrl Pts',(69.3687012988798,833.333015470814,8.01897740206099));
#1424=CARTESIAN_POINT('Ctrl Pts',(66.2112864786745,899.9992241614,7.0749810146559));
#1425=CARTESIAN_POINT('Ctrl Pts',(61.3904882817296,999.998895813289,5.69776037025813));
#1426=CARTESIAN_POINT('Ctrl Pts',(56.54368253043,1099.99914099054,4.44132928242444));
#1427=CARTESIAN_POINT('Ctrl Pts',(53.3340137734706,1166.66628358339,3.74019434243408));
#1428=CARTESIAN_POINT('Ctrl Pts',(50.1548384651851,1233.33052496048,3.13721189231015));
#1429=CARTESIAN_POINT('Ctrl Pts',(47.0075289770785,1299.99387934781,2.54416115212375));
#1430=CARTESIAN_POINT('Ctrl Pts',(42.317932106442,1399.99409350761,1.76882316322752));
#1431=CARTESIAN_POINT('Ctrl Pts',(37.5962232062185,1499.997165263,1.19025530310088));
#1432=CARTESIAN_POINT('Ctrl Pts',(34.3810133208067,1566.66589218328,0.95467552336551));
#1433=CARTESIAN_POINT('Ctrl Pts',(32.7487808554623,1600.,0.911694374290141));
#1434=CARTESIAN_POINT('Ctrl Pts',(124.369292494279,0.,29.797081764221));
#1435=CARTESIAN_POINT('Ctrl Pts',(122.720497288591,33.3330893216527,28.6696063073217));
#1436=CARTESIAN_POINT('Ctrl Pts',(119.368902833748,99.9991443553257,26.5165098536412));
#1437=CARTESIAN_POINT('Ctrl Pts',(114.233192196784,199.999009790971,23.5266153751588));
#1438=CARTESIAN_POINT('Ctrl Pts',(109.016564029431,299.999078856739,20.7941380728261));
#1439=CARTESIAN_POINT('Ctrl Pts',(105.508528646092,366.666270956115,19.1384410495752));
#1440=CARTESIAN_POINT('Ctrl Pts',(101.998431775987,433.332204584361,17.5597827215317));
#1441=CARTESIAN_POINT('Ctrl Pts',(98.4914349664574,499.997873200591,16.0569982880406));
#1442=CARTESIAN_POINT('Ctrl Pts',(93.2127313275582,599.998474745512,13.9976670813185));
#1443=CARTESIAN_POINT('Ctrl Pts',(87.8894767470762,699.999814679145,12.0980006406434));
#1444=CARTESIAN_POINT('Ctrl Pts',(84.2934527622944,766.666884640306,10.9164071209841));
#1445=CARTESIAN_POINT('Ctrl Pts',(80.6650777512461,833.332986249608,9.7703417307138));
#1446=CARTESIAN_POINT('Ctrl Pts',(77.0252272928065,899.999144993949,8.65085340645639));
#1447=CARTESIAN_POINT('Ctrl Pts',(71.537832405718,999.9987737657,7.07110998832122));
#1448=CARTESIAN_POINT('Ctrl Pts',(66.0239422165164,1099.99903021555,5.62783874933195));
#1449=CARTESIAN_POINT('Ctrl Pts',(62.3301021613103,1166.66623465933,4.78439084434184));
#1450=CARTESIAN_POINT('Ctrl Pts',(58.6272268536388,1233.33057386446,4.01395356067679));
#1451=CARTESIAN_POINT('Ctrl Pts',(54.9106214102659,1299.99392693866,3.28611148188363));
#1452=CARTESIAN_POINT('Ctrl Pts',(49.2979846518568,1399.99400310974,2.36242617318423));
#1453=CARTESIAN_POINT('Ctrl Pts',(43.6519199573582,1499.99699476872,1.64124830183725));
#1454=CARTESIAN_POINT('Ctrl Pts',(39.8674853482429,1566.66576669813,1.30734896710619));
#1455=CARTESIAN_POINT('Ctrl Pts',(37.9715873775374,1600.,1.18881620137531));
#1456=CARTESIAN_POINT('Ctrl Pts',(137.278374800193,0.,33.6957218466298));
#1457=CARTESIAN_POINT('Ctrl Pts',(135.454546062111,33.3330517497562,32.4462657615209));
#1458=CARTESIAN_POINT('Ctrl Pts',(131.779981510849,99.9989697117499,30.0434852614586));
#1459=CARTESIAN_POINT('Ctrl Pts',(126.186355465942,199.998768155773,26.7175548322394));
#1460=CARTESIAN_POINT('Ctrl Pts',(120.509892012896,299.998867227427,23.6603325410485));
#1461=CARTESIAN_POINT('Ctrl Pts',(116.670608570572,366.666181353065,21.7917891486417));
#1462=CARTESIAN_POINT('Ctrl Pts',(112.805172364672,433.332294147852,19.9997461038277));
#1463=CARTESIAN_POINT('Ctrl Pts',(108.9102328837,499.998061343464,18.2877224172605));
#1464=CARTESIAN_POINT('Ctrl Pts',(102.99636579835,599.998651636687,15.9340187372123));
#1465=CARTESIAN_POINT('Ctrl Pts',(97.03105776604,699.999899181686,13.7621627514593));
#1466=CARTESIAN_POINT('Ctrl Pts',(93.0333808783801,766.666904230404,12.4160176218453));
#1467=CARTESIAN_POINT('Ctrl Pts',(89.0313386422309,833.332966687663,11.115370625301));
#1468=CARTESIAN_POINT('Ctrl Pts',(85.0283166366503,899.999092585572,9.85854039220476));
#1469=CARTESIAN_POINT('Ctrl Pts',(79.0106064447939,999.998696220924,8.10773848585577));
#1470=CARTESIAN_POINT('Ctrl Pts',(72.9662820835924,1099.9989625304,6.50856428642625));
#1471=CARTESIAN_POINT('Ctrl Pts',(68.9087575754689,1166.6662054051,5.55874471275126));
#1472=CARTESIAN_POINT('Ctrl Pts',(64.8320967833636,1233.33060310085,4.67366464291956));
#1473=CARTESIAN_POINT('Ctrl Pts',(60.7387961116373,1299.99395333294,3.85041984083533));
#1474=CARTESIAN_POINT('Ctrl Pts',(54.558256958145,1399.9939439101,2.81605843612628));
#1475=CARTESIAN_POINT('Ctrl Pts',(48.3473577471263,1499.99688316635,1.98993933390871));
#1476=CARTESIAN_POINT('Ctrl Pts',(44.1933448534666,1566.66569342939,1.58113935297908));
#1477=CARTESIAN_POINT('Ctrl Pts',(42.1146272771814,1600.,1.4131210817459));
#1478=CARTESIAN_POINT('Ctrl Pts',(145.544358941399,0.,36.2882843399501));
#1479=CARTESIAN_POINT('Ctrl Pts',(143.609286237088,33.3330330904509,34.9623241015362));
#1480=CARTESIAN_POINT('Ctrl Pts',(139.71244876427,99.9989098361237,32.4003328613431));
#1481=CARTESIAN_POINT('Ctrl Pts',(133.786406643096,199.998664524896,28.8291854083011));
#1482=CARTESIAN_POINT('Ctrl Pts',(127.778875630513,299.998767671316,25.53255552819));
#1483=CARTESIAN_POINT('Ctrl Pts',(123.720013557828,366.666136239875,23.516417826496));
#1484=CARTESIAN_POINT('Ctrl Pts',(119.635687724617,433.33233925898,21.5868582428578));
#1485=CARTESIAN_POINT('Ctrl Pts',(115.525854337023,499.998157176059,19.7438348279732));
#1486=CARTESIAN_POINT('Ctrl Pts',(109.293283221471,599.998743175241,17.2106912458035));
#1487=CARTESIAN_POINT('Ctrl Pts',(103.004571231341,699.999944177244,14.8739729524471));
#1488=CARTESIAN_POINT('Ctrl Pts',(98.7826007815798,766.666915450267,13.4259833162194));
#1489=CARTESIAN_POINT('Ctrl Pts',(94.5491416492121,833.332955467844,12.0266966731428));
#1490=CARTESIAN_POINT('Ctrl Pts',(90.3041336820812,899.999063288707,10.6760880751764));
#1491=CARTESIAN_POINT('Ctrl Pts',(83.9075507159965,999.9986557027,8.79812667604144));
#1492=CARTESIAN_POINT('Ctrl Pts',(77.4842734688744,1099.9989294915,7.08422546973845));
#1493=CARTESIAN_POINT('Ctrl Pts',(73.1846038747817,1166.66619169058,6.06549280908978));
#1494=CARTESIAN_POINT('Ctrl Pts',(68.8763254334949,1233.33061681406,5.11493001446685));
#1495=CARTESIAN_POINT('Ctrl Pts',(64.5593231101006,1299.9939644519,4.23251233666925));
#1496=CARTESIAN_POINT('Ctrl Pts',(58.0573685465767,1399.99391319521,3.12126771962417));
#1497=CARTESIAN_POINT('Ctrl Pts',(51.5296155275128,1499.99682479293,2.22309829741225));
#1498=CARTESIAN_POINT('Ctrl Pts',(47.1610254240154,1566.6656608138,1.76479148023732));
#1499=CARTESIAN_POINT('Ctrl Pts',(44.9725872158593,1600.,1.57047735161254));
#1500=UNCERTAINTY_MEASURE_WITH_UNIT(LENGTH_MEASURE(0.01),#1504,
'DISTANCE_ACCURACY_VALUE',
'Maximum model space distance between geometric entities at asserted c
onnectivities');
#1501=UNCERTAINTY_MEASURE_WITH_UNIT(LENGTH_MEASURE(0.01),#1504,
'DISTANCE_ACCURACY_VALUE',
'Maximum model space distance between geometric entities at asserted c
onnectivities');
#1502=(
GEOMETRIC_REPRESENTATION_CONTEXT(3)
GLOBAL_UNCERTAINTY_ASSIGNED_CONTEXT((#1500))
GLOBAL_UNIT_ASSIGNED_CONTEXT((#1504,#1506,#1507))
REPRESENTATION_CONTEXT('','3D')
);
#1503=(
GEOMETRIC_REPRESENTATION_CONTEXT(3)
GLOBAL_UNCERTAINTY_ASSIGNED_CONTEXT((#1501))
GLOBAL_UNIT_ASSIGNED_CONTEXT((#1504,#1506,#1507))
REPRESENTATION_CONTEXT('','3D')
);
#1504=(
LENGTH_UNIT()
NAMED_UNIT(*)
SI_UNIT(.MILLI.,.METRE.)
);
#1505=(
LENGTH_UNIT()
NAMED_UNIT(*)
SI_UNIT($,.METRE.)
);
#1506=(
NAMED_UNIT(*)
PLANE_ANGLE_UNIT()
SI_UNIT($,.RADIAN.)
);
#1507=(
NAMED_UNIT(*)
SI_UNIT($,.STERADIAN.)
SOLID_ANGLE_UNIT()
);
#1508=SHAPE_DEFINITION_REPRESENTATION(#1509,#1510);
#1509=PRODUCT_DEFINITION_SHAPE('',$,#1512);
#1510=SHAPE_REPRESENTATION('',(#103),#1502);
#1511=PRODUCT_DEFINITION_CONTEXT('part definition',#1516,'design');
#1512=PRODUCT_DEFINITION('2026-05-26-22-15-00-733',
'Refined_blade_NACA4412_modified_150mm',#1513,#1511);
#1513=PRODUCT_DEFINITION_FORMATION('',$,#1518);
#1514=PRODUCT_RELATED_PRODUCT_CATEGORY(
'Refined_blade_NACA4412_modified_150mm',
'Refined_blade_NACA4412_modified_150mm',(#1518));
#1515=APPLICATION_PROTOCOL_DEFINITION('international standard',
'automotive_design',2009,#1516);
#1516=APPLICATION_CONTEXT(
'Core Data for Automotive Mechanical Design Process');
#1517=PRODUCT_CONTEXT('part definition',#1516,'mechanical');
#1518=PRODUCT('2026-05-26-22-15-00-733',
'Refined_blade_NACA4412_modified_150mm',$,(#1517));
#1519=PRESENTATION_STYLE_ASSIGNMENT((#1520));
#1520=SURFACE_STYLE_USAGE(.BOTH.,#1521);
#1521=SURFACE_SIDE_STYLE('',(#1522));
#1522=SURFACE_STYLE_FILL_AREA(#1523);
#1523=FILL_AREA_STYLE('Steel - Satin',(#1524));
#1524=FILL_AREA_STYLE_COLOUR('Steel - Satin',#1525);
#1525=COLOUR_RGB('Steel - Satin',0.627450980392157,0.627450980392157,0.627450980392157);
ENDSEC;
END-ISO-10303-21;
