ISO-10303-21;
HEADER;
/* Generated by software containing ST-Developer
 * from STEP Tools, Inc. (www.steptools.com) 
 */

FILE_DESCRIPTION(
/* description */ (''),
/* implementation_level */ '2;1');

FILE_NAME(
/* name */ 'Refined_blade_NACA4412_modified_150mm_0.8m.step',
/* time_stamp */ '2026-07-03T14:13:17+08:00',
/* author */ (''),
/* organization */ (''),
/* preprocessor_version */ 'ST-DEVELOPER v20.1',
/* originating_system */ 'Autodesk Translation Framework v15.8.0.0',
/* authorisation */ '');

FILE_SCHEMA (('AUTOMOTIVE_DESIGN { 1 0 10303 214 3 1 1 }'));
ENDSEC;

DATA;
#10=MECHANICAL_DESIGN_GEOMETRIC_PRESENTATION_REPRESENTATION('',(#13),#1371);
#11=SHAPE_REPRESENTATION_RELATIONSHIP('SRR','None',#1378,#12);
#12=ADVANCED_BREP_SHAPE_REPRESENTATION('',(#14),#1370);
#13=STYLED_ITEM('',(#1387),#14);
#14=MANIFOLD_SOLID_BREP('Body1',#90);
#15=B_SPLINE_CURVE_WITH_KNOTS('',3,(#975,#976,#977,#978,#979,#980,#981,
#982,#983,#984,#985,#986,#987,#988,#989,#990,#991,#992,#993),
 .UNSPECIFIED.,.F.,.F.,(4,1,1,1,1,1,1,1,1,1,1,1,1,1,1,1,4),(0.,5.00050694371047,
10.0005107198576,15.0002651308959,20.0000300282404,24.9993334233232,29.9994113118841,
34.9998412550557,40.0000373956763,44.9999541008801,49.9999129090647,54.9999266208558,
60.0000452808532,64.9990362849637,69.9989175244816,74.9993635719767,80.000059516279),
 .UNSPECIFIED.);
#16=(
BOUNDED_CURVE()
B_SPLINE_CURVE(5,(#296,#297,#298,#299,#300,#301,#302,#303,#304,#305),
 .UNSPECIFIED.,.F.,.F.)
B_SPLINE_CURVE_WITH_KNOTS((6,1,1,1,1,6),(0.,0.2,0.4,0.6,0.8,1.),
 .UNSPECIFIED.)
CURVE()
GEOMETRIC_REPRESENTATION_ITEM()
RATIONAL_B_SPLINE_CURVE((1.,1.,1.,1.,1.,1.,1.,1.,1.,1.))
REPRESENTATION_ITEM('')
);
#17=(
BOUNDED_CURVE()
B_SPLINE_CURVE(5,(#307,#308,#309,#310,#311,#312,#313,#314,#315,#316,#317,
#318,#319,#320,#321,#322,#323,#324,#325,#326,#327,#328,#329,#330),
 .UNSPECIFIED.,.F.,.F.)
B_SPLINE_CURVE_WITH_KNOTS((6,1,1,1,1,1,1,1,1,1,1,1,1,1,1,1,1,1,1,6),(0.,
0.05,0.1,0.15,0.2,0.25,0.3,0.35,0.4,0.45,0.5,0.55,0.6,0.65,0.7,0.75,0.8,
0.85,0.9,0.90315002889815),.UNSPECIFIED.)
CURVE()
GEOMETRIC_REPRESENTATION_ITEM()
RATIONAL_B_SPLINE_CURVE((1.,1.,1.,1.,1.,1.,1.,1.,1.,1.,1.,1.,1.,1.,1.,1.,
1.,1.,1.,1.,1.,1.,1.,1.))
REPRESENTATION_ITEM('')
);
#18=(
BOUNDED_CURVE()
B_SPLINE_CURVE(5,(#332,#333,#334,#335,#336,#337,#338),.UNSPECIFIED.,.F.,
 .F.)
B_SPLINE_CURVE_WITH_KNOTS((6,1,6),(0.90315002889815,0.95,1.),
 .UNSPECIFIED.)
CURVE()
GEOMETRIC_REPRESENTATION_ITEM()
RATIONAL_B_SPLINE_CURVE((1.,1.,1.,1.,1.,1.,1.))
REPRESENTATION_ITEM('')
);
#19=(
BOUNDED_CURVE()
B_SPLINE_CURVE(5,(#339,#340,#341,#342,#343,#344,#345,#346,#347,#348,#349,
#350,#351,#352,#353),.UNSPECIFIED.,.F.,.F.)
B_SPLINE_CURVE_WITH_KNOTS((6,1,1,1,1,1,1,1,1,1,6),(0.,0.1,0.2,0.3,0.4,0.5,
0.6,0.7,0.8,0.9,1.),.UNSPECIFIED.)
CURVE()
GEOMETRIC_REPRESENTATION_ITEM()
RATIONAL_B_SPLINE_CURVE((1.,1.,1.,1.,1.,1.,1.,1.,1.,1.,1.,1.,1.,1.,1.))
REPRESENTATION_ITEM('')
);
#20=(
BOUNDED_CURVE()
B_SPLINE_CURVE(5,(#498,#499,#500,#501,#502,#503,#504,#505,#506,#507,#508,
#509,#510,#511,#512,#513,#514,#515,#516,#517,#518,#519,#520,#521,#522),
 .UNSPECIFIED.,.F.,.F.)
B_SPLINE_CURVE_WITH_KNOTS((6,1,1,1,1,1,1,1,1,1,1,1,1,1,1,1,1,1,1,1,6),(-1.,
-0.95,-0.9,-0.85,-0.8,-0.75,-0.7,-0.65,-0.6,-0.55,-0.5,-0.45,-0.4,-0.35,
-0.3,-0.25,-0.2,-0.15,-0.1,-0.05,0.),.UNSPECIFIED.)
CURVE()
GEOMETRIC_REPRESENTATION_ITEM()
RATIONAL_B_SPLINE_CURVE((1.,1.,1.,1.,1.,1.,1.,1.,1.,1.,1.,1.,1.,1.,1.,1.,
1.,1.,1.,1.,1.,1.,1.,1.,1.))
REPRESENTATION_ITEM('')
);
#21=(
BOUNDED_CURVE()
B_SPLINE_CURVE(5,(#526,#527,#528,#529,#530,#531,#532,#533,#534,#535,#536,
#537,#538,#539,#540,#541,#542,#543,#544,#545,#546,#547,#548,#549,#550),
 .UNSPECIFIED.,.F.,.F.)
B_SPLINE_CURVE_WITH_KNOTS((6,1,1,1,1,1,1,1,1,1,1,1,1,1,1,1,1,1,1,1,6),(-1.,
-0.95,-0.9,-0.85,-0.8,-0.75,-0.7,-0.65,-0.6,-0.55,-0.5,-0.45,-0.4,-0.35,
-0.3,-0.25,-0.2,-0.15,-0.1,-0.05,0.),.UNSPECIFIED.)
CURVE()
GEOMETRIC_REPRESENTATION_ITEM()
RATIONAL_B_SPLINE_CURVE((1.,1.,1.,1.,1.,1.,1.,1.,1.,1.,1.,1.,1.,1.,1.,1.,
1.,1.,1.,1.,1.,1.,1.,1.,1.))
REPRESENTATION_ITEM('')
);
#22=(
BOUNDED_CURVE()
B_SPLINE_CURVE(5,(#551,#552,#553,#554,#555,#556,#557,#558,#559,#560,#561,
#562,#563,#564,#565,#566,#567,#568,#569,#570,#571,#572,#573,#574,#575),
 .UNSPECIFIED.,.F.,.F.)
B_SPLINE_CURVE_WITH_KNOTS((6,1,1,1,1,1,1,1,1,1,1,1,1,1,1,1,1,1,1,1,6),(0.,
0.05,0.1,0.15,0.2,0.25,0.3,0.35,0.4,0.45,0.5,0.55,0.6,0.65,0.7,0.75,0.8,
0.85,0.9,0.95,1.),.UNSPECIFIED.)
CURVE()
GEOMETRIC_REPRESENTATION_ITEM()
RATIONAL_B_SPLINE_CURVE((1.,1.,1.,1.,1.,1.,1.,1.,1.,1.,1.,1.,1.,1.,1.,1.,
1.,1.,1.,1.,1.,1.,1.,1.,1.))
REPRESENTATION_ITEM('')
);
#23=(
BOUNDED_CURVE()
B_SPLINE_CURVE(5,(#950,#951,#952,#953,#954,#955,#956,#957,#958,#959,#960,
#961,#962,#963,#964,#965,#966,#967,#968,#969,#970,#971,#972,#973,#974),
 .UNSPECIFIED.,.F.,.F.)
B_SPLINE_CURVE_WITH_KNOTS((6,1,1,1,1,1,1,1,1,1,1,1,1,1,1,1,1,1,1,1,6),(0.,
0.05,0.1,0.15,0.2,0.25,0.3,0.35,0.4,0.45,0.5,0.55,0.6,0.65,0.7,0.75,0.8,
0.85,0.9,0.95,1.),.UNSPECIFIED.)
CURVE()
GEOMETRIC_REPRESENTATION_ITEM()
RATIONAL_B_SPLINE_CURVE((1.,1.,1.,1.,1.,1.,1.,1.,1.,1.,1.,1.,1.,1.,1.,1.,
1.,1.,1.,1.,1.,1.,1.,1.,1.))
REPRESENTATION_ITEM('')
);
#24=B_SPLINE_SURFACE_WITH_KNOTS('',3,3,((#124,#125,#126,#127,#128,#129,
#130,#131,#132),(#133,#134,#135,#136,#137,#138,#139,#140,#141),(#142,#143,
#144,#145,#146,#147,#148,#149,#150),(#151,#152,#153,#154,#155,#156,#157,
#158,#159),(#160,#161,#162,#163,#164,#165,#166,#167,#168),(#169,#170,#171,
#172,#173,#174,#175,#176,#177),(#178,#179,#180,#181,#182,#183,#184,#185,
#186),(#187,#188,#189,#190,#191,#192,#193,#194,#195),(#196,#197,#198,#199,
#200,#201,#202,#203,#204),(#205,#206,#207,#208,#209,#210,#211,#212,#213),
(#214,#215,#216,#217,#218,#219,#220,#221,#222),(#223,#224,#225,#226,#227,
#228,#229,#230,#231),(#232,#233,#234,#235,#236,#237,#238,#239,#240),(#241,
#242,#243,#244,#245,#246,#247,#248,#249),(#250,#251,#252,#253,#254,#255,
#256,#257,#258),(#259,#260,#261,#262,#263,#264,#265,#266,#267),(#268,#269,
#270,#271,#272,#273,#274,#275,#276),(#277,#278,#279,#280,#281,#282,#283,
#284,#285),(#286,#287,#288,#289,#290,#291,#292,#293,#294)),
 .UNSPECIFIED.,.F.,.F.,.F.,(4,1,1,1,1,2,1,1,1,1,1,1,1,1,1,4),(4,1,1,1,1,
1,4),(0.,0.112308070848722,0.224616141697444,0.336924212546165,0.449232283394887,
0.561540354243609,0.649232283394887,0.693078247970526,0.736924212546165,
0.758847194833985,0.780770177121805,0.824616141697444,0.868462106273083,
0.912308070848722,0.956154035424361,1.),(0.,0.142857142857143,0.285714285714286,
0.428571428571429,0.571428571428571,0.857142857142857,1.),.UNSPECIFIED.);
#25=B_SPLINE_SURFACE_WITH_KNOTS('',3,3,((#354,#355,#356,#357,#358,#359,
#360,#361,#362),(#363,#364,#365,#366,#367,#368,#369,#370,#371),(#372,#373,
#374,#375,#376,#377,#378,#379,#380),(#381,#382,#383,#384,#385,#386,#387,
#388,#389),(#390,#391,#392,#393,#394,#395,#396,#397,#398),(#399,#400,#401,
#402,#403,#404,#405,#406,#407),(#408,#409,#410,#411,#412,#413,#414,#415,
#416),(#417,#418,#419,#420,#421,#422,#423,#424,#425),(#426,#427,#428,#429,
#430,#431,#432,#433,#434),(#435,#436,#437,#438,#439,#440,#441,#442,#443),
(#444,#445,#446,#447,#448,#449,#450,#451,#452),(#453,#454,#455,#456,#457,
#458,#459,#460,#461),(#462,#463,#464,#465,#466,#467,#468,#469,#470),(#471,
#472,#473,#474,#475,#476,#477,#478,#479),(#480,#481,#482,#483,#484,#485,
#486,#487,#488),(#489,#490,#491,#492,#493,#494,#495,#496,#497)),
 .UNSPECIFIED.,.F.,.F.,.F.,(4,1,1,1,1,1,1,2,1,1,1,1,4),(4,1,1,1,1,1,4),
(0.,0.0520649030705837,0.104129806141167,0.156194709211751,0.208259612282335,
0.312389418423502,0.41651922456467,0.520649030705837,0.61651922456467,0.712389418423502,
0.808259612282335,0.904129806141167,1.),(0.,0.142857142857143,0.285714285714286,
0.428571428571429,0.571428571428571,0.857142857142857,1.),.UNSPECIFIED.);
#26=B_SPLINE_SURFACE_WITH_KNOTS('',3,3,((#576,#577,#578,#579,#580,#581,
#582,#583,#584,#585,#586,#587,#588,#589,#590,#591,#592,#593,#594,#595,#596,
#597),(#598,#599,#600,#601,#602,#603,#604,#605,#606,#607,#608,#609,#610,
#611,#612,#613,#614,#615,#616,#617,#618,#619),(#620,#621,#622,#623,#624,
#625,#626,#627,#628,#629,#630,#631,#632,#633,#634,#635,#636,#637,#638,#639,
#640,#641),(#642,#643,#644,#645,#646,#647,#648,#649,#650,#651,#652,#653,
#654,#655,#656,#657,#658,#659,#660,#661,#662,#663),(#664,#665,#666,#667,
#668,#669,#670,#671,#672,#673,#674,#675,#676,#677,#678,#679,#680,#681,#682,
#683,#684,#685),(#686,#687,#688,#689,#690,#691,#692,#693,#694,#695,#696,
#697,#698,#699,#700,#701,#702,#703,#704,#705,#706,#707),(#708,#709,#710,
#711,#712,#713,#714,#715,#716,#717,#718,#719,#720,#721,#722,#723,#724,#725,
#726,#727,#728,#729),(#730,#731,#732,#733,#734,#735,#736,#737,#738,#739,
#740,#741,#742,#743,#744,#745,#746,#747,#748,#749,#750,#751),(#752,#753,
#754,#755,#756,#757,#758,#759,#760,#761,#762,#763,#764,#765,#766,#767,#768,
#769,#770,#771,#772,#773),(#774,#775,#776,#777,#778,#779,#780,#781,#782,
#783,#784,#785,#786,#787,#788,#789,#790,#791,#792,#793,#794,#795),(#796,
#797,#798,#799,#800,#801,#802,#803,#804,#805,#806,#807,#808,#809,#810,#811,
#812,#813,#814,#815,#816,#817),(#818,#819,#820,#821,#822,#823,#824,#825,
#826,#827,#828,#829,#830,#831,#832,#833,#834,#835,#836,#837,#838,#839),
(#840,#841,#842,#843,#844,#845,#846,#847,#848,#849,#850,#851,#852,#853,
#854,#855,#856,#857,#858,#859,#860,#861),(#862,#863,#864,#865,#866,#867,
#868,#869,#870,#871,#872,#873,#874,#875,#876,#877,#878,#879,#880,#881,#882,
#883),(#884,#885,#886,#887,#888,#889,#890,#891,#892,#893,#894,#895,#896,
#897,#898,#899,#900,#901,#902,#903,#904,#905),(#906,#907,#908,#909,#910,
#911,#912,#913,#914,#915,#916,#917,#918,#919,#920,#921,#922,#923,#924,#925,
#926,#927),(#928,#929,#930,#931,#932,#933,#934,#935,#936,#937,#938,#939,
#940,#941,#942,#943,#944,#945,#946,#947,#948,#949)),.UNSPECIFIED.,.F.,.F.,
 .F.,(4,1,1,1,1,1,2,1,1,1,1,1,1,4),(4,1,1,1,2,1,1,1,2,1,1,1,2,1,1,1,4),
(0.,0.131590248760259,0.263180497520519,0.394770746280778,0.526360995041037,
0.592156119421167,0.657951243801296,0.726360995041037,0.794770746280778,
0.828975621900648,0.863180497520519,0.931590248760259,0.96579512438013,
1.),(0.,0.0625211247946147,0.12503595850667,0.187547674417419,0.250059521438005,
0.312560005413398,0.375062235666794,0.437565804118616,0.500068260583767,
0.56256975363305,0.625071772990934,0.687574478671726,0.750078496258292,
0.812558703885822,0.875036164411909,0.937515134020102,1.),.UNSPECIFIED.);
#27=B_SPLINE_SURFACE_WITH_KNOTS('',3,3,((#994,#995,#996,#997,#998,#999,
#1000,#1001,#1002,#1003,#1004,#1005,#1006,#1007,#1008,#1009,#1010,#1011,
#1012,#1013,#1014,#1015),(#1016,#1017,#1018,#1019,#1020,#1021,#1022,#1023,
#1024,#1025,#1026,#1027,#1028,#1029,#1030,#1031,#1032,#1033,#1034,#1035,
#1036,#1037),(#1038,#1039,#1040,#1041,#1042,#1043,#1044,#1045,#1046,#1047,
#1048,#1049,#1050,#1051,#1052,#1053,#1054,#1055,#1056,#1057,#1058,#1059),
(#1060,#1061,#1062,#1063,#1064,#1065,#1066,#1067,#1068,#1069,#1070,#1071,
#1072,#1073,#1074,#1075,#1076,#1077,#1078,#1079,#1080,#1081),(#1082,#1083,
#1084,#1085,#1086,#1087,#1088,#1089,#1090,#1091,#1092,#1093,#1094,#1095,
#1096,#1097,#1098,#1099,#1100,#1101,#1102,#1103),(#1104,#1105,#1106,#1107,
#1108,#1109,#1110,#1111,#1112,#1113,#1114,#1115,#1116,#1117,#1118,#1119,
#1120,#1121,#1122,#1123,#1124,#1125),(#1126,#1127,#1128,#1129,#1130,#1131,
#1132,#1133,#1134,#1135,#1136,#1137,#1138,#1139,#1140,#1141,#1142,#1143,
#1144,#1145,#1146,#1147),(#1148,#1149,#1150,#1151,#1152,#1153,#1154,#1155,
#1156,#1157,#1158,#1159,#1160,#1161,#1162,#1163,#1164,#1165,#1166,#1167,
#1168,#1169),(#1170,#1171,#1172,#1173,#1174,#1175,#1176,#1177,#1178,#1179,
#1180,#1181,#1182,#1183,#1184,#1185,#1186,#1187,#1188,#1189,#1190,#1191),
(#1192,#1193,#1194,#1195,#1196,#1197,#1198,#1199,#1200,#1201,#1202,#1203,
#1204,#1205,#1206,#1207,#1208,#1209,#1210,#1211,#1212,#1213),(#1214,#1215,
#1216,#1217,#1218,#1219,#1220,#1221,#1222,#1223,#1224,#1225,#1226,#1227,
#1228,#1229,#1230,#1231,#1232,#1233,#1234,#1235),(#1236,#1237,#1238,#1239,
#1240,#1241,#1242,#1243,#1244,#1245,#1246,#1247,#1248,#1249,#1250,#1251,
#1252,#1253,#1254,#1255,#1256,#1257),(#1258,#1259,#1260,#1261,#1262,#1263,
#1264,#1265,#1266,#1267,#1268,#1269,#1270,#1271,#1272,#1273,#1274,#1275,
#1276,#1277,#1278,#1279),(#1280,#1281,#1282,#1283,#1284,#1285,#1286,#1287,
#1288,#1289,#1290,#1291,#1292,#1293,#1294,#1295,#1296,#1297,#1298,#1299,
#1300,#1301),(#1302,#1303,#1304,#1305,#1306,#1307,#1308,#1309,#1310,#1311,
#1312,#1313,#1314,#1315,#1316,#1317,#1318,#1319,#1320,#1321,#1322,#1323),
(#1324,#1325,#1326,#1327,#1328,#1329,#1330,#1331,#1332,#1333,#1334,#1335,
#1336,#1337,#1338,#1339,#1340,#1341,#1342,#1343,#1344,#1345),(#1346,#1347,
#1348,#1349,#1350,#1351,#1352,#1353,#1354,#1355,#1356,#1357,#1358,#1359,
#1360,#1361,#1362,#1363,#1364,#1365,#1366,#1367)),.UNSPECIFIED.,.F.,.F.,
 .F.,(4,1,1,1,1,1,1,1,1,1,1,1,1,1,4),(4,1,1,1,2,1,1,1,2,1,1,1,2,1,1,1,4),
(0.,0.0714285714285714,0.142857142857143,0.19047619047619,0.238095238095238,
0.285714285714286,0.333333333333333,0.428571428571429,0.5,0.535714285714286,
0.571428571428571,0.642857142857143,0.714285714285714,0.857142857142857,
1.),(0.,0.0625211247946147,0.12503595850667,0.187547674417419,0.250059521438005,
0.312560005413398,0.375062235666794,0.437565804118616,0.500068260583767,
0.56256975363305,0.625071772990934,0.687574478671726,0.750078496258292,
0.812558703885822,0.875036164411909,0.937515134020102,1.),.UNSPECIFIED.);
#28=FACE_OUTER_BOUND('',#34,.T.);
#29=FACE_OUTER_BOUND('',#35,.T.);
#30=FACE_OUTER_BOUND('',#36,.T.);
#31=FACE_OUTER_BOUND('',#37,.T.);
#32=FACE_OUTER_BOUND('',#38,.T.);
#33=FACE_OUTER_BOUND('',#39,.T.);
#34=EDGE_LOOP('',(#60,#61));
#35=EDGE_LOOP('',(#62,#63,#64,#65,#66));
#36=EDGE_LOOP('',(#67,#68,#69,#70));
#37=EDGE_LOOP('',(#71,#72));
#38=EDGE_LOOP('',(#73,#74,#75,#76));
#39=EDGE_LOOP('',(#77,#78,#79,#80,#81));
#40=CIRCLE('',#105,50.);
#41=CIRCLE('',#106,50.);
#42=VERTEX_POINT('',#120);
#43=VERTEX_POINT('',#121);
#44=VERTEX_POINT('',#295);
#45=VERTEX_POINT('',#306);
#46=VERTEX_POINT('',#331);
#47=VERTEX_POINT('',#524);
#48=VERTEX_POINT('',#525);
#49=EDGE_CURVE('',#42,#43,#40,.T.);
#50=EDGE_CURVE('',#43,#42,#41,.T.);
#51=EDGE_CURVE('',#43,#44,#16,.T.);
#52=EDGE_CURVE('',#44,#45,#17,.T.);
#53=EDGE_CURVE('',#45,#46,#18,.T.);
#54=EDGE_CURVE('',#42,#46,#19,.T.);
#55=EDGE_CURVE('',#46,#44,#20,.T.);
#56=EDGE_CURVE('',#47,#48,#21,.T.);
#57=EDGE_CURVE('',#48,#47,#22,.T.);
#58=EDGE_CURVE('',#46,#47,#23,.T.);
#59=EDGE_CURVE('',#44,#48,#15,.T.);
#60=ORIENTED_EDGE('',*,*,#49,.F.);
#61=ORIENTED_EDGE('',*,*,#50,.F.);
#62=ORIENTED_EDGE('',*,*,#49,.T.);
#63=ORIENTED_EDGE('',*,*,#51,.T.);
#64=ORIENTED_EDGE('',*,*,#52,.T.);
#65=ORIENTED_EDGE('',*,*,#53,.T.);
#66=ORIENTED_EDGE('',*,*,#54,.F.);
#67=ORIENTED_EDGE('',*,*,#50,.T.);
#68=ORIENTED_EDGE('',*,*,#54,.T.);
#69=ORIENTED_EDGE('',*,*,#55,.T.);
#70=ORIENTED_EDGE('',*,*,#51,.F.);
#71=ORIENTED_EDGE('',*,*,#56,.F.);
#72=ORIENTED_EDGE('',*,*,#57,.F.);
#73=ORIENTED_EDGE('',*,*,#55,.F.);
#74=ORIENTED_EDGE('',*,*,#58,.T.);
#75=ORIENTED_EDGE('',*,*,#56,.T.);
#76=ORIENTED_EDGE('',*,*,#59,.F.);
#77=ORIENTED_EDGE('',*,*,#52,.F.);
#78=ORIENTED_EDGE('',*,*,#59,.T.);
#79=ORIENTED_EDGE('',*,*,#57,.T.);
#80=ORIENTED_EDGE('',*,*,#58,.F.);
#81=ORIENTED_EDGE('',*,*,#53,.F.);
#82=PLANE('',#104);
#83=PLANE('',#107);
#84=ADVANCED_FACE('',(#28),#82,.F.);
#85=ADVANCED_FACE('',(#29),#24,.T.);
#86=ADVANCED_FACE('',(#30),#25,.T.);
#87=ADVANCED_FACE('',(#31),#83,.T.);
#88=ADVANCED_FACE('',(#32),#26,.F.);
#89=ADVANCED_FACE('',(#33),#27,.F.);
#90=CLOSED_SHELL('',(#84,#85,#86,#87,#88,#89));
#91=DERIVED_UNIT_ELEMENT(#93,1.);
#92=DERIVED_UNIT_ELEMENT(#1373,-3.);
#93=(
MASS_UNIT()
NAMED_UNIT(*)
SI_UNIT(.KILO.,.GRAM.)
);
#94=DERIVED_UNIT((#91,#92));
#95=MEASURE_REPRESENTATION_ITEM('density measure',
POSITIVE_RATIO_MEASURE(7850.),#94);
#96=PROPERTY_DEFINITION_REPRESENTATION(#101,#98);
#97=PROPERTY_DEFINITION_REPRESENTATION(#102,#99);
#98=REPRESENTATION('material name',(#100),#1370);
#99=REPRESENTATION('density',(#95),#1370);
#100=DESCRIPTIVE_REPRESENTATION_ITEM('Steel','Steel');
#101=PROPERTY_DEFINITION('material property','material name',#1380);
#102=PROPERTY_DEFINITION('material property','density of part',#1380);
#103=AXIS2_PLACEMENT_3D('',#118,#108,#109);
#104=AXIS2_PLACEMENT_3D('',#119,#110,#111);
#105=AXIS2_PLACEMENT_3D('',#122,#112,#113);
#106=AXIS2_PLACEMENT_3D('',#123,#114,#115);
#107=AXIS2_PLACEMENT_3D('',#523,#116,#117);
#108=DIRECTION('axis',(0.,0.,1.));
#109=DIRECTION('refdir',(1.,0.,0.));
#110=DIRECTION('center_axis',(0.,1.,0.));
#111=DIRECTION('ref_axis',(0.,0.,1.));
#112=DIRECTION('center_axis',(0.,1.,0.));
#113=DIRECTION('ref_axis',(1.,0.,0.));
#114=DIRECTION('center_axis',(0.,1.,0.));
#115=DIRECTION('ref_axis',(1.,0.,0.));
#116=DIRECTION('center_axis',(0.,1.,0.));
#117=DIRECTION('ref_axis',(0.,0.,1.));
#118=CARTESIAN_POINT('',(0.,0.,0.));
#119=CARTESIAN_POINT('Origin',(49.9975482340912,-200.,0.447122961666122));
#120=CARTESIAN_POINT('',(99.9950964681825,-200.,-4.45476988630844E-14));
#121=CARTESIAN_POINT('',(8.88178419700125E-15,-200.,3.67761376907083E-15));
#122=CARTESIAN_POINT('Origin',(49.9975482340913,-200.,0.495147028386197));
#123=CARTESIAN_POINT('Origin',(49.9975482340913,-200.,0.495147028386197));
#124=CARTESIAN_POINT('Ctrl Pts',(99.9950964681825,-200.,1.38777878078145E-16));
#125=CARTESIAN_POINT('Ctrl Pts',(98.8077009194432,-192.291844500609,3.62606749481704));
#126=CARTESIAN_POINT('Ctrl Pts',(97.3043091153705,-176.404148732363,10.3854248329404));
#127=CARTESIAN_POINT('Ctrl Pts',(97.7915183742828,-151.089155377284,18.9736876545532));
#128=CARTESIAN_POINT('Ctrl Pts',(101.307727684438,-124.13561984995,25.8490462508504));
#129=CARTESIAN_POINT('Ctrl Pts',(110.338397497844,-85.8485496261222,32.5605623536255));
#130=CARTESIAN_POINT('Ctrl Pts',(125.442954099617,-44.2758011306091,35.8372860603351));
#131=CARTESIAN_POINT('Ctrl Pts',(140.238900237433,-11.2204748561609,36.333935991926));
#132=CARTESIAN_POINT('Ctrl Pts',(145.544358941399,0.,36.2882843399501));
#133=CARTESIAN_POINT('Ctrl Pts',(99.9432447926217,-200.,-5.23573100765737));
#134=CARTESIAN_POINT('Ctrl Pts',(98.746357908372,-192.306248859607,-1.42209283917062));
#135=CARTESIAN_POINT('Ctrl Pts',(97.1211398601609,-176.428850786542,5.66687523671445));
#136=CARTESIAN_POINT('Ctrl Pts',(97.1546024919741,-151.092279395083,14.6634272090092));
#137=CARTESIAN_POINT('Ctrl Pts',(99.9852623087508,-124.09864974151,21.9113484875625));
#138=CARTESIAN_POINT('Ctrl Pts',(107.844417631579,-85.7581105486108,29.1392051098152));
#139=CARTESIAN_POINT('Ctrl Pts',(121.469396695061,-44.1688948614853,33.0624671817976));
#140=CARTESIAN_POINT('Ctrl Pts',(135.040862325645,-11.1844949943036,34.2929229511946));
#141=CARTESIAN_POINT('Ctrl Pts',(139.931760682941,0.,34.5279359668608));
#142=CARTESIAN_POINT('Ctrl Pts',(98.1824384691195,-200.,-15.6906101362412));
#143=CARTESIAN_POINT('Ctrl Pts',(96.9781702384916,-192.3018033325,-11.6476496514376));
#144=CARTESIAN_POINT('Ctrl Pts',(95.1785371154916,-176.398221748316,-4.11639096498853));
#145=CARTESIAN_POINT('Ctrl Pts',(94.5109002600143,-150.995221070672,5.5536954280819));
#146=CARTESIAN_POINT('Ctrl Pts',(96.2294548480868,-123.934746710589,13.5520549121357));
#147=CARTESIAN_POINT('Ctrl Pts',(102.102379171976,-85.5373713718464,21.9683215485779));
#148=CARTESIAN_POINT('Ctrl Pts',(113.105211450536,-43.9742637735219,27.4503832826923));
#149=CARTESIAN_POINT('Ctrl Pts',(124.43298131066,-11.1235498872264,30.2417130753405));
#150=CARTESIAN_POINT('Ctrl Pts',(128.553518853867,0.,31.0489886039402));
#151=CARTESIAN_POINT('Ctrl Pts',(90.8207100118276,-200.,-29.7869236875098));
#152=CARTESIAN_POINT('Ctrl Pts',(89.663985836143,-192.215507346429,-25.7415545949025));
#153=CARTESIAN_POINT('Ctrl Pts',(87.8248407622177,-176.1583173183,-18.0926883540927));
#154=CARTESIAN_POINT('Ctrl Pts',(86.6666265555453,-150.591976299379,-7.89311757787572));
#155=CARTESIAN_POINT('Ctrl Pts',(87.4074670554703,-123.452005981029,1.02422636970527));
#156=CARTESIAN_POINT('Ctrl Pts',(91.271572766248,-85.0735267268118,11.2225690111246));
#157=CARTESIAN_POINT('Ctrl Pts',(99.3002238386781,-43.6876004517608,19.2469626712835));
#158=CARTESIAN_POINT('Ctrl Pts',(107.877000651498,-11.0453497665754,24.342123489746));
#159=CARTESIAN_POINT('Ctrl Pts',(111.024379014226,0.,25.9590184336564));
#160=CARTESIAN_POINT('Ctrl Pts',(79.466527507905,-200.,-40.9217727660279));
#161=CARTESIAN_POINT('Ctrl Pts',(78.4397755622576,-192.069718704847,-37.1196877058921));
#162=CARTESIAN_POINT('Ctrl Pts',(76.7832187422947,-175.770590582683,-29.7853224827817));
#163=CARTESIAN_POINT('Ctrl Pts',(75.6008755588335,-149.983336038757,-19.5629410439507));
#164=CARTESIAN_POINT('Ctrl Pts',(75.9186941837854,-122.765381327228,-10.1210226999498));
#165=CARTESIAN_POINT('Ctrl Pts',(78.575136217537,-84.4637933872251,1.44098298750968));
#166=CARTESIAN_POINT('Ctrl Pts',(84.4703700468941,-43.3539593995168,11.6646197030971));
#167=CARTESIAN_POINT('Ctrl Pts',(90.8899458909675,-10.960540875942,18.7212004521335));
#168=CARTESIAN_POINT('Ctrl Pts',(93.2526495167686,0.,21.0173665702279));
#169=CARTESIAN_POINT('Ctrl Pts',(65.2251453069424,-200.,-47.999727704173));
#170=CARTESIAN_POINT('Ctrl Pts',(64.43460586701,-191.884572447654,-44.5907370903878));
#171=CARTESIAN_POINT('Ctrl Pts',(63.1838309422343,-175.281180108538,-37.8786964320912));
#172=CARTESIAN_POINT('Ctrl Pts',(62.3493680097559,-149.221562084155,-28.1204761314893));
#173=CARTESIAN_POINT('Ctrl Pts',(62.6633098514104,-121.907875008126,-18.6744099184304));
#174=CARTESIAN_POINT('Ctrl Pts',(64.7437298619311,-83.6950185384229,-6.494773151795));
#175=CARTESIAN_POINT('Ctrl Pts',(69.2291423605313,-42.9210795761226,5.11495331662383));
#176=CARTESIAN_POINT('Ctrl Pts',(74.0657022681728,-10.849296905379,13.5023890930469));
#177=CARTESIAN_POINT('Ctrl Pts',(75.8383180034914,0.,16.2659042571607));
#178=CARTESIAN_POINT('Ctrl Pts',(54.7367836100511,-200.,-49.5526655067219));
#179=CARTESIAN_POINT('Ctrl Pts',(54.1904207581027,-191.74832655905,-46.441689982159));
#180=CARTESIAN_POINT('Ctrl Pts',(53.3719910724203,-174.917876344807,-40.2536600412927));
#181=CARTESIAN_POINT('Ctrl Pts',(52.9986148955944,-148.646464848666,-31.0733681009796));
#182=CARTESIAN_POINT('Ctrl Pts',(53.5587210842819,-121.244284524483,-21.9973481484334));
#183=CARTESIAN_POINT('Ctrl Pts',(55.6496320058917,-83.0677057566352,-10.0380373369865));
#184=CARTESIAN_POINT('Ctrl Pts',(59.6757179991846,-42.5314931526482,1.71557459794376));
#185=CARTESIAN_POINT('Ctrl Pts',(63.8450115082176,-10.7442933317523,10.3969347949829));
#186=CARTESIAN_POINT('Ctrl Pts',(65.3580281494413,0.,13.2763519796418));
#187=CARTESIAN_POINT('Ctrl Pts',(45.416932187347,-200.,-49.465220025579));
#188=CARTESIAN_POINT('Ctrl Pts',(45.1336534972932,-191.627282957422,-46.6071474379448));
#189=CARTESIAN_POINT('Ctrl Pts',(44.7726048425095,-174.59159587738,-40.8862652766092));
#190=CARTESIAN_POINT('Ctrl Pts',(44.8851993236563,-148.119966086126,-32.2937047381882));
#191=CARTESIAN_POINT('Ctrl Pts',(45.7369402026676,-120.62229046163,-23.6957014761771));
#192=CARTESIAN_POINT('Ctrl Pts',(47.9654612987973,-82.4541299413848,-12.2317145496184));
#193=CARTESIAN_POINT('Ctrl Pts',(51.7639214545171,-42.1241255394585,-0.766878184334286));
#194=CARTESIAN_POINT('Ctrl Pts',(55.5062656545445,-10.6311823095958,7.84322134522404));
#195=CARTESIAN_POINT('Ctrl Pts',(56.8495095074823,0.,10.714516869407));
#196=CARTESIAN_POINT('Ctrl Pts',(38.385872913596,-200.,-48.610267002752));
#197=CARTESIAN_POINT('Ctrl Pts',(38.2232170072206,-191.512918437957,-45.9911465862591));
#198=CARTESIAN_POINT('Ctrl Pts',(38.0952871093098,-174.279735521865,-40.6980952402946));
#199=CARTESIAN_POINT('Ctrl Pts',(38.5067469384044,-147.607276404736,-32.6247218937831));
#200=CARTESIAN_POINT('Ctrl Pts',(39.5787056555409,-120.009537090649,-24.4511265094538));
#201=CARTESIAN_POINT('Ctrl Pts',(41.9586757802211,-81.8490036250763,-13.46359982444));
#202=CARTESIAN_POINT('Ctrl Pts',(45.6537566646866,-41.7302403167582,-2.39735448380684));
#203=CARTESIAN_POINT('Ctrl Pts',(49.0751083987409,-10.5225050824234,5.88740450682233));
#204=CARTESIAN_POINT('Ctrl Pts',(50.2805703518943,0.,8.64266360091497));
#205=CARTESIAN_POINT('Ctrl Pts',(28.5802237187205,-200.,-44.9241258980089));
#206=CARTESIAN_POINT('Ctrl Pts',(28.5045147590611,-191.322834297367,-42.7130402988255));
#207=CARTESIAN_POINT('Ctrl Pts',(28.6141889973097,-173.758262260031,-38.1873261636041));
#208=CARTESIAN_POINT('Ctrl Pts',(29.4827020699405,-146.741813896239,-31.1493361441063));
#209=CARTESIAN_POINT('Ctrl Pts',(31.0098844489281,-118.969148910365,-23.9243906283247));
#210=CARTESIAN_POINT('Ctrl Pts',(33.8605082488872,-80.8209671619414,-14.125159650627));
#211=CARTESIAN_POINT('Ctrl Pts',(37.6540528330669,-41.0676100453986,-4.19225019210624));
#212=CARTESIAN_POINT('Ctrl Pts',(40.648482480303,-10.3402607185957,3.1917509772215));
#213=CARTESIAN_POINT('Ctrl Pts',(41.64210942296,0.,5.63602432183742));
#214=CARTESIAN_POINT('Ctrl Pts',(22.6286065320558,-200.,-41.5115908378535));
#215=CARTESIAN_POINT('Ctrl Pts',(22.582897643961,-191.195014311779,-39.5811633789657));
#216=CARTESIAN_POINT('Ctrl Pts',(22.7981145437397,-173.406833115778,-35.6034632792832));
#217=CARTESIAN_POINT('Ctrl Pts',(23.8979784028151,-146.156567574284,-29.3539253815363));
#218=CARTESIAN_POINT('Ctrl Pts',(25.6640582003566,-118.264155838448,-22.8911001491794));
#219=CARTESIAN_POINT('Ctrl Pts',(28.7552683529696,-80.1241868317836,-14.0821482552766));
#220=CARTESIAN_POINT('Ctrl Pts',(32.5683946498514,-40.6200448224668,-5.11638583737701));
#221=CARTESIAN_POINT('Ctrl Pts',(35.2743846397662,-10.2173051610855,1.53564005638975));
#222=CARTESIAN_POINT('Ctrl Pts',(36.1289211211516,0.,3.73400111403816));
#223=CARTESIAN_POINT('Ctrl Pts',(18.1728681969095,-200.,-38.1450158322409));
#224=CARTESIAN_POINT('Ctrl Pts',(18.1404200997876,-191.091336974705,-36.4475205603486));
#225=CARTESIAN_POINT('Ctrl Pts',(18.3978612011674,-173.121494637269,-32.9378139246073));
#226=CARTESIAN_POINT('Ctrl Pts',(19.5784027167146,-145.680640878407,-27.3938328005003));
#227=CARTESIAN_POINT('Ctrl Pts',(21.4072820230304,-117.690306751238,-21.6358906377942));
#228=CARTESIAN_POINT('Ctrl Pts',(24.512327761652,-79.5569538625003,-13.7607175287794));
#229=CARTESIAN_POINT('Ctrl Pts',(28.1876030526458,-40.2562495737295,-5.71258031096318));
#230=CARTESIAN_POINT('Ctrl Pts',(30.6242528413142,-10.1174126675018,0.272370169592754));
#231=CARTESIAN_POINT('Ctrl Pts',(31.3665161107244,0.,2.25121359275274));
#232=CARTESIAN_POINT('Ctrl Pts',(13.9825626019966,-200.,-34.3890285810712));
#233=CARTESIAN_POINT('Ctrl Pts',(13.9575043835952,-190.98804176857,-32.9277438950381));
#234=CARTESIAN_POINT('Ctrl Pts',(14.2266407446937,-172.837062666773,-29.9009085231245));
#235=CARTESIAN_POINT('Ctrl Pts',(15.4020572451132,-145.205850995047,-25.1025585022165));
#236=CARTESIAN_POINT('Ctrl Pts',(17.1849700354768,-117.117553126199,-20.1020804149404));
#237=CARTESIAN_POINT('Ctrl Pts',(20.1506468465253,-78.9907636961994,-13.2397107363425));
#238=CARTESIAN_POINT('Ctrl Pts',(23.5570220507581,-39.8933955152669,-6.1907725902465));
#239=CARTESIAN_POINT('Ctrl Pts',(25.6942374338104,-10.0178026923663,-0.918703796310513));
#240=CARTESIAN_POINT('Ctrl Pts',(26.3245653642299,0.,0.828143426155557));
#241=CARTESIAN_POINT('Ctrl Pts',(9.35059340447826,-200.,-29.0295178223959));
#242=CARTESIAN_POINT('Ctrl Pts',(9.32618069637974,-190.862132437682,-27.8652832709763));
#243=CARTESIAN_POINT('Ctrl Pts',(9.54822310947996,-172.490166062591,-25.4589802354954));
#244=CARTESIAN_POINT('Ctrl Pts',(10.5303226325859,-144.626288735675,-21.6496523332734));
#245=CARTESIAN_POINT('Ctrl Pts',(12.0142326774359,-116.418037365139,-17.6745501734777));
#246=CARTESIAN_POINT('Ctrl Pts',(14.4635585294558,-78.2991973809543,-12.198888932216));
#247=CARTESIAN_POINT('Ctrl Pts',(17.2408809702624,-39.4505362437078,-6.52386761188419));
#248=CARTESIAN_POINT('Ctrl Pts',(18.9397651584495,-9.89625972709677,-2.2109212516767));
#249=CARTESIAN_POINT('Ctrl Pts',(19.4326919925198,0.,-0.772379147205636));
#250=CARTESIAN_POINT('Ctrl Pts',(5.01741068795983,-200.,-21.8548068130459));
#251=CARTESIAN_POINT('Ctrl Pts',(4.98775724287017,-190.724154903519,-21.0359391609715));
#252=CARTESIAN_POINT('Ctrl Pts',(5.0886296196301,-172.109939212383,-19.3587282282354));
#253=CARTESIAN_POINT('Ctrl Pts',(5.63146276754325,-143.990833604501,-16.7295116508564));
#254=CARTESIAN_POINT('Ctrl Pts',(6.48659589878124,-115.650891775982,-13.9924210324508));
#255=CARTESIAN_POINT('Ctrl Pts',(7.93637111893652,-77.5406836693932,-10.2064454008339));
#256=CARTESIAN_POINT('Ctrl Pts',(9.64140208635995,-38.9648578234829,-6.22411485719571));
#257=CARTESIAN_POINT('Ctrl Pts',(10.7598985053255,-9.76296667560368,-3.10077673951389));
#258=CARTESIAN_POINT('Ctrl Pts',(11.0980035573373,0.,-2.04521674161631));
#259=CARTESIAN_POINT('Ctrl Pts',(2.02974930337013,-200.,-14.3311894742257));
#260=CARTESIAN_POINT('Ctrl Pts',(1.99657136353625,-190.607269212315,-13.8326431534507));
#261=CARTESIAN_POINT('Ctrl Pts',(1.99115561302095,-171.7879811375,-12.8213268227326));
#262=CARTESIAN_POINT('Ctrl Pts',(2.14303514516215,-143.453137481748,-11.2525588401771));
#263=CARTESIAN_POINT('Ctrl Pts',(2.43754397874807,-115.002010802674,-9.62258998569457));
#264=CARTESIAN_POINT('Ctrl Pts',(2.9963336343945,-76.8990274630892,-7.35532684188778));
#265=CARTESIAN_POINT('Ctrl Pts',(3.74594605558086,-38.5535515321183,-4.92717027034355));
#266=CARTESIAN_POINT('Ctrl Pts',(4.3456871787926,-9.65003943193167,-2.95485047512498));
#267=CARTESIAN_POINT('Ctrl Pts',(4.5450605920446,0.,-2.27900872635571));
#268=CARTESIAN_POINT('Ctrl Pts',(0.361612867606628,-200.,-6.8733736427563));
#269=CARTESIAN_POINT('Ctrl Pts',(0.334358266877013,-190.519453544124,-6.65615077938038));
#270=CARTESIAN_POINT('Ctrl Pts',(0.292449987549944,-171.546511538455,-6.21447733494005));
#271=CARTESIAN_POINT('Ctrl Pts',(0.271286941593204,-143.050939795765,-5.52411044747283));
#272=CARTESIAN_POINT('Ctrl Pts',(0.295140212014086,-114.51738573695,-4.80030116959402));
#273=CARTESIAN_POINT('Ctrl Pts',(0.391860311761532,-76.4197204005658,-3.7829699974408));
#274=CARTESIAN_POINT('Ctrl Pts',(0.588073127267539,-38.2452367928289,-2.67574542337374));
#275=CARTESIAN_POINT('Ctrl Pts',(0.810263200225444,-9.56528529707131,-1.76015452055766));
#276=CARTESIAN_POINT('Ctrl Pts',(0.893025727754537,0.,-1.44448734104688));
#277=CARTESIAN_POINT('Ctrl Pts',(0.0218331985247976,-200.,-2.20461061819426));
#278=CARTESIAN_POINT('Ctrl Pts',(0.00998044083140925,-190.485608567377,
-2.13963660658112));
#279=CARTESIAN_POINT('Ctrl Pts',(-0.00843506533408836,-171.454003923326,
-2.00454205515657));
#280=CARTESIAN_POINT('Ctrl Pts',(-0.0199686120782702,-142.898299915189,
-1.78663404418519));
#281=CARTESIAN_POINT('Ctrl Pts',(-0.015829916593866,-114.334467159346,-1.55366338049704));
#282=CARTESIAN_POINT('Ctrl Pts',(0.0102746246637705,-76.2387428804199,-1.22321200606558));
#283=CARTESIAN_POINT('Ctrl Pts',(0.0665370148653218,-38.1274342834958,-0.863426598524772));
#284=CARTESIAN_POINT('Ctrl Pts',(0.130616520876618,-9.532769480366,-0.572173175449251));
#285=CARTESIAN_POINT('Ctrl Pts',(0.154406033107083,0.,-0.472740040581118));
#286=CARTESIAN_POINT('Ctrl Pts',(8.88178419700125E-15,-200.,-4.07313072159354E-14));
#287=CARTESIAN_POINT('Ctrl Pts',(8.89015291088061E-15,-190.47619047619,
-4.07044809262165E-14));
#288=CARTESIAN_POINT('Ctrl Pts',(8.60930842205078E-15,-171.428571428572,
-3.92321062689975E-14));
#289=CARTESIAN_POINT('Ctrl Pts',(7.55036615325912E-15,-142.857142857145,
-3.39834255450669E-14));
#290=CARTESIAN_POINT('Ctrl Pts',(6.10881856313931E-15,-114.28571428572,
-2.69106735782749E-14));
#291=CARTESIAN_POINT('Ctrl Pts',(4.01670830016705E-15,-76.190476190485,
-1.66696392923918E-14));
#292=CARTESIAN_POINT('Ctrl Pts',(2.17966825141354E-15,-38.0952380952467,
-7.64465250174951E-15));
#293=CARTESIAN_POINT('Ctrl Pts',(1.75840151816875E-15,-9.52380952381216,
-5.43609051592111E-15));
#294=CARTESIAN_POINT('Ctrl Pts',(1.76677023204809E-15,0.,-5.40926422620215E-15));
#295=CARTESIAN_POINT('',(0.,0.,0.));
#296=CARTESIAN_POINT('Ctrl Pts',(0.,-200.,0.));
#297=CARTESIAN_POINT('Ctrl Pts',(7.02971965866279E-18,-192.,2.25340833639379E-17));
#298=CARTESIAN_POINT('Ctrl Pts',(2.10891589759859E-17,-176.,6.76022500918101E-17));
#299=CARTESIAN_POINT('Ctrl Pts',(4.2178317951963E-17,-152.000000000001,
1.35204500183608E-16));
#300=CARTESIAN_POINT('Ctrl Pts',(7.02971965865862E-17,-120.000000000005,
2.25340833639321E-16));
#301=CARTESIAN_POINT('Ctrl Pts',(1.05445794879852E-16,-80.0000000000089,
3.38011250458947E-16));
#302=CARTESIAN_POINT('Ctrl Pts',(1.33564673514458E-16,-48.0000000000091,
4.28147583914641E-16));
#303=CARTESIAN_POINT('Ctrl Pts',(1.54653832490412E-16,-24.0000000000058,
4.95749834006411E-16));
#304=CARTESIAN_POINT('Ctrl Pts',(1.68713271807713E-16,-8.00000000000221,
5.40818000734256E-16));
#305=CARTESIAN_POINT('Ctrl Pts',(1.75742991466363E-16,0.,5.63352084098179E-16));
#306=CARTESIAN_POINT('',(128.502035137467,0.,31.0782997894411));
#307=CARTESIAN_POINT('Ctrl Pts',(0.,0.,0.));
#308=CARTESIAN_POINT('Ctrl Pts',(0.159136515174021,0.,-0.487223207069451));
#309=CARTESIAN_POINT('Ctrl Pts',(0.803216548626797,0.,-1.31618056245445));
#310=CARTESIAN_POINT('Ctrl Pts',(2.74697933968329,0.,-2.12310435566943));
#311=CARTESIAN_POINT('Ctrl Pts',(7.05629066255023,0.,-2.38774382731768));
#312=CARTESIAN_POINT('Ctrl Pts',(14.0868940017788,0.,-1.69696277836377));
#313=CARTESIAN_POINT('Ctrl Pts',(21.4128551369496,0.,-0.37401782937753));
#314=CARTESIAN_POINT('Ctrl Pts',(28.1634123330235,0.,1.27265225873281));
#315=CARTESIAN_POINT('Ctrl Pts',(34.1945470955951,0.,3.07981835910572));
#316=CARTESIAN_POINT('Ctrl Pts',(39.7657856824255,0.,4.97358283116664));
#317=CARTESIAN_POINT('Ctrl Pts',(45.3551236030798,0.,6.94237942343462));
#318=CARTESIAN_POINT('Ctrl Pts',(51.4280205442473,0.,8.99999438730695));
#319=CARTESIAN_POINT('Ctrl Pts',(58.2150731284218,0.,11.1518335267212));
#320=CARTESIAN_POINT('Ctrl Pts',(65.7555951616915,0.,13.3952444604946));
#321=CARTESIAN_POINT('Ctrl Pts',(73.9583754309352,0.,15.7226863300575));
#322=CARTESIAN_POINT('Ctrl Pts',(82.6541338155529,0.,18.1236657608586));
#323=CARTESIAN_POINT('Ctrl Pts',(91.6458659835593,0.,20.5869179725024));
#324=CARTESIAN_POINT('Ctrl Pts',(100.766710011285,0.,23.1026721660878));
#325=CARTESIAN_POINT('Ctrl Pts',(109.904890508044,0.,25.6637088550248));
#326=CARTESIAN_POINT('Ctrl Pts',(117.284608694854,0.,27.7773286893226));
#327=CARTESIAN_POINT('Ctrl Pts',(122.801792324129,0.,29.3878755427454));
#328=CARTESIAN_POINT('Ctrl Pts',(126.493868453241,0.,30.4800864414806));
#329=CARTESIAN_POINT('Ctrl Pts',(128.389698636004,0.,31.044822847382));
#330=CARTESIAN_POINT('Ctrl Pts',(128.502035137467,0.,31.0782997894411));
#331=CARTESIAN_POINT('',(145.544358941399,0.,36.2882843399501));
#332=CARTESIAN_POINT('Ctrl Pts',(128.502035137467,0.,31.0782997894411));
#333=CARTESIAN_POINT('Ctrl Pts',(130.172801348637,0.,31.5761980052224));
#334=CARTESIAN_POINT('Ctrl Pts',(133.616074497325,0.,32.6086068413371));
#335=CARTESIAN_POINT('Ctrl Pts',(137.036753524235,0.,33.6474123749368));
#336=CARTESIAN_POINT('Ctrl Pts',(140.434200490889,0.,34.6925004873887));
#337=CARTESIAN_POINT('Ctrl Pts',(143.808502271746,0.,35.7438462163528));
#338=CARTESIAN_POINT('Ctrl Pts',(145.544358941399,0.,36.2882843399501));
#339=CARTESIAN_POINT('Ctrl Pts',(99.9950964681825,-200.,0.));
#340=CARTESIAN_POINT('Ctrl Pts',(99.496390337712,-196.762574690256,1.52294834782316));
#341=CARTESIAN_POINT('Ctrl Pts',(98.6281402777653,-190.217853582231,4.49580361854371));
#342=CARTESIAN_POINT('Ctrl Pts',(97.7132671324,-180.191152155542,8.73595357416431));
#343=CARTESIAN_POINT('Ctrl Pts',(97.2810575984175,-166.396151968743,13.9440857669992));
#344=CARTESIAN_POINT('Ctrl Pts',(98.1367141686755,-148.397277511954,19.664856938905));
#345=CARTESIAN_POINT('Ctrl Pts',(100.491211875507,-129.587602668815,24.5380311241894));
#346=CARTESIAN_POINT('Ctrl Pts',(104.431290649405,-109.920205342303,28.5145567576801));
#347=CARTESIAN_POINT('Ctrl Pts',(109.942253812753,-89.4030357224429,31.6027448333611));
#348=CARTESIAN_POINT('Ctrl Pts',(116.908170149214,-68.0988069765609,33.8681546338174));
#349=CARTESIAN_POINT('Ctrl Pts',(125.193178051287,-46.0810136473283,35.3876161087366));
#350=CARTESIAN_POINT('Ctrl Pts',(132.778267399437,-27.9490434689684,36.0619533532811));
#351=CARTESIAN_POINT('Ctrl Pts',(138.969242058809,-14.078422893658,36.2837353580276));
#352=CARTESIAN_POINT('Ctrl Pts',(143.316066285733,-4.71259943958756,36.30745803378));
#353=CARTESIAN_POINT('Ctrl Pts',(145.544358941399,0.,36.2882843399501));
#354=CARTESIAN_POINT('Ctrl Pts',(8.88178419700125E-15,-200.,3.67761376907083E-15));
#355=CARTESIAN_POINT('Ctrl Pts',(8.89015291088061E-15,-190.47619047619,
3.7044400587898E-15));
#356=CARTESIAN_POINT('Ctrl Pts',(8.53719535135494E-15,-171.428571428572,
3.58499199115962E-15));
#357=CARTESIAN_POINT('Ctrl Pts',(7.21555546788557E-15,-142.857142857145,
3.03488993171121E-15));
#358=CARTESIAN_POINT('Ctrl Pts',(5.41859345790769E-15,-114.28571428572,
2.26222989746092E-15));
#359=CARTESIAN_POINT('Ctrl Pts',(2.81138983282228E-15,-76.190476190485,
1.13310186299302E-15));
#360=CARTESIAN_POINT('Ctrl Pts',(5.21067625409205E-16,-38.0952380952467,
1.52345811726361E-16));
#361=CARTESIAN_POINT('Ctrl Pts',(-8.3687138793458E-18,-9.52380952381216,
-2.68262897189556E-17));
#362=CARTESIAN_POINT('Ctrl Pts',(0.,0.,0.));
#363=CARTESIAN_POINT('Ctrl Pts',(-0.025925837780406,-200.,2.61786550382873));
#364=CARTESIAN_POINT('Ctrl Pts',(-0.0118512772958078,-190.46500696114,2.5407120953113));
#365=CARTESIAN_POINT('Ctrl Pts',(0.00993390595123205,-171.398371605463,
2.38031395875991));
#366=CARTESIAN_POINT('Ctrl Pts',(0.0236597490960367,-142.808270896899,2.12155167985206));
#367=CARTESIAN_POINT('Ctrl Pts',(0.018790173501233,-114.227822672105,1.84489972739052));
#368=CARTESIAN_POINT('Ctrl Pts',(-0.0121049949725364,-76.1331618958327,
1.45248030021702));
#369=CARTESIAN_POINT('Ctrl Pts',(-0.0789293412835138,-38.0570067223791,
1.02525676621573));
#370=CARTESIAN_POINT('Ctrl Pts',(-0.155100624759349,-9.51317002086115,0.679427199462376));
#371=CARTESIAN_POINT('Ctrl Pts',(-0.183349487804406,0.,0.561355295262783));
#372=CARTESIAN_POINT('Ctrl Pts',(0.334325635134595,-200.,7.85764482977625));
#373=CARTESIAN_POINT('Ctrl Pts',(0.393632660186318,-190.455988722156,7.65218862903577));
#374=CARTESIAN_POINT('Ctrl Pts',(0.491836089925791,-171.374758463116,7.22873435069936));
#375=CARTESIAN_POINT('Ctrl Pts',(0.578103832164561,-142.772038316971,6.54741151793703));
#376=CARTESIAN_POINT('Ctrl Pts',(0.603452572184655,-114.186413056239,5.81197706013675));
#377=CARTESIAN_POINT('Ctrl Pts',(0.556141071580609,-76.0923531316757,4.74792917172298));
#378=CARTESIAN_POINT('Ctrl Pts',(0.388326770211904,-38.0280920698472,3.54875608640161));
#379=CARTESIAN_POINT('Ctrl Pts',(0.174600621666878,-9.50496712364541,2.5377323565524));
#380=CARTESIAN_POINT('Ctrl Pts',(0.0936776062817883,0.,2.18729551456041));
#381=CARTESIAN_POINT('Ctrl Pts',(2.09687884693457,-200.,15.5365702849562));
#382=CARTESIAN_POINT('Ctrl Pts',(2.26079412778886,-190.477060110278,15.2084176827654));
#383=CARTESIAN_POINT('Ctrl Pts',(2.54847082941808,-171.434534676543,14.5452061671098));
#384=CARTESIAN_POINT('Ctrl Pts',(2.85560413576474,-142.876472614164,13.4904281632166));
#385=CARTESIAN_POINT('Ctrl Pts',(3.03372305081327,-114.31598401471,12.3296051707043));
#386=CARTESIAN_POINT('Ctrl Pts',(3.09294290461746,-76.2213301530766,10.5792909531964));
#387=CARTESIAN_POINT('Ctrl Pts',(2.88008310374939,-38.1074922636984,8.46416741037039));
#388=CARTESIAN_POINT('Ctrl Pts',(2.51332287442841,-9.52645054316716,6.54037388665481));
#389=CARTESIAN_POINT('Ctrl Pts',(2.36762514380847,0.,5.8564388104778));
#390=CARTESIAN_POINT('Ctrl Pts',(5.04036049368551,-200.,22.8440251243113));
#391=CARTESIAN_POINT('Ctrl Pts',(5.33115311745234,-190.527282618249,22.4546796200034));
#392=CARTESIAN_POINT('Ctrl Pts',(5.85565669098268,-171.574343232256,21.6759153866099));
#393=CARTESIAN_POINT('Ctrl Pts',(6.45999401077656,-143.113939223829,20.4274857021866));
#394=CARTESIAN_POINT('Ctrl Pts',(6.86900472722291,-114.605804903626,19.0072789832272));
#395=CARTESIAN_POINT('Ctrl Pts',(7.1366162875329,-76.5092280343097,16.7619617217277));
#396=CARTESIAN_POINT('Ctrl Pts',(6.97177860564847,-38.2897925232368,13.8729541511029));
#397=CARTESIAN_POINT('Ctrl Pts',(6.50870002997012,-9.57628116732115,11.1071812668819));
#398=CARTESIAN_POINT('Ctrl Pts',(6.31522988941547,0.,10.1085096897066));
#399=CARTESIAN_POINT('Ctrl Pts',(10.4375766001421,-200.,31.8561837997445));
#400=CARTESIAN_POINT('Ctrl Pts',(10.9079105014831,-190.625850619673,31.456246708323));
#401=CARTESIAN_POINT('Ctrl Pts',(11.7725407378544,-171.847246316705,30.6448843138815));
#402=CARTESIAN_POINT('Ctrl Pts',(12.8193420278971,-143.573603313858,29.2751831608387));
#403=CARTESIAN_POINT('Ctrl Pts',(13.5904852958679,-115.163985393677,27.607896491972));
#404=CARTESIAN_POINT('Ctrl Pts',(14.2170402984444,-77.0632939453226,24.7956426420088));
#405=CARTESIAN_POINT('Ctrl Pts',(14.2087831480325,-38.6435634809223,20.9355735263682));
#406=CARTESIAN_POINT('Ctrl Pts',(13.6942405222303,-9.67326419141839,17.1198077832072));
#407=CARTESIAN_POINT('Ctrl Pts',(13.4634312981962,0.,15.7314532631941));
#408=CARTESIAN_POINT('Ctrl Pts',(19.7145258572296,-200.,41.3198958878365));
#409=CARTESIAN_POINT('Ctrl Pts',(20.3925067141036,-190.794700287316,41.0192066231002));
#410=CARTESIAN_POINT('Ctrl Pts',(21.6533799030254,-172.312638104667,40.3327349229134));
#411=CARTESIAN_POINT('Ctrl Pts',(23.2286339411509,-144.352009934508,38.9253296230384));
#412=CARTESIAN_POINT('Ctrl Pts',(24.4512029588382,-116.105158573234,36.9717725232481));
#413=CARTESIAN_POINT('Ctrl Pts',(25.5621147760007,-77.9968319446437,33.4162451814105));
#414=CARTESIAN_POINT('Ctrl Pts',(25.8519379398474,-39.2436668074395,28.3064199236343));
#415=CARTESIAN_POINT('Ctrl Pts',(25.4170456205574,-9.83815817955429,23.3012385971161));
#416=CARTESIAN_POINT('Ctrl Pts',(25.1958972655491,0.,21.4912475349387));
#417=CARTESIAN_POINT('Ctrl Pts',(33.8128672098527,-200.,48.6787026240873));
#418=CARTESIAN_POINT('Ctrl Pts',(34.5972532123358,-191.02676233986,48.6110561478874));
#419=CARTESIAN_POINT('Ctrl Pts',(36.0579086135213,-172.948620264764,48.2427115184322));
#420=CARTESIAN_POINT('Ctrl Pts',(37.9074103402655,-145.40621345536,46.9158808148591));
#421=CARTESIAN_POINT('Ctrl Pts',(39.388083529749,-117.372598881303,44.6771275823859));
#422=CARTESIAN_POINT('Ctrl Pts',(40.8347322012561,-79.2524520582763,40.2947679832394));
#423=CARTESIAN_POINT('Ctrl Pts',(41.4790660582959,-40.0574373506237,33.8335925331044));
#424=CARTESIAN_POINT('Ctrl Pts',(41.3831839578206,-10.0623708124344,27.7128574827173));
#425=CARTESIAN_POINT('Ctrl Pts',(41.2858905392431,0.,25.5313504736207));
#426=CARTESIAN_POINT('Ctrl Pts',(44.2672789242357,-200.,50.4411032805107));
#427=CARTESIAN_POINT('Ctrl Pts',(44.950138373281,-191.172044666464,50.5607593940718));
#428=CARTESIAN_POINT('Ctrl Pts',(46.2311435851973,-173.343410596324,50.490316943071));
#429=CARTESIAN_POINT('Ctrl Pts',(47.8944710047123,-146.051754962041,49.4042980428187));
#430=CARTESIAN_POINT('Ctrl Pts',(49.2848032315294,-118.141925005354,47.2196340477105));
#431=CARTESIAN_POINT('Ctrl Pts',(50.7554144513593,-80.0130121687031,42.6861002442088));
#432=CARTESIAN_POINT('Ctrl Pts',(51.6691474098982,-40.5563975098607,35.8027562109947));
#433=CARTESIAN_POINT('Ctrl Pts',(52.0058223632278,-10.2003894752952,29.2801687880547));
#434=CARTESIAN_POINT('Ctrl Pts',(52.0806910554705,0.,26.9604167404411));
#435=CARTESIAN_POINT('Ctrl Pts',(54.3220147152796,-200.,50.5413142044008));
#436=CARTESIAN_POINT('Ctrl Pts',(54.7874537362444,-191.293088268092,50.8350429762878));
#437=CARTESIAN_POINT('Ctrl Pts',(55.7018098077043,-173.669691063751,51.0742083660169));
#438=CARTESIAN_POINT('Ctrl Pts',(57.0141791069448,-146.578253724581,50.3404021466905));
#439=CARTESIAN_POINT('Ctrl Pts',(58.2471930791281,-118.763919068207,48.3985854367752));
#440=CARTESIAN_POINT('Ctrl Pts',(59.7589943176219,-80.6265879839535,44.0470301245974));
#441=CARTESIAN_POINT('Ctrl Pts',(61.0795546249317,-40.9637651230504,37.1387084102665));
#442=CARTESIAN_POINT('Ctrl Pts',(61.9793018329317,-10.3135004974518,30.451141733582));
#443=CARTESIAN_POINT('Ctrl Pts',(62.2696070472744,0.,28.0606810678415));
#444=CARTESIAN_POINT('Ctrl Pts',(64.3774943280214,-200.,49.2259074670395));
#445=CARTESIAN_POINT('Ctrl Pts',(64.5757619528798,-191.442277864317,49.8171080082991));
#446=CARTESIAN_POINT('Ctrl Pts',(65.0112969639272,-174.069226792514,50.56122812638));
#447=CARTESIAN_POINT('Ctrl Pts',(65.8023640619741,-147.215250008461,50.3578189824423));
#448=CARTESIAN_POINT('Ctrl Pts',(66.754987234733,-119.502608791409,48.7610525092532));
#449=CARTESIAN_POINT('Ctrl Pts',(68.2664352165293,-81.3262167273592,44.6812031659352));
#450=CARTESIAN_POINT('Ctrl Pts',(70.1499979801826,-41.3959849260964,37.8657365990742));
#451=CARTESIAN_POINT('Ctrl Pts',(71.8614869107368,-10.4298280438124,31.2658426122791));
#452=CARTESIAN_POINT('Ctrl Pts',(72.4678975398429,0.,28.9141719325624));
#453=CARTESIAN_POINT('Ctrl Pts',(78.8904798729118,-200.,42.3725900012126));
#454=CARTESIAN_POINT('Ctrl Pts',(78.608214637663,-191.714785359505,43.6705830693703));
#455=CARTESIAN_POINT('Ctrl Pts',(78.1665081653046,-174.798757643385,45.6670071359955));
#456=CARTESIAN_POINT('Ctrl Pts',(77.9972454321191,-148.376358980841,46.9422673784588));
#457=CARTESIAN_POINT('Ctrl Pts',(78.4934615680897,-120.838985238443,46.5021407332603));
#458=CARTESIAN_POINT('Ctrl Pts',(80.2453759036203,-82.5623375187528,43.6501383401995));
#459=CARTESIAN_POINT('Ctrl Pts',(83.6597696987084,-42.1220803549598,37.8139522897731));
#460=CARTESIAN_POINT('Ctrl Pts',(87.3884090365323,-10.6208837226544,32.0865927793045));
#461=CARTESIAN_POINT('Ctrl Pts',(88.7717871171223,0.,30.0563290140363));
#462=CARTESIAN_POINT('Ctrl Pts',(90.814190983896,-200.,30.9236227844634));
#463=CARTESIAN_POINT('Ctrl Pts',(90.0680313872965,-191.985304474321,33.0578142020575));
#464=CARTESIAN_POINT('Ctrl Pts',(88.8471528310208,-175.528552973356,36.6350234646896));
#465=CARTESIAN_POINT('Ctrl Pts',(88.0391607785601,-149.551974347633,40.0391980608923));
#466=CARTESIAN_POINT('Ctrl Pts',(88.5635779595499,-122.20489698187,41.5107874757045));
#467=CARTESIAN_POINT('Ctrl Pts',(91.4002280299548,-83.8376364031539,40.9650080460873));
#468=CARTESIAN_POINT('Ctrl Pts',(97.4129770177652,-42.8786801847227,37.2007770240179));
#469=CARTESIAN_POINT('Ctrl Pts',(103.993221243131,-10.8214047496685,33.0347423858586));
#470=CARTESIAN_POINT('Ctrl Pts',(106.430487423731,0.,31.5325939799737));
#471=CARTESIAN_POINT('Ctrl Pts',(98.4392824734097,-200.,16.1206782026191));
#472=CARTESIAN_POINT('Ctrl Pts',(97.3422812789194,-192.203123727542,19.089294741887));
#473=CARTESIAN_POINT('Ctrl Pts',(95.673141893806,-176.1286500038,24.3613619972329));
#474=CARTESIAN_POINT('Ctrl Pts',(94.9592573409547,-150.550987956688,30.3359368046631));
#475=CARTESIAN_POINT('Ctrl Pts',(96.3968463696629,-123.401537455858,34.3522951849028));
#476=CARTESIAN_POINT('Ctrl Pts',(101.591714843114,-85.0046137972852,37.1041096816726));
#477=CARTESIAN_POINT('Ctrl Pts',(111.498510660958,-43.6185230919909,36.4538261390681));
#478=CARTESIAN_POINT('Ctrl Pts',(121.763316017886,-11.0242921137256,34.4135125462211));
#479=CARTESIAN_POINT('Ctrl Pts',(125.505502266211,0.,33.5896744541762));
#480=CARTESIAN_POINT('Ctrl Pts',(100.047601942642,-200.,5.30174845321556));
#481=CARTESIAN_POINT('Ctrl Pts',(98.8563510350008,-192.279395667813,8.73801355489009));
#482=CARTESIAN_POINT('Ctrl Pts',(97.2273352244559,-176.355607305327,15.0463264860565));
#483=CARTESIAN_POINT('Ctrl Pts',(97.2061295345568,-150.971857089469,22.7965123027097));
#484=CARTESIAN_POINT('Ctrl Pts',(99.9297701440057,-123.953912548332,28.724107301099));
#485=CARTESIAN_POINT('Ctrl Pts',(107.571773345156,-85.6120513443412,34.0951719348336));
#486=CARTESIAN_POINT('Ctrl Pts',(120.861087737406,-44.0690728662434,36.0201147503863));
#487=CARTESIAN_POINT('Ctrl Pts',(134.081468118966,-11.156395240373,35.6507040991484));
#488=CARTESIAN_POINT('Ctrl Pts',(138.843696603709,0.,35.3415271923161));
#489=CARTESIAN_POINT('Ctrl Pts',(99.9950964681825,-200.,-4.45476988630844E-14));
#490=CARTESIAN_POINT('Ctrl Pts',(98.8077009194432,-192.291844500609,3.626067494817));
#491=CARTESIAN_POINT('Ctrl Pts',(97.304309273862,-176.404148646627,10.3854247433132));
#492=CARTESIAN_POINT('Ctrl Pts',(97.7915184946218,-151.089155312187,18.9736875865013));
#493=CARTESIAN_POINT('Ctrl Pts',(101.307728588217,-124.13561936105,25.8490457397623));
#494=CARTESIAN_POINT('Ctrl Pts',(110.338396791171,-85.8485500083983,32.5605627532505));
#495=CARTESIAN_POINT('Ctrl Pts',(125.442954048078,-44.275801158489,35.8372860894803));
#496=CARTESIAN_POINT('Ctrl Pts',(140.238900237433,-11.2204748561609,36.333935991926));
#497=CARTESIAN_POINT('Ctrl Pts',(145.544358941399,0.,36.2882843399501));
#498=CARTESIAN_POINT('Ctrl Pts',(145.544358941399,0.,36.2882843399501));
#499=CARTESIAN_POINT('Ctrl Pts',(143.588321041523,0.,36.0119097415266));
#500=CARTESIAN_POINT('Ctrl Pts',(139.704951314717,0.,35.4725608300199));
#501=CARTESIAN_POINT('Ctrl Pts',(133.966015273252,0.,34.7037382586814));
#502=CARTESIAN_POINT('Ctrl Pts',(126.48703767804,0.,33.7593717331823));
#503=CARTESIAN_POINT('Ctrl Pts',(117.427225514849,0.,32.7135779400103));
#504=CARTESIAN_POINT('Ctrl Pts',(108.651010702534,0.,31.7993885687247));
#505=CARTESIAN_POINT('Ctrl Pts',(100.142092582788,0.,31.0079666069985));
#506=CARTESIAN_POINT('Ctrl Pts',(91.8673218677461,0.,30.321904784906));
#507=CARTESIAN_POINT('Ctrl Pts',(83.7716200515222,0.,29.7122744233266));
#508=CARTESIAN_POINT('Ctrl Pts',(75.7693616112066,0.,29.1353328413823));
#509=CARTESIAN_POINT('Ctrl Pts',(67.7650502770096,0.,28.5308638084985));
#510=CARTESIAN_POINT('Ctrl Pts',(59.6774685665611,0.,27.8210777517491));
#511=CARTESIAN_POINT('Ctrl Pts',(51.4636113261394,0.,26.9080711669043));
#512=CARTESIAN_POINT('Ctrl Pts',(43.141274339992,0.,25.6738410051294));
#513=CARTESIAN_POINT('Ctrl Pts',(34.8181736112362,0.,23.9737833889924));
#514=CARTESIAN_POINT('Ctrl Pts',(26.7040202487978,0.,21.6499672380141));
#515=CARTESIAN_POINT('Ctrl Pts',(19.076647543759,0.,18.5973739777356));
#516=CARTESIAN_POINT('Ctrl Pts',(12.257716595699,0.,14.8195259622836));
#517=CARTESIAN_POINT('Ctrl Pts',(6.58513749602351,0.,10.4942727013801));
#518=CARTESIAN_POINT('Ctrl Pts',(2.38627681296585,0.,6.030309578809));
#519=CARTESIAN_POINT('Ctrl Pts',(0.437475383896829,0.,2.92985905397027));
#520=CARTESIAN_POINT('Ctrl Pts',(-0.136457331346089,0.,1.19403278169775));
#521=CARTESIAN_POINT('Ctrl Pts',(-0.113142499279716,0.,0.346404791475007));
#522=CARTESIAN_POINT('Ctrl Pts',(0.,0.,0.));
#523=CARTESIAN_POINT('Origin',(20.5513702137594,800.,1.28743265362465));
#524=CARTESIAN_POINT('',(44.9725872158593,800.,1.57047735161254));
#525=CARTESIAN_POINT('',(0.,800.,0.));
#526=CARTESIAN_POINT('Ctrl Pts',(44.9725872158593,800.,1.57047735161254));
#527=CARTESIAN_POINT('Ctrl Pts',(44.6274428595084,800.,1.59492671554899));
#528=CARTESIAN_POINT('Ctrl Pts',(43.9195634519779,800.,1.64562582687892));
#529=CARTESIAN_POINT('Ctrl Pts',(42.8049722375812,800.,1.72707563218077));
#530=CARTESIAN_POINT('Ctrl Pts',(41.2128758493842,800.,1.84652184144986));
#531=CARTESIAN_POINT('Ctrl Pts',(39.0458036277675,800.,2.01384922265816));
#532=CARTESIAN_POINT('Ctrl Pts',(36.7052775818914,800.,2.19856544730669));
#533=CARTESIAN_POINT('Ctrl Pts',(34.2018264124123,800.,2.39904016279029));
#534=CARTESIAN_POINT('Ctrl Pts',(31.5565616706405,800.,2.61219295706114));
#535=CARTESIAN_POINT('Ctrl Pts',(28.804647234619,800.,2.83300912348514));
#536=CARTESIAN_POINT('Ctrl Pts',(25.9894088997818,800.,3.05406959209347));
#537=CARTESIAN_POINT('Ctrl Pts',(23.1568231698091,800.,3.26501754299546));
#538=CARTESIAN_POINT('Ctrl Pts',(20.3502063578284,800.,3.45205278513295));
#539=CARTESIAN_POINT('Ctrl Pts',(17.604398360313,800.,3.59724568625667));
#540=CARTESIAN_POINT('Ctrl Pts',(14.9410555980524,800.,3.67816371025249));
#541=CARTESIAN_POINT('Ctrl Pts',(12.3605403561878,800.,3.66659706821896));
#542=CARTESIAN_POINT('Ctrl Pts',(9.85674407755153,800.,3.53360544075677));
#543=CARTESIAN_POINT('Ctrl Pts',(7.4357162147576,800.,3.25565868142602));
#544=CARTESIAN_POINT('Ctrl Pts',(5.13463106293431,800.,2.82110468077088));
#545=CARTESIAN_POINT('Ctrl Pts',(3.03734148901004,800.,2.23565253434735));
#546=CARTESIAN_POINT('Ctrl Pts',(1.30068727278573,800.,1.53153260801961));
#547=CARTESIAN_POINT('Ctrl Pts',(0.379566644238976,800.,0.919628061373279));
#548=CARTESIAN_POINT('Ctrl Pts',(0.0414755603814587,800.,0.457793222781624));
#549=CARTESIAN_POINT('Ctrl Pts',(-0.0144209510456861,800.,0.152213809601289));
#550=CARTESIAN_POINT('Ctrl Pts',(0.,800.,0.));
#551=CARTESIAN_POINT('Ctrl Pts',(0.,800.,0.));
#552=CARTESIAN_POINT('Ctrl Pts',(0.0149836910428647,800.,-0.158153556467822));
#553=CARTESIAN_POINT('Ctrl Pts',(0.133195607674912,800.,-0.441667423775449));
#554=CARTESIAN_POINT('Ctrl Pts',(0.575287855274009,800.,-0.768549371175973));
#555=CARTESIAN_POINT('Ctrl Pts',(1.64475001922428,800.,-1.02104577159058));
#556=CARTESIAN_POINT('Ctrl Pts',(3.526044945073,800.,-1.10275593714508));
#557=CARTESIAN_POINT('Ctrl Pts',(5.6673388740675,800.,-1.03446484594397));
#558=CARTESIAN_POINT('Ctrl Pts',(7.87985936489109,800.,-0.881630967663163));
#559=CARTESIAN_POINT('Ctrl Pts',(10.0748814407968,800.,-0.688233486816214));
#560=CARTESIAN_POINT('Ctrl Pts',(12.2287766235049,800.,-0.482870974220098));
#561=CARTESIAN_POINT('Ctrl Pts',(14.361553426757,800.,-0.281690174341973));
#562=CARTESIAN_POINT('Ctrl Pts',(16.5121154838355,800.,-0.0923027820713651));
#563=CARTESIAN_POINT('Ctrl Pts',(18.7117100052994,800.,0.0825573051609374));
#564=CARTESIAN_POINT('Ctrl Pts',(20.9789435204724,800.,0.243247143499632));
#565=CARTESIAN_POINT('Ctrl Pts',(23.3245297685156,800.,0.392445193555409));
#566=CARTESIAN_POINT('Ctrl Pts',(25.7526736192536,800.,0.534075469072648));
#567=CARTESIAN_POINT('Ctrl Pts',(28.2635931527836,800.,0.672449944261693));
#568=CARTESIAN_POINT('Ctrl Pts',(30.8555347305318,800.,0.811218598988659));
#569=CARTESIAN_POINT('Ctrl Pts',(33.5263551059421,800.,0.952799292633575));
#570=CARTESIAN_POINT('Ctrl Pts',(36.2736810553292,800.,1.09874633046733));
#571=CARTESIAN_POINT('Ctrl Pts',(39.0953115663542,800.,1.24990942565946));
#572=CARTESIAN_POINT('Ctrl Pts',(41.4106126246775,800.,1.37530940014527));
#573=CARTESIAN_POINT('Ctrl Pts',(43.1791733680967,800.,1.47190670504588));
#574=CARTESIAN_POINT('Ctrl Pts',(44.3724156287369,800.,1.53743253494055));
#575=CARTESIAN_POINT('Ctrl Pts',(44.9725872158593,800.,1.57047735161254));
#576=CARTESIAN_POINT('Ctrl Pts',(145.544358941399,0.,36.2882843399501));
#577=CARTESIAN_POINT('Ctrl Pts',(143.609351159123,16.6660899222882,34.9623051081406));
#578=CARTESIAN_POINT('Ctrl Pts',(139.71266918178,49.9978637651874,32.4003365518374));
#579=CARTESIAN_POINT('Ctrl Pts',(133.786676320041,99.9973493354805,28.8292068379655));
#580=CARTESIAN_POINT('Ctrl Pts',(127.779118816665,149.997526145808,25.5326082101286));
#581=CARTESIAN_POINT('Ctrl Pts',(123.720117846182,183.332260871312,23.5164455607314));
#582=CARTESIAN_POINT('Ctrl Pts',(119.63586131992,216.664708368936,21.5869620924492));
#583=CARTESIAN_POINT('Ctrl Pts',(115.526175911517,249.996369112288,19.7440295111468));
#584=CARTESIAN_POINT('Ctrl Pts',(109.293498544963,299.997524207096,17.2108396895534));
#585=CARTESIAN_POINT('Ctrl Pts',(103.004571966741,349.99989074559,14.8740124665305));
#586=CARTESIAN_POINT('Ctrl Pts',(98.7825512188446,383.333824053865,13.4259796591));
#587=CARTESIAN_POINT('Ctrl Pts',(94.5492155141974,416.665920100097,12.0267083348656));
#588=CARTESIAN_POINT('Ctrl Pts',(90.3043184184739,449.998147315677,10.6761105096148));
#589=CARTESIAN_POINT('Ctrl Pts',(83.9078158905479,499.997338908085,8.7981554241796));
#590=CARTESIAN_POINT('Ctrl Pts',(77.484484234051,549.997880330116,7.08424599061593));
#591=CARTESIAN_POINT('Ctrl Pts',(73.1846970224813,583.332392061432,6.06550273575991));
#592=CARTESIAN_POINT('Ctrl Pts',(68.8768467209784,616.6612582707,5.11505588588217));
#593=CARTESIAN_POINT('Ctrl Pts',(64.5604829488449,649.987990986576,4.2327674101673));
#594=CARTESIAN_POINT('Ctrl Pts',(58.0585382128649,699.98790529998,3.12149834846735));
#595=CARTESIAN_POINT('Ctrl Pts',(51.5302234509536,749.993705328769,2.22321207332276));
#596=CARTESIAN_POINT('Ctrl Pts',(47.1612167169061,783.331345086885,1.76482956270243));
#597=CARTESIAN_POINT('Ctrl Pts',(44.9725872158593,800.,1.57047735161254));
#598=CARTESIAN_POINT('Ctrl Pts',(137.908363731026,0.,35.2093711399735));
#599=CARTESIAN_POINT('Ctrl Pts',(136.079880519179,16.6660729417908,33.9101068056381));
#600=CARTESIAN_POINT('Ctrl Pts',(132.386207841685,49.9978172577468,31.3978304270291));
#601=CARTESIAN_POINT('Ctrl Pts',(126.754848071397,99.9972809664029,27.9034346062218));
#602=CARTESIAN_POINT('Ctrl Pts',(121.052249230329,149.997467470001,24.6991628624527));
#603=CARTESIAN_POINT('Ctrl Pts',(117.216915736051,183.332235778288,22.7638797336798));
#604=CARTESIAN_POINT('Ctrl Pts',(113.373223537261,216.664733457398,20.9293978208092));
#605=CARTESIAN_POINT('Ctrl Pts',(109.534484762158,249.996410697815,19.2034391124737));
#606=CARTESIAN_POINT('Ctrl Pts',(103.751633062083,299.99753705127,16.872932254207));
#607=CARTESIAN_POINT('Ctrl Pts',(97.9081324538957,349.99986891904,14.7272882332111));
#608=CARTESIAN_POINT('Ctrl Pts',(93.948255162368,383.333806868233,13.3732274528536));
#609=CARTESIAN_POINT('Ctrl Pts',(89.9437194180001,416.665937285465,12.0382775959509));
#610=CARTESIAN_POINT('Ctrl Pts',(85.8797507517748,449.998168484225,10.7273228429969));
#611=CARTESIAN_POINT('Ctrl Pts',(79.6937101185867,499.997323926141,8.86050330790746));
#612=CARTESIAN_POINT('Ctrl Pts',(73.5025936670175,549.997836111126,7.13510574555363));
#613=CARTESIAN_POINT('Ctrl Pts',(69.4272429091893,583.33236565492,6.11075913284991));
#614=CARTESIAN_POINT('Ctrl Pts',(65.4061535578016,616.661284667153,5.16430538731086));
#615=CARTESIAN_POINT('Ctrl Pts',(61.4253891268947,649.98799612579,4.28778974054539));
#616=CARTESIAN_POINT('Ctrl Pts',(55.5204554023625,699.987793322738,3.18838287021119));
#617=CARTESIAN_POINT('Ctrl Pts',(49.6296978501119,749.993527908002,2.30302346887508));
#618=CARTESIAN_POINT('Ctrl Pts',(45.6773709379313,783.33124977106,1.8525428422887));
#619=CARTESIAN_POINT('Ctrl Pts',(43.6861493104099,800.,1.66160614440089));
#620=CARTESIAN_POINT('Ctrl Pts',(123.162390280552,0.,33.2959778655154));
#621=CARTESIAN_POINT('Ctrl Pts',(121.547476354784,16.6660188382925,32.0412884862005));
#622=CARTESIAN_POINT('Ctrl Pts',(118.270632120046,49.9976598459766,29.6208591648391));
#623=CARTESIAN_POINT('Ctrl Pts',(113.249223548897,99.9970355347281,26.2829480138787));
#624=CARTESIAN_POINT('Ctrl Pts',(108.157029950124,149.99724994527,23.2639707871499));
#625=CARTESIAN_POINT('Ctrl Pts',(104.739734412446,183.332142240044,21.4773397286405));
#626=CARTESIAN_POINT('Ctrl Pts',(101.325222113175,216.66482692913,19.8063483636698));
#627=CARTESIAN_POINT('Ctrl Pts',(97.9620812572894,249.996584321638,18.2849860855666));
#628=CARTESIAN_POINT('Ctrl Pts',(92.9604434322574,299.997644582493,16.3125770983954));
#629=CARTESIAN_POINT('Ctrl Pts',(87.8948804667623,349.999856212547,14.5031202198336));
#630=CARTESIAN_POINT('Ctrl Pts',(84.4039842508123,383.333773843448,13.3104577336315));
#631=CARTESIAN_POINT('Ctrl Pts',(80.8196588933136,416.66597044229,12.082441422965));
#632=CARTESIAN_POINT('Ctrl Pts',(77.121204762636,449.998202781757,10.8436294668571));
#633=CARTESIAN_POINT('Ctrl Pts',(71.4231911149181,499.997263487965,9.01113616403931));
#634=CARTESIAN_POINT('Ctrl Pts',(65.7628768451029,549.997706430378,7.2796891443029));
#635=CARTESIAN_POINT('Ctrl Pts',(62.1382766127866,583.332292259533,6.24757827692762));
#636=CARTESIAN_POINT('Ctrl Pts',(58.6504178577507,616.661357931859,5.30294067603729));
#637=CARTESIAN_POINT('Ctrl Pts',(55.2853275088329,649.988010912189,4.43442149910006));
#638=CARTESIAN_POINT('Ctrl Pts',(50.4554717918573,699.987493440397,3.35837280580611));
#639=CARTESIAN_POINT('Ctrl Pts',(45.6954436314853,749.993055940645,2.49903059733213));
#640=CARTESIAN_POINT('Ctrl Pts',(42.4701681231255,783.330997242245,2.06120496604533));
#641=CARTESIAN_POINT('Ctrl Pts',(40.819844731138,799.999999999999,1.87372411264098));
#642=CARTESIAN_POINT('Ctrl Pts',(102.62054249354,0.,31.1664145511006));
#643=CARTESIAN_POINT('Ctrl Pts',(101.320287948533,16.6659135022068,29.96547853657));
#644=CARTESIAN_POINT('Ctrl Pts',(98.6790495998815,49.9973450053122,27.668105354822));
#645=CARTESIAN_POINT('Ctrl Pts',(94.6035940990923,99.9965336410843,24.5559584501412));
#646=CARTESIAN_POINT('Ctrl Pts',(90.4240836474314,149.996801389874,21.7966899806195));
#647=CARTESIAN_POINT('Ctrl Pts',(87.5768150907073,183.331949914759,20.1983309416978));
#648=CARTESIAN_POINT('Ctrl Pts',(84.7057135936482,216.665019075908,18.7172007717094));
#649=CARTESIAN_POINT('Ctrl Pts',(81.8772479883386,249.9969552217,17.420332339445));
#650=CARTESIAN_POINT('Ctrl Pts',(77.6671427038057,299.997909696122,15.8233023834454));
#651=CARTESIAN_POINT('Ctrl Pts',(73.3997245859292,349.999878308083,14.3594398721658));
#652=CARTESIAN_POINT('Ctrl Pts',(70.4565348358373,383.333725926011,13.3337611984807));
#653=CARTESIAN_POINT('Ctrl Pts',(67.4326103003664,416.666018734561,12.2224082407431));
#654=CARTESIAN_POINT('Ctrl Pts',(64.3092500985424,449.998247425911,11.0768842397719));
#655=CARTESIAN_POINT('Ctrl Pts',(59.5235459133544,499.997139241269,9.32044689237707));
#656=CARTESIAN_POINT('Ctrl Pts',(54.828075176472,549.997462730087,7.61743772267932));
#657=CARTESIAN_POINT('Ctrl Pts',(51.8825959438594,583.332157460507,6.58615058453444));
#658=CARTESIAN_POINT('Ctrl Pts',(49.0919482513568,616.661492417364,5.63960145982736));
#659=CARTESIAN_POINT('Ctrl Pts',(46.4730314265122,649.98803515028,4.77715712425252));
#660=CARTESIAN_POINT('Ctrl Pts',(42.8495919339538,699.986947319815,3.72651761004697));
#661=CARTESIAN_POINT('Ctrl Pts',(39.3234970769128,749.992205226736,2.89615251823969));
#662=CARTESIAN_POINT('Ctrl Pts',(36.8997328328093,783.330544265432,2.46936795331876));
#663=CARTESIAN_POINT('Ctrl Pts',(35.6351065375967,800.,2.28240126176322));
#664=CARTESIAN_POINT('Ctrl Pts',(83.4950764117409,0.,29.6692371577396));
#665=CARTESIAN_POINT('Ctrl Pts',(82.4965351352344,16.6658202723316,28.5223945429601));
#666=CARTESIAN_POINT('Ctrl Pts',(80.4760393904944,49.9970659057281,26.3451001208195));
#667=CARTESIAN_POINT('Ctrl Pts',(77.3370727183828,99.9960903367544,23.4432221852246));
#668=CARTESIAN_POINT('Ctrl Pts',(74.0534661967031,149.996408817108,20.9167665352467));
#669=CARTESIAN_POINT('Ctrl Pts',(71.746903303903,183.331783576282,19.48041018472));
#670=CARTESIAN_POINT('Ctrl Pts',(69.3743392588499,216.665185214148,18.1579350755751));
#671=CARTESIAN_POINT('Ctrl Pts',(66.9496583845508,249.997275653729,17.0136657161914));
#672=CARTESIAN_POINT('Ctrl Pts',(63.2088193784222,299.998136938491,15.6248635644848));
#673=CARTESIAN_POINT('Ctrl Pts',(59.4237662037974,349.999889904635,14.3423364612636));
#674=CARTESIAN_POINT('Ctrl Pts',(56.9103377146342,383.333677277641,13.4179108241795));
#675=CARTESIAN_POINT('Ctrl Pts',(54.4191521909009,416.666067831344,12.4008762847448));
#676=CARTESIAN_POINT('Ctrl Pts',(51.9052262822813,449.998302632816,11.3423038049515));
#677=CARTESIAN_POINT('Ctrl Pts',(48.1660623897707,499.997039238426,9.68115592893784));
#678=CARTESIAN_POINT('Ctrl Pts',(44.5486042844631,549.997244328138,8.03708796607274));
#679=CARTESIAN_POINT('Ctrl Pts',(42.2742692451695,583.332034950928,7.02333195226006));
#680=CARTESIAN_POINT('Ctrl Pts',(40.0964378115008,616.661614563273,6.08410454567244));
#681=CARTESIAN_POINT('Ctrl Pts',(38.0516054502627,649.988049964636,5.22808561192983));
#682=CARTESIAN_POINT('Ctrl Pts',(35.2270496361196,699.986436283264,4.18930694189591));
#683=CARTESIAN_POINT('Ctrl Pts',(32.4917647715558,749.991420426059,3.37194331608945));
#684=CARTESIAN_POINT('Ctrl Pts',(30.6263139436468,783.330128416772,2.95130296323915));
#685=CARTESIAN_POINT('Ctrl Pts',(29.6578415660697,800.,2.76563335429138));
#686=CARTESIAN_POINT('Ctrl Pts',(67.97096309261,0.,28.5911974550564));
#687=CARTESIAN_POINT('Ctrl Pts',(67.2070164212199,16.6657829136507,27.500927495068));
#688=CARTESIAN_POINT('Ctrl Pts',(65.6633501985741,49.9969584891633,25.4385527636585));
#689=CARTESIAN_POINT('Ctrl Pts',(63.2420120542098,99.9959300298385,22.7162235614287));
#690=CARTESIAN_POINT('Ctrl Pts',(60.6583187300298,149.996276868825,20.3768185915966));
#691=CARTESIAN_POINT('Ctrl Pts',(58.7939506092975,183.331731640764,19.0681650605446));
#692=CARTESIAN_POINT('Ctrl Pts',(56.8456786843036,216.665237037173,17.8720355373992));
#693=CARTESIAN_POINT('Ctrl Pts',(54.7826846829162,249.997366532774,16.8204419067734));
#694=CARTESIAN_POINT('Ctrl Pts',(51.4959557371298,299.998176665958,15.5113786582842));
#695=CARTESIAN_POINT('Ctrl Pts',(48.1771397457089,349.999847760012,14.2884357278491));
#696=CARTESIAN_POINT('Ctrl Pts',(46.0494961039114,383.333634140889,13.4180967465294));
#697=CARTESIAN_POINT('Ctrl Pts',(44.0144193944254,416.666111266527,12.4788664644806));
#698=CARTESIAN_POINT('Ctrl Pts',(42.0171043556195,449.998371891881,11.4970459749763));
#699=CARTESIAN_POINT('Ctrl Pts',(39.1451522283398,499.997024299307,9.93413051855757));
#700=CARTESIAN_POINT('Ctrl Pts',(36.3957176531056,549.997145502677,8.3660026348282));
#701=CARTESIAN_POINT('Ctrl Pts',(34.6387449910284,583.331973948329,7.38672121572563));
#702=CARTESIAN_POINT('Ctrl Pts',(32.9164643985175,616.661675336211,6.47284935346851));
#703=CARTESIAN_POINT('Ctrl Pts',(31.2615131976827,649.988044894531,5.63021972121169));
#704=CARTESIAN_POINT('Ctrl Pts',(28.9135054391296,699.986149182259,4.59432882401107));
#705=CARTESIAN_POINT('Ctrl Pts',(26.6353621520869,749.990995225469,3.77710595107661));
#706=CARTESIAN_POINT('Ctrl Pts',(25.1212502092019,783.329905653149,3.36256359144552));
#707=CARTESIAN_POINT('Ctrl Pts',(24.3550409668341,800.,3.18317066053927));
#708=CARTESIAN_POINT('Ctrl Pts',(55.2473105682583,0.,27.3559600242825));
#709=CARTESIAN_POINT('Ctrl Pts',(54.6573139267186,16.6657953496433,26.3245690953052));
#710=CARTESIAN_POINT('Ctrl Pts',(53.4524815907608,49.9970048928673,24.3814230471579));
#711=CARTESIAN_POINT('Ctrl Pts',(51.5301066749437,99.9960234121548,21.8395914781449));
#712=CARTESIAN_POINT('Ctrl Pts',(49.4541874191194,149.996377552285,19.6788461206356));
#713=CARTESIAN_POINT('Ctrl Pts',(47.946651808696,183.331781100122,18.4847022960545));
#714=CARTESIAN_POINT('Ctrl Pts',(46.3708630903751,216.665187543677,17.3982129327122));
#715=CARTESIAN_POINT('Ctrl Pts',(44.7055434223383,249.997253081234,16.4264970492814));
#716=CARTESIAN_POINT('Ctrl Pts',(42.0568221801905,299.998047816361,15.1857976552056));
#717=CARTESIAN_POINT('Ctrl Pts',(39.3839272683321,349.999757131164,14.0163554595057));
#718=CARTESIAN_POINT('Ctrl Pts',(37.6697053791285,383.333596893233,13.1969816415898));
#719=CARTESIAN_POINT('Ctrl Pts',(36.0279380529438,416.666148649205,12.3302140622524));
#720=CARTESIAN_POINT('Ctrl Pts',(34.4310656904128,449.998449929881,11.4223856170726));
#721=CARTESIAN_POINT('Ctrl Pts',(32.1613566303103,499.997082303483,9.96384423568838));
#722=CARTESIAN_POINT('Ctrl Pts',(29.9948470200747,549.997153591912,8.48621844397886));
#723=CARTESIAN_POINT('Ctrl Pts',(28.5992678782617,583.331968301183,7.55427429283329));
#724=CARTESIAN_POINT('Ctrl Pts',(27.2174702820435,616.661680889224,6.67917422048855));
#725=CARTESIAN_POINT('Ctrl Pts',(25.8672760975654,649.988024649871,5.86119674051368));
#726=CARTESIAN_POINT('Ctrl Pts',(23.9163509296157,699.986068458648,4.83941228179398));
#727=CARTESIAN_POINT('Ctrl Pts',(22.0223485693502,749.990896677843,4.03087848682531));
#728=CARTESIAN_POINT('Ctrl Pts',(20.7872357485489,783.32985738166,3.62930716174918));
#729=CARTESIAN_POINT('Ctrl Pts',(20.1741709124449,800.,3.46078101409371));
#730=CARTESIAN_POINT('Ctrl Pts',(48.7789688477558,0.,26.4935458305412));
#731=CARTESIAN_POINT('Ctrl Pts',(48.2707671616916,16.6658187155475,25.4972570933526));
#732=CARTESIAN_POINT('Ctrl Pts',(47.2185931352689,49.9970817406092,23.6272806056033));
#733=CARTESIAN_POINT('Ctrl Pts',(45.5159371167666,99.9961600159013,21.1978847442065));
#734=CARTESIAN_POINT('Ctrl Pts',(43.6740236906272,149.996511496529,19.1458622069054));
#735=CARTESIAN_POINT('Ctrl Pts',(42.3477916399193,183.331842674359,18.0172735680654));
#736=CARTESIAN_POINT('Ctrl Pts',(40.973884949146,216.665125987462,16.9904724452139));
#737=CARTESIAN_POINT('Ctrl Pts',(39.5462075520114,249.997120898974,16.0657533027274));
#738=CARTESIAN_POINT('Ctrl Pts',(37.3090313894696,299.997918039759,14.8731204543645));
#739=CARTESIAN_POINT('Ctrl Pts',(35.0506219932217,349.999688537424,13.7447183122899));
#740=CARTESIAN_POINT('Ctrl Pts',(33.5799047833691,383.333577155416,12.9584441292654));
#741=CARTESIAN_POINT('Ctrl Pts',(32.1477873968544,416.666168400399,12.1330969421796));
#742=CARTESIAN_POINT('Ctrl Pts',(30.7465515045389,449.99849793596,11.2692102855816));
#743=CARTESIAN_POINT('Ctrl Pts',(28.7408307889917,499.99713944254,9.87710656984993));
#744=CARTESIAN_POINT('Ctrl Pts',(26.8212083378151,549.997192898507,8.46016403022949));
#745=CARTESIAN_POINT('Ctrl Pts',(25.5869835709808,583.331982948342,7.56086023528329));
#746=CARTESIAN_POINT('Ctrl Pts',(24.3689615057937,616.661666240576,6.71246468678307));
#747=CARTESIAN_POINT('Ctrl Pts',(23.1736374209853,649.988008175183,5.91408874290229));
#748=CARTESIAN_POINT('Ctrl Pts',(21.4397341752399,699.986088704422,4.90928345750337));
#749=CARTESIAN_POINT('Ctrl Pts',(19.7588421188355,749.990945327329,4.11377817513065));
#750=CARTESIAN_POINT('Ctrl Pts',(18.6707980100644,783.329885846834,3.72375232901009));
#751=CARTESIAN_POINT('Ctrl Pts',(18.1344254651683,800.,3.56306105482521));
#752=CARTESIAN_POINT('Ctrl Pts',(42.1623689817907,0.,25.4171473865269));
#753=CARTESIAN_POINT('Ctrl Pts',(41.7346382219685,16.6658528162204,24.4601161374677));
#754=CARTESIAN_POINT('Ctrl Pts',(40.828557804887,49.9971923399634,22.674348523136));
#755=CARTESIAN_POINT('Ctrl Pts',(39.3331501025034,99.996353348818,20.3771753573298));
#756=CARTESIAN_POINT('Ctrl Pts',(37.7192261421076,149.99669830788,18.4520745343773));
#757=CARTESIAN_POINT('Ctrl Pts',(36.5805703336036,183.331927568682,17.3971065952572));
#758=CARTESIAN_POINT('Ctrl Pts',(35.422890333918,216.66504112232,16.4346894067879));
#759=CARTESIAN_POINT('Ctrl Pts',(34.2531564282236,249.996940769252,15.5641437540737));
#760=CARTESIAN_POINT('Ctrl Pts',(32.4666337143666,299.997746338323,14.4339771733515));
#761=CARTESIAN_POINT('Ctrl Pts',(30.6611437847574,349.999604517324,13.361073723705));
#762=CARTESIAN_POINT('Ctrl Pts',(29.4528975413507,383.333556360343,12.6150374942881));
#763=CARTESIAN_POINT('Ctrl Pts',(28.2430179463651,416.666189183683,11.8354888485861));
#764=CARTESIAN_POINT('Ctrl Pts',(27.0401314107203,449.998552218495,11.0216968940862));
#765=CARTESIAN_POINT('Ctrl Pts',(25.2852849608025,499.997214523406,9.70851019528275));
#766=CARTESIAN_POINT('Ctrl Pts',(23.5949000770351,549.997254129224,8.36514714972804));
#767=CARTESIAN_POINT('Ctrl Pts',(22.5157502705296,583.332008366327,7.50526053618013));
#768=CARTESIAN_POINT('Ctrl Pts',(21.4622357910461,616.661640842206,6.68842126279311));
#769=CARTESIAN_POINT('Ctrl Pts',(20.4272359031965,649.987987645786,5.91541742940612));
#770=CARTESIAN_POINT('Ctrl Pts',(18.9266841479268,699.986145838236,4.93703577439351));
#771=CARTESIAN_POINT('Ctrl Pts',(17.4773249290902,749.991053747413,4.16320813032882));
#772=CARTESIAN_POINT('Ctrl Pts',(16.5459641334247,783.329946425651,3.78906951814543));
#773=CARTESIAN_POINT('Ctrl Pts',(16.0894032920292,800.,3.6378264255126));
#774=CARTESIAN_POINT('Ctrl Pts',(34.4077737953699,0.,23.9706345691366));
#775=CARTESIAN_POINT('Ctrl Pts',(34.0772431866725,16.66594490569,23.0934036915192));
#776=CARTESIAN_POINT('Ctrl Pts',(33.341862606062,49.9977690612161,21.4677381572334));
#777=CARTESIAN_POINT('Ctrl Pts',(32.1090615391098,99.997034977202,19.2956122769366));
#778=CARTESIAN_POINT('Ctrl Pts',(30.7732057824115,149.997243111298,17.480186315411));
#779=CARTESIAN_POINT('Ctrl Pts',(29.8474701982876,183.332139799868,16.5182332851996));
#780=CARTESIAN_POINT('Ctrl Pts',(28.9249666385798,216.664829060057,15.6756429965933));
#781=CARTESIAN_POINT('Ctrl Pts',(28.057315615437,249.996503130684,14.8879588278474));
#782=CARTESIAN_POINT('Ctrl Pts',(26.8283794223287,299.997348270094,13.814842182037));
#783=CARTESIAN_POINT('Ctrl Pts',(25.5835183365823,349.999431602792,12.7876764245409));
#784=CARTESIAN_POINT('Ctrl Pts',(24.6833095522601,383.333527625592,12.1004151548383));
#785=CARTESIAN_POINT('Ctrl Pts',(23.7167635304641,416.666217713389,11.4095518839246));
#786=CARTESIAN_POINT('Ctrl Pts',(22.7286285545338,449.998638858988,10.6698285100717));
#787=CARTESIAN_POINT('Ctrl Pts',(21.2472600316006,499.997380751589,9.43950762816995));
#788=CARTESIAN_POINT('Ctrl Pts',(19.8131408490804,549.997429690745,8.17123914608054));
#789=CARTESIAN_POINT('Ctrl Pts',(18.9153522765618,583.332090848845,7.36732833034719));
#790=CARTESIAN_POINT('Ctrl Pts',(18.0597202433294,616.661558507958,6.61714948374128));
#791=CARTESIAN_POINT('Ctrl Pts',(17.1914279532565,649.987919352251,5.8934872013288));
#792=CARTESIAN_POINT('Ctrl Pts',(15.8914002652876,699.986328534707,4.95511296025305));
#793=CARTESIAN_POINT('Ctrl Pts',(14.63672580235,749.99136859072,4.2104579313963));
#794=CARTESIAN_POINT('Ctrl Pts',(13.8577500013348,783.330175218391,3.84111830889754));
#795=CARTESIAN_POINT('Ctrl Pts',(13.492254806387,800.,3.70925900494127));
#796=CARTESIAN_POINT('Ctrl Pts',(23.4251276334324,0.,20.518109290884));
#797=CARTESIAN_POINT('Ctrl Pts',(23.2281706969444,16.6661475363381,19.7989607740785));
#798=CARTESIAN_POINT('Ctrl Pts',(22.7277011424764,49.9991901432467,18.5284089940516));
#799=CARTESIAN_POINT('Ctrl Pts',(21.8984052494148,99.9986198729315,16.6324395420733));
#800=CARTESIAN_POINT('Ctrl Pts',(20.9759897919907,149.998460782326,15.0583604940837));
#801=CARTESIAN_POINT('Ctrl Pts',(20.3361085047418,183.332595777423,14.2819438658632));
#802=CARTESIAN_POINT('Ctrl Pts',(19.7060437251481,216.664373481876,13.6660722862267));
#803=CARTESIAN_POINT('Ctrl Pts',(19.2400217899927,249.995571616455,13.0463011715313));
#804=CARTESIAN_POINT('Ctrl Pts',(18.7867183476604,299.996515537097,12.1101386971372));
#805=CARTESIAN_POINT('Ctrl Pts',(18.3221998931099,349.99908708925,11.2002814473774));
#806=CARTESIAN_POINT('Ctrl Pts',(17.8326902169893,383.333482212212,10.637620810713));
#807=CARTESIAN_POINT('Ctrl Pts',(17.1713174272705,416.666262596934,10.1184087708581));
#808=CARTESIAN_POINT('Ctrl Pts',(16.4609170001611,449.99879178663,9.53071834516885));
#809=CARTESIAN_POINT('Ctrl Pts',(15.3564896476361,499.997724271158,8.48697596885474));
#810=CARTESIAN_POINT('Ctrl Pts',(14.2867477809815,549.997823025041,7.39453941524582));
#811=CARTESIAN_POINT('Ctrl Pts',(13.6444098809526,583.332281344193,6.71415821280204));
#812=CARTESIAN_POINT('Ctrl Pts',(13.0617303253138,616.661368378242,6.10340166276762));
#813=CARTESIAN_POINT('Ctrl Pts',(12.4246673564435,649.987762504543,5.48918475526687));
#814=CARTESIAN_POINT('Ctrl Pts',(11.4028751490027,699.986754546316,4.65222638707175));
#815=CARTESIAN_POINT('Ctrl Pts',(10.413763348562,749.992085935902,3.98782158627116));
#816=CARTESIAN_POINT('Ctrl Pts',(9.83339998182147,783.33072104122,3.62267186682656));
#817=CARTESIAN_POINT('Ctrl Pts',(9.58725807564813,799.999999999999,3.53367748446852));
#818=CARTESIAN_POINT('Ctrl Pts',(15.1387631890604,0.,16.4237876223265));
#819=CARTESIAN_POINT('Ctrl Pts',(15.0404101011213,16.6663287167513,15.8414395849997));
#820=CARTESIAN_POINT('Ctrl Pts',(14.7163367882941,50.0004712626859,14.9236084626495));
#821=CARTESIAN_POINT('Ctrl Pts',(14.208948612349,100.000040448634,13.3891015177697));
#822=CARTESIAN_POINT('Ctrl Pts',(13.6136469661985,149.999547392537,12.1448743850657));
#823=CARTESIAN_POINT('Ctrl Pts',(13.1888229627238,183.333000878621,11.5671006638066));
#824=CARTESIAN_POINT('Ctrl Pts',(12.7687655463808,216.663968742452,11.1436424931608));
#825=CARTESIAN_POINT('Ctrl Pts',(12.5464695419626,249.994746057222,10.689390442053));
#826=CARTESIAN_POINT('Ctrl Pts',(12.5176070524966,299.995781705782,9.93781104714449));
#827=CARTESIAN_POINT('Ctrl Pts',(12.4812841526592,349.998788313207,9.19652743468167));
#828=CARTESIAN_POINT('Ctrl Pts',(12.2426974859961,383.333445780715,8.76370927792182));
#829=CARTESIAN_POINT('Ctrl Pts',(11.8015217882306,416.666298546816,8.39177968715763));
#830=CARTESIAN_POINT('Ctrl Pts',(11.311908266469,449.998920724872,7.95774514415389));
#831=CARTESIAN_POINT('Ctrl Pts',(10.5433289810721,499.99802743894,7.14481233761548));
#832=CARTESIAN_POINT('Ctrl Pts',(9.80285708579193,549.998176653761,6.27684395585299));
#833=CARTESIAN_POINT('Ctrl Pts',(9.37073377552459,583.332453761153,5.73106094000817));
#834=CARTESIAN_POINT('Ctrl Pts',(8.99188057937467,616.661196293237,5.24742500061466));
#835=CARTESIAN_POINT('Ctrl Pts',(8.54242064164209,649.987622296385,4.74283559611155));
#836=CARTESIAN_POINT('Ctrl Pts',(7.77266079849969,699.987145860481,4.02898461795354));
#837=CARTESIAN_POINT('Ctrl Pts',(7.02496965396905,749.992741888943,3.47059855746275));
#838=CARTESIAN_POINT('Ctrl Pts',(6.60437306794844,783.331218964016,3.12369400347042));
#839=CARTESIAN_POINT('Ctrl Pts',(6.44579068104083,800.,3.07672311406806));
#840=CARTESIAN_POINT('Ctrl Pts',(7.69828059008804,0.,11.5853103881857));
#841=CARTESIAN_POINT('Ctrl Pts',(7.68786215383877,16.6665114490552,11.1384292260649));
#842=CARTESIAN_POINT('Ctrl Pts',(7.52188553525261,50.001756606006,10.5994162753192));
#843=CARTESIAN_POINT('Ctrl Pts',(7.3130836723397,100.001467101014,9.50833019282351));
#844=CARTESIAN_POINT('Ctrl Pts',(7.02071080943819,150.000639141702,8.67527487773217));
#845=CARTESIAN_POINT('Ctrl Pts',(6.79091897902696,183.333408152025,8.32096916346107));
#846=CARTESIAN_POINT('Ctrl Pts',(6.55723151182058,216.663561822106,8.08557626009471));
#847=CARTESIAN_POINT('Ctrl Pts',(6.5040067496443,249.993917036707,7.80852252995404));
#848=CARTESIAN_POINT('Ctrl Pts',(6.7109738090933,299.99504725939,7.28349182799598));
#849=CARTESIAN_POINT('Ctrl Pts',(6.91404093635919,349.998492049961,6.75355487050279));
#850=CARTESIAN_POINT('Ctrl Pts',(6.85133872579392,383.333411152565,6.46387258853151));
#851=CARTESIAN_POINT('Ctrl Pts',(6.60621731943165,416.666332701292,6.23702806616828));
#852=CARTESIAN_POINT('Ctrl Pts',(6.32920488643481,449.999047337247,5.96993648282483));
#853=CARTESIAN_POINT('Ctrl Pts',(5.90897135752296,499.998331813131,5.43220187763873));
#854=CARTESIAN_POINT('Ctrl Pts',(5.51194956506664,549.998534461817,4.83555173307012));
#855=CARTESIAN_POINT('Ctrl Pts',(5.28521851247625,583.332628717821,4.44257643563588));
#856=CARTESIAN_POINT('Ctrl Pts',(5.09053624457991,616.661021662477,4.09042411328952));
#857=CARTESIAN_POINT('Ctrl Pts',(4.82109267202813,649.987481653872,3.70694172206279));
#858=CARTESIAN_POINT('Ctrl Pts',(4.31038166024691,699.987548145135,3.14477479438039));
#859=CARTESIAN_POINT('Ctrl Pts',(3.81172807982454,749.993415164336,2.72235440086185));
#860=CARTESIAN_POINT('Ctrl Pts',(3.54451089361893,783.331726174375,2.40790905674373));
#861=CARTESIAN_POINT('Ctrl Pts',(3.46446074272051,799.999999999999,2.40696788300164));
#862=CARTESIAN_POINT('Ctrl Pts',(2.32250124269964,0.,6.02037402899418));
#863=CARTESIAN_POINT('Ctrl Pts',(2.37626225104109,16.6666798469675,5.69463248958482));
#864=CARTESIAN_POINT('Ctrl Pts',(2.32316609222604,50.0029103406431,5.53413847830234));
#865=CARTESIAN_POINT('Ctrl Pts',(2.33832008262819,100.002759369265,4.96196662207215));
#866=CARTESIAN_POINT('Ctrl Pts',(2.27440056282069,150.001633839034,4.61741652334382));
#867=CARTESIAN_POINT('Ctrl Pts',(2.19133754038626,183.33378166442,4.50089476369092));
#868=CARTESIAN_POINT('Ctrl Pts',(2.09705197420652,216.663188653799,4.42948213820207));
#869=CARTESIAN_POINT('Ctrl Pts',(2.0836390111357,249.993158010673,4.33446992623215));
#870=CARTESIAN_POINT('Ctrl Pts',(2.20805138978304,299.994378610313,4.08984094016056));
#871=CARTESIAN_POINT('Ctrl Pts',(2.33155634115763,349.998226471921,3.82782028752859));
#872=CARTESIAN_POINT('Ctrl Pts',(2.31438758284319,383.33338200981,3.69198454915181));
#873=CARTESIAN_POINT('Ctrl Pts',(2.21683383312844,416.666361399046,3.5936712017867));
#874=CARTESIAN_POINT('Ctrl Pts',(2.11983498895872,449.999160358939,3.49453252332637));
#875=CARTESIAN_POINT('Ctrl Pts',(2.02285372659243,499.998611449448,3.26314737662158));
#876=CARTESIAN_POINT('Ctrl Pts',(1.94576148938982,549.998865873523,2.97409659940992));
#877=CARTESIAN_POINT('Ctrl Pts',(1.89467110699588,583.332791285971,2.74595851440516));
#878=CARTESIAN_POINT('Ctrl Pts',(1.8397287271398,616.660859410161,2.52279809706553));
#879=CARTESIAN_POINT('Ctrl Pts',(1.73306890880107,649.9873544413,2.27384510070967));
#880=CARTESIAN_POINT('Ctrl Pts',(1.49745175040134,699.987932867931,1.91029528778107));
#881=CARTESIAN_POINT('Ctrl Pts',(1.26615658430641,749.994058311227,1.67503139515297));
#882=CARTESIAN_POINT('Ctrl Pts',(1.1404280374662,783.332200037628,1.42186174318226));
#883=CARTESIAN_POINT('Ctrl Pts',(1.11975084394379,800.,1.47123017204489));
#884=CARTESIAN_POINT('Ctrl Pts',(-0.003696938326527,0.,1.82379216353587));
#885=CARTESIAN_POINT('Ctrl Pts',(0.0749922429628191,16.6668003767699,1.58018907688678));
#886=CARTESIAN_POINT('Ctrl Pts',(0.0535221251000365,50.0036566425319,1.66597728686414));
#887=CARTESIAN_POINT('Ctrl Pts',(0.137223819687712,100.003630144789,1.43410606090945));
#888=CARTESIAN_POINT('Ctrl Pts',(0.149397206493181,150.002321952488,1.40692512291028));
#889=CARTESIAN_POINT('Ctrl Pts',(0.127735217289642,183.334047274069,1.44359135783973));
#890=CARTESIAN_POINT('Ctrl Pts',(0.102858288383726,216.662923240292,1.47695386416805));
#891=CARTESIAN_POINT('Ctrl Pts',(0.0877738403194307,249.992619275798,1.49984824193345));
#892=CARTESIAN_POINT('Ctrl Pts',(0.107314717325023,299.993909205061,1.44041492748621));
#893=CARTESIAN_POINT('Ctrl Pts',(0.127828171897695,349.998045457301,1.35682542093095));
#894=CARTESIAN_POINT('Ctrl Pts',(0.112593318962552,383.333363978024,1.32346301513464));
#895=CARTESIAN_POINT('Ctrl Pts',(0.0895750218457765,416.66637918193,1.31061203804608));
#896=CARTESIAN_POINT('Ctrl Pts',(0.0726450138762205,449.999239629463,1.31941892036029));
#897=CARTESIAN_POINT('Ctrl Pts',(0.105918595889857,499.998813265121,1.28514799598625));
#898=CARTESIAN_POINT('Ctrl Pts',(0.155429554504548,549.999105489613,1.20245978058862));
#899=CARTESIAN_POINT('Ctrl Pts',(0.178448374589888,583.332909035867,1.0974474788569));
#900=CARTESIAN_POINT('Ctrl Pts',(0.18891999452415,616.660741842326,0.982709610021967));
#901=CARTESIAN_POINT('Ctrl Pts',(0.18300123657788,649.98726881364,0.854567099131447));
#902=CARTESIAN_POINT('Ctrl Pts',(0.150252532637997,699.988231912606,0.686029885393829));
#903=CARTESIAN_POINT('Ctrl Pts',(0.119112148009992,749.994559153491,0.643000546680894));
#904=CARTESIAN_POINT('Ctrl Pts',(0.085252359721298,783.332545855751,0.475333390799472));
#905=CARTESIAN_POINT('Ctrl Pts',(0.0935536302498673,800.,0.575850030761072));
#906=CARTESIAN_POINT('Ctrl Pts',(-0.156298401810479,0.,0.478533845652305));
#907=CARTESIAN_POINT('Ctrl Pts',(-0.0808130923687135,16.6668391432459,0.258891818980722));
#908=CARTESIAN_POINT('Ctrl Pts',(-0.116053182350097,50.0038479973945,0.406465427421478));
#909=CARTESIAN_POINT('Ctrl Pts',(-0.0528271129376118,100.003877208172,0.257013973578546));
#910=CARTESIAN_POINT('Ctrl Pts',(-0.0558578820667113,150.002528895152,0.304211840720606));
#911=CARTESIAN_POINT('Ctrl Pts',(-0.0779279069146693,183.334131777523,0.377507630105084));
#912=CARTESIAN_POINT('Ctrl Pts',(-0.0952688305907308,216.662838795453,0.437668066328703));
#913=CARTESIAN_POINT('Ctrl Pts',(-0.10915903132383,249.992448405354,0.484789083014634));
#914=CARTESIAN_POINT('Ctrl Pts',(-0.0964622561019827,299.993763156542,0.455815214295231));
#915=CARTESIAN_POINT('Ctrl Pts',(-0.0823144766914355,349.997992107057,0.401711269397278));
#916=CARTESIAN_POINT('Ctrl Pts',(-0.0954284557678766,383.333359588618,0.390260739514637));
#917=CARTESIAN_POINT('Ctrl Pts',(-0.109613862446296,416.666383509761,0.401365360180815));
#918=CARTESIAN_POINT('Ctrl Pts',(-0.125171825593578,449.999264644388,0.437498294410769));
#919=CARTESIAN_POINT('Ctrl Pts',(-0.101449943562985,499.998879382889,0.45254962383144));
#920=CARTESIAN_POINT('Ctrl Pts',(-0.0637430531485581,549.99918381485,0.426953501956656));
#921=CARTESIAN_POINT('Ctrl Pts',(-0.0435971154405722,583.332947574128,0.364167550632959));
#922=CARTESIAN_POINT('Ctrl Pts',(-0.0301764799459453,616.660703357675,0.293772747443015));
#923=CARTESIAN_POINT('Ctrl Pts',(-0.0220514420324974,649.987244555794,0.215531301615445));
#924=CARTESIAN_POINT('Ctrl Pts',(-0.0166856256488587,699.988341541405,0.130660165471128));
#925=CARTESIAN_POINT('Ctrl Pts',(-0.00893809610807766,749.994743432764,
0.173534189748742));
#926=CARTESIAN_POINT('Ctrl Pts',(-0.0278699585791816,783.33266033243,0.0545279420508261));
#927=CARTESIAN_POINT('Ctrl Pts',(-0.0170838429482616,800.,0.180320757594066));
#928=CARTESIAN_POINT('Ctrl Pts',(6.2806703881988E-16,0.,-1.92293287668014E-15));
#929=CARTESIAN_POINT('Ctrl Pts',(0.0693211183117533,16.6668517423782,-0.212967819930025));
#930=CARTESIAN_POINT('Ctrl Pts',(0.0202002343602642,50.0038867369556,-0.0512368174601378));
#931=CARTESIAN_POINT('Ctrl Pts',(0.0618412694202875,100.003941689414,-0.179702832670714));
#932=CARTESIAN_POINT('Ctrl Pts',(0.0403553801087878,150.002589356789,-0.11444856980665));
#933=CARTESIAN_POINT('Ctrl Pts',(0.0106632486742212,183.334158858539,-0.0328525383807849));
#934=CARTESIAN_POINT('Ctrl Pts',(-0.0106612174230958,216.66281171936,0.032846440701358));
#935=CARTESIAN_POINT('Ctrl Pts',(-0.0236241942533349,249.992393852195,0.0826640184146453));
#936=CARTESIAN_POINT('Ctrl Pts',(-0.00212019428447238,299.993717856512,
0.0535926599284709));
#937=CARTESIAN_POINT('Ctrl Pts',(0.0209356874661041,349.997976968899,-0.000368515940916887));
#938=CARTESIAN_POINT('Ctrl Pts',(0.00895029244904297,383.333358788867,-0.00864175545195417));
#939=CARTESIAN_POINT('Ctrl Pts',(-0.00895015280741693,416.6663843095,0.00864202383542243));
#940=CARTESIAN_POINT('Ctrl Pts',(-0.0327669775513346,449.999272659374,0.051482249647789));
#941=CARTESIAN_POINT('Ctrl Pts',(-0.028904987306629,499.998901533192,0.0797820201719807));
#942=CARTESIAN_POINT('Ctrl Pts',(-0.0123696734440408,549.999209877642,0.0722250694105294));
#943=CARTESIAN_POINT('Ctrl Pts',(-0.00310551790871382,583.332960405796,
0.0257278130686822));
#944=CARTESIAN_POINT('Ctrl Pts',(0.00310456745575892,616.660690530896,-0.0257160599362492));
#945=CARTESIAN_POINT('Ctrl Pts',(0.00626317602334681,649.987238238493,-0.0821143325121683));
#946=CARTESIAN_POINT('Ctrl Pts',(0.00805990411607354,699.988383539294,-0.128771415452749));
#947=CARTESIAN_POINT('Ctrl Pts',(0.0132718965673789,749.994814365855,-0.0454722982520831));
#948=CARTESIAN_POINT('Ctrl Pts',(-0.00855940326838431,783.332699008291,
-0.138214066351475));
#949=CARTESIAN_POINT('Ctrl Pts',(-8.0052359439564E-17,800.,8.44956380426305E-16));
#950=CARTESIAN_POINT('Ctrl Pts',(145.544358941399,0.,36.2882843399501));
#951=CARTESIAN_POINT('Ctrl Pts',(144.615860431482,7.9970942756583,35.6520234668965));
#952=CARTESIAN_POINT('Ctrl Pts',(142.753705751169,23.9914977527708,34.3967691172175));
#953=CARTESIAN_POINT('Ctrl Pts',(139.945000779847,47.9837477445448,32.5656896793723));
#954=CARTESIAN_POINT('Ctrl Pts',(136.168988376745,79.9747092258003,30.2282782456849));
#955=CARTESIAN_POINT('Ctrl Pts',(131.396707269929,119.96558370375,27.4815491916861));
#956=CARTESIAN_POINT('Ctrl Pts',(126.572028853593,159.958620203038,24.9104607222032));
#957=CARTESIAN_POINT('Ctrl Pts',(121.695722065906,199.953754300604,22.5127691965179));
#958=CARTESIAN_POINT('Ctrl Pts',(116.770061608304,239.950836833184,20.2814146192564));
#959=CARTESIAN_POINT('Ctrl Pts',(111.799493656438,279.949600197553,18.2023521142116));
#960=CARTESIAN_POINT('Ctrl Pts',(106.789765203815,319.94971182096,16.2579950384408));
#961=CARTESIAN_POINT('Ctrl Pts',(101.747102981888,359.950825601336,14.430500663534));
#962=CARTESIAN_POINT('Ctrl Pts',(96.6774290847223,399.952632118185,12.7049467172586));
#963=CARTESIAN_POINT('Ctrl Pts',(91.585598988212,439.954908474629,11.0724499113539));
#964=CARTESIAN_POINT('Ctrl Pts',(86.4746464439285,479.957568748214,9.53328472666274));
#965=CARTESIAN_POINT('Ctrl Pts',(81.3461941115345,519.96062708028,8.09414672414822));
#966=CARTESIAN_POINT('Ctrl Pts',(76.2008631192051,559.964161597319,6.76541542962766));
#967=CARTESIAN_POINT('Ctrl Pts',(71.03868388315,599.968278817639,5.55838486415108));
#968=CARTESIAN_POINT('Ctrl Pts',(65.8595129697561,639.973078032333,4.4824194850397));
#969=CARTESIAN_POINT('Ctrl Pts',(60.663461457317,679.978615104991,3.5419878275782));
#970=CARTESIAN_POINT('Ctrl Pts',(55.4507778592844,719.984914672667,2.73822872850444));
#971=CARTESIAN_POINT('Ctrl Pts',(51.2675520623611,751.990568069782,2.20394472977247));
#972=CARTESIAN_POINT('Ctrl Pts',(48.122879030857,775.995151169186,1.86376584871688));
#973=CARTESIAN_POINT('Ctrl Pts',(46.0232196106405,791.998358415268,1.66377442581845));
#974=CARTESIAN_POINT('Ctrl Pts',(44.9725872158593,800.,1.57047735161254));
#975=CARTESIAN_POINT('Ctrl Pts',(-8.96766661156675E-15,0.,2.24191665289169E-15));
#976=CARTESIAN_POINT('Ctrl Pts',(0.0693211183117437,16.6668517423782,-0.212967819930021));
#977=CARTESIAN_POINT('Ctrl Pts',(0.0202002274268587,50.0038867370406,-0.0512368092293557));
#978=CARTESIAN_POINT('Ctrl Pts',(0.0618412598633103,100.003941689571,-0.179702827505896));
#979=CARTESIAN_POINT('Ctrl Pts',(0.0403553555709006,150.002589357084,-0.114448539808255));
#980=CARTESIAN_POINT('Ctrl Pts',(-0.00418148000155116,199.998422753495,
0.00794174615935385));
#981=CARTESIAN_POINT('Ctrl Pts',(-0.0236235806703244,249.995567868525,0.0826642718396323));
#982=CARTESIAN_POINT('Ctrl Pts',(-0.00211937644188678,299.994942847087,
0.0535905747662026));
#983=CARTESIAN_POINT('Ctrl Pts',(0.0209352329950639,349.997252758021,-0.000367473789549541));
#984=CARTESIAN_POINT('Ctrl Pts',(0.00295886205113899,399.999078856191,-0.01277937306706));
#985=CARTESIAN_POINT('Ctrl Pts',(-0.0327669998604868,449.999272660377,0.0514819591501295));
#986=CARTESIAN_POINT('Ctrl Pts',(-0.0289050319138169,499.998901534813,0.0797815977749906));
#987=CARTESIAN_POINT('Ctrl Pts',(-0.01236974207974,549.999209879851,0.0722244605797462));
#988=CARTESIAN_POINT('Ctrl Pts',(0.00152545746517145,599.996251736994,0.00248326781308296));
#989=CARTESIAN_POINT('Ctrl Pts',(0.00626338772883667,649.992788509718,-0.0821224269445927));
#990=CARTESIAN_POINT('Ctrl Pts',(0.00805958789020186,699.990603735405,-0.128773532305989));
#991=CARTESIAN_POINT('Ctrl Pts',(0.0132722179205442,749.993704331984,-0.0454697836064654));
#992=CARTESIAN_POINT('Ctrl Pts',(-0.00855997340106297,783.331588817234,
-0.138223272642315));
#993=CARTESIAN_POINT('Ctrl Pts',(0.,800.,0.));
#994=CARTESIAN_POINT('Ctrl Pts',(0.,0.,0.));
#995=CARTESIAN_POINT('Ctrl Pts',(0.0693211183117526,16.6668517423782,-0.212967819930023));
#996=CARTESIAN_POINT('Ctrl Pts',(0.0202002343602636,50.0038867369556,-0.0512368174601361));
#997=CARTESIAN_POINT('Ctrl Pts',(0.0618412694202872,100.003941689414,-0.179702832670713));
#998=CARTESIAN_POINT('Ctrl Pts',(0.0403553801087877,150.002589356789,-0.11444856980665));
#999=CARTESIAN_POINT('Ctrl Pts',(0.0106632486742212,183.334158858539,-0.0328525383807849));
#1000=CARTESIAN_POINT('Ctrl Pts',(-0.0106612174230958,216.66281171936,0.0328464407013579));
#1001=CARTESIAN_POINT('Ctrl Pts',(-0.023624194253335,249.992393852195,0.0826640184146457));
#1002=CARTESIAN_POINT('Ctrl Pts',(-0.0021201942844728,299.993717856512,
0.0535926599284725));
#1003=CARTESIAN_POINT('Ctrl Pts',(0.0209356874661033,349.997976968899,-0.000368515940914042));
#1004=CARTESIAN_POINT('Ctrl Pts',(0.00895029244904212,383.333358788867,
-0.00864175545195092));
#1005=CARTESIAN_POINT('Ctrl Pts',(-0.00895015280741778,416.6663843095,0.00864202383542569));
#1006=CARTESIAN_POINT('Ctrl Pts',(-0.0327669775513353,449.999272659374,
0.0514822496477919));
#1007=CARTESIAN_POINT('Ctrl Pts',(-0.0289049873066295,499.998901533192,
0.0797820201719823));
#1008=CARTESIAN_POINT('Ctrl Pts',(-0.0123696734440409,549.999209877642,
0.0722250694105298));
#1009=CARTESIAN_POINT('Ctrl Pts',(-0.00310551790871383,583.332960405796,
0.0257278130686822));
#1010=CARTESIAN_POINT('Ctrl Pts',(0.00310456745575891,616.660690530896,
-0.0257160599362492));
#1011=CARTESIAN_POINT('Ctrl Pts',(0.00626317602334682,649.987238238493,
-0.0821143325121684));
#1012=CARTESIAN_POINT('Ctrl Pts',(0.00805990411607358,699.988383539294,
-0.12877141545275));
#1013=CARTESIAN_POINT('Ctrl Pts',(0.013271896567379,749.994814365855,-0.0454722982520839));
#1014=CARTESIAN_POINT('Ctrl Pts',(-0.00855940326838423,783.332699008291,
-0.138214066351476));
#1015=CARTESIAN_POINT('Ctrl Pts',(0.,800.,0.));
#1016=CARTESIAN_POINT('Ctrl Pts',(0.326391233868597,0.,-0.999301659653116));
#1017=CARTESIAN_POINT('Ctrl Pts',(0.382839936817034,16.6668780526045,-1.19833202054173));
#1018=CARTESIAN_POINT('Ctrl Pts',(0.304732387496619,50.0039676351159,-1.00703674068956));
#1019=CARTESIAN_POINT('Ctrl Pts',(0.301298323171182,100.00407634282,-1.09167976648279));
#1020=CARTESIAN_POINT('Ctrl Pts',(0.24127339969329,150.002715616225,-0.988719108603437));
#1021=CARTESIAN_POINT('Ctrl Pts',(0.195664350717252,183.33421541066,-0.889790038516171));
#1022=CARTESIAN_POINT('Ctrl Pts',(0.166021224217905,216.662755177519,-0.812525158461991));
#1023=CARTESIAN_POINT('Ctrl Pts',(0.154994529206426,249.992279931178,-0.757076468269459));
#1024=CARTESIAN_POINT('Ctrl Pts',(0.194890278027732,299.993623258407,-0.786351410444892));
#1025=CARTESIAN_POINT('Ctrl Pts',(0.236548566971924,349.997945356533,-0.840014447888985));
#1026=CARTESIAN_POINT('Ctrl Pts',(0.226919945532831,383.333357118781,-0.841652688495787));
#1027=CARTESIAN_POINT('Ctrl Pts',(0.20126154490824,416.66638597956,-0.811465237876643));
#1028=CARTESIAN_POINT('Ctrl Pts',(0.160198094506916,449.999289396726,-0.754618463371894));
#1029=CARTESIAN_POINT('Ctrl Pts',(0.122587526431079,499.998947788719,-0.698652542787789));
#1030=CARTESIAN_POINT('Ctrl Pts',(0.0949111470603779,549.99926430345,-0.668539067943824));
#1031=CARTESIAN_POINT('Ctrl Pts',(0.0814513446480719,583.332987201616,-0.681021342739785));
#1032=CARTESIAN_POINT('Ctrl Pts',(0.0726039481279502,616.660663745283,-0.69289080286272));
#1033=CARTESIAN_POINT('Ctrl Pts',(0.065391375779164,649.987225046346,-0.703674915686342));
#1034=CARTESIAN_POINT('Ctrl Pts',(0.0597349302145576,699.98847124168,-0.670531233988194));
#1035=CARTESIAN_POINT('Ctrl Pts',(0.0596520695543293,749.994962492381,-0.502814132946551));
#1036=CARTESIAN_POINT('Ctrl Pts',(0.03176599930496,783.332779773429,-0.540708917303439));
#1037=CARTESIAN_POINT('Ctrl Pts',(0.0356754548639635,800.,-0.376556086828147));
#1038=CARTESIAN_POINT('Ctrl Pts',(2.71569587863335,0.,-2.28921280497311));
#1039=CARTESIAN_POINT('Ctrl Pts',(2.73757138158278,16.666917953112,-2.47024130158408));
#1040=CARTESIAN_POINT('Ctrl Pts',(2.52655878090555,50.0040532744547,-2.26448830996432));
#1041=CARTESIAN_POINT('Ctrl Pts',(2.22923799816532,100.004254597446,-2.35104120421216));
#1042=CARTESIAN_POINT('Ctrl Pts',(1.88626405493579,150.002894598393,-2.26006157093693));
#1043=CARTESIAN_POINT('Ctrl Pts',(1.72812478251187,183.334299436264,-2.1620880589906));
#1044=CARTESIAN_POINT('Ctrl Pts',(1.65839701109702,216.662671145469,-2.07553323055576));
#1045=CARTESIAN_POINT('Ctrl Pts',(1.68829352347707,249.992111500261,-1.9900311702867));
#1046=CARTESIAN_POINT('Ctrl Pts',(1.91084579341221,299.993486875094,-1.94131363860719));
#1047=CARTESIAN_POINT('Ctrl Pts',(2.13527277273062,349.997904307055,-1.91490505168917));
#1048=CARTESIAN_POINT('Ctrl Pts',(2.16680816499083,383.33335742558,-1.88222603574699));
#1049=CARTESIAN_POINT('Ctrl Pts',(2.1013652726264,416.666385690511,-1.83732718088558));
#1050=CARTESIAN_POINT('Ctrl Pts',(1.95829988444018,449.999310735653,-1.78149906851536));
#1051=CARTESIAN_POINT('Ctrl Pts',(1.67139808105805,499.999016848605,-1.74100302610898));
#1052=CARTESIAN_POINT('Ctrl Pts',(1.3893343508447,549.999348690043,-1.70805867991241));
#1053=CARTESIAN_POINT('Ctrl Pts',(1.26359426376209,583.333029269198,-1.68473797294631));
#1054=CARTESIAN_POINT('Ctrl Pts',(1.20145559983974,616.66062168501,-1.63326206023664));
#1055=CARTESIAN_POINT('Ctrl Pts',(1.12154048796147,649.987208551358,-1.57814863815743));
#1056=CARTESIAN_POINT('Ctrl Pts',(0.979232921841798,699.988621049372,-1.43786849626862));
#1057=CARTESIAN_POINT('Ctrl Pts',(0.845567151196899,749.995213352449,-1.15459787953178));
#1058=CARTESIAN_POINT('Ctrl Pts',(0.751444921996648,783.332909013155,-1.10676691049313));
#1059=CARTESIAN_POINT('Ctrl Pts',(0.732800574431776,800.,-0.899662786062183));
#1060=CARTESIAN_POINT('Ctrl Pts',(9.92597358359826,0.,-2.15710862437991));
#1061=CARTESIAN_POINT('Ctrl Pts',(9.88040778533713,16.6669409309861,-2.33811775578024));
#1062=CARTESIAN_POINT('Ctrl Pts',(9.38062251972675,50.0039895661987,-2.20173676373311));
#1063=CARTESIAN_POINT('Ctrl Pts',(8.4082721828979,100.004277716715,-2.45076674668021));
#1064=CARTESIAN_POINT('Ctrl Pts',(7.39979721619338,150.002959019318,-2.53051493048181));
#1065=CARTESIAN_POINT('Ctrl Pts',(6.96653869495908,183.334342260065,-2.50128542252229));
#1066=CARTESIAN_POINT('Ctrl Pts',(6.78701938616414,216.662628285613,-2.43616875410379));
#1067=CARTESIAN_POINT('Ctrl Pts',(6.81214222145197,249.992028446838,-2.32188114254666));
#1068=CARTESIAN_POINT('Ctrl Pts',(7.18366389772588,299.993430807818,-2.14932143303118));
#1069=CARTESIAN_POINT('Ctrl Pts',(7.55642336130882,349.997902329115,-1.99365845723227));
#1070=CARTESIAN_POINT('Ctrl Pts',(7.58198657876211,383.333366508369,-1.92098617479885));
#1071=CARTESIAN_POINT('Ctrl Pts',(7.40508935003626,416.666376650947,-1.88352746016482));
#1072=CARTESIAN_POINT('Ctrl Pts',(7.02434683516943,449.999310201438,-1.8812345394253));
#1073=CARTESIAN_POINT('Ctrl Pts',(6.18717581304244,499.999052976472,-1.97816633472029));
#1074=CARTESIAN_POINT('Ctrl Pts',(5.34899907352929,549.999402927188,-2.0622536824421));
#1075=CARTESIAN_POINT('Ctrl Pts',(4.9735738797652,583.33305792467,-2.05088182765454));
#1076=CARTESIAN_POINT('Ctrl Pts',(4.78466441910483,616.660593023176,-1.95303464723549));
#1077=CARTESIAN_POINT('Ctrl Pts',(4.49137025149514,649.98720981851,-1.87535855356539));
#1078=CARTESIAN_POINT('Ctrl Pts',(3.89967048148687,699.988759080108,-1.73142781718337));
#1079=CARTESIAN_POINT('Ctrl Pts',(3.31785392242239,749.995438471074,-1.43521848354928));
#1080=CARTESIAN_POINT('Ctrl Pts',(3.01402875007188,783.333004464288,-1.3353850438147));
#1081=CARTESIAN_POINT('Ctrl Pts',(2.93365181209154,800.000000000001,-1.09248374992126));
#1082=CARTESIAN_POINT('Ctrl Pts',(17.4711166630285,0.,-1.09098575986827));
#1083=CARTESIAN_POINT('Ctrl Pts',(17.3525807864907,16.6669416500495,-1.28775912649843));
#1084=CARTESIAN_POINT('Ctrl Pts',(16.611412389881,50.0038224887939,-1.24847231764189));
#1085=CARTESIAN_POINT('Ctrl Pts',(15.1164673714378,100.004162079572,-1.6807049104664));
#1086=CARTESIAN_POINT('Ctrl Pts',(13.5905039245083,150.002904299708,-1.94752631419412));
#1087=CARTESIAN_POINT('Ctrl Pts',(12.9193061624438,183.334335323753,-2.0015579804799));
#1088=CARTESIAN_POINT('Ctrl Pts',(12.6071408551658,216.662635177191,-1.97761219305223));
#1089=CARTESIAN_POINT('Ctrl Pts',(12.5125787453458,249.992046626988,-1.87760068763139));
#1090=CARTESIAN_POINT('Ctrl Pts',(12.7221006304032,299.993462481339,-1.67956993427466));
#1091=CARTESIAN_POINT('Ctrl Pts',(12.9317602484603,349.997934420119,-1.49194120753702));
#1092=CARTESIAN_POINT('Ctrl Pts',(12.8355433145938,383.333380020106,-1.42007040462853));
#1093=CARTESIAN_POINT('Ctrl Pts',(12.5231335529061,416.666363186531,-1.40700202143731));
#1094=CARTESIAN_POINT('Ctrl Pts',(11.9292876583936,449.99929106402,-1.46648914513606));
#1095=CARTESIAN_POINT('Ctrl Pts',(10.6519569288949,499.999048593626,-1.702221918376));
#1096=CARTESIAN_POINT('Ctrl Pts',(9.36915208041987,549.999412959419,-1.90978336688991));
#1097=CARTESIAN_POINT('Ctrl Pts',(8.7712761159142,583.33306539483,-1.92854071945664));
#1098=CARTESIAN_POINT('Ctrl Pts',(8.43525517121695,616.660585538919,-1.81493706004697));
#1099=CARTESIAN_POINT('Ctrl Pts',(7.93069463399334,649.987225619546,-1.75042620146431));
#1100=CARTESIAN_POINT('Ctrl Pts',(6.92550390915773,699.988839624869,-1.66508278002276));
#1101=CARTESIAN_POINT('Ctrl Pts',(5.92956089481548,749.995564232339,-1.42055939113576));
#1102=CARTESIAN_POINT('Ctrl Pts',(5.41469175582535,783.333038661473,-1.30640673480365));
#1103=CARTESIAN_POINT('Ctrl Pts',(5.25989806616858,800.000000000001,-1.04613477065025));
#1104=CARTESIAN_POINT('Ctrl Pts',(23.9618477655739,0.,0.245124759599607));
#1105=CARTESIAN_POINT('Ctrl Pts',(23.7719277769926,16.6669301767971,0.0247973419384958));
#1106=CARTESIAN_POINT('Ctrl Pts',(22.8547091959894,50.0036113425245,-0.0355993295713985));
#1107=CARTESIAN_POINT('Ctrl Pts',(21.0262692783517,100.003979200093,-0.631701412170541));
#1108=CARTESIAN_POINT('Ctrl Pts',(19.1691853417947,150.002788513161,-1.06360661428321));
#1109=CARTESIAN_POINT('Ctrl Pts',(18.3196811347518,183.334301694464,-1.19734325257277));
#1110=CARTESIAN_POINT('Ctrl Pts',(17.8707971269665,216.662668757782,-1.22302604987041));
#1111=CARTESIAN_POINT('Ctrl Pts',(17.6123875125847,249.992118865011,-1.16237792809195));
#1112=CARTESIAN_POINT('Ctrl Pts',(17.5333777091956,299.993539969794,-1.00122553819996));
#1113=CARTESIAN_POINT('Ctrl Pts',(17.4532082485622,349.997982996263,-0.843777015088663));
#1114=CARTESIAN_POINT('Ctrl Pts',(17.1906613802545,383.333395070667,-0.797368028138948));
#1115=CARTESIAN_POINT('Ctrl Pts',(16.7381503283916,416.666348183567,-0.816621707170262));
#1116=CARTESIAN_POINT('Ctrl Pts',(15.9701502982245,449.99926298615,-0.933294757651753));
#1117=CARTESIAN_POINT('Ctrl Pts',(14.3768473227633,499.999022351144,-1.28392807136493));
#1118=CARTESIAN_POINT('Ctrl Pts',(12.7746586891206,549.99939821164,-1.59479793192247));
#1119=CARTESIAN_POINT('Ctrl Pts',(11.9953749739203,583.333060824138,-1.64652303866609));
#1120=CARTESIAN_POINT('Ctrl Pts',(11.5104737993712,616.660590091326,-1.53508136986484));
#1121=CARTESIAN_POINT('Ctrl Pts',(10.8374576857882,649.987248200972,-1.49574425380125));
#1122=CARTESIAN_POINT('Ctrl Pts',(9.54939284290477,699.988883253512,-1.47897006027231));
#1123=CARTESIAN_POINT('Ctrl Pts',(8.26901337551569,749.995627090727,-1.29785537656517));
#1124=CARTESIAN_POINT('Ctrl Pts',(7.58410621886709,783.333037225842,-1.18434883197539));
#1125=CARTESIAN_POINT('Ctrl Pts',(7.3527652087847,800.,-0.917974968045663));
#1126=CARTESIAN_POINT('Ctrl Pts',(30.0205307824801,0.,1.82951953209409));
#1127=CARTESIAN_POINT('Ctrl Pts',(29.7511219930482,16.6669078123605,1.57637531683816));
#1128=CARTESIAN_POINT('Ctrl Pts',(28.6859745820951,50.0033406661847,1.40328414973867));
#1129=CARTESIAN_POINT('Ctrl Pts',(26.6287658879041,100.00372195962,0.642632599984668));
#1130=CARTESIAN_POINT('Ctrl Pts',(24.5435061659952,150.002611132855,0.0468760385304022));
#1131=CARTESIAN_POINT('Ctrl Pts',(23.5392376521835,183.334243145863,-0.172441423695167));
#1132=CARTESIAN_POINT('Ctrl Pts',(22.9326730005872,216.66272724279,-0.261062685574482));
#1133=CARTESIAN_POINT('Ctrl Pts',(22.4884514988527,249.992242113223,-0.260447981912408));
#1134=CARTESIAN_POINT('Ctrl Pts',(22.0860827176831,299.993662778235,-0.1771868459209));
#1135=CARTESIAN_POINT('Ctrl Pts',(21.6809216094545,349.998050520321,-0.0898746411774148));
#1136=CARTESIAN_POINT('Ctrl Pts',(21.2294262012356,383.333413244665,-0.0874084297159569));
#1137=CARTESIAN_POINT('Ctrl Pts',(20.6149687490583,416.666330066688,-0.14955557550263));
#1138=CARTESIAN_POINT('Ctrl Pts',(19.6794748177632,449.999224362328,-0.325264550830821));
#1139=CARTESIAN_POINT('Ctrl Pts',(17.8228561953357,499.998975819556,-0.780821363939166));
#1140=CARTESIAN_POINT('Ctrl Pts',(15.9543341089286,549.99936243236,-1.18638549816075));
#1141=CARTESIAN_POINT('Ctrl Pts',(15.0010236602303,583.333046376654,-1.27550240118802));
#1142=CARTESIAN_POINT('Ctrl Pts',(14.3464868921121,616.660604512645,-1.18053955910109));
#1143=CARTESIAN_POINT('Ctrl Pts',(13.5292952680261,649.98727878305,-1.17430720688327));
#1144=CARTESIAN_POINT('Ctrl Pts',(12.0618896725216,699.988903649662,-1.2285943896401));
#1145=CARTESIAN_POINT('Ctrl Pts',(10.5997498189605,749.995648910511,-1.11404979342445));
#1146=CARTESIAN_POINT('Ctrl Pts',(9.76758956062187,783.333008115144,-1.00836498201645));
#1147=CARTESIAN_POINT('Ctrl Pts',(9.44816722076596,800.,-0.743896249750543));
#1148=CARTESIAN_POINT('Ctrl Pts',(37.460811444099,0.,4.1403172166953));
#1149=CARTESIAN_POINT('Ctrl Pts',(37.0755889463182,16.6668650949008,3.83210767752818));
#1150=CARTESIAN_POINT('Ctrl Pts',(35.8336909584055,50.0029115928526,3.49328137741623));
#1151=CARTESIAN_POINT('Ctrl Pts',(33.5580287203876,100.003292371286,2.51236639493699));
#1152=CARTESIAN_POINT('Ctrl Pts',(31.2530300751883,150.002302222404,1.69957103413286));
#1153=CARTESIAN_POINT('Ctrl Pts',(30.0576324132608,183.334135551161,1.35887198012146));
#1154=CARTESIAN_POINT('Ctrl Pts',(29.21562463477,216.662834741345,1.16995844215462));
#1155=CARTESIAN_POINT('Ctrl Pts',(28.5296502694179,249.992466937809,1.07102064614663));
#1156=CARTESIAN_POINT('Ctrl Pts',(27.7514905371884,299.993880256976,1.01766877622923));
#1157=CARTESIAN_POINT('Ctrl Pts',(26.9679389269605,349.998162983813,0.980017734530199));
#1158=CARTESIAN_POINT('Ctrl Pts',(26.2696782430641,383.333441176738,0.907087126001358));
#1159=CARTESIAN_POINT('Ctrl Pts',(25.4129689160227,416.66630221793,0.774779658853194));
#1160=CARTESIAN_POINT('Ctrl Pts',(24.2550734445661,449.99916030486,0.518526849825835));
#1161=CARTESIAN_POINT('Ctrl Pts',(22.0895541727171,499.99888965279,-0.0633660936541516));
#1162=CARTESIAN_POINT('Ctrl Pts',(19.9085991143355,549.999289775706,-0.583201493675072));
#1163=CARTESIAN_POINT('Ctrl Pts',(18.7250872556966,583.333015408193,-0.726986441098624));
#1164=CARTESIAN_POINT('Ctrl Pts',(17.8194015667214,616.660635439455,-0.671283241484748));
#1165=CARTESIAN_POINT('Ctrl Pts',(16.8361076505344,649.987328844001,-0.715841053637974));
#1166=CARTESIAN_POINT('Ctrl Pts',(15.2449489077329,699.988902774433,-0.859111382501422));
#1167=CARTESIAN_POINT('Ctrl Pts',(13.6548973304165,749.995628481087,-0.828342618263501));
#1168=CARTESIAN_POINT('Ctrl Pts',(12.6509054738913,783.332936502964,-0.739012819142679));
#1169=CARTESIAN_POINT('Ctrl Pts',(12.2002994628474,800.,-0.486722164701862));
#1170=CARTESIAN_POINT('Ctrl Pts',(45.3074340987238,0.,6.95573255934782));
#1171=CARTESIAN_POINT('Ctrl Pts',(44.7769855237292,16.666797991318,6.56824430544464));
#1172=CARTESIAN_POINT('Ctrl Pts',(43.3259363331658,50.0023327549288,6.01777828934239));
#1173=CARTESIAN_POINT('Ctrl Pts',(40.8125253405037,100.002684108369,4.7809792285821));
#1174=CARTESIAN_POINT('Ctrl Pts',(38.2653377463223,150.001848921694,3.7193686884849));
#1175=CARTESIAN_POINT('Ctrl Pts',(36.8371529018352,183.333970904447,3.22855334826315));
#1176=CARTESIAN_POINT('Ctrl Pts',(35.6923782640901,216.662999263577,2.90149514205439));
#1177=CARTESIAN_POINT('Ctrl Pts',(34.7849109598274,249.992809253419,2.66974477446077));
#1178=CARTESIAN_POINT('Ctrl Pts',(33.7916315843456,299.994204302975,2.43997160127584));
#1179=CARTESIAN_POINT('Ctrl Pts',(32.7893623837864,349.998322581303,2.24104797539573));
#1180=CARTESIAN_POINT('Ctrl Pts',(31.8626387362924,383.333478063236,2.06667208449827));
#1181=CARTESIAN_POINT('Ctrl Pts',(30.6937062463548,416.666265434885,1.83544946242245));
#1182=CARTESIAN_POINT('Ctrl Pts',(29.2659667296126,449.999069583679,1.48388218152114));
#1183=CARTESIAN_POINT('Ctrl Pts',(26.7535146846131,499.998756946063,0.775109999522442));
#1184=CARTESIAN_POINT('Ctrl Pts',(24.2224250754242,549.999171145282,0.139721861105139));
#1185=CARTESIAN_POINT('Ctrl Pts',(22.7617451530772,583.332963285482,-0.0745434644303019));
#1186=CARTESIAN_POINT('Ctrl Pts',(21.5359491036548,616.660687505477,-0.0891412894998014));
#1187=CARTESIAN_POINT('Ctrl Pts',(20.3711019984116,649.987398497454,-0.19994343942421));
#1188=CARTESIAN_POINT('Ctrl Pts',(18.7123808079946,699.988859323498,-0.431770800818936));
#1189=CARTESIAN_POINT('Ctrl Pts',(17.0488661533822,749.995530698225,-0.484829925488568));
#1190=CARTESIAN_POINT('Ctrl Pts',(15.8547491216715,783.332807510774,-0.422262693005763));
#1191=CARTESIAN_POINT('Ctrl Pts',(15.236134030176,800.,-0.198182779198505));
#1192=CARTESIAN_POINT('Ctrl Pts',(54.1184268075013,0.,9.86564134892973));
#1193=CARTESIAN_POINT('Ctrl Pts',(53.4379999271895,16.6667196201957,9.38805015600667));
#1194=CARTESIAN_POINT('Ctrl Pts',(51.7412648542931,50.0017218236303,8.61785216043837));
#1195=CARTESIAN_POINT('Ctrl Pts',(48.8941522802221,100.00201856938,7.1334373584668));
#1196=CARTESIAN_POINT('Ctrl Pts',(46.0068740434748,150.001340404392,5.83373054789007));
#1197=CARTESIAN_POINT('Ctrl Pts',(44.3055831388838,183.333781087389,5.18921531316849));
#1198=CARTESIAN_POINT('Ctrl Pts',(42.8433244085612,216.663188950411,4.70889620450347));
#1199=CARTESIAN_POINT('Ctrl Pts',(41.7007586335099,249.993203067189,4.32940117038951));
#1200=CARTESIAN_POINT('Ctrl Pts',(40.4734084192074,299.994572925487,3.90154163940756));
#1201=CARTESIAN_POINT('Ctrl Pts',(39.2330037913255,349.998499230434,3.52071831287716));
#1202=CARTESIAN_POINT('Ctrl Pts',(38.0632764191458,383.333517199037,3.23203213534451));
#1203=CARTESIAN_POINT('Ctrl Pts',(36.5661595692156,416.666226402903,2.88955739149493));
#1204=CARTESIAN_POINT('Ctrl Pts',(34.8486919326826,449.998968936456,2.44013731194065));
#1205=CARTESIAN_POINT('Ctrl Pts',(31.9540836314637,499.998603088761,1.61423392412387));
#1206=CARTESIAN_POINT('Ctrl Pts',(29.0385412209722,549.999029943996,0.870839741753588));
#1207=CARTESIAN_POINT('Ctrl Pts',(27.2826278781287,583.332900456368,0.579134213807015));
#1208=CARTESIAN_POINT('Ctrl Pts',(25.7231730812143,616.660750273329,0.476043089443262));
#1209=CARTESIAN_POINT('Ctrl Pts',(24.3030226178532,649.987473832434,0.290078138840364));
#1210=CARTESIAN_POINT('Ctrl Pts',(22.3756903694582,699.988782297222,-0.0303457023589654));
#1211=CARTESIAN_POINT('Ctrl Pts',(20.4374184075622,749.995375254803,-0.168363453432304));
#1212=CARTESIAN_POINT('Ctrl Pts',(18.9789185570583,783.332647568649,-0.143912353296479));
#1213=CARTESIAN_POINT('Ctrl Pts',(18.1852068292424,799.999999999999,0.0414002295048306));
#1214=CARTESIAN_POINT('Ctrl Pts',(61.2152104501052,0.,12.0390608099898));
#1215=CARTESIAN_POINT('Ctrl Pts',(60.4243362369326,16.6666595470022,11.4922740933543));
#1216=CARTESIAN_POINT('Ctrl Pts',(58.5422313962413,50.0012756001247,10.5617140904528));
#1217=CARTESIAN_POINT('Ctrl Pts',(55.4371568287349,100.001523330602,8.90400831671079));
#1218=CARTESIAN_POINT('Ctrl Pts',(52.2867796410084,150.000957270813,7.43869610456903));
#1219=CARTESIAN_POINT('Ctrl Pts',(50.3795072003667,183.333636202966,6.68236612632706));
#1220=CARTESIAN_POINT('Ctrl Pts',(48.6823075171036,216.663333746626,6.08525744305643));
#1221=CARTESIAN_POINT('Ctrl Pts',(47.3290020634037,249.99350353408,5.58964593288492));
#1222=CARTESIAN_POINT('Ctrl Pts',(45.8181718039858,299.994853056607,4.99975193044512));
#1223=CARTESIAN_POINT('Ctrl Pts',(44.2911408725014,349.998632100604,4.46904650634636));
#1224=CARTESIAN_POINT('Ctrl Pts',(42.9045422971693,383.33354618735,4.08929770384472));
#1225=CARTESIAN_POINT('Ctrl Pts',(41.1641999725725,416.666197484433,3.66162542071567));
#1226=CARTESIAN_POINT('Ctrl Pts',(39.23094162403,449.998893001482,3.13969256979702));
#1227=CARTESIAN_POINT('Ctrl Pts',(36.0502390539019,499.998485245551,2.23058460130566));
#1228=CARTESIAN_POINT('Ctrl Pts',(32.8472700317623,549.998920951337,1.41002134192011));
#1229=CARTESIAN_POINT('Ctrl Pts',(30.8722576247879,583.33285178665,1.05939986493024));
#1230=CARTESIAN_POINT('Ctrl Pts',(29.0664853819187,616.660798900495,0.886094938916114));
#1231=CARTESIAN_POINT('Ctrl Pts',(27.4229849438489,649.987529594245,0.641694766722866));
#1232=CARTESIAN_POINT('Ctrl Pts',(25.192831066879,699.988715272757,0.254098014562742));
#1233=CARTESIAN_POINT('Ctrl Pts',(22.9474057636643,749.995243475591,0.0512395838545698));
#1234=CARTESIAN_POINT('Ctrl Pts',(21.2591662361757,783.332522563222,0.0429376585151769));
#1235=CARTESIAN_POINT('Ctrl Pts',(20.3364767013848,799.999999999999,0.196697574008103));
#1236=CARTESIAN_POINT('Ctrl Pts',(68.8594173327523,0.,14.2846914783887));
#1237=CARTESIAN_POINT('Ctrl Pts',(67.9554549886314,16.6665969771063,13.6654183249249));
#1238=CARTESIAN_POINT('Ctrl Pts',(65.8809775290374,50.0008241210399,12.5715600895279));
#1239=CARTESIAN_POINT('Ctrl Pts',(62.5050201377337,100.001016414249,10.740910418966));
#1240=CARTESIAN_POINT('Ctrl Pts',(59.078328605403,150.000562117755,9.11087707395096));
#1241=CARTESIAN_POINT('Ctrl Pts',(56.9575874674855,183.333485608699,8.2405321866852));
#1242=CARTESIAN_POINT('Ctrl Pts',(55.0193826561228,216.663484251156,7.52147604733198));
#1243=CARTESIAN_POINT('Ctrl Pts',(53.4270052895107,249.993815812227,6.90279983886875));
#1244=CARTESIAN_POINT('Ctrl Pts',(51.556725831397,299.995143648737,6.13793223447249));
#1245=CARTESIAN_POINT('Ctrl Pts',(49.6669240223384,349.998769228809,5.44484780300245));
#1246=CARTESIAN_POINT('Ctrl Pts',(48.0347714301324,383.333575890302,4.96796517222177));
#1247=CARTESIAN_POINT('Ctrl Pts',(46.0446757115126,416.66616785131,4.45112605467164));
#1248=CARTESIAN_POINT('Ctrl Pts',(43.8888385947777,449.998814441558,3.85442351785172));
#1249=CARTESIAN_POINT('Ctrl Pts',(40.4115883044983,499.99836247939,2.86117423277928));
#1250=CARTESIAN_POINT('Ctrl Pts',(36.9109179232878,549.998807046553,1.96233704787618));
#1251=CARTESIAN_POINT('Ctrl Pts',(34.7103824858479,583.332800853962,1.55019087003795));
#1252=CARTESIAN_POINT('Ctrl Pts',(32.6522385390742,616.660849789554,1.30226659040315));
#1253=CARTESIAN_POINT('Ctrl Pts',(30.7594421781822,649.987586495509,0.996332706847025));
#1254=CARTESIAN_POINT('Ctrl Pts',(28.1577575688363,699.988641037308,0.538802552502957));
#1255=CARTESIAN_POINT('Ctrl Pts',(25.5365639756978,749.995099186468,0.268233865858668));
#1256=CARTESIAN_POINT('Ctrl Pts',(23.5928075949374,783.332391215416,0.223647036719962));
#1257=CARTESIAN_POINT('Ctrl Pts',(22.5382439396124,799.999999999999,0.343501707887907));
#1258=CARTESIAN_POINT('Ctrl Pts',(79.3396853862486,0.,17.2182183574741));
#1259=CARTESIAN_POINT('Ctrl Pts',(78.2901851835072,16.6665153456639,16.5029882769856));
#1260=CARTESIAN_POINT('Ctrl Pts',(75.9673605320827,50.0002587852227,15.2008816613608));
#1261=CARTESIAN_POINT('Ctrl Pts',(72.2427011511929,100.000370787568,13.1544255629312));
#1262=CARTESIAN_POINT('Ctrl Pts',(68.4601964611924,150.000053328774,11.3196709238763));
#1263=CARTESIAN_POINT('Ctrl Pts',(66.0644913459249,183.333289575007,10.3030218486904));
#1264=CARTESIAN_POINT('Ctrl Pts',(63.8158326446864,216.663680164046,9.42294605534217));
#1265=CARTESIAN_POINT('Ctrl Pts',(61.8705248740793,249.994222352029,8.63831462522308));
#1266=CARTESIAN_POINT('Ctrl Pts',(59.402377978595,299.99552120901,7.63141561064142));
#1267=CARTESIAN_POINT('Ctrl Pts',(56.91024495466,349.998946385437,6.71279317721112));
#1268=CARTESIAN_POINT('Ctrl Pts',(54.9164336140645,383.333613994649,6.10384127408535));
#1269=CARTESIAN_POINT('Ctrl Pts',(52.6041238672077,416.666129837434,5.46899203931968));
#1270=CARTESIAN_POINT('Ctrl Pts',(50.160424619621,449.998712510156,4.77484334136284));
#1271=CARTESIAN_POINT('Ctrl Pts',(46.298872302187,499.998202108024,3.67409663911191));
#1272=CARTESIAN_POINT('Ctrl Pts',(42.412767176068,549.998657897027,2.67497313096388));
#1273=CARTESIAN_POINT('Ctrl Pts',(39.9213325638914,583.332734101822,2.18163270155977));
#1274=CARTESIAN_POINT('Ctrl Pts',(37.5385125434883,616.660916482968,1.83359837486385));
#1275=CARTESIAN_POINT('Ctrl Pts',(35.2933615240352,649.987658664822,1.44586948095418));
#1276=CARTESIAN_POINT('Ctrl Pts',(32.119049787978,699.988537018461,0.896416482980363));
#1277=CARTESIAN_POINT('Ctrl Pts',(28.9202770923947,749.994899480697,0.536589108528707));
#1278=CARTESIAN_POINT('Ctrl Pts',(26.6169989288864,783.332218378787,0.440728955182336));
#1279=CARTESIAN_POINT('Ctrl Pts',(25.3934566836104,800.,0.514614015060362));
#1280=CARTESIAN_POINT('Ctrl Pts',(97.2528806726105,0.,22.116977115188));
#1281=CARTESIAN_POINT('Ctrl Pts',(95.9649062808117,16.6663829483054,21.2403196149802));
#1282=CARTESIAN_POINT('Ctrl Pts',(93.2375614685686,49.9993899405393,19.5995230142485));
#1283=CARTESIAN_POINT('Ctrl Pts',(88.9554678065399,99.9993545845437,17.1996973580288));
#1284=CARTESIAN_POINT('Ctrl Pts',(84.6044551099641,149.999240403332,15.0301644406773));
#1285=CARTESIAN_POINT('Ctrl Pts',(81.7639375746972,183.332971784861,13.7702390656713));
#1286=CARTESIAN_POINT('Ctrl Pts',(79.0082025289259,216.663997787263,12.6188472109674));
#1287=CARTESIAN_POINT('Ctrl Pts',(76.4289669818245,249.99488198626,11.5517384752045));
#1288=CARTESIAN_POINT('Ctrl Pts',(72.8120796084,299.996133268388,10.1270704177656));
#1289=CARTESIAN_POINT('Ctrl Pts',(69.1634762280951,349.999232531427,8.81833287441752));
#1290=CARTESIAN_POINT('Ctrl Pts',(66.5205747101657,383.333675471257,7.98352767544758));
#1291=CARTESIAN_POINT('Ctrl Pts',(63.6808033965366,416.666068483918,7.14968635504216));
#1292=CARTESIAN_POINT('Ctrl Pts',(60.7644770304182,449.99854652684,6.29216477932379));
#1293=CARTESIAN_POINT('Ctrl Pts',(56.270524385074,499.997940643466,5.01201275843141));
#1294=CARTESIAN_POINT('Ctrl Pts',(51.7507559312943,549.998415254874,3.84557961915233));
#1295=CARTESIAN_POINT('Ctrl Pts',(48.7830393748849,583.332625656531,3.21573520483974));
#1296=CARTESIAN_POINT('Ctrl Pts',(45.8702181952073,616.661024844572,2.69902116265259));
#1297=CARTESIAN_POINT('Ctrl Pts',(43.0210711751316,649.987771693674,2.17490121760176));
#1298=CARTESIAN_POINT('Ctrl Pts',(38.8263783717698,699.988356456229,1.47436305030525));
#1299=CARTESIAN_POINT('Ctrl Pts',(34.6007586042661,749.994556216481,0.967839812455199));
#1300=CARTESIAN_POINT('Ctrl Pts',(31.6845654432711,783.331937233837,0.78125432970609));
#1301=CARTESIAN_POINT('Ctrl Pts',(30.1873583435744,800.,0.777434846939862));
#1302=CARTESIAN_POINT('Ctrl Pts',(120.095711055512,0.,28.4988553579849));
#1303=CARTESIAN_POINT('Ctrl Pts',(118.505308463134,16.6662242141678,27.4121817621039));
#1304=CARTESIAN_POINT('Ctrl Pts',(115.26158362889,49.9984417418755,25.342535621991));
#1305=CARTESIAN_POINT('Ctrl Pts',(110.278787233713,99.998195151319,22.4649567531145));
#1306=CARTESIAN_POINT('Ctrl Pts',(105.215656298718,149.998287889965,19.84090896948));
#1307=CARTESIAN_POINT('Ctrl Pts',(101.817996128675,183.332590118409,18.2561520346878));
#1308=CARTESIAN_POINT('Ctrl Pts',(98.4263920092241,216.66437925712,16.7486418081174));
#1309=CARTESIAN_POINT('Ctrl Pts',(95.0466025731179,249.995676095849,15.3154359079786));
#1310=CARTESIAN_POINT('Ctrl Pts',(89.9728653130859,299.996870919127,13.353556830601));
#1311=CARTESIAN_POINT('Ctrl Pts',(84.8567946047354,349.999577366034,11.5439155205958));
#1312=CARTESIAN_POINT('Ctrl Pts',(81.3924022129083,383.33375035608,10.4169295240508));
#1313=CARTESIAN_POINT('Ctrl Pts',(77.8886961117096,416.665993732724,9.32239509799729));
#1314=CARTESIAN_POINT('Ctrl Pts',(74.3699054400318,449.998343144058,8.24866739923631));
#1315=CARTESIAN_POINT('Ctrl Pts',(69.0590627559362,499.997623214953,6.72589376802424));
#1316=CARTESIAN_POINT('Ctrl Pts',(63.7216484962502,549.998123982611,5.33454143807982));
#1317=CARTESIAN_POINT('Ctrl Pts',(60.1488415048436,583.332496276564,4.52654329665079));
#1318=CARTESIAN_POINT('Ctrl Pts',(56.5709172091165,616.661154125437,3.79443190280352));
#1319=CARTESIAN_POINT('Ctrl Pts',(52.9789410271589,649.987899650959,3.09843265228527));
#1320=CARTESIAN_POINT('Ctrl Pts',(47.551214370606,699.98812262641,2.21139196413676));
#1321=CARTESIAN_POINT('Ctrl Pts',(42.0885615465173,749.994115525531,1.52480713988889));
#1322=CARTESIAN_POINT('Ctrl Pts',(38.4255123636638,783.33160308983,1.21567105495733));
#1323=CARTESIAN_POINT('Ctrl Pts',(36.5903956024171,800.,1.11351662788703));
#1324=CARTESIAN_POINT('Ctrl Pts',(137.278374800193,0.,33.6957218466298));
#1325=CARTESIAN_POINT('Ctrl Pts',(135.454606446833,16.6661261994354,32.4462928465517));
#1326=CARTESIAN_POINT('Ctrl Pts',(131.78018883891,49.9979815016621,30.0435822659834));
#1327=CARTESIAN_POINT('Ctrl Pts',(126.186611972411,99.9975551213438,26.7176585801269));
#1328=CARTESIAN_POINT('Ctrl Pts',(120.510125205995,149.997724999816,23.6604157898873));
#1329=CARTESIAN_POINT('Ctrl Pts',(116.670708975916,183.33235122868,21.7918204058545));
#1330=CARTESIAN_POINT('Ctrl Pts',(112.805334951408,216.664618027993,19.9998370759515));
#1331=CARTESIAN_POINT('Ctrl Pts',(108.910533338315,249.996177362181,18.2878923949417));
#1332=CARTESIAN_POINT('Ctrl Pts',(102.996564558147,299.997341436339,15.9341487412084));
#1333=CARTESIAN_POINT('Ctrl Pts',(97.0310544147644,349.999801313013,13.7621986148361));
#1334=CARTESIAN_POINT('Ctrl Pts',(93.0333323782663,383.333801923875,12.4160154384191));
#1335=CARTESIAN_POINT('Ctrl Pts',(89.0314101109988,416.665942229747,11.1153802449115));
#1336=CARTESIAN_POINT('Ctrl Pts',(85.028493875707,449.998205101651,9.85855675885981));
#1337=CARTESIAN_POINT('Ctrl Pts',(79.0108582386206,499.997418830713,8.10775717565312));
#1338=CARTESIAN_POINT('Ctrl Pts',(72.9664809763298,549.997945502312,6.50857571490823));
#1339=CARTESIAN_POINT('Ctrl Pts',(68.9088452605551,583.332419115281,5.55875052147672));
#1340=CARTESIAN_POINT('Ctrl Pts',(64.8325905014219,616.661231227157,4.6737852925122));
#1341=CARTESIAN_POINT('Ctrl Pts',(60.7398949211454,649.987969133037,3.85067542821156));
#1342=CARTESIAN_POINT('Ctrl Pts',(54.5593658311648,699.987966110298,2.81631729467058));
#1343=CARTESIAN_POINT('Ctrl Pts',(48.3479343655008,749.993820742877,1.99009625831102));
#1344=CARTESIAN_POINT('Ctrl Pts',(44.1935262295301,783.331409559333,1.58119996770062));
#1345=CARTESIAN_POINT('Ctrl Pts',(42.1146272771813,800.,1.4131210817459));
#1346=CARTESIAN_POINT('Ctrl Pts',(145.544358941399,0.,36.2882843399501));
#1347=CARTESIAN_POINT('Ctrl Pts',(143.609351159123,16.6660899222882,34.9623051081406));
#1348=CARTESIAN_POINT('Ctrl Pts',(139.71266918178,49.9978637651874,32.4003365518374));
#1349=CARTESIAN_POINT('Ctrl Pts',(133.786676320041,99.9973493354805,28.8292068379655));
#1350=CARTESIAN_POINT('Ctrl Pts',(127.779118816665,149.997526145808,25.5326082101286));
#1351=CARTESIAN_POINT('Ctrl Pts',(123.720117846182,183.332260871312,23.5164455607314));
#1352=CARTESIAN_POINT('Ctrl Pts',(119.63586131992,216.664708368936,21.5869620924492));
#1353=CARTESIAN_POINT('Ctrl Pts',(115.526175911517,249.996369112288,19.7440295111468));
#1354=CARTESIAN_POINT('Ctrl Pts',(109.293498544963,299.997524207096,17.2108396895534));
#1355=CARTESIAN_POINT('Ctrl Pts',(103.004571966741,349.99989074559,14.8740124665305));
#1356=CARTESIAN_POINT('Ctrl Pts',(98.7825512188446,383.333824053865,13.4259796591));
#1357=CARTESIAN_POINT('Ctrl Pts',(94.5492155141974,416.665920100097,12.0267083348656));
#1358=CARTESIAN_POINT('Ctrl Pts',(90.3043184184739,449.998147315677,10.6761105096148));
#1359=CARTESIAN_POINT('Ctrl Pts',(83.9078158905479,499.997338908085,8.7981554241796));
#1360=CARTESIAN_POINT('Ctrl Pts',(77.484484234051,549.997880330116,7.08424599061593));
#1361=CARTESIAN_POINT('Ctrl Pts',(73.1846970224813,583.332392061432,6.06550273575991));
#1362=CARTESIAN_POINT('Ctrl Pts',(68.8768467209784,616.6612582707,5.11505588588217));
#1363=CARTESIAN_POINT('Ctrl Pts',(64.5604829488449,649.987990986576,4.2327674101673));
#1364=CARTESIAN_POINT('Ctrl Pts',(58.0585382128649,699.98790529998,3.12149834846735));
#1365=CARTESIAN_POINT('Ctrl Pts',(51.5302234509536,749.993705328769,2.22321207332276));
#1366=CARTESIAN_POINT('Ctrl Pts',(47.1612167169061,783.331345086885,1.76482956270243));
#1367=CARTESIAN_POINT('Ctrl Pts',(44.9725872158593,800.,1.57047735161254));
#1368=UNCERTAINTY_MEASURE_WITH_UNIT(LENGTH_MEASURE(0.01),#1372,
'DISTANCE_ACCURACY_VALUE',
'Maximum model space distance between geometric entities at asserted c
onnectivities');
#1369=UNCERTAINTY_MEASURE_WITH_UNIT(LENGTH_MEASURE(0.01),#1372,
'DISTANCE_ACCURACY_VALUE',
'Maximum model space distance between geometric entities at asserted c
onnectivities');
#1370=(
GEOMETRIC_REPRESENTATION_CONTEXT(3)
GLOBAL_UNCERTAINTY_ASSIGNED_CONTEXT((#1368))
GLOBAL_UNIT_ASSIGNED_CONTEXT((#1372,#1374,#1375))
REPRESENTATION_CONTEXT('','3D')
);
#1371=(
GEOMETRIC_REPRESENTATION_CONTEXT(3)
GLOBAL_UNCERTAINTY_ASSIGNED_CONTEXT((#1369))
GLOBAL_UNIT_ASSIGNED_CONTEXT((#1372,#1374,#1375))
REPRESENTATION_CONTEXT('','3D')
);
#1372=(
LENGTH_UNIT()
NAMED_UNIT(*)
SI_UNIT(.MILLI.,.METRE.)
);
#1373=(
LENGTH_UNIT()
NAMED_UNIT(*)
SI_UNIT($,.METRE.)
);
#1374=(
NAMED_UNIT(*)
PLANE_ANGLE_UNIT()
SI_UNIT($,.RADIAN.)
);
#1375=(
NAMED_UNIT(*)
SI_UNIT($,.STERADIAN.)
SOLID_ANGLE_UNIT()
);
#1376=SHAPE_DEFINITION_REPRESENTATION(#1377,#1378);
#1377=PRODUCT_DEFINITION_SHAPE('',$,#1380);
#1378=SHAPE_REPRESENTATION('',(#103),#1370);
#1379=PRODUCT_DEFINITION_CONTEXT('part definition',#1384,'design');
#1380=PRODUCT_DEFINITION('2026-05-26-22-15-00-733',
'Refined_blade_NACA4412_modified_150mm',#1381,#1379);
#1381=PRODUCT_DEFINITION_FORMATION('',$,#1386);
#1382=PRODUCT_RELATED_PRODUCT_CATEGORY(
'Refined_blade_NACA4412_modified_150mm',
'Refined_blade_NACA4412_modified_150mm',(#1386));
#1383=APPLICATION_PROTOCOL_DEFINITION('international standard',
'automotive_design',2009,#1384);
#1384=APPLICATION_CONTEXT(
'Core Data for Automotive Mechanical Design Process');
#1385=PRODUCT_CONTEXT('part definition',#1384,'mechanical');
#1386=PRODUCT('2026-05-26-22-15-00-733',
'Refined_blade_NACA4412_modified_150mm',$,(#1385));
#1387=PRESENTATION_STYLE_ASSIGNMENT((#1388));
#1388=SURFACE_STYLE_USAGE(.BOTH.,#1389);
#1389=SURFACE_SIDE_STYLE('',(#1390));
#1390=SURFACE_STYLE_FILL_AREA(#1391);
#1391=FILL_AREA_STYLE('Steel - Satin',(#1392));
#1392=FILL_AREA_STYLE_COLOUR('Steel - Satin',#1393);
#1393=COLOUR_RGB('Steel - Satin',0.627450980392157,0.627450980392157,0.627450980392157);
ENDSEC;
END-ISO-10303-21;
