ISO-10303-21;
HEADER;
/* Generated by software containing ST-Developer
 * from STEP Tools, Inc. (www.steptools.com) 
 */

FILE_DESCRIPTION(
/* description */ (''),
/* implementation_level */ '2;1');

FILE_NAME(
/* name */ 'Refined_blade_NACA4412_main_200mm_0.8m.step',
/* time_stamp */ '2026-07-04T01:55:42+08:00',
/* author */ (''),
/* organization */ (''),
/* preprocessor_version */ 'ST-DEVELOPER v20.1',
/* originating_system */ 'Autodesk Translation Framework v15.8.0.0',
/* authorisation */ '');

FILE_SCHEMA (('AUTOMOTIVE_DESIGN { 1 0 10303 214 3 1 1 }'));
ENDSEC;

DATA;
#10=MECHANICAL_DESIGN_GEOMETRIC_PRESENTATION_REPRESENTATION('',(#13),#1347);
#11=SHAPE_REPRESENTATION_RELATIONSHIP('SRR','None',#1354,#12);
#12=ADVANCED_BREP_SHAPE_REPRESENTATION('',(#14),#1346);
#13=STYLED_ITEM('',(#1363),#14);
#14=MANIFOLD_SOLID_BREP('Body1',#90);
#15=(
BOUNDED_CURVE()
B_SPLINE_CURVE(5,(#292,#293,#294,#295,#296,#297,#298,#299,#300,#301,#302,
#303,#304,#305,#306,#307,#308,#309,#310,#311,#312,#313,#314,#315,#316),
 .UNSPECIFIED.,.F.,.F.)
B_SPLINE_CURVE_WITH_KNOTS((6,1,1,1,1,1,1,1,1,1,1,1,1,1,1,1,1,1,1,1,6),(0.,
0.05,0.1,0.15,0.2,0.25,0.3,0.35,0.4,0.45,0.5,0.55,0.6,0.65,0.7,0.75,0.8,
0.85,0.9,0.95,1.),.UNSPECIFIED.)
CURVE()
GEOMETRIC_REPRESENTATION_ITEM()
RATIONAL_B_SPLINE_CURVE((1.,1.,1.,1.,1.,1.,1.,1.,1.,1.,1.,1.,1.,1.,1.,1.,
1.,1.,1.,1.,1.,1.,1.,1.,1.))
REPRESENTATION_ITEM('')
);
#16=(
BOUNDED_CURVE()
B_SPLINE_CURVE(5,(#317,#318,#319,#320,#321,#322,#323,#324,#325,#326,#327,
#328,#329,#330,#331),.UNSPECIFIED.,.F.,.F.)
B_SPLINE_CURVE_WITH_KNOTS((6,1,1,1,1,1,1,1,1,1,6),(0.,0.1,0.2,0.3,0.4,0.5,
0.6,0.7,0.8,0.9,1.),.UNSPECIFIED.)
CURVE()
GEOMETRIC_REPRESENTATION_ITEM()
RATIONAL_B_SPLINE_CURVE((1.,1.,1.,1.,1.,1.,1.,1.,1.,1.,1.,1.,1.,1.,1.))
REPRESENTATION_ITEM('')
);
#17=(
BOUNDED_CURVE()
B_SPLINE_CURVE(5,(#468,#469,#470,#471,#472,#473,#474,#475,#476,#477,#478,
#479),.UNSPECIFIED.,.F.,.F.)
B_SPLINE_CURVE_WITH_KNOTS((6,1,1,1,1,1,1,6),(-1.,-0.95,-0.9,-0.85,-0.8,
-0.75,-0.7,-0.6712909796784),.UNSPECIFIED.)
CURVE()
GEOMETRIC_REPRESENTATION_ITEM()
RATIONAL_B_SPLINE_CURVE((1.,1.,1.,1.,1.,1.,1.,1.,1.,1.,1.,1.))
REPRESENTATION_ITEM('')
);
#18=(
BOUNDED_CURVE()
B_SPLINE_CURVE(5,(#480,#481,#482,#483,#484,#485,#486,#487,#488,#489,#490,
#491,#492,#493,#494,#495,#496,#497,#498),.UNSPECIFIED.,.F.,.F.)
B_SPLINE_CURVE_WITH_KNOTS((6,1,1,1,1,1,1,1,1,1,1,1,1,1,6),(-0.6712909796784,
-0.65,-0.6,-0.55,-0.5,-0.45,-0.4,-0.35,-0.3,-0.25,-0.2,-0.15,-0.1,-0.05,
0.),.UNSPECIFIED.)
CURVE()
GEOMETRIC_REPRESENTATION_ITEM()
RATIONAL_B_SPLINE_CURVE((1.,1.,1.,1.,1.,1.,1.,1.,1.,1.,1.,1.,1.,1.,1.,1.,
1.,1.,1.))
REPRESENTATION_ITEM('')
);
#19=(
BOUNDED_CURVE()
B_SPLINE_CURVE(5,(#502,#503,#504,#505,#506,#507,#508,#509,#510,#511,#512,
#513,#514,#515,#516,#517,#518,#519,#520,#521,#522,#523,#524,#525,#526),
 .UNSPECIFIED.,.F.,.F.)
B_SPLINE_CURVE_WITH_KNOTS((6,1,1,1,1,1,1,1,1,1,1,1,1,1,1,1,1,1,1,1,6),(-1.,
-0.95,-0.9,-0.85,-0.8,-0.75,-0.7,-0.65,-0.6,-0.55,-0.5,-0.45,-0.4,-0.35,
-0.3,-0.25,-0.2,-0.15,-0.1,-0.05,0.),.UNSPECIFIED.)
CURVE()
GEOMETRIC_REPRESENTATION_ITEM()
RATIONAL_B_SPLINE_CURVE((1.,1.,1.,1.,1.,1.,1.,1.,1.,1.,1.,1.,1.,1.,1.,1.,
1.,1.,1.,1.,1.,1.,1.,1.,1.))
REPRESENTATION_ITEM('')
);
#20=(
BOUNDED_CURVE()
B_SPLINE_CURVE(5,(#527,#528,#529,#530,#531,#532,#533,#534,#535,#536,#537,
#538,#539,#540,#541,#542,#543,#544,#545,#546,#547,#548,#549,#550,#551),
 .UNSPECIFIED.,.F.,.F.)
B_SPLINE_CURVE_WITH_KNOTS((6,1,1,1,1,1,1,1,1,1,1,1,1,1,1,1,1,1,1,1,6),(0.,
0.05,0.1,0.15,0.2,0.25,0.3,0.35,0.4,0.45,0.5,0.55,0.6,0.65,0.7,0.75,0.8,
0.85,0.9,0.95,1.),.UNSPECIFIED.)
CURVE()
GEOMETRIC_REPRESENTATION_ITEM()
RATIONAL_B_SPLINE_CURVE((1.,1.,1.,1.,1.,1.,1.,1.,1.,1.,1.,1.,1.,1.,1.,1.,
1.,1.,1.,1.,1.,1.,1.,1.,1.))
REPRESENTATION_ITEM('')
);
#21=(
BOUNDED_CURVE()
B_SPLINE_CURVE(5,(#948,#949,#950,#951,#952,#953,#954,#955,#956,#957,#958,
#959,#960,#961,#962,#963,#964,#965,#966,#967,#968,#969,#970,#971,#972),
 .UNSPECIFIED.,.F.,.F.)
B_SPLINE_CURVE_WITH_KNOTS((6,1,1,1,1,1,1,1,1,1,1,1,1,1,1,1,1,1,1,1,6),(0.,
0.05,0.1,0.15,0.2,0.25,0.3,0.35,0.4,0.45,0.5,0.55,0.6,0.65,0.7,0.75,0.8,
0.85,0.9,0.95,1.),.UNSPECIFIED.)
CURVE()
GEOMETRIC_REPRESENTATION_ITEM()
RATIONAL_B_SPLINE_CURVE((1.,1.,1.,1.,1.,1.,1.,1.,1.,1.,1.,1.,1.,1.,1.,1.,
1.,1.,1.,1.,1.,1.,1.,1.,1.))
REPRESENTATION_ITEM('')
);
#22=B_SPLINE_CURVE_WITH_KNOTS('',3,(#287,#288,#289,#290),.UNSPECIFIED.,
 .F.,.F.,(4,4),(0.,1.),.UNSPECIFIED.);
#23=B_SPLINE_CURVE_WITH_KNOTS('',3,(#973,#974,#975,#976,#977,#978,#979,
#980,#981,#982,#983,#984,#985,#986,#987,#988,#989,#990,#991),
 .UNSPECIFIED.,.F.,.F.,(4,1,1,1,1,1,1,1,1,1,1,1,1,1,1,1,4),(0.,5.00089504621564,
10.0009002211564,15.000465863813,20.0000531097185,24.9988253101373,29.9989649526439,
34.9997240400456,40.0000661374108,44.9999192797012,49.9998454372784,54.9998690625047,
60.0000801081688,64.9983037692207,69.998094148117,74.9988791619534,80.0001053789149),
 .UNSPECIFIED.);
#24=B_SPLINE_SURFACE_WITH_KNOTS('',3,3,((#124,#125,#126,#127,#128,#129,
#130,#131,#132),(#133,#134,#135,#136,#137,#138,#139,#140,#141),(#142,#143,
#144,#145,#146,#147,#148,#149,#150),(#151,#152,#153,#154,#155,#156,#157,
#158,#159),(#160,#161,#162,#163,#164,#165,#166,#167,#168),(#169,#170,#171,
#172,#173,#174,#175,#176,#177),(#178,#179,#180,#181,#182,#183,#184,#185,
#186),(#187,#188,#189,#190,#191,#192,#193,#194,#195),(#196,#197,#198,#199,
#200,#201,#202,#203,#204),(#205,#206,#207,#208,#209,#210,#211,#212,#213),
(#214,#215,#216,#217,#218,#219,#220,#221,#222),(#223,#224,#225,#226,#227,
#228,#229,#230,#231),(#232,#233,#234,#235,#236,#237,#238,#239,#240),(#241,
#242,#243,#244,#245,#246,#247,#248,#249),(#250,#251,#252,#253,#254,#255,
#256,#257,#258),(#259,#260,#261,#262,#263,#264,#265,#266,#267),(#268,#269,
#270,#271,#272,#273,#274,#275,#276),(#277,#278,#279,#280,#281,#282,#283,
#284,#285)),.UNSPECIFIED.,.F.,.F.,.F.,(4,1,1,1,1,2,1,1,1,1,1,1,1,1,4),(4,
1,1,1,1,1,4),(0.,0.111222889271476,0.222445778542951,0.333668667814427,
0.444891557085903,0.556114446357379,0.600503001721641,0.644891557085903,
0.733668667814427,0.778057223178689,0.822445778542951,0.866834333907214,
0.911222889271476,0.955611444635738,1.),(0.,0.142857142857143,0.285714285714286,
0.428571428571429,0.571428571428571,0.857142857142857,1.),.UNSPECIFIED.);
#25=B_SPLINE_SURFACE_WITH_KNOTS('',3,3,((#332,#333,#334,#335,#336,#337,
#338,#339,#340),(#341,#342,#343,#344,#345,#346,#347,#348,#349),(#350,#351,
#352,#353,#354,#355,#356,#357,#358),(#359,#360,#361,#362,#363,#364,#365,
#366,#367),(#368,#369,#370,#371,#372,#373,#374,#375,#376),(#377,#378,#379,
#380,#381,#382,#383,#384,#385),(#386,#387,#388,#389,#390,#391,#392,#393,
#394),(#395,#396,#397,#398,#399,#400,#401,#402,#403),(#404,#405,#406,#407,
#408,#409,#410,#411,#412),(#413,#414,#415,#416,#417,#418,#419,#420,#421),
(#422,#423,#424,#425,#426,#427,#428,#429,#430),(#431,#432,#433,#434,#435,
#436,#437,#438,#439),(#440,#441,#442,#443,#444,#445,#446,#447,#448),(#449,
#450,#451,#452,#453,#454,#455,#456,#457),(#458,#459,#460,#461,#462,#463,
#464,#465,#466)),.UNSPECIFIED.,.F.,.F.,.F.,(4,1,1,1,1,1,2,1,1,1,1,4),(4,
1,1,1,1,1,4),(0.,0.046845615477219,0.093691230954438,0.187382461908876,
0.281073692863314,0.374764923817752,0.46845615477219,0.574764923817752,
0.681073692863314,0.787382461908876,0.893691230954438,1.),(0.,0.142857142857143,
0.285714285714286,0.428571428571429,0.571428571428571,0.857142857142857,
1.),.UNSPECIFIED.);
#26=B_SPLINE_SURFACE_WITH_KNOTS('',3,3,((#552,#553,#554,#555,#556,#557,
#558,#559,#560,#561,#562,#563,#564,#565,#566,#567,#568,#569,#570,#571,#572,
#573),(#574,#575,#576,#577,#578,#579,#580,#581,#582,#583,#584,#585,#586,
#587,#588,#589,#590,#591,#592,#593,#594,#595),(#596,#597,#598,#599,#600,
#601,#602,#603,#604,#605,#606,#607,#608,#609,#610,#611,#612,#613,#614,#615,
#616,#617),(#618,#619,#620,#621,#622,#623,#624,#625,#626,#627,#628,#629,
#630,#631,#632,#633,#634,#635,#636,#637,#638,#639),(#640,#641,#642,#643,
#644,#645,#646,#647,#648,#649,#650,#651,#652,#653,#654,#655,#656,#657,#658,
#659,#660,#661),(#662,#663,#664,#665,#666,#667,#668,#669,#670,#671,#672,
#673,#674,#675,#676,#677,#678,#679,#680,#681,#682,#683),(#684,#685,#686,
#687,#688,#689,#690,#691,#692,#693,#694,#695,#696,#697,#698,#699,#700,#701,
#702,#703,#704,#705),(#706,#707,#708,#709,#710,#711,#712,#713,#714,#715,
#716,#717,#718,#719,#720,#721,#722,#723,#724,#725,#726,#727),(#728,#729,
#730,#731,#732,#733,#734,#735,#736,#737,#738,#739,#740,#741,#742,#743,#744,
#745,#746,#747,#748,#749),(#750,#751,#752,#753,#754,#755,#756,#757,#758,
#759,#760,#761,#762,#763,#764,#765,#766,#767,#768,#769,#770,#771),(#772,
#773,#774,#775,#776,#777,#778,#779,#780,#781,#782,#783,#784,#785,#786,#787,
#788,#789,#790,#791,#792,#793),(#794,#795,#796,#797,#798,#799,#800,#801,
#802,#803,#804,#805,#806,#807,#808,#809,#810,#811,#812,#813,#814,#815),
(#816,#817,#818,#819,#820,#821,#822,#823,#824,#825,#826,#827,#828,#829,
#830,#831,#832,#833,#834,#835,#836,#837),(#838,#839,#840,#841,#842,#843,
#844,#845,#846,#847,#848,#849,#850,#851,#852,#853,#854,#855,#856,#857,#858,
#859),(#860,#861,#862,#863,#864,#865,#866,#867,#868,#869,#870,#871,#872,
#873,#874,#875,#876,#877,#878,#879,#880,#881),(#882,#883,#884,#885,#886,
#887,#888,#889,#890,#891,#892,#893,#894,#895,#896,#897,#898,#899,#900,#901,
#902,#903),(#904,#905,#906,#907,#908,#909,#910,#911,#912,#913,#914,#915,
#916,#917,#918,#919,#920,#921,#922,#923,#924,#925),(#926,#927,#928,#929,
#930,#931,#932,#933,#934,#935,#936,#937,#938,#939,#940,#941,#942,#943,#944,
#945,#946,#947)),.UNSPECIFIED.,.F.,.F.,.F.,(4,1,1,1,1,1,2,1,1,1,1,1,1,1,
4),(4,1,1,1,2,1,1,1,2,1,1,1,2,1,1,1,4),(0.,0.131590394700981,0.263180789401963,
0.394771184102944,0.526361578803925,0.592156776154416,0.657951973504907,
0.726361578803925,0.760566381453435,0.777668782778189,0.794771184102944,
0.863180789401963,0.931590394700981,0.965795197350491,1.),(0.,0.0625372628165553,
0.125063397602373,0.187584035942911,0.2501049444367,0.312605747509087,0.375109596486987,
0.437615797662192,0.500120053789551,0.562622717433457,0.625126293834155,
0.687631088668179,0.750138226426334,0.812603398628594,0.875063700750863,
0.937526651096178,1.),.UNSPECIFIED.);
#27=B_SPLINE_SURFACE_WITH_KNOTS('',3,3,((#992,#993,#994,#995,#996,#997,
#998,#999,#1000,#1001,#1002,#1003,#1004,#1005,#1006,#1007,#1008,#1009,#1010,
#1011,#1012,#1013),(#1014,#1015,#1016,#1017,#1018,#1019,#1020,#1021,#1022,
#1023,#1024,#1025,#1026,#1027,#1028,#1029,#1030,#1031,#1032,#1033,#1034,
#1035),(#1036,#1037,#1038,#1039,#1040,#1041,#1042,#1043,#1044,#1045,#1046,
#1047,#1048,#1049,#1050,#1051,#1052,#1053,#1054,#1055,#1056,#1057),(#1058,
#1059,#1060,#1061,#1062,#1063,#1064,#1065,#1066,#1067,#1068,#1069,#1070,
#1071,#1072,#1073,#1074,#1075,#1076,#1077,#1078,#1079),(#1080,#1081,#1082,
#1083,#1084,#1085,#1086,#1087,#1088,#1089,#1090,#1091,#1092,#1093,#1094,
#1095,#1096,#1097,#1098,#1099,#1100,#1101),(#1102,#1103,#1104,#1105,#1106,
#1107,#1108,#1109,#1110,#1111,#1112,#1113,#1114,#1115,#1116,#1117,#1118,
#1119,#1120,#1121,#1122,#1123),(#1124,#1125,#1126,#1127,#1128,#1129,#1130,
#1131,#1132,#1133,#1134,#1135,#1136,#1137,#1138,#1139,#1140,#1141,#1142,
#1143,#1144,#1145),(#1146,#1147,#1148,#1149,#1150,#1151,#1152,#1153,#1154,
#1155,#1156,#1157,#1158,#1159,#1160,#1161,#1162,#1163,#1164,#1165,#1166,
#1167),(#1168,#1169,#1170,#1171,#1172,#1173,#1174,#1175,#1176,#1177,#1178,
#1179,#1180,#1181,#1182,#1183,#1184,#1185,#1186,#1187,#1188,#1189),(#1190,
#1191,#1192,#1193,#1194,#1195,#1196,#1197,#1198,#1199,#1200,#1201,#1202,
#1203,#1204,#1205,#1206,#1207,#1208,#1209,#1210,#1211),(#1212,#1213,#1214,
#1215,#1216,#1217,#1218,#1219,#1220,#1221,#1222,#1223,#1224,#1225,#1226,
#1227,#1228,#1229,#1230,#1231,#1232,#1233),(#1234,#1235,#1236,#1237,#1238,
#1239,#1240,#1241,#1242,#1243,#1244,#1245,#1246,#1247,#1248,#1249,#1250,
#1251,#1252,#1253,#1254,#1255),(#1256,#1257,#1258,#1259,#1260,#1261,#1262,
#1263,#1264,#1265,#1266,#1267,#1268,#1269,#1270,#1271,#1272,#1273,#1274,
#1275,#1276,#1277),(#1278,#1279,#1280,#1281,#1282,#1283,#1284,#1285,#1286,
#1287,#1288,#1289,#1290,#1291,#1292,#1293,#1294,#1295,#1296,#1297,#1298,
#1299),(#1300,#1301,#1302,#1303,#1304,#1305,#1306,#1307,#1308,#1309,#1310,
#1311,#1312,#1313,#1314,#1315,#1316,#1317,#1318,#1319,#1320,#1321),(#1322,
#1323,#1324,#1325,#1326,#1327,#1328,#1329,#1330,#1331,#1332,#1333,#1334,
#1335,#1336,#1337,#1338,#1339,#1340,#1341,#1342,#1343)),.UNSPECIFIED.,.F.,
 .F.,.F.,(4,1,1,1,1,1,1,1,1,1,1,1,1,4),(4,1,1,1,2,1,1,1,2,1,1,1,2,1,1,1,
4),(0.,0.0714285714285714,0.142857142857143,0.19047619047619,0.238095238095238,
0.285714285714286,0.333333333333333,0.428571428571429,0.5,0.571428571428571,
0.714285714285714,0.785714285714286,0.857142857142857,1.),(0.,0.0625372628165553,
0.125063397602373,0.187584035942911,0.2501049444367,0.312605747509087,0.375109596486987,
0.437615797662192,0.500120053789551,0.562622717433457,0.625126293834155,
0.687631088668179,0.750138226426334,0.812603398628594,0.875063700750863,
0.937526651096178,1.),.UNSPECIFIED.);
#28=FACE_OUTER_BOUND('',#34,.T.);
#29=FACE_OUTER_BOUND('',#35,.T.);
#30=FACE_OUTER_BOUND('',#36,.T.);
#31=FACE_OUTER_BOUND('',#37,.T.);
#32=FACE_OUTER_BOUND('',#38,.T.);
#33=FACE_OUTER_BOUND('',#39,.T.);
#34=EDGE_LOOP('',(#60,#61));
#35=EDGE_LOOP('',(#62,#63,#64,#65));
#36=EDGE_LOOP('',(#66,#67,#68,#69,#70));
#37=EDGE_LOOP('',(#71,#72));
#38=EDGE_LOOP('',(#73,#74,#75,#76,#77));
#39=EDGE_LOOP('',(#78,#79,#80,#81));
#40=CIRCLE('',#105,50.);
#41=CIRCLE('',#106,50.);
#42=VERTEX_POINT('',#120);
#43=VERTEX_POINT('',#121);
#44=VERTEX_POINT('',#286);
#45=VERTEX_POINT('',#291);
#46=VERTEX_POINT('',#467);
#47=VERTEX_POINT('',#500);
#48=VERTEX_POINT('',#501);
#49=EDGE_CURVE('',#42,#43,#40,.T.);
#50=EDGE_CURVE('',#43,#42,#41,.T.);
#51=EDGE_CURVE('',#43,#44,#22,.T.);
#52=EDGE_CURVE('',#44,#45,#15,.T.);
#53=EDGE_CURVE('',#42,#45,#16,.T.);
#54=EDGE_CURVE('',#45,#46,#17,.T.);
#55=EDGE_CURVE('',#46,#44,#18,.T.);
#56=EDGE_CURVE('',#47,#48,#19,.T.);
#57=EDGE_CURVE('',#48,#47,#20,.T.);
#58=EDGE_CURVE('',#45,#47,#21,.T.);
#59=EDGE_CURVE('',#44,#48,#23,.T.);
#60=ORIENTED_EDGE('',*,*,#49,.F.);
#61=ORIENTED_EDGE('',*,*,#50,.F.);
#62=ORIENTED_EDGE('',*,*,#49,.T.);
#63=ORIENTED_EDGE('',*,*,#51,.T.);
#64=ORIENTED_EDGE('',*,*,#52,.T.);
#65=ORIENTED_EDGE('',*,*,#53,.F.);
#66=ORIENTED_EDGE('',*,*,#50,.T.);
#67=ORIENTED_EDGE('',*,*,#53,.T.);
#68=ORIENTED_EDGE('',*,*,#54,.T.);
#69=ORIENTED_EDGE('',*,*,#55,.T.);
#70=ORIENTED_EDGE('',*,*,#51,.F.);
#71=ORIENTED_EDGE('',*,*,#56,.F.);
#72=ORIENTED_EDGE('',*,*,#57,.F.);
#73=ORIENTED_EDGE('',*,*,#54,.F.);
#74=ORIENTED_EDGE('',*,*,#58,.T.);
#75=ORIENTED_EDGE('',*,*,#56,.T.);
#76=ORIENTED_EDGE('',*,*,#59,.F.);
#77=ORIENTED_EDGE('',*,*,#55,.F.);
#78=ORIENTED_EDGE('',*,*,#52,.F.);
#79=ORIENTED_EDGE('',*,*,#59,.T.);
#80=ORIENTED_EDGE('',*,*,#57,.T.);
#81=ORIENTED_EDGE('',*,*,#58,.F.);
#82=PLANE('',#104);
#83=PLANE('',#107);
#84=ADVANCED_FACE('',(#28),#82,.F.);
#85=ADVANCED_FACE('',(#29),#24,.T.);
#86=ADVANCED_FACE('',(#30),#25,.T.);
#87=ADVANCED_FACE('',(#31),#83,.T.);
#88=ADVANCED_FACE('',(#32),#26,.F.);
#89=ADVANCED_FACE('',(#33),#27,.F.);
#90=CLOSED_SHELL('',(#84,#85,#86,#87,#88,#89));
#91=DERIVED_UNIT_ELEMENT(#93,1.);
#92=DERIVED_UNIT_ELEMENT(#1349,-3.);
#93=(
MASS_UNIT()
NAMED_UNIT(*)
SI_UNIT(.KILO.,.GRAM.)
);
#94=DERIVED_UNIT((#91,#92));
#95=MEASURE_REPRESENTATION_ITEM('density measure',
POSITIVE_RATIO_MEASURE(7850.),#94);
#96=PROPERTY_DEFINITION_REPRESENTATION(#101,#98);
#97=PROPERTY_DEFINITION_REPRESENTATION(#102,#99);
#98=REPRESENTATION('material name',(#100),#1346);
#99=REPRESENTATION('density',(#95),#1346);
#100=DESCRIPTIVE_REPRESENTATION_ITEM('Steel','Steel');
#101=PROPERTY_DEFINITION('material property','material name',#1356);
#102=PROPERTY_DEFINITION('material property','density of part',#1356);
#103=AXIS2_PLACEMENT_3D('',#118,#108,#109);
#104=AXIS2_PLACEMENT_3D('',#119,#110,#111);
#105=AXIS2_PLACEMENT_3D('',#122,#112,#113);
#106=AXIS2_PLACEMENT_3D('',#123,#114,#115);
#107=AXIS2_PLACEMENT_3D('',#499,#116,#117);
#108=DIRECTION('axis',(0.,0.,1.));
#109=DIRECTION('refdir',(1.,0.,0.));
#110=DIRECTION('center_axis',(0.,1.,0.));
#111=DIRECTION('ref_axis',(0.,0.,1.));
#112=DIRECTION('center_axis',(6.80117035268829E-18,1.,-4.23667406192746E-30));
#113=DIRECTION('ref_axis',(1.,-6.80117035268829E-18,0.));
#114=DIRECTION('center_axis',(6.80117035268829E-18,1.,-4.23667406192746E-30));
#115=DIRECTION('ref_axis',(1.,-6.80117035268829E-18,0.));
#116=DIRECTION('center_axis',(0.,1.,0.));
#117=DIRECTION('ref_axis',(0.,0.,1.));
#118=CARTESIAN_POINT('',(0.,0.,0.));
#119=CARTESIAN_POINT('Origin',(49.9999999999734,-200.,-5.28000433264175E-5));
#120=CARTESIAN_POINT('',(99.9999999999493,-200.,-0.000100715884600348));
#121=CARTESIAN_POINT('',(-2.53486120982416E-11,-200.,-5.0357942311425E-5));
#122=CARTESIAN_POINT('Origin',(49.9999999999746,-200.,-5.03579423175482E-5));
#123=CARTESIAN_POINT('Origin',(49.9999999999746,-200.,-5.03579423175482E-5));
#124=CARTESIAN_POINT('Ctrl Pts',(99.9999999999493,-200.,-0.000100715884650005));
#125=CARTESIAN_POINT('Ctrl Pts',(101.659071194666,-191.347872159558,3.28111499634097));
#126=CARTESIAN_POINT('Ctrl Pts',(105.701387359213,-173.819764207689,9.5925983446006));
#127=CARTESIAN_POINT('Ctrl Pts',(114.045233066442,-146.822707477537,18.2696058105503));
#128=CARTESIAN_POINT('Ctrl Pts',(124.915179988749,-119.044797431394,26.0712429413329));
#129=CARTESIAN_POINT('Ctrl Pts',(143.065763133639,-80.8770549481973,35.2060537845489));
#130=CARTESIAN_POINT('Ctrl Pts',(166.407324497911,-41.1047082903657,42.5420339565859));
#131=CARTESIAN_POINT('Ctrl Pts',(186.90508202953,-10.3507069483192,47.0073440428712));
#132=CARTESIAN_POINT('Ctrl Pts',(194.059145255199,0.,48.3843791199335));
#133=CARTESIAN_POINT('Ctrl Pts',(99.9999947264779,-200.,-5.23608847186313));
#134=CARTESIAN_POINT('Ctrl Pts',(101.660640121663,-191.33966390721,-1.70977597206993));
#135=CARTESIAN_POINT('Ctrl Pts',(105.54785712139,-173.781853988256,5.03393049662983));
#136=CARTESIAN_POINT('Ctrl Pts',(113.248039375938,-146.720484505471,14.2215674134651));
#137=CARTESIAN_POINT('Ctrl Pts',(123.128081474018,-118.878598489846,22.4323395000101));
#138=CARTESIAN_POINT('Ctrl Pts',(139.58310101433,-80.6527992050839,32.0256168442232));
#139=CARTESIAN_POINT('Ctrl Pts',(160.794936073882,-40.9034556526176,39.7619140625102));
#140=CARTESIAN_POINT('Ctrl Pts',(179.563246932662,-10.2877913252651,44.5924783060452));
#141=CARTESIAN_POINT('Ctrl Pts',(186.136830151333,0.,46.1045234495357));
#142=CARTESIAN_POINT('Ctrl Pts',(98.3426630914964,-200.,-15.707693370218));
#143=CARTESIAN_POINT('Ctrl Pts',(99.9783372071327,-191.263803515474,-11.776360545387));
#144=CARTESIAN_POINT('Ctrl Pts',(103.578276537568,-173.554606925201,-4.28375179399602));
#145=CARTESIAN_POINT('Ctrl Pts',(110.198402791374,-146.294533840461,5.87668735614967));
#146=CARTESIAN_POINT('Ctrl Pts',(118.398514732476,-118.313629957174,14.9424159375397));
#147=CARTESIAN_POINT('Ctrl Pts',(131.882342233906,-80.0230236323851,25.559316034863));
#148=CARTESIAN_POINT('Ctrl Pts',(149.192351087058,-40.4313981488618,34.2010209353112));
#149=CARTESIAN_POINT('Ctrl Pts',(164.63275421246,-10.1490564860263,39.7198212451031));
#150=CARTESIAN_POINT('Ctrl Pts',(170.065515562611,0.,41.4679918193688));
#151=CARTESIAN_POINT('Ctrl Pts',(91.1216135083775,-200.,-29.8771111265839));
#152=CARTESIAN_POINT('Ctrl Pts',(92.6810501304701,-191.037227835335,-25.5808081608967));
#153=CARTESIAN_POINT('Ctrl Pts',(95.940920087258,-172.929328504512,-17.354002127112));
#154=CARTESIAN_POINT('Ctrl Pts',(101.451120523092,-145.247564325983,-6.09211429394785));
#155=CARTESIAN_POINT('Ctrl Pts',(107.862287215486,-117.047335884087,4.05934055437149));
#156=CARTESIAN_POINT('Ctrl Pts',(117.95829476399,-78.7662273249002,16.0735549383374));
#157=CARTESIAN_POINT('Ctrl Pts',(130.441414282446,-39.6199706168934,25.9756112528864));
#158=CARTESIAN_POINT('Ctrl Pts',(141.43305879902,-9.9254699154119,32.2906436783114));
#159=CARTESIAN_POINT('Ctrl Pts',(145.293470357468,0.,34.2861073292967));
#160=CARTESIAN_POINT('Ctrl Pts',(79.877186520745,-200.,-41.1225510989174));
#161=CARTESIAN_POINT('Ctrl Pts',(81.3671835423033,-190.763413631244,-36.6908789354838));
#162=CARTESIAN_POINT('Ctrl Pts',(84.3931381729458,-172.189514304185,-28.150386971277));
#163=CARTESIAN_POINT('Ctrl Pts',(89.1733755827266,-144.049021940212,-16.3206467369182));
#164=CARTESIAN_POINT('Ctrl Pts',(94.3328712692021,-115.641071211574,-5.53756737515673));
#165=CARTESIAN_POINT('Ctrl Pts',(101.883685024065,-77.428957379958,7.34873266800552));
#166=CARTESIAN_POINT('Ctrl Pts',(110.485469792137,-38.8105172170343,18.0652124531055));
#167=CARTESIAN_POINT('Ctrl Pts',(117.712273617569,-9.70962550067562,24.8472400459734));
#168=CARTESIAN_POINT('Ctrl Pts',(120.217686970049,0.,26.9778907410351));
#169=CARTESIAN_POINT('Ctrl Pts',(65.7070360039858,-200.,-48.3427766320813));
#170=CARTESIAN_POINT('Ctrl Pts',(67.1799697852499,-190.507907471784,-43.99237681042));
#171=CARTESIAN_POINT('Ctrl Pts',(70.1075793269413,-171.505036370684,-35.5706971987329));
#172=CARTESIAN_POINT('Ctrl Pts',(74.4618006569942,-142.95537732882,-23.8079551505825));
#173=CARTESIAN_POINT('Ctrl Pts',(78.7865696337821,-114.373706614285,-13.0037702063233));
#174=CARTESIAN_POINT('Ctrl Pts',(84.5150926040663,-76.2428731085373,-0.0109151572013481));
#175=CARTESIAN_POINT('Ctrl Pts',(90.1937119752563,-38.1083533577285,10.8537569796134));
#176=CARTESIAN_POINT('Ctrl Pts',(94.5019499392207,-9.52474970945227,17.7100282247797));
#177=CARTESIAN_POINT('Ctrl Pts',(95.9481852461235,0.,19.8585489680749));
#178=CARTESIAN_POINT('Ctrl Pts',(55.2358489409178,-200.,-50.0012408525852));
#179=CARTESIAN_POINT('Ctrl Pts',(56.7627104469662,-190.393473107619,-45.8408106827241));
#180=CARTESIAN_POINT('Ctrl Pts',(59.7581844128142,-171.198856623878,-37.7746495176574));
#181=CARTESIAN_POINT('Ctrl Pts',(64.0584781552999,-142.467193201259,-26.4779018374888));
#182=CARTESIAN_POINT('Ctrl Pts',(68.1300947768792,-113.807310716009,-16.0770881345668));
#183=CARTESIAN_POINT('Ctrl Pts',(73.1980697105514,-75.7073802505909,-3.54814141732077));
#184=CARTESIAN_POINT('Ctrl Pts',(77.7114137633907,-37.7819807508563,6.94478951568478));
#185=CARTESIAN_POINT('Ctrl Pts',(80.7805324058316,-9.43762924273497,13.5759235970379));
#186=CARTESIAN_POINT('Ctrl Pts',(81.7701748390475,0.,15.6546723997934));
#187=CARTESIAN_POINT('Ctrl Pts',(47.9104536912737,-200.,-50.0023749688229));
#188=CARTESIAN_POINT('Ctrl Pts',(49.5085096806577,-190.348258558948,-46.0193108617386));
#189=CARTESIAN_POINT('Ctrl Pts',(52.6018532359744,-171.076795129222,-38.2927034241402));
#190=CARTESIAN_POINT('Ctrl Pts',(56.921728538037,-142.269754401704,-27.459857318613));
#191=CARTESIAN_POINT('Ctrl Pts',(60.8870195924093,-113.573534385649,-17.4789428200702));
#192=CARTESIAN_POINT('Ctrl Pts',(65.6490249362334,-75.4760691246345,-5.45258906643148));
#193=CARTESIAN_POINT('Ctrl Pts',(69.6135611970284,-37.6278010175476,4.62102387603545));
#194=CARTESIAN_POINT('Ctrl Pts',(72.0969736570608,-9.39473767513728,10.9969193693683));
#195=CARTESIAN_POINT('Ctrl Pts',(72.8727826908794,0.,12.9970728758419));
#196=CARTESIAN_POINT('Ctrl Pts',(43.4904044416003,-200.,-49.7351580486263));
#197=CARTESIAN_POINT('Ctrl Pts',(45.0932090634527,-190.330107700872,-45.8969894139936));
#198=CARTESIAN_POINT('Ctrl Pts',(48.1900520616927,-171.027924882964,-38.4355071039647));
#199=CARTESIAN_POINT('Ctrl Pts',(52.488159506807,-142.191077069836,-27.9391203767742));
#200=CARTESIAN_POINT('Ctrl Pts',(56.3954654812936,-113.480715572892,-18.2422920733999));
#201=CARTESIAN_POINT('Ctrl Pts',(61.0199682114484,-75.3844303793463,-6.53737892797598));
#202=CARTESIAN_POINT('Ctrl Pts',(64.7372422622242,-37.5665501703377,3.27944599305156));
#203=CARTESIAN_POINT('Ctrl Pts',(66.9215701461011,-9.37767962883423,9.4710119320371));
#204=CARTESIAN_POINT('Ctrl Pts',(67.5834267857322,0.,11.4084376368973));
#205=CARTESIAN_POINT('Ctrl Pts',(34.0244897986191,-200.,-47.8412030275627));
#206=CARTESIAN_POINT('Ctrl Pts',(35.5188647895129,-190.319225628091,-44.4353322767357));
#207=CARTESIAN_POINT('Ctrl Pts',(38.4649978256591,-170.999222516156,-37.7517628848729));
#208=CARTESIAN_POINT('Ctrl Pts',(42.6668270597487,-142.146582719431,-28.2040693477483));
#209=CARTESIAN_POINT('Ctrl Pts',(46.5429345916762,-113.429791294786,-19.2773675995268));
#210=CARTESIAN_POINT('Ctrl Pts',(51.1263833331732,-75.3350871465021,-8.41064730164666));
#211=CARTESIAN_POINT('Ctrl Pts',(54.6676038569499,-37.5327778708015,0.755761000724632));
#212=CARTESIAN_POINT('Ctrl Pts',(56.4012276177756,-9.36818767778762,6.42518073032745));
#213=CARTESIAN_POINT('Ctrl Pts',(56.8656379636801,0.,8.17626233545707));
#214=CARTESIAN_POINT('Ctrl Pts',(24.238482963605,-200.,-43.4716961975771));
#215=CARTESIAN_POINT('Ctrl Pts',(25.4858567029608,-190.338736871233,-40.6634006904032));
#216=CARTESIAN_POINT('Ctrl Pts',(28.0883353895716,-171.053035829461,-35.0775082183804));
#217=CARTESIAN_POINT('Ctrl Pts',(32.1055654687357,-142.236894339491,-26.9250172952679));
#218=CARTESIAN_POINT('Ctrl Pts',(36.015863892571,-113.539696511729,-19.1752435352257));
#219=CARTESIAN_POINT('Ctrl Pts',(40.7867163986048,-75.4455942038256,-9.62670324812689));
#220=CARTESIAN_POINT('Ctrl Pts',(44.4928177112149,-37.6049369658226,-1.4956931476807));
#221=CARTESIAN_POINT('Ctrl Pts',(45.9563927860672,-9.38809730080423,3.4113621862137));
#222=CARTESIAN_POINT('Ctrl Pts',(46.2664885172663,0.,4.90076694412438));
#223=CARTESIAN_POINT('Ctrl Pts',(15.5501211748297,-200.,-36.5582431286874));
#224=CARTESIAN_POINT('Ctrl Pts',(16.4885594885962,-190.373169132033,-34.4158341280002));
#225=CARTESIAN_POINT('Ctrl Pts',(18.5221792098496,-171.147281805982,-30.1339227987261));
#226=CARTESIAN_POINT('Ctrl Pts',(21.8176128672644,-142.393042930952,-23.8353927329764));
#227=CARTESIAN_POINT('Ctrl Pts',(25.1216422293857,-113.727950171591,-17.8045089034344));
#228=CARTESIAN_POINT('Ctrl Pts',(29.2200456112309,-75.633849358456,-10.321025752856));
#229=CARTESIAN_POINT('Ctrl Pts',(32.4146551326466,-37.7287020598631,-3.88114011703031));
#230=CARTESIAN_POINT('Ctrl Pts',(33.5291652920577,-9.4223392213326,0.0206705733641155));
#231=CARTESIAN_POINT('Ctrl Pts',(33.722965961669,0.,1.20506573110189));
#232=CARTESIAN_POINT('Ctrl Pts',(9.91231987411351,-200.,-30.2790704310342));
#233=CARTESIAN_POINT('Ctrl Pts',(10.6072488932942,-190.402585761894,-28.6459904173754));
#234=CARTESIAN_POINT('Ctrl Pts',(12.1194486607511,-171.227661865755,-25.3959906017859));
#235=CARTESIAN_POINT('Ctrl Pts',(14.5795741364295,-142.525830610482,-20.6401288269434));
#236=CARTESIAN_POINT('Ctrl Pts',(17.0496034002358,-113.887694374915,-16.0945512748247));
#237=CARTESIAN_POINT('Ctrl Pts',(20.1109420599148,-75.793389224867,-10.4420943979719));
#238=CARTESIAN_POINT('Ctrl Pts',(22.4808360741607,-37.8337475310192,-5.52852163577498));
#239=CARTESIAN_POINT('Ctrl Pts',(23.2669445931607,-9.45141949134672,-2.47088036252269));
#240=CARTESIAN_POINT('Ctrl Pts',(23.3912557116642,0.,-1.52890878275802));
#241=CARTESIAN_POINT('Ctrl Pts',(5.41202549186229,-200.,-23.1378607853611));
#242=CARTESIAN_POINT('Ctrl Pts',(5.87079685269553,-190.43172675145,-21.9997823416406));
#243=CARTESIAN_POINT('Ctrl Pts',(6.83448164179941,-171.307216748688,-19.764487083398));
#244=CARTESIAN_POINT('Ctrl Pts',(8.33154916873165,-142.65705227618,-16.5537674008961));
#245=CARTESIAN_POINT('Ctrl Pts',(9.78855695192722,-114.045372273634,-13.5167622292556));
#246=CARTESIAN_POINT('Ctrl Pts',(11.5543122581871,-75.9507520435013,-9.74512308142828));
#247=CARTESIAN_POINT('Ctrl Pts',(12.8839782770578,-37.9374333039163,-6.4192645131519));
#248=CARTESIAN_POINT('Ctrl Pts',(13.3241226343056,-9.48013127184088,-4.23295180481987));
#249=CARTESIAN_POINT('Ctrl Pts',(13.3953979153083,0.,-3.53907018223812));
#250=CARTESIAN_POINT('Ctrl Pts',(2.21544038331909,-200.,-15.4620966871422));
#251=CARTESIAN_POINT('Ctrl Pts',(2.46456508367509,-190.456724026134,-14.7804508720166));
#252=CARTESIAN_POINT('Ctrl Pts',(2.95271368484178,-171.375425700555,-13.4624261434978));
#253=CARTESIAN_POINT('Ctrl Pts',(3.63664407810133,-142.769465678282,-11.6107386499391));
#254=CARTESIAN_POINT('Ctrl Pts',(4.25258038506086,-114.180363604717,-9.88003336779194));
#255=CARTESIAN_POINT('Ctrl Pts',(4.95608660150245,-76.0854122661434,-7.72957376177739));
#256=CARTESIAN_POINT('Ctrl Pts',(5.44927398366351,-38.0261780296705,-5.79039703530198));
#257=CARTESIAN_POINT('Ctrl Pts',(5.62263225414946,-9.50470724367709,-4.42507470083236));
#258=CARTESIAN_POINT('Ctrl Pts',(5.65604737978253,0.,-3.97694941600979));
#259=CARTESIAN_POINT('Ctrl Pts',(0.371352205241008,-200.,-7.60402041581902));
#260=CARTESIAN_POINT('Ctrl Pts',(0.456500604621987,-190.473709511379,-7.3159967636914));
#261=CARTESIAN_POINT('Ctrl Pts',(0.610076766213297,-171.421767967132,-6.76090691308926));
#262=CARTESIAN_POINT('Ctrl Pts',(0.796201437898732,-142.845828567019,-5.9821312955838));
#263=CARTESIAN_POINT('Ctrl Pts',(0.942179924876984,-114.27204810513,-5.24980633305612));
#264=CARTESIAN_POINT('Ctrl Pts',(1.08914715468612,-76.1768443445783,-4.3256293564842));
#265=CARTESIAN_POINT('Ctrl Pts',(1.17420354820371,-38.0864003593973,-3.46175472999714));
#266=CARTESIAN_POINT('Ctrl Pts',(1.20919115527036,-9.52138008771746,-2.8250650203309));
#267=CARTESIAN_POINT('Ctrl Pts',(1.21864377618915,0.,-2.61236245521016));
#268=CARTESIAN_POINT('Ctrl Pts',(-2.53483083024044E-11,-200.,-2.48073162390888));
#269=CARTESIAN_POINT('Ctrl Pts',(0.0190506794617611,-190.477113258872,-2.39708808721303));
#270=CARTESIAN_POINT('Ctrl Pts',(0.0546812820845497,-171.431071185174,-2.2320233439511));
#271=CARTESIAN_POINT('Ctrl Pts',(0.100991985368625,-142.861208650758,-1.99079177683644));
#272=CARTESIAN_POINT('Ctrl Pts',(0.140019624666145,-114.290553042938,-1.75613815088766));
#273=CARTESIAN_POINT('Ctrl Pts',(0.182311088164457,-76.1952966019199,-1.45212391359262));
#274=CARTESIAN_POINT('Ctrl Pts',(0.209759313949536,-38.0984794159406,-1.16173502157598));
#275=CARTESIAN_POINT('Ctrl Pts',(0.219114957991996,-9.5247150191219,-0.954381764610329));
#276=CARTESIAN_POINT('Ctrl Pts',(0.22100565522089,0.,-0.886405268163528));
#277=CARTESIAN_POINT('Ctrl Pts',(-2.53486120982416E-11,-200.,-5.03579423236714E-5));
#278=CARTESIAN_POINT('Ctrl Pts',(-2.41415353316586E-11,-190.47619047619,
-4.79599450707464E-5));
#279=CARTESIAN_POINT('Ctrl Pts',(-2.17273817984928E-11,-171.428571428572,
-4.31639505643966E-5));
#280=CARTESIAN_POINT('Ctrl Pts',(-1.8106151498744E-11,-142.857142857145,
-3.59699588038007E-5));
#281=CARTESIAN_POINT('Ctrl Pts',(-1.44849211989952E-11,-114.28571428572,
-2.87759670425621E-5));
#282=CARTESIAN_POINT('Ctrl Pts',(-9.65661413266346E-12,-76.1904761904845,
-1.91839780272917E-5));
#283=CARTESIAN_POINT('Ctrl Pts',(-4.82830706633173E-12,-38.0952380952463,
-9.59198901244978E-6));
#284=CARTESIAN_POINT('Ctrl Pts',(-1.20707676658293E-12,-9.52380952381216,
-2.397997252925E-6));
#285=CARTESIAN_POINT('Ctrl Pts',(0.,0.,0.));
#286=CARTESIAN_POINT('',(0.,0.,0.));
#287=CARTESIAN_POINT('Ctrl Pts',(-2.53486120982416E-11,-200.,-5.0357942311425E-5));
#288=CARTESIAN_POINT('Ctrl Pts',(-1.68990747321611E-11,-133.333333333332,
-3.357196154095E-5));
#289=CARTESIAN_POINT('Ctrl Pts',(-8.44953736608053E-12,-66.6666666666851,
-1.6785980770475E-5));
#290=CARTESIAN_POINT('Ctrl Pts',(0.,0.,0.));
#291=CARTESIAN_POINT('',(194.059145255199,0.,48.3843791199335));
#292=CARTESIAN_POINT('Ctrl Pts',(0.,0.,0.));
#293=CARTESIAN_POINT('Ctrl Pts',(0.228699812404032,0.,-0.91726484709332));
#294=CARTESIAN_POINT('Ctrl Pts',(1.11569356469002,0.,-2.45407937986428));
#295=CARTESIAN_POINT('Ctrl Pts',(3.7352633842183,0.,-3.86601854134444));
#296=CARTESIAN_POINT('Ctrl Pts',(9.49211787293485,0.,-4.12584612505081));
#297=CARTESIAN_POINT('Ctrl Pts',(18.8523442190728,0.,-2.60479843559846));
#298=CARTESIAN_POINT('Ctrl Pts',(28.5973363099696,0.,-0.220657433138356));
#299=CARTESIAN_POINT('Ctrl Pts',(37.5829905831791,0.,2.31466775092989));
#300=CARTESIAN_POINT('Ctrl Pts',(45.6232049763708,0.,4.72828685856028));
#301=CARTESIAN_POINT('Ctrl Pts',(53.0627642024515,0.,7.00307983406067));
#302=CARTESIAN_POINT('Ctrl Pts',(60.5333330976025,0.,9.28019681013427));
#303=CARTESIAN_POINT('Ctrl Pts',(68.6477141373343,0.,11.732293949702));
#304=CARTESIAN_POINT('Ctrl Pts',(77.707830904862,0.,14.4451663970507));
#305=CARTESIAN_POINT('Ctrl Pts',(87.764313410927,0.,17.4326233530619));
#306=CARTESIAN_POINT('Ctrl Pts',(98.6958715169957,0.,20.6598583194368));
#307=CARTESIAN_POINT('Ctrl Pts',(110.278756893809,0.,24.062899520595));
#308=CARTESIAN_POINT('Ctrl Pts',(122.252978491711,0.,27.5676108528244));
#309=CARTESIAN_POINT('Ctrl Pts',(134.398721147947,0.,31.1114184325483));
#310=CARTESIAN_POINT('Ctrl Pts',(146.568700369861,0.,34.6525359903115));
#311=CARTESIAN_POINT('Ctrl Pts',(158.665520323863,0.,38.1634387613246));
#312=CARTESIAN_POINT('Ctrl Pts',(170.633888918721,0.,41.6286083586878));
#313=CARTESIAN_POINT('Ctrl Pts',(180.084847092977,0.,44.3583439183979));
#314=CARTESIAN_POINT('Ctrl Pts',(187.100216785033,0.,46.3809340888629));
#315=CARTESIAN_POINT('Ctrl Pts',(191.744877563432,0.,47.7183873926769));
#316=CARTESIAN_POINT('Ctrl Pts',(194.059145255199,0.,48.3843791199335));
#317=CARTESIAN_POINT('Ctrl Pts',(99.9999999999377,-200.,-0.000100715884649993));
#318=CARTESIAN_POINT('Ctrl Pts',(100.696809901719,-196.366106307014,1.37800988325011));
#319=CARTESIAN_POINT('Ctrl Pts',(102.197786368204,-189.065133470774,4.0970287566731));
#320=CARTESIAN_POINT('Ctrl Pts',(104.771330991479,-178.014114794625,8.06394664956819));
#321=CARTESIAN_POINT('Ctrl Pts',(108.857395177105,-163.077055128456,13.1263071175846));
#322=CARTESIAN_POINT('Ctrl Pts',(115.126488338816,-144.046690608097,19.0517584058819));
#323=CARTESIAN_POINT('Ctrl Pts',(122.646836975911,-124.629545470529,24.5436118959858));
#324=CARTESIAN_POINT('Ctrl Pts',(131.498287858373,-104.800937959266,29.5741982714711));
#325=CARTESIAN_POINT('Ctrl Pts',(141.683995165032,-84.5598930734091,34.1424245141319));
#326=CARTESIAN_POINT('Ctrl Pts',(153.113905960167,-63.9342474384628,38.2794966849223));
#327=CARTESIAN_POINT('Ctrl Pts',(165.676787827818,-42.9583845543265,42.0239601741177));
#328=CARTESIAN_POINT('Ctrl Pts',(176.551121427393,-25.9229756020903,44.733980349098));
#329=CARTESIAN_POINT('Ctrl Pts',(185.139613642831,-13.0126522613594,46.616537307162));
#330=CARTESIAN_POINT('Ctrl Pts',(191.054438700418,-4.34729691829407,47.8060243875673));
#331=CARTESIAN_POINT('Ctrl Pts',(194.059145255199,0.,48.3843791199335));
#332=CARTESIAN_POINT('Ctrl Pts',(-2.53486120982416E-11,-200.,-5.0357942311425E-5));
#333=CARTESIAN_POINT('Ctrl Pts',(-2.41415353316586E-11,-190.47619047619,
-4.79599450585E-5));
#334=CARTESIAN_POINT('Ctrl Pts',(-2.17273817984928E-11,-171.428571428572,
-4.316395055265E-5));
#335=CARTESIAN_POINT('Ctrl Pts',(-1.8106151498744E-11,-142.857142857145,
-3.5969958793875E-5));
#336=CARTESIAN_POINT('Ctrl Pts',(-1.44849211989952E-11,-114.28571428572,
-2.87759670351E-5));
#337=CARTESIAN_POINT('Ctrl Pts',(-9.65661413266346E-12,-76.1904761904844,
-1.91839780234E-5));
#338=CARTESIAN_POINT('Ctrl Pts',(-4.82830706633173E-12,-38.0952380952463,
-9.5919890117E-6));
#339=CARTESIAN_POINT('Ctrl Pts',(-1.20707676658293E-12,-9.52380952381216,
-2.397997252925E-6));
#340=CARTESIAN_POINT('Ctrl Pts',(0.,0.,0.));
#341=CARTESIAN_POINT('Ctrl Pts',(-2.53482914862537E-11,-200.,2.61794519864595));
#342=CARTESIAN_POINT('Ctrl Pts',(-0.0201052005302796,-190.475216614294,
2.52967663153976));
#343=CARTESIAN_POINT('Ctrl Pts',(-0.0577702539721527,-171.425933301793,
2.35527929744979));
#344=CARTESIAN_POINT('Ctrl Pts',(-0.106622090339649,-142.852852007789,2.10078331875705));
#345=CARTESIAN_POINT('Ctrl Pts',(-0.147775899406313,-114.280607686548,1.85326847120385));
#346=CARTESIAN_POINT('Ctrl Pts',(-0.192330182635798,-76.1853889525986,1.53270409968528));
#347=CARTESIAN_POINT('Ctrl Pts',(-0.221310777615482,-38.0918173562373,1.22621786587685));
#348=CARTESIAN_POINT('Ctrl Pts',(-0.231243729003488,-9.52285390620422,1.00720516847705));
#349=CARTESIAN_POINT('Ctrl Pts',(-0.23323908286287,0.,0.935470866501812));
#350=CARTESIAN_POINT('Ctrl Pts',(0.41526542595218,-200.,7.91629081131154));
#351=CARTESIAN_POINT('Ctrl Pts',(0.377183752017117,-190.467339465258,7.67701452930706));
#352=CARTESIAN_POINT('Ctrl Pts',(0.308384491015802,-171.404459957487,7.2034064447769));
#353=CARTESIAN_POINT('Ctrl Pts',(0.225349334066247,-142.817532950281,6.50606712044492));
#354=CARTESIAN_POINT('Ctrl Pts',(0.160780968180472,-114.238265872106,5.82056006050199));
#355=CARTESIAN_POINT('Ctrl Pts',(0.0970712809064263,-76.1432004884335,4.92006499747114));
#356=CARTESIAN_POINT('Ctrl Pts',(0.0629816594003109,-38.0639582369562,4.03920267866526));
#357=CARTESIAN_POINT('Ctrl Pts',(0.0527408350611951,-9.51512965733371,3.39510821220545));
#358=CARTESIAN_POINT('Ctrl Pts',(0.0506763779686941,0.,3.18216085727386));
#359=CARTESIAN_POINT('Ctrl Pts',(2.95927350453589,-200.,18.4184779669785));
#360=CARTESIAN_POINT('Ctrl Pts',(2.95827372707176,-190.433777834423,17.9690286102516));
#361=CARTESIAN_POINT('Ctrl Pts',(2.97317192238985,-171.312833281731,17.081167902535));
#362=CARTESIAN_POINT('Ctrl Pts',(3.03396843549949,-142.666433548302,15.7692616046201));
#363=CARTESIAN_POINT('Ctrl Pts',(3.12220695958786,-114.056809323362,14.4593890867238));
#364=CARTESIAN_POINT('Ctrl Pts',(3.26198185452798,-75.9623565295513,12.6910343059613));
#365=CARTESIAN_POINT('Ctrl Pts',(3.4094995352407,-37.9449703742656,10.8669157646151));
#366=CARTESIAN_POINT('Ctrl Pts',(3.48193852005237,-9.48218893914045,9.44423643103883));
#367=CARTESIAN_POINT('Ctrl Pts',(3.49958691242497,0.,8.96252747173201));
#368=CARTESIAN_POINT('Ctrl Pts',(9.37463083429014,-200.,30.673895129263));
#369=CARTESIAN_POINT('Ctrl Pts',(9.52710963304054,-190.369518987346,30.1146316458468));
#370=CARTESIAN_POINT('Ctrl Pts',(9.85601108541035,-171.137228165868,29.0071251864773));
#371=CARTESIAN_POINT('Ctrl Pts',(10.3928404560468,-142.37635966069,27.3409748054144));
#372=CARTESIAN_POINT('Ctrl Pts',(10.9477851725675,-113.708054808704,25.6217197915603));
#373=CARTESIAN_POINT('Ctrl Pts',(11.6788010816149,-75.6146551293285,23.1911774064887));
#374=CARTESIAN_POINT('Ctrl Pts',(12.3362903947791,-37.7166067648945,20.4917810145362));
#375=CARTESIAN_POINT('Ctrl Pts',(12.6680597573844,-9.41901481711395,18.232016533205));
#376=CARTESIAN_POINT('Ctrl Pts',(12.7553786376704,0.,17.4486448467801));
#377=CARTESIAN_POINT('Ctrl Pts',(21.306086366722,-200.,41.997946391759));
#378=CARTESIAN_POINT('Ctrl Pts',(21.7187361839468,-190.292179686476,41.4897824660958));
#379=CARTESIAN_POINT('Ctrl Pts',(22.5570074229829,-170.925437448084,40.4393543706017));
#380=CARTESIAN_POINT('Ctrl Pts',(23.8245343607133,-142.025280468664,38.7214595043675));
#381=CARTESIAN_POINT('Ctrl Pts',(25.0794857141079,-113.284904532385,36.8005527822633));
#382=CARTESIAN_POINT('Ctrl Pts',(26.7070091083575,-75.1923126645985,33.882190259917));
#383=CARTESIAN_POINT('Ctrl Pts',(28.2024616153876,-37.439970029584,30.3732952206926));
#384=CARTESIAN_POINT('Ctrl Pts',(29.0991591231301,-9.3425677168263,27.329252575337));
#385=CARTESIAN_POINT('Ctrl Pts',(29.3671174985181,0.,26.2664871432301));
#386=CARTESIAN_POINT('Ctrl Pts',(35.6418538328727,-200.,48.6996125775534));
#387=CARTESIAN_POINT('Ctrl Pts',(36.2952661936047,-190.2500739105,48.363657682462));
#388=CARTESIAN_POINT('Ctrl Pts',(37.598191403352,-170.809232406671,47.5930340353712));
#389=CARTESIAN_POINT('Ctrl Pts',(39.5352366042083,-141.830139639075,46.1139270347629));
#390=CARTESIAN_POINT('Ctrl Pts',(41.4560647809159,-113.047558664567,44.255702968379));
#391=CARTESIAN_POINT('Ctrl Pts',(43.9995290398941,-74.9544029535343,41.1902302112499));
#392=CARTESIAN_POINT('Ctrl Pts',(46.4937500066725,-37.2855385357544,37.2246265856942));
#393=CARTESIAN_POINT('Ctrl Pts',(48.2513171854655,-9.30004146768354,33.7057201344718));
#394=CARTESIAN_POINT('Ctrl Pts',(48.821937793436,0.,32.4739011650406));
#395=CARTESIAN_POINT('Ctrl Pts',(45.3870079540303,-200.,50.0005858415747));
#396=CARTESIAN_POINT('Ctrl Pts',(46.1243862257994,-190.26913388263,49.8189985907692));
#397=CARTESIAN_POINT('Ctrl Pts',(47.610195539039,-170.859919666725,49.3259413451504));
#398=CARTESIAN_POINT('Ctrl Pts',(49.8793998802995,-141.90995725386,48.174552547805));
#399=CARTESIAN_POINT('Ctrl Pts',(52.2049825817538,-113.140163869845,46.5581695396947));
#400=CARTESIAN_POINT('Ctrl Pts',(55.4043543894383,-75.0451073406881,43.7034960154774));
#401=CARTESIAN_POINT('Ctrl Pts',(58.7559841682859,-37.34725813122,39.7947838085612));
#402=CARTESIAN_POINT('Ctrl Pts',(61.3441306238913,-9.3173438723517,36.2369911077711));
#403=CARTESIAN_POINT('Ctrl Pts',(62.2145330971534,0.,34.984522373361));
#404=CARTESIAN_POINT('Ctrl Pts',(55.2358215790865,-200.,49.999931538023));
#405=CARTESIAN_POINT('Ctrl Pts',(55.9880282945105,-190.327245994854,49.9822437710362));
#406=CARTESIAN_POINT('Ctrl Pts',(57.5598689347948,-171.016799509261,49.7973664528378));
#407=CARTESIAN_POINT('Ctrl Pts',(60.1244349099894,-142.163715966809,49.0512223417081));
#408=CARTESIAN_POINT('Ctrl Pts',(62.9078164471082,-113.440625485515,47.7839773668532));
#409=CARTESIAN_POINT('Ctrl Pts',(66.9294084628937,-75.3424005462076,45.3215863995708));
#410=CARTESIAN_POINT('Ctrl Pts',(71.4134137070865,-37.5454180206414,41.6972933130534));
#411=CARTESIAN_POINT('Ctrl Pts',(75.0726948454121,-9.37247036731887,38.2754156462792));
#412=CARTESIAN_POINT('Ctrl Pts',(76.3242585643926,0.,37.0599010200102));
#413=CARTESIAN_POINT('Ctrl Pts',(65.707663496282,-200.,48.3418132949377));
#414=CARTESIAN_POINT('Ctrl Pts',(66.5202502637163,-190.447570191404,48.6015124082247));
#415=CARTESIAN_POINT('Ctrl Pts',(68.2250233029862,-171.337999236583,48.9120557328873));
#416=CARTESIAN_POINT('Ctrl Pts',(71.0710835549732,-142.67394982573,48.7600484533836));
#417=CARTESIAN_POINT('Ctrl Pts',(74.2741707259864,-114.030443670893,47.9663916496602));
#418=CARTESIAN_POINT('Ctrl Pts',(79.1111444217197,-75.8969058443319,46.0141246998851));
#419=CARTESIAN_POINT('Ctrl Pts',(84.8456680882859,-37.8801728766039,42.7884123137753));
#420=CARTESIAN_POINT('Ctrl Pts',(89.8132701034901,-9.46136834518852,39.6860889192882));
#421=CARTESIAN_POINT('Ctrl Pts',(91.5475407955705,0.,38.5845338790512));
#422=CARTESIAN_POINT('Ctrl Pts',(79.8773910106225,-200.,41.1225015416903));
#423=CARTESIAN_POINT('Ctrl Pts',(80.8723200079207,-190.726544153475,42.0218606902849));
#424=CARTESIAN_POINT('Ctrl Pts',(82.9014667382123,-172.083611288596,43.4939193490718));
#425=CARTESIAN_POINT('Ctrl Pts',(86.2574345409782,-143.8608495517,44.7947466310741));
#426=CARTESIAN_POINT('Ctrl Pts',(90.1731531508448,-115.401328443582,45.2235913885562));
#427=CARTESIAN_POINT('Ctrl Pts',(96.4586609640724,-77.1742826847954,44.6789789158602));
#428=CARTESIAN_POINT('Ctrl Pts',(104.547462318437,-38.6312811036592,42.6908146591786));
#429=CARTESIAN_POINT('Ctrl Pts',(112.087863120297,-9.65833203926254,40.6311873318576));
#430=CARTESIAN_POINT('Ctrl Pts',(114.786363391643,0.,39.9014230969825));
#431=CARTESIAN_POINT('Ctrl Pts',(91.1230444581641,-200.,29.8774460152112));
#432=CARTESIAN_POINT('Ctrl Pts',(92.3500116407458,-191.026855673902,31.5541825592458));
#433=CARTESIAN_POINT('Ctrl Pts',(94.8715620974965,-172.893580169142,34.5121666275227));
#434=CARTESIAN_POINT('Ctrl Pts',(99.1642857488587,-145.169448868333,37.8611691675077));
#435=CARTESIAN_POINT('Ctrl Pts',(104.368063357009,-116.933324784607,40.1780691749037));
#436=CARTESIAN_POINT('Ctrl Pts',(113.031034084056,-78.6275276591714,41.971646875922));
#437=CARTESIAN_POINT('Ctrl Pts',(124.556916832788,-39.508060666609,42.1473611416794));
#438=CARTESIAN_POINT('Ctrl Pts',(135.445559637176,-9.89164814891909,41.7178012443436));
#439=CARTESIAN_POINT('Ctrl Pts',(139.356130292924,0.,41.5375082817926));
#440=CARTESIAN_POINT('Ctrl Pts',(98.3410582656198,-200.,15.7066149033829));
#441=CARTESIAN_POINT('Ctrl Pts',(99.8076833924764,-191.271354643799,18.2125838482251));
#442=CARTESIAN_POINT('Ctrl Pts',(103.006816949407,-173.568450245726,22.849484302209));
#443=CARTESIAN_POINT('Ctrl Pts',(108.904932116278,-146.299898428705,28.7399466822728));
#444=CARTESIAN_POINT('Ctrl Pts',(116.332733520822,-118.301386767677,33.5802146908528));
#445=CARTESIAN_POINT('Ctrl Pts',(128.814175014052,-79.986890008096,38.6644629795745));
#446=CARTESIAN_POINT('Ctrl Pts',(145.296819180028,-40.3872069582354,41.9826417248196));
#447=CARTESIAN_POINT('Ctrl Pts',(160.435003447762,-10.1340523624713,43.7384469168956));
#448=CARTESIAN_POINT('Ctrl Pts',(165.813156978572,0.,44.2621347342795));
#449=CARTESIAN_POINT('Ctrl Pts',(100.000005273421,-200.,5.23588704009835));
#450=CARTESIAN_POINT('Ctrl Pts',(101.603431404836,-191.345712184117,8.27200601921414));
#451=CARTESIAN_POINT('Ctrl Pts',(105.355171871702,-173.795327339143,14.0433436224828));
#452=CARTESIAN_POINT('Ctrl Pts',(112.808628805403,-146.734865400162,21.7967806530648));
#453=CARTESIAN_POINT('Ctrl Pts',(122.418598850968,-118.887441233563,28.5980346368179));
#454=CARTESIAN_POINT('Ctrl Pts',(138.509064115549,-80.6507093175016,36.3452901064671));
#455=CARTESIAN_POINT('Ctrl Pts',(159.38989211683,-40.8926792336263,42.2862206899527));
#456=CARTESIAN_POINT('Ctrl Pts',(177.995143913812,-10.2835376996453,45.8092125268662));
#457=CARTESIAN_POINT('Ctrl Pts',(184.52714214545,0.,46.8897798963793));
#458=CARTESIAN_POINT('Ctrl Pts',(99.9999999999493,-200.,-0.000100715884600348));
#459=CARTESIAN_POINT('Ctrl Pts',(101.659071194666,-191.347872159558,3.28111499634102));
#460=CARTESIAN_POINT('Ctrl Pts',(105.701387359201,-173.819764207693,9.59259834460499));
#461=CARTESIAN_POINT('Ctrl Pts',(114.045233066435,-146.822707477539,18.2696058105527));
#462=CARTESIAN_POINT('Ctrl Pts',(124.915179988675,-119.044797431417,26.0712429413586));
#463=CARTESIAN_POINT('Ctrl Pts',(143.065763133713,-80.8770549481745,35.2060537845233));
#464=CARTESIAN_POINT('Ctrl Pts',(166.407324497923,-41.104708290362,42.5420339565817));
#465=CARTESIAN_POINT('Ctrl Pts',(186.90508202953,-10.3507069483192,47.0073440428712));
#466=CARTESIAN_POINT('Ctrl Pts',(194.059145255199,0.,48.3843791199335));
#467=CARTESIAN_POINT('',(116.364816346306,0.,40.0398762057288));
#468=CARTESIAN_POINT('Ctrl Pts',(194.059145255199,0.,48.3843791199335));
#469=CARTESIAN_POINT('Ctrl Pts',(191.455934899195,0.,47.9762008879255));
#470=CARTESIAN_POINT('Ctrl Pts',(186.287246058048,0.,47.184675036717));
#471=CARTESIAN_POINT('Ctrl Pts',(178.647408854464,0.,46.071878210616));
#472=CARTESIAN_POINT('Ctrl Pts',(168.688271393744,0.,44.7377400739933));
#473=CARTESIAN_POINT('Ctrl Pts',(156.619153320456,0.,43.3189416776726));
#474=CARTESIAN_POINT('Ctrl Pts',(144.923018942228,0.,42.1413378714803));
#475=CARTESIAN_POINT('Ctrl Pts',(134.544893625067,0.,41.2660558117026));
#476=CARTESIAN_POINT('Ctrl Pts',(126.632901356112,0.,40.6982276792491));
#477=CARTESIAN_POINT('Ctrl Pts',(121.016553370016,0.,40.3314048578788));
#478=CARTESIAN_POINT('Ctrl Pts',(117.605977444265,0.,40.1170450947494));
#479=CARTESIAN_POINT('Ctrl Pts',(116.364816346306,0.,40.0398762057288));
#480=CARTESIAN_POINT('Ctrl Pts',(116.364816346306,0.,40.0398762057288));
#481=CARTESIAN_POINT('Ctrl Pts',(115.444355271068,0.,39.9826467625246));
#482=CARTESIAN_POINT('Ctrl Pts',(112.367506493362,0.,39.7928947893104));
#483=CARTESIAN_POINT('Ctrl Pts',(107.159827877122,0.,39.4783590315242));
#484=CARTESIAN_POINT('Ctrl Pts',(99.8478005267968,0.,39.0337078854521));
#485=CARTESIAN_POINT('Ctrl Pts',(90.4024575767231,0.,38.3841264934112));
#486=CARTESIAN_POINT('Ctrl Pts',(79.6270077877464,0.,37.4141704423821));
#487=CARTESIAN_POINT('Ctrl Pts',(68.6901333242552,0.,36.0633347448551));
#488=CARTESIAN_POINT('Ctrl Pts',(57.6140608201976,0.,34.1886544663203));
#489=CARTESIAN_POINT('Ctrl Pts',(46.5375362569067,0.,31.6559050107746));
#490=CARTESIAN_POINT('Ctrl Pts',(35.7325334397686,0.,28.3559214246024));
#491=CARTESIAN_POINT('Ctrl Pts',(25.5622188162941,0.,24.2469151704302));
#492=CARTESIAN_POINT('Ctrl Pts',(16.4509138919863,0.,19.3919493040571));
#493=CARTESIAN_POINT('Ctrl Pts',(8.85019489653954,0.,14.0040977868363));
#494=CARTESIAN_POINT('Ctrl Pts',(3.20556021513424,0.,8.48385616964557));
#495=CARTESIAN_POINT('Ctrl Pts',(0.579697889444315,0.,4.48417323420431));
#496=CARTESIAN_POINT('Ctrl Pts',(-0.190951070784968,0.,2.00392140512465));
#497=CARTESIAN_POINT('Ctrl Pts',(-0.155232302372332,0.,0.62260275862382));
#498=CARTESIAN_POINT('Ctrl Pts',(0.,0.,0.));
#499=CARTESIAN_POINT('Origin',(27.4432858847937,800.,1.72081444881784));
#500=CARTESIAN_POINT('',(59.9634496211458,800.,2.09396980215006));
#501=CARTESIAN_POINT('',(0.,800.,0.));
#502=CARTESIAN_POINT('Ctrl Pts',(59.9634496211458,800.,2.09396980215006));
#503=CARTESIAN_POINT('Ctrl Pts',(59.5011271118216,800.,2.12514927497179));
#504=CARTESIAN_POINT('Ctrl Pts',(58.5535108841698,800.,2.19020781486668));
#505=CARTESIAN_POINT('Ctrl Pts',(57.0631729002912,800.,2.29589439654262));
#506=CARTESIAN_POINT('Ctrl Pts',(54.9376659682073,800.,2.45307358665539));
#507=CARTESIAN_POINT('Ctrl Pts',(52.0496543981975,800.,2.67651642950972));
#508=CARTESIAN_POINT('Ctrl Pts',(48.9349266117759,800.,2.92582849528814));
#509=CARTESIAN_POINT('Ctrl Pts',(45.6069201555713,800.,3.19825773115174));
#510=CARTESIAN_POINT('Ctrl Pts',(42.0926751979924,800.,3.48866451065436));
#511=CARTESIAN_POINT('Ctrl Pts',(38.4373269027821,800.,3.78875358833973));
#512=CARTESIAN_POINT('Ctrl Pts',(34.6966546758523,800.,4.08687914107164));
#513=CARTESIAN_POINT('Ctrl Pts',(30.9301013189722,800.,4.36775517209527));
#514=CARTESIAN_POINT('Ctrl Pts',(27.1940752144702,800.,4.61219643319822));
#515=CARTESIAN_POINT('Ctrl Pts',(23.5345775333368,800.,4.79666890365906));
#516=CARTESIAN_POINT('Ctrl Pts',(19.9813347216058,800.,4.89317835282313));
#517=CARTESIAN_POINT('Ctrl Pts',(16.5373970091042,800.,4.8682309799438));
#518=CARTESIAN_POINT('Ctrl Pts',(13.1974390764367,800.,4.68800110415064));
#519=CARTESIAN_POINT('Ctrl Pts',(9.97160543474668,800.,4.32475322096167));
#520=CARTESIAN_POINT('Ctrl Pts',(6.90940155898423,800.,3.76356991043253));
#521=CARTESIAN_POINT('Ctrl Pts',(4.11973862145415,800.,3.00819179268984));
#522=CARTESIAN_POINT('Ctrl Pts',(1.80357935710779,800.,2.09047502372206));
#523=CARTESIAN_POINT('Ctrl Pts',(0.560900168123508,800.,1.27438376081825));
#524=CARTESIAN_POINT('Ctrl Pts',(0.0876527970066032,800.,0.641836801942213));
#525=CARTESIAN_POINT('Ctrl Pts',(-0.00750207597020491,800.,0.214831347630366));
#526=CARTESIAN_POINT('Ctrl Pts',(0.,800.,0.));
#527=CARTESIAN_POINT('Ctrl Pts',(0.,800.,0.));
#528=CARTESIAN_POINT('Ctrl Pts',(0.00812890089651574,800.,-0.232781264984365));
#529=CARTESIAN_POINT('Ctrl Pts',(0.149175616349968,800.,-0.645467012504137));
#530=CARTESIAN_POINT('Ctrl Pts',(0.735170176617066,800.,-1.10584671057493));
#531=CARTESIAN_POINT('Ctrl Pts',(2.19203132966803,800.,-1.42829366534179));
#532=CARTESIAN_POINT('Ctrl Pts',(4.76270190252486,800.,-1.48111006138109));
#533=CARTESIAN_POINT('Ctrl Pts',(7.66829232641658,800.,-1.33720718164235));
#534=CARTESIAN_POINT('Ctrl Pts',(10.6416593403741,800.,-1.10566160342555));
#535=CARTESIAN_POINT('Ctrl Pts',(13.5635752987627,800.,-0.849035623934982));
#536=CARTESIAN_POINT('Ctrl Pts',(16.410861452379,800.,-0.598430973126187));
#537=CARTESIAN_POINT('Ctrl Pts',(19.2228096919132,800.,-0.362526320516765));
#538=CARTESIAN_POINT('Ctrl Pts',(22.0634843212809,800.,-0.13816227637935));
#539=CARTESIAN_POINT('Ctrl Pts',(24.9808128405894,800.,0.0786244108314627));
#540=CARTESIAN_POINT('Ctrl Pts',(28.0007580664996,800.,0.290129615122994));
#541=CARTESIAN_POINT('Ctrl Pts',(31.1353530512689,800.,0.498033226243098));
#542=CARTESIAN_POINT('Ctrl Pts',(34.3858582600913,800.,0.703274122938047));
#543=CARTESIAN_POINT('Ctrl Pts',(37.7474712952537,800.,0.906401054913166));
#544=CARTESIAN_POINT('Ctrl Pts',(41.2135045604027,800.,1.10773478524508));
#545=CARTESIAN_POINT('Ctrl Pts',(44.7782854051325,800.,1.30753871073726));
#546=CARTESIAN_POINT('Ctrl Pts',(48.4368671299573,800.,1.50599335356344));
#547=CARTESIAN_POINT('Ctrl Pts',(52.1853799085658,800.,1.70322203266754));
#548=CARTESIAN_POINT('Ctrl Pts',(55.2539040021651,800.,1.86008115224256));
#549=CARTESIAN_POINT('Ctrl Pts',(57.5937745576318,800.,1.97722092161391));
#550=CARTESIAN_POINT('Ctrl Pts',(59.1707193926165,800.,2.05509073537271));
#551=CARTESIAN_POINT('Ctrl Pts',(59.9634496211458,800.,2.09396980215006));
#552=CARTESIAN_POINT('Ctrl Pts',(194.059145255199,0.,48.3843791199335));
#553=CARTESIAN_POINT('Ctrl Pts',(191.479219701925,16.6656757724993,46.6163795010436));
#554=CARTESIAN_POINT('Ctrl Pts',(186.283854624639,49.9962635213334,43.2004531678801));
#555=CARTESIAN_POINT('Ctrl Pts',(178.382604952347,99.9953040814713,38.4389754205652));
#556=CARTESIAN_POINT('Ctrl Pts',(170.372498203788,149.995573677051,34.0435549700498));
#557=CARTESIAN_POINT('Ctrl Pts',(164.960304703376,183.331401991418,31.3553013979718));
#558=CARTESIAN_POINT('Ctrl Pts',(159.514714996183,216.663235996749,28.7827555929202));
#559=CARTESIAN_POINT('Ctrl Pts',(154.035331073092,249.993652267926,26.3256332471044));
#560=CARTESIAN_POINT('Ctrl Pts',(145.724946074214,299.995710299512,22.9479826184658));
#561=CARTESIAN_POINT('Ctrl Pts',(137.339420275412,349.999868132327,19.8320662055223));
#562=CARTESIAN_POINT('Ctrl Pts',(131.709996629474,383.334223143647,17.9012996280181));
#563=CARTESIAN_POINT('Ctrl Pts',(126.065720629242,416.665354080286,16.0356269828301));
#564=CARTESIAN_POINT('Ctrl Pts',(120.406008482554,449.996738389763,14.234844835136));
#565=CARTESIAN_POINT('Ctrl Pts',(111.877448295172,499.995310435462,11.7309135942851));
#566=CARTESIAN_POINT('Ctrl Pts',(103.312932366284,549.996263209249,9.44568965036455));
#567=CARTESIAN_POINT('Ctrl Pts',(97.5797230149646,583.331672284975,8.08735063849641));
#568=CARTESIAN_POINT('Ctrl Pts',(91.8365030282066,616.657136372815,6.82024512590592));
#569=CARTESIAN_POINT('Ctrl Pts',(86.0822178513463,649.978840565306,5.64403554993963));
#570=CARTESIAN_POINT('Ctrl Pts',(77.4129704526404,699.978700216938,4.16230994366669));
#571=CARTESIAN_POINT('Ctrl Pts',(68.7077880757994,749.988923799551,2.96443640186989));
#572=CARTESIAN_POINT('Ctrl Pts',(62.881881198386,783.329837510173,2.35315746808404));
#573=CARTESIAN_POINT('Ctrl Pts',(59.9634496211458,800.,2.09396980215006));
#574=CARTESIAN_POINT('Ctrl Pts',(183.889909895953,0.,46.7898631407555));
#575=CARTESIAN_POINT('Ctrl Pts',(181.451845548932,16.6656424346534,45.0654046822029));
#576=CARTESIAN_POINT('Ctrl Pts',(176.527751115644,49.9961756322886,41.7324524101313));
#577=CARTESIAN_POINT('Ctrl Pts',(169.02094656858,99.9951809626391,37.0990264759156));
#578=CARTESIAN_POINT('Ctrl Pts',(161.417643769755,149.995472151242,32.8511353898849));
#579=CARTESIAN_POINT('Ctrl Pts',(156.301455642767,183.331359561829,30.2848161004676));
#580=CARTESIAN_POINT('Ctrl Pts',(151.172500865547,216.663278412694,27.8512709877761));
#581=CARTESIAN_POINT('Ctrl Pts',(146.046621770684,249.993722183347,25.561609941612));
#582=CARTESIAN_POINT('Ctrl Pts',(138.319552935452,299.995730739356,22.4688621889248));
#583=CARTESIAN_POINT('Ctrl Pts',(130.512702570564,349.999829658963,19.6198191661437));
#584=CARTESIAN_POINT('Ctrl Pts',(125.227494047697,383.334193302265,17.820449515133));
#585=CARTESIAN_POINT('Ctrl Pts',(119.887404952663,416.665383920908,16.0456640567041));
#586=CARTESIAN_POINT('Ctrl Pts',(114.472530932509,449.996774230748,14.3013185851841));
#587=CARTESIAN_POINT('Ctrl Pts',(106.237291745392,499.995281442327,11.8143679256132));
#588=CARTESIAN_POINT('Ctrl Pts',(97.9962718944988,549.996182759345,9.51412552879646));
#589=CARTESIAN_POINT('Ctrl Pts',(92.568253489848,583.331624597727,8.14822737154707));
#590=CARTESIAN_POINT('Ctrl Pts',(87.2095730263435,616.657184028047,6.8866818462566));
#591=CARTESIAN_POINT('Ctrl Pts',(81.9029659973707,649.978850731687,5.7178080293941));
#592=CARTESIAN_POINT('Ctrl Pts',(74.0264578960123,699.978500948202,4.25023652248154));
#593=CARTESIAN_POINT('Ctrl Pts',(66.1666577120091,749.988607037982,3.06748542455539));
#594=CARTESIAN_POINT('Ctrl Pts',(60.8936871719972,783.329667195641,2.46547831141234));
#595=CARTESIAN_POINT('Ctrl Pts',(58.2376354915156,800.,2.21036035996397));
#596=CARTESIAN_POINT('Ctrl Pts',(164.244569740837,0.,44.0565934917569));
#597=CARTESIAN_POINT('Ctrl Pts',(162.091127262563,16.6655392768093,42.3973314836088));
#598=CARTESIAN_POINT('Ctrl Pts',(157.723077126748,49.9958843900264,39.2042608512846));
#599=CARTESIAN_POINT('Ctrl Pts',(151.030290765916,99.9947415097154,34.8139716292501));
#600=CARTESIAN_POINT('Ctrl Pts',(144.240585912378,149.995092100106,30.8466820618088));
#601=CARTESIAN_POINT('Ctrl Pts',(139.680023097551,183.33119837217,28.4940922321819));
#602=CARTESIAN_POINT('Ctrl Pts',(135.120273283487,216.663439449005,26.2875275162347));
#603=CARTESIAN_POINT('Ctrl Pts',(130.620247936612,249.99402133294,24.2819697351212));
#604=CARTESIAN_POINT('Ctrl Pts',(123.915041394703,299.995916081076,21.6861613572955));
#605=CARTESIAN_POINT('Ctrl Pts',(117.126614198097,349.999807598304,19.3028705658206));
#606=CARTESIAN_POINT('Ctrl Pts',(112.460289481296,383.334136118708,17.7260584104125));
#607=CARTESIAN_POINT('Ctrl Pts',(107.679868358808,416.665441350862,16.0975600742577));
#608=CARTESIAN_POINT('Ctrl Pts',(102.757109237653,449.996831482196,14.452410892227));
#609=CARTESIAN_POINT('Ctrl Pts',(95.1881201360099,499.995169142032,12.0140374329573));
#610=CARTESIAN_POINT('Ctrl Pts',(87.6710709203552,549.995948392637,9.70724464862546));
#611=CARTESIAN_POINT('Ctrl Pts',(82.8501880627217,583.331492556554,8.33141553302667));
#612=CARTESIAN_POINT('Ctrl Pts',(78.2036028586094,616.657315787691,7.07255421706385));
#613=CARTESIAN_POINT('Ctrl Pts',(73.7171028874555,649.978879240614,5.91388650209946));
#614=CARTESIAN_POINT('Ctrl Pts',(67.2695421109197,699.977967685766,4.47554724760419));
#615=CARTESIAN_POINT('Ctrl Pts',(60.9117101528376,749.987765559565,3.32528500243756));
#616=CARTESIAN_POINT('Ctrl Pts',(56.6049642191863,783.329216634993,2.73911634517218));
#617=CARTESIAN_POINT('Ctrl Pts',(54.4023616146039,799.999999999999,2.48835511150474));
#618=CARTESIAN_POINT('Ctrl Pts',(136.852169541504,0.,41.3202907422103));
#619=CARTESIAN_POINT('Ctrl Pts',(135.11843599545,16.6653407812875,39.7235461449991));
#620=CARTESIAN_POINT('Ctrl Pts',(131.596940363485,49.9953063579078,36.6811768664244));
#621=CARTESIAN_POINT('Ctrl Pts',(126.16302742507,99.993844525902,32.5800157411266));
#622=CARTESIAN_POINT('Ctrl Pts',(120.589462738444,149.994305912589,28.948655141402));
#623=CARTESIAN_POINT('Ctrl Pts',(116.791302917483,183.330865015892,26.8368113879033));
#624=CARTESIAN_POINT('Ctrl Pts',(112.960748318158,216.663772430384,24.8691994231476));
#625=CARTESIAN_POINT('Ctrl Pts',(109.179637458599,249.994664659903,23.1529408870912));
#626=CARTESIAN_POINT('Ctrl Pts',(103.540295322415,299.996377432017,21.050420014106));
#627=CARTESIAN_POINT('Ctrl Pts',(97.8252372185659,349.999847536244,19.1237894470202));
#628=CARTESIAN_POINT('Ctrl Pts',(93.8925744269044,383.334053340228,17.7657688249398));
#629=CARTESIAN_POINT('Ctrl Pts',(89.8604388597318,416.665524807953,16.2868427571202));
#630=CARTESIAN_POINT('Ctrl Pts',(85.7029499316068,449.99690515088,14.7623261541192));
#631=CARTESIAN_POINT('Ctrl Pts',(79.3432841210033,499.994940893737,12.4241924619624));
#632=CARTESIAN_POINT('Ctrl Pts',(73.1038123464098,549.995509281014,10.1563808917668));
#633=CARTESIAN_POINT('Ctrl Pts',(69.1833123202852,583.33125048555,8.78236356565377));
#634=CARTESIAN_POINT('Ctrl Pts',(65.4625093022239,616.657557220474,7.52092746051969));
#635=CARTESIAN_POINT('Ctrl Pts',(61.9683503095133,649.978925841274,6.37095393960652));
#636=CARTESIAN_POINT('Ctrl Pts',(57.1282632438326,699.976996891115,4.9686133057689));
#637=CARTESIAN_POINT('Ctrl Pts',(52.4158556047305,749.986249839962,3.85972945671084));
#638=CARTESIAN_POINT('Ctrl Pts',(49.1777282193425,783.328409068109,3.29012744319377));
#639=CARTESIAN_POINT('Ctrl Pts',(47.4890657310633,800.,3.04088078778134));
#640=CARTESIAN_POINT('Ctrl Pts',(111.327934665186,0.,39.7148039517996));
#641=CARTESIAN_POINT('Ctrl Pts',(109.99677047727,16.6651641939943,38.175665335182));
#642=CARTESIAN_POINT('Ctrl Pts',(107.301887331488,49.9947924030511,35.2548757862109));
#643=CARTESIAN_POINT('Ctrl Pts',(103.113964657869,99.9930515332971,31.3632688574039));
#644=CARTESIAN_POINT('Ctrl Pts',(98.7348577490902,149.993618496989,27.9739604325429));
#645=CARTESIAN_POINT('Ctrl Pts',(95.6617927418989,183.330577404526,26.0444674252225));
#646=CARTESIAN_POINT('Ctrl Pts',(92.5034011849951,216.66405962807,24.265844225207));
#647=CARTESIAN_POINT('Ctrl Pts',(89.2788221837259,249.99521913581,22.7275032486021));
#648=CARTESIAN_POINT('Ctrl Pts',(84.3074406336838,299.996772117261,20.8622750195329));
#649=CARTESIAN_POINT('Ctrl Pts',(79.2756525745239,349.999868946157,19.1419954073482));
#650=CARTESIAN_POINT('Ctrl Pts',(75.9298478434762,383.333969205577,17.9032677219943));
#651=CARTESIAN_POINT('Ctrl Pts',(72.6096810648297,416.665609758093,16.5406603733645));
#652=CARTESIAN_POINT('Ctrl Pts',(69.255402156764,449.996997796633,15.1246428120443));
#653=CARTESIAN_POINT('Ctrl Pts',(64.2593038183365,499.994755997968,12.9071384184779));
#654=CARTESIAN_POINT('Ctrl Pts',(59.4228912844416,549.99511529148,10.7149421009227));
#655=CARTESIAN_POINT('Ctrl Pts',(56.3829264262882,583.331030305033,9.36376402752054));
#656=CARTESIAN_POINT('Ctrl Pts',(53.4741372344101,616.657776674741,8.11184880200869));
#657=CARTESIAN_POINT('Ctrl Pts',(50.7435548139253,649.978955557643,6.97214883420475));
#658=CARTESIAN_POINT('Ctrl Pts',(46.9720228179052,699.976088244641,5.59153921204671));
#659=CARTESIAN_POINT('Ctrl Pts',(43.319764376963,749.98485111473,4.50680547546555));
#660=CARTESIAN_POINT('Ctrl Pts',(40.828888084411,783.327667425685,3.94890530671722));
#661=CARTESIAN_POINT('Ctrl Pts',(39.5356373588792,799.999999999999,3.70247932452393));
#662=CARTESIAN_POINT('Ctrl Pts',(90.6146892161249,0.,38.4951234340616));
#663=CARTESIAN_POINT('Ctrl Pts',(89.5964504565978,16.6650900575021,37.0252090278449));
#664=CARTESIAN_POINT('Ctrl Pts',(87.5369893512155,49.9945885256001,34.2372740911956));
#665=CARTESIAN_POINT('Ctrl Pts',(84.3050374859752,99.9927622277313,30.54309276438));
#666=CARTESIAN_POINT('Ctrl Pts',(80.8593872372923,149.993390366218,27.3622563154836));
#667=CARTESIAN_POINT('Ctrl Pts',(78.377803877174,183.330490329978,25.5847450334214));
#668=CARTESIAN_POINT('Ctrl Pts',(75.7883390392251,216.664146479213,23.9649338615111));
#669=CARTESIAN_POINT('Ctrl Pts',(73.0555376524255,249.995370990201,22.5371708374331));
#670=CARTESIAN_POINT('Ctrl Pts',(68.7129978219485,299.996837114646,20.7548320534412));
#671=CARTESIAN_POINT('Ctrl Pts',(64.3252786261125,349.999795018989,19.0926789128279));
#672=CARTESIAN_POINT('Ctrl Pts',(61.5014980801682,383.333894276552,17.9173046380142));
#673=CARTESIAN_POINT('Ctrl Pts',(58.7901249188669,416.665685229161,16.6544217216953));
#674=CARTESIAN_POINT('Ctrl Pts',(56.119058172624,449.997116762774,15.3372387460788));
#675=CARTESIAN_POINT('Ctrl Pts',(52.2610404428152,499.994723999816,13.2469444737385));
#676=CARTESIAN_POINT('Ctrl Pts',(48.5629481775783,549.994935200343,11.1536647430018));
#677=CARTESIAN_POINT('Ctrl Pts',(46.2055012712277,583.330920014971,9.84781006119583));
#678=CARTESIAN_POINT('Ctrl Pts',(43.9024095780221,616.657886513427,8.62949300781191));
#679=CARTESIAN_POINT('Ctrl Pts',(41.6917583273232,649.97894899425,7.50822374474143));
#680=CARTESIAN_POINT('Ctrl Pts',(38.5592348242985,699.975577122886,6.13367497049536));
#681=CARTESIAN_POINT('Ctrl Pts',(35.5213855064634,749.984091701785,5.05166548243106));
#682=CARTESIAN_POINT('Ctrl Pts',(33.5015965510985,783.327269193685,4.50313449055956));
#683=CARTESIAN_POINT('Ctrl Pts',(32.4788339154632,799.999999999999,4.26541745108277));
#684=CARTESIAN_POINT('Ctrl Pts',(73.6554404145604,0.,36.7261911386461));
#685=CARTESIAN_POINT('Ctrl Pts',(72.86905441495,16.6651073709731,35.3395707630955));
#686=CARTESIAN_POINT('Ctrl Pts',(71.261724052077,49.9946627024151,32.7227632132115));
#687=CARTESIAN_POINT('Ctrl Pts',(68.6959578162514,99.9929245872173,29.2909497795022));
#688=CARTESIAN_POINT('Ctrl Pts',(65.9273961970289,149.993572131714,26.3692265929333));
#689=CARTESIAN_POINT('Ctrl Pts',(63.9202669887946,183.330580891891,24.7549497657821));
#690=CARTESIAN_POINT('Ctrl Pts',(61.8250082908495,216.664055864787,23.2887572058877));
#691=CARTESIAN_POINT('Ctrl Pts',(59.6166337064589,249.995164626623,21.9757347945892));
#692=CARTESIAN_POINT('Ctrl Pts',(56.1114068534426,299.996605760954,20.2973210189658));
#693=CARTESIAN_POINT('Ctrl Pts',(52.5722451940979,349.999635032867,18.717666841522));
#694=CARTESIAN_POINT('Ctrl Pts',(50.2952705643599,383.333829253605,17.6152699517203));
#695=CARTESIAN_POINT('Ctrl Pts',(48.1076740385854,416.665750496126,16.4521441677498));
#696=CARTESIAN_POINT('Ctrl Pts',(45.9731352921694,449.997252576024,15.2360413770571));
#697=CARTESIAN_POINT('Ctrl Pts',(42.9274384224239,499.994823226178,13.2868752929499));
#698=CARTESIAN_POINT('Ctrl Pts',(40.0170351474037,549.994946423335,11.3150278981844));
#699=CARTESIAN_POINT('Ctrl Pts',(38.1462948767339,583.330908658069,10.0723127467394));
#700=CARTESIAN_POINT('Ctrl Pts',(36.2994687914737,616.657897695176,8.90562194300244));
#701=CARTESIAN_POINT('Ctrl Pts',(34.4969354053845,649.978914589972,7.81636805769223));
#702=CARTESIAN_POINT('Ctrl Pts',(31.8956824911221,699.975432423373,6.45798758947618));
#703=CARTESIAN_POINT('Ctrl Pts',(29.3714940987909,749.983913121004,5.38454087705364));
#704=CARTESIAN_POINT('Ctrl Pts',(27.7247655671359,783.32718136002,4.85169094933441));
#705=CARTESIAN_POINT('Ctrl Pts',(26.906832198085,799.999999999999,4.62792147658055));
#706=CARTESIAN_POINT('Ctrl Pts',(65.0396259978533,0.,35.4207914189653));
#707=CARTESIAN_POINT('Ctrl Pts',(64.362176769354,16.6651470720892,34.0876557309982));
#708=CARTESIAN_POINT('Ctrl Pts',(62.9588885568179,49.9947959777767,31.5843023097249));
#709=CARTESIAN_POINT('Ctrl Pts',(60.6873654493633,99.9931655343193,28.3294854305709));
#710=CARTESIAN_POINT('Ctrl Pts',(58.2309131295607,149.993810679662,25.5786870635243));
#711=CARTESIAN_POINT('Ctrl Pts',(56.463658398534,183.330691038465,24.0654764811993));
#712=CARTESIAN_POINT('Ctrl Pts',(54.6341561772267,216.66394576481,22.6892451196521));
#713=CARTESIAN_POINT('Ctrl Pts',(52.7352268219371,249.994928552765,21.449678042476));
#714=CARTESIAN_POINT('Ctrl Pts',(49.7621417917722,299.996374798791,19.8510492255622));
#715=CARTESIAN_POINT('Ctrl Pts',(46.7600267792942,349.999513788222,18.3395571656135));
#716=CARTESIAN_POINT('Ctrl Pts',(44.8022788249866,383.333794676175,17.2875788688975));
#717=CARTESIAN_POINT('Ctrl Pts',(42.8933929133976,416.665785097496,16.1840411620316));
#718=CARTESIAN_POINT('Ctrl Pts',(41.0230440219441,449.997336621492,15.0297669038243));
#719=CARTESIAN_POINT('Ctrl Pts',(38.3412601123205,499.994923041579,13.1715481606294));
#720=CARTESIAN_POINT('Ctrl Pts',(35.7733092627965,549.995014867369,11.2813484310534));
#721=CARTESIAN_POINT('Ctrl Pts',(34.1237288100386,583.330934101264,10.0821380903291));
#722=CARTESIAN_POINT('Ctrl Pts',(32.4979873121881,616.657872255073,8.95106831707448));
#723=CARTESIAN_POINT('Ctrl Pts',(30.9035727805853,649.97888594432,7.88719942734391));
#724=CARTESIAN_POINT('Ctrl Pts',(28.5921379414379,699.975467571641,6.54895774267116));
#725=CARTESIAN_POINT('Ctrl Pts',(26.3517561937604,749.983997681617,5.48991146577311));
#726=CARTESIAN_POINT('Ctrl Pts',(24.9011497541619,783.327230850342,4.9707666060794));
#727=CARTESIAN_POINT('Ctrl Pts',(24.1857524863959,799.999999999999,4.75682256968215));
#728=CARTESIAN_POINT('Ctrl Pts',(56.2287804936983,0.,33.7997937308491));
#729=CARTESIAN_POINT('Ctrl Pts',(55.6584473477515,16.6652061527978,32.5285302962224));
#730=CARTESIAN_POINT('Ctrl Pts',(54.4506948454052,49.994989680891,30.1574203179875));
#731=CARTESIAN_POINT('Ctrl Pts',(52.4574415456083,99.9935072488005,27.1094132246769));
#732=CARTESIAN_POINT('Ctrl Pts',(50.3052253437106,149.994142645855,24.5567591380494));
#733=CARTESIAN_POINT('Ctrl Pts',(48.7854431395375,183.330842273462,23.1584867550056));
#734=CARTESIAN_POINT('Ctrl Pts',(47.239361089635,216.663794600863,21.8829016138503));
#735=CARTESIAN_POINT('Ctrl Pts',(45.6751564444088,249.994607968743,20.7294222331665));
#736=CARTESIAN_POINT('Ctrl Pts',(43.2833984805078,299.996069836132,19.2318522451439));
#737=CARTESIAN_POINT('Ctrl Pts',(40.8670395745815,349.999365213417,17.8089114750324));
#738=CARTESIAN_POINT('Ctrl Pts',(39.2528643674713,383.333758179034,16.8180059975117));
#739=CARTESIAN_POINT('Ctrl Pts',(37.6391375823379,416.665821574718,15.7817470105134));
#740=CARTESIAN_POINT('Ctrl Pts',(36.0370005881472,449.997431895525,14.698602646019));
#741=CARTESIAN_POINT('Ctrl Pts',(33.70361907993,499.995054824968,12.948142420683));
#742=CARTESIAN_POINT('Ctrl Pts',(31.4570772775998,549.995122344163,11.1562757965323));
#743=CARTESIAN_POINT('Ctrl Pts',(30.0217184401126,583.330978717945,10.0093402466916));
#744=CARTESIAN_POINT('Ctrl Pts',(28.6190749471726,616.657827683956,8.92039477197585));
#745=CARTESIAN_POINT('Ctrl Pts',(27.2405149630506,649.978850013271,7.88957675487456));
#746=CARTESIAN_POINT('Ctrl Pts',(25.2402990088773,699.97556813348,6.58383991014026));
#747=CARTESIAN_POINT('Ctrl Pts',(23.3075018962407,749.984188321965,5.5503154683349));
#748=CARTESIAN_POINT('Ctrl Pts',(22.0654733961269,783.327337347286,5.05026571385856));
#749=CARTESIAN_POINT('Ctrl Pts',(21.4567385832956,799.999999999999,4.84806768708603));
#750=CARTESIAN_POINT('Ctrl Pts',(48.4845757288704,0.,32.1542498432129));
#751=CARTESIAN_POINT('Ctrl Pts',(48.0115845421776,16.6653287806984,30.960474282376));
#752=CARTESIAN_POINT('Ctrl Pts',(46.9743265234636,49.9957547495823,28.7627658863288));
#753=CARTESIAN_POINT('Ctrl Pts',(45.2427306668748,99.9944121302287,25.8874755551762));
#754=CARTESIAN_POINT('Ctrl Pts',(43.3679865328012,149.994866031869,23.4928626005064));
#755=CARTESIAN_POINT('Ctrl Pts',(42.0615935362935,183.331124142379,22.2024751624192));
#756=CARTESIAN_POINT('Ctrl Pts',(40.7518945645594,216.663513012672,21.0439542030605));
#757=CARTESIAN_POINT('Ctrl Pts',(39.4859903662981,249.994026863927,19.9807032371008));
#758=CARTESIAN_POINT('Ctrl Pts',(37.6385156571779,299.995541329199,18.5667492402341));
#759=CARTESIAN_POINT('Ctrl Pts',(35.7691331560534,349.999135737384,17.2167059257435));
#760=CARTESIAN_POINT('Ctrl Pts',(34.4585087931846,383.333720104607,16.2931256550358));
#761=CARTESIAN_POINT('Ctrl Pts',(33.0883588579493,416.665859360438,15.3443545115502));
#762=CARTESIAN_POINT('Ctrl Pts',(31.7038144882773,449.997546762602,14.3360393539855));
#763=CARTESIAN_POINT('Ctrl Pts',(29.651883999099,499.995275471918,12.6727173703385));
#764=CARTESIAN_POINT('Ctrl Pts',(27.6692094869722,549.995355550366,10.9605737142385));
#765=CARTESIAN_POINT('Ctrl Pts',(26.4173109762464,583.331088311855,9.87109143846397));
#766=CARTESIAN_POINT('Ctrl Pts',(25.2117771110826,616.657718331429,8.84854662308706));
#767=CARTESIAN_POINT('Ctrl Pts',(24.0026082915218,649.978759373469,7.86510063248358));
#768=CARTESIAN_POINT('Ctrl Pts',(22.2123530035719,699.975810943774,6.59415520726435));
#769=CARTESIAN_POINT('Ctrl Pts',(20.4840402944025,749.984606805965,5.58510710155398));
#770=CARTESIAN_POINT('Ctrl Pts',(19.3978075154854,783.327641091997,5.08905799019105));
#771=CARTESIAN_POINT('Ctrl Pts',(18.8802236779538,799.999999999999,4.90680445818705));
#772=CARTESIAN_POINT('Ctrl Pts',(38.566221938746,0.,29.1421371366769));
#773=CARTESIAN_POINT('Ctrl Pts',(38.2154707439925,16.665554684274,28.0713684631616));
#774=CARTESIAN_POINT('Ctrl Pts',(37.3912909656335,49.9972993935897,26.1753827865733));
#775=CARTESIAN_POINT('Ctrl Pts',(36.0148693786483,99.9961493121448,23.5842081311291));
#776=CARTESIAN_POINT('Ctrl Pts',(34.5085961134268,149.996207666585,21.4472553214409));
#777=CARTESIAN_POINT('Ctrl Pts',(33.4668570477698,183.33162939758,20.3254707274925));
#778=CARTESIAN_POINT('Ctrl Pts',(32.4361058418673,216.663008244354,19.3451406490073));
#779=CARTESIAN_POINT('Ctrl Pts',(31.5401603073185,249.99299307165,18.4265989836877));
#780=CARTESIAN_POINT('Ctrl Pts',(30.3911421619286,299.994614195308,17.1590798907116));
#781=CARTESIAN_POINT('Ctrl Pts',(29.2227725570615,349.998748695334,15.9417712468323));
#782=CARTESIAN_POINT('Ctrl Pts',(28.2869269772331,383.333666681377,15.1322516110594));
#783=CARTESIAN_POINT('Ctrl Pts',(27.2026310332459,416.665912228025,14.3229433658653));
#784=CARTESIAN_POINT('Ctrl Pts',(26.076165685981,449.997722839945,13.4388437584901));
#785=CARTESIAN_POINT('Ctrl Pts',(24.3680618645546,499.99566003129,11.9298769322575));
#786=CARTESIAN_POINT('Ctrl Pts',(22.7134148387028,549.995790174556,10.3645704410035));
#787=CARTESIAN_POINT('Ctrl Pts',(21.6902915525473,583.331297821833,9.37863224748213));
#788=CARTESIAN_POINT('Ctrl Pts',(20.7294819850065,616.657509264574,8.47260354488493));
#789=CARTESIAN_POINT('Ctrl Pts',(19.7333163055156,649.978586838754,7.57803938517687));
#790=CARTESIAN_POINT('Ctrl Pts',(18.210775314801,699.976278659521,6.38495663252082));
#791=CARTESIAN_POINT('Ctrl Pts',(16.7411295369724,749.98539765281,5.43722174967732));
#792=CARTESIAN_POINT('Ctrl Pts',(15.843945759081,783.328237559987,4.94649871085711));
#793=CARTESIAN_POINT('Ctrl Pts',(15.4364616327895,799.999999999998,4.80153718209786));
#794=CARTESIAN_POINT('Ctrl Pts',(32.8422778691596,0.,27.067810187701));
#795=CARTESIAN_POINT('Ctrl Pts',(32.5612345946349,16.6656999599679,26.0737629686015));
#796=CARTESIAN_POINT('Ctrl Pts',(31.8592144421307,49.9983072476412,24.3734494503678));
#797=CARTESIAN_POINT('Ctrl Pts',(30.6936362608216,99.9972731780753,21.9725679275036));
#798=CARTESIAN_POINT('Ctrl Pts',(29.4046071467601,149.997070220481,20.0087993211494));
#799=CARTESIAN_POINT('Ctrl Pts',(28.5143585680348,183.331952182892,18.9954029307579));
#800=CARTESIAN_POINT('Ctrl Pts',(27.6394445264673,216.662685781879,18.1247035893268));
#801=CARTESIAN_POINT('Ctrl Pts',(26.9462946163925,249.992333844077,17.2985651983483));
#802=CARTESIAN_POINT('Ctrl Pts',(26.1763783139621,299.994025146169,16.1308123340457));
#803=CARTESIAN_POINT('Ctrl Pts',(25.388492677991,349.998505349817,15.0052181331115));
#804=CARTESIAN_POINT('Ctrl Pts',(24.6580156418774,383.333634824034,14.2698481449569));
#805=CARTESIAN_POINT('Ctrl Pts',(23.7333115991462,416.665943714117,13.5472473022255));
#806=CARTESIAN_POINT('Ctrl Pts',(22.7540399710022,449.997830969847,12.7447358303031));
#807=CARTESIAN_POINT('Ctrl Pts',(21.2483924622666,499.995904293196,11.3450613804139));
#808=CARTESIAN_POINT('Ctrl Pts',(19.7884304023044,549.996070452329,9.88528978561149));
#809=CARTESIAN_POINT('Ctrl Pts',(18.8984763394407,583.331433671339,8.96969509097325));
#810=CARTESIAN_POINT('Ctrl Pts',(18.0772044658869,616.657373709419,8.13843498244309));
#811=CARTESIAN_POINT('Ctrl Pts',(17.205504506849,649.978475416875,7.30370816658534));
#812=CARTESIAN_POINT('Ctrl Pts',(15.8444316936613,699.976583504434,6.16911378672095));
#813=CARTESIAN_POINT('Ctrl Pts',(14.5306184191437,749.985911069315,5.26971476685532));
#814=CARTESIAN_POINT('Ctrl Pts',(13.7427513963406,783.328626599818,4.78514034057304));
#815=CARTESIAN_POINT('Ctrl Pts',(13.3973923095035,799.999999999998,4.66475392117383));
#816=CARTESIAN_POINT('Ctrl Pts',(24.3126832391109,0.,23.6115866924049));
#817=CARTESIAN_POINT('Ctrl Pts',(24.1347476626137,16.6659303078367,22.7376107381681));
#818=CARTESIAN_POINT('Ctrl Pts',(23.6140936793115,49.9999136813351,21.3503333493878));
#819=CARTESIAN_POINT('Ctrl Pts',(22.7681318815129,99.9990584007582,19.2615246745866));
#820=CARTESIAN_POINT('Ctrl Pts',(21.8072604774219,149.998436811133,17.5825133758273));
#821=CARTESIAN_POINT('Ctrl Pts',(21.1419447037199,183.332462256116,16.7425007872952));
#822=CARTESIAN_POINT('Ctrl Pts',(20.494991530791,216.662176228768,16.0420136379239));
#823=CARTESIAN_POINT('Ctrl Pts',(20.091165930481,249.99129309888,15.3630452028326));
#824=CARTESIAN_POINT('Ctrl Pts',(19.8543506757649,299.993097048158,14.3609865884342));
#825=CARTESIAN_POINT('Ctrl Pts',(19.601605144355,349.998124111624,13.3888449429652));
#826=CARTESIAN_POINT('Ctrl Pts',(19.1642262413948,383.333586332263,12.7727155637795));
#827=CARTESIAN_POINT('Ctrl Pts',(18.4730400340858,416.665991605822,12.1853553602331));
#828=CARTESIAN_POINT('Ctrl Pts',(17.7128451272192,449.997998428561,11.5149050718435));
#829=CARTESIAN_POINT('Ctrl Pts',(16.5155756836574,499.996289294824,10.3003980982975));
#830=CARTESIAN_POINT('Ctrl Pts',(15.3535461609879,549.996515526349,9.02080337328807));
#831=CARTESIAN_POINT('Ctrl Pts',(14.6642102684998,583.331649974356,8.22131148163428));
#832=CARTESIAN_POINT('Ctrl Pts',(14.0496788159661,616.657157882029,7.50890765672801));
#833=CARTESIAN_POINT('Ctrl Pts',(13.3663676838407,649.978298579156,6.77247898379111));
#834=CARTESIAN_POINT('Ctrl Pts',(12.2562675031802,699.977070789316,5.740602124821));
#835=CARTESIAN_POINT('Ctrl Pts',(11.1846544259693,749.986730220887,4.92829452281038));
#836=CARTESIAN_POINT('Ctrl Pts',(10.5614175200646,783.329247871707,4.4572775645718));
#837=CARTESIAN_POINT('Ctrl Pts',(10.3075256969462,799.999999999998,4.37664961371139));
#838=CARTESIAN_POINT('Ctrl Pts',(12.1223896083046,0.,17.019568327671));
#839=CARTESIAN_POINT('Ctrl Pts',(12.0887471377477,16.6663083989184,16.3389989225475));
#840=CARTESIAN_POINT('Ctrl Pts',(11.8268291242966,50.0025637205634,15.4862381449172));
#841=CARTESIAN_POINT('Ctrl Pts',(11.4625650100247,100.001989956192,13.9776830548082));
#842=CARTESIAN_POINT('Ctrl Pts',(10.9927438041538,150.000672750822,12.8330251512598));
#843=CARTESIAN_POINT('Ctrl Pts',(10.6488188738457,183.333293830285,12.2946593072085));
#844=CARTESIAN_POINT('Ctrl Pts',(10.313701268592,216.661345544323,11.8634583913819));
#845=CARTESIAN_POINT('Ctrl Pts',(10.2505953315147,249.989599539595,11.4328849007708));
#846=CARTESIAN_POINT('Ctrl Pts',(10.5797520950992,299.99159318848,10.7388395156019));
#847=CARTESIAN_POINT('Ctrl Pts',(10.8960743145591,349.997513773297,10.0559549653293));
#848=CARTESIAN_POINT('Ctrl Pts',(10.8051130798435,383.333513287443,9.64498511815293));
#849=CARTESIAN_POINT('Ctrl Pts',(10.4342531351124,416.666063625405,9.2730286983616));
#850=CARTESIAN_POINT('Ctrl Pts',(9.99662145932567,449.998260916687,8.8391882250955));
#851=CARTESIAN_POINT('Ctrl Pts',(9.29193795202296,499.996914435817,7.99967949520051));
#852=CARTESIAN_POINT('Ctrl Pts',(8.61120023519034,549.997248364052,7.09042055873506));
#853=CARTESIAN_POINT('Ctrl Pts',(8.22587486472542,583.332007908613,6.50828732564462));
#854=CARTESIAN_POINT('Ctrl Pts',(7.90335099250359,616.656800762524,5.9937385520324));
#855=CARTESIAN_POINT('Ctrl Pts',(7.50116415923711,649.978008650253,5.43617670746963));
#856=CARTESIAN_POINT('Ctrl Pts',(6.78999467967162,699.977885926463,4.62212935415295));
#857=CARTESIAN_POINT('Ctrl Pts',(6.10350738784932,749.988096009809,4.00383985818667));
#858=CARTESIAN_POINT('Ctrl Pts',(5.72346960916305,783.33028186373,3.57530865688892));
#859=CARTESIAN_POINT('Ctrl Pts',(5.5968356082318,799.999999999999,3.56379037630164));
#860=CARTESIAN_POINT('Ctrl Pts',(3.10883761643885,0.,8.48928264557692));
#861=CARTESIAN_POINT('Ctrl Pts',(3.1821398657329,16.6666862113981,8.00877174421681));
#862=CARTESIAN_POINT('Ctrl Pts',(3.10937524941768,50.0051209922819,7.72772877865398));
#863=CARTESIAN_POINT('Ctrl Pts',(3.1213747712851,100.004851132055,6.91382894098761));
#864=CARTESIAN_POINT('Ctrl Pts',(3.03572899967096,150.002870666924,6.4131486406395));
#865=CARTESIAN_POINT('Ctrl Pts',(2.93809604383759,183.334117958495,6.21254651498535));
#866=CARTESIAN_POINT('Ctrl Pts',(2.83638512336532,216.660522282428,6.05095311195663));
#867=CARTESIAN_POINT('Ctrl Pts',(2.8598519782962,249.987924581294,5.89220486008082));
#868=CARTESIAN_POINT('Ctrl Pts',(3.11035353626369,299.990116550856,5.57680633323998));
#869=CARTESIAN_POINT('Ctrl Pts',(3.35271836037608,349.996926139596,5.25259872368953));
#870=CARTESIAN_POINT('Ctrl Pts',(3.35728797973408,383.333448273134,5.06812913360005));
#871=CARTESIAN_POINT('Ctrl Pts',(3.23265286356919,416.666127659968,4.90888158108735));
#872=CARTESIAN_POINT('Ctrl Pts',(3.08288928356472,449.998512683603,4.74917704659877));
#873=CARTESIAN_POINT('Ctrl Pts',(2.87985526352688,499.997536269607,4.4055235822222));
#874=CARTESIAN_POINT('Ctrl Pts',(2.69478532184402,549.997984832992,3.99480697863396));
#875=CARTESIAN_POINT('Ctrl Pts',(2.58915440200098,583.332369083902,3.68284313852471));
#876=CARTESIAN_POINT('Ctrl Pts',(2.49859790707731,616.65644038422,3.38333388961492));
#877=CARTESIAN_POINT('Ctrl Pts',(2.35944943733956,649.977725989371,3.05615772460057));
#878=CARTESIAN_POINT('Ctrl Pts',(2.08356906313005,699.978739639166,2.59166488662138));
#879=CARTESIAN_POINT('Ctrl Pts',(1.81979480629412,749.98952453326,2.30377402271029));
#880=CARTESIAN_POINT('Ctrl Pts',(1.66793480643098,783.331332403799,1.98386509918666));
#881=CARTESIAN_POINT('Ctrl Pts',(1.64019110487533,799.999999999999,2.05612536373724));
#882=CARTESIAN_POINT('Ctrl Pts',(-0.0144379833527808,0.,2.94222006684127));
#883=CARTESIAN_POINT('Ctrl Pts',(0.0914226824172547,16.6669029716623,2.58976417826326));
#884=CARTESIAN_POINT('Ctrl Pts',(0.0619680362299203,50.006445736449,2.64548913308148));
#885=CARTESIAN_POINT('Ctrl Pts',(0.169160483190438,100.006394105347,2.25356350768174));
#886=CARTESIAN_POINT('Ctrl Pts',(0.185753375643544,150.004086788746,2.13997107039264));
#887=CARTESIAN_POINT('Ctrl Pts',(0.16504450810605,183.334586552011,2.14368281868247));
#888=CARTESIAN_POINT('Ctrl Pts',(0.146478953709241,216.660054115604,2.1473571050663));
#889=CARTESIAN_POINT('Ctrl Pts',(0.154440298021989,249.986974012947,2.14722147559977));
#890=CARTESIAN_POINT('Ctrl Pts',(0.240760031146894,299.989287582455,2.04190622652096));
#891=CARTESIAN_POINT('Ctrl Pts',(0.324192148254428,349.996605704211,1.91326693839225));
#892=CARTESIAN_POINT('Ctrl Pts',(0.323552173276369,383.333415967223,1.85583567517544));
#893=CARTESIAN_POINT('Ctrl Pts',(0.296212202647963,416.666159510588,1.8214218182712));
#894=CARTESIAN_POINT('Ctrl Pts',(0.260728169190979,449.998654181234,1.81612319006994));
#895=CARTESIAN_POINT('Ctrl Pts',(0.258705622095545,499.997895601614,1.74854857229331));
#896=CARTESIAN_POINT('Ctrl Pts',(0.273071548524943,549.998411076755,1.62248452601617));
#897=CARTESIAN_POINT('Ctrl Pts',(0.280361215677884,583.332578475969,1.47765866421179));
#898=CARTESIAN_POINT('Ctrl Pts',(0.283705978850656,616.656231387817,1.32354627201654));
#899=CARTESIAN_POINT('Ctrl Pts',(0.272755238860788,649.977573556295,1.1564228888278));
#900=CARTESIAN_POINT('Ctrl Pts',(0.237768427644186,699.979270388541,0.946451453489508));
#901=CARTESIAN_POINT('Ctrl Pts',(0.208825123133489,749.990414330875,0.90690863965457));
#902=CARTESIAN_POINT('Ctrl Pts',(0.168442741923862,783.331945933263,0.695248526679342));
#903=CARTESIAN_POINT('Ctrl Pts',(0.179408557406901,800.,0.832816405620523));
#904=CARTESIAN_POINT('Ctrl Pts',(-0.214239652216172,0.,0.859268312315964));
#905=CARTESIAN_POINT('Ctrl Pts',(-0.113261605843189,16.6669728848793,0.556331475560192));
#906=CARTESIAN_POINT('Ctrl Pts',(-0.160304545460463,50.0067862780848,0.727917333826361));
#907=CARTESIAN_POINT('Ctrl Pts',(-0.0777477700085198,100.006832245034,0.491808776179883));
#908=CARTESIAN_POINT('Ctrl Pts',(-0.0816625810930561,150.004452392796,0.519378146897776));
#909=CARTESIAN_POINT('Ctrl Pts',(-0.107957479214189,183.334735503158,0.597603366698293));
#910=CARTESIAN_POINT('Ctrl Pts',(-0.125432371444805,216.659905291868,0.661661307261051));
#911=CARTESIAN_POINT('Ctrl Pts',(-0.133436810158313,249.986672768906,0.71106685699606));
#912=CARTESIAN_POINT('Ctrl Pts',(-0.094178949314349,299.989029835388,0.658457231850858));
#913=CARTESIAN_POINT('Ctrl Pts',(-0.0545639570601253,349.996511258915,0.575910133460529));
#914=CARTESIAN_POINT('Ctrl Pts',(-0.0647191653554761,383.333408036034,0.554303450591891));
#915=CARTESIAN_POINT('Ctrl Pts',(-0.0822844659355133,416.666167328989,0.562302460709506));
#916=CARTESIAN_POINT('Ctrl Pts',(-0.107419249074532,449.998698949696,0.603919470979096));
#917=CARTESIAN_POINT('Ctrl Pts',(-0.0920320992971076,499.998013473766,0.616024836854264));
#918=CARTESIAN_POINT('Ctrl Pts',(-0.0600958708861799,549.99855052932,0.576354329614119));
#919=CARTESIAN_POINT('Ctrl Pts',(-0.0417895769398751,583.332647059076,0.491019637281815));
#920=CARTESIAN_POINT('Ctrl Pts',(-0.0280821459110973,616.656162922188,0.396769227229732));
#921=CARTESIAN_POINT('Ctrl Pts',(-0.0194251402981775,649.977530241268,0.293906773545746));
#922=CARTESIAN_POINT('Ctrl Pts',(-0.0117578702801341,699.97946487117,0.186469690357053));
#923=CARTESIAN_POINT('Ctrl Pts',(0.000642091434129284,749.990741609644,
0.250215284524814));
#924=CARTESIAN_POINT('Ctrl Pts',(-0.0236378036653362,783.332149112504,0.0967465399088336));
#925=CARTESIAN_POINT('Ctrl Pts',(-0.00926824836409578,800.,0.265407907643114));
#926=CARTESIAN_POINT('Ctrl Pts',(1.72342476259338E-15,0.,-6.91227917819304E-15));
#927=CARTESIAN_POINT('Ctrl Pts',(0.0923732485064837,16.666995693417,-0.282768451333021));
#928=CARTESIAN_POINT('Ctrl Pts',(0.0272991379943408,50.0068557353274,-0.0681283760522089));
#929=CARTESIAN_POINT('Ctrl Pts',(0.0827280104469955,100.006946784873,-0.238777916969709));
#930=CARTESIAN_POINT('Ctrl Pts',(0.0539902010320807,150.004559148645,-0.152151432559435));
#931=CARTESIAN_POINT('Ctrl Pts',(0.0142719521271182,183.334783178958,-0.0436706589835444));
#932=CARTESIAN_POINT('Ctrl Pts',(-0.0142671443918947,216.6598576314,0.043656303380577));
#933=CARTESIAN_POINT('Ctrl Pts',(-0.0316416879940709,249.986576702598,0.109866244476106));
#934=CARTESIAN_POINT('Ctrl Pts',(-0.00299632916744404,299.988949970139,
0.0712175165942886));
#935=CARTESIAN_POINT('Ctrl Pts',(0.0278138912345469,349.996484458799,-0.000475404660348207));
#936=CARTESIAN_POINT('Ctrl Pts',(0.0119038809260055,383.333406552034,-0.0114903770070028));
#937=CARTESIAN_POINT('Ctrl Pts',(-0.0119035796597968,416.666168812951,0.0114909761513192));
#938=CARTESIAN_POINT('Ctrl Pts',(-0.0436116690060583,449.998713345428,0.068467419694622));
#939=CARTESIAN_POINT('Ctrl Pts',(-0.0384374545761381,499.99805302659,0.106194638214344));
#940=CARTESIAN_POINT('Ctrl Pts',(-0.0164266034480151,549.998596985315,0.0961802416015204));
#941=CARTESIAN_POINT('Ctrl Pts',(-0.00411827423426039,583.332669916737,
0.0342731717389406));
#942=CARTESIAN_POINT('Ctrl Pts',(0.00411604504507731,616.656140079874,-0.0342456868486298));
#943=CARTESIAN_POINT('Ctrl Pts',(0.00828243302193008,649.977518891696,-0.109394561347113));
#944=CARTESIAN_POINT('Ctrl Pts',(0.0106204794058593,699.979539336767,-0.171505497350458));
#945=CARTESIAN_POINT('Ctrl Pts',(0.0175633046654466,749.990867533082,-0.060894890361034));
#946=CARTESIAN_POINT('Ctrl Pts',(-0.0114631108670312,783.332217793,-0.183573815689573));
#947=CARTESIAN_POINT('Ctrl Pts',(-8.32897747460833E-17,800.,2.38510708550484E-15));
#948=CARTESIAN_POINT('Ctrl Pts',(194.059145255199,0.,48.3843791199335));
#949=CARTESIAN_POINT('Ctrl Pts',(192.821495899479,7.99490623142184,47.5362292241135));
#950=CARTESIAN_POINT('Ctrl Pts',(190.339295701383,23.9850953658751,45.8629341603185));
#951=CARTESIAN_POINT('Ctrl Pts',(186.595290985789,47.9715090800913,43.4220056092805));
#952=CARTESIAN_POINT('Ctrl Pts',(181.561706533024,79.9556632997219,40.3060267208168));
#953=CARTESIAN_POINT('Ctrl Pts',(175.199789492568,119.939663765912,36.6442475449498));
#954=CARTESIAN_POINT('Ctrl Pts',(168.767760697763,159.92745340623,33.2164735296126));
#955=CARTESIAN_POINT('Ctrl Pts',(162.266651164393,199.918919440255,30.0197234745992));
#956=CARTESIAN_POINT('Ctrl Pts',(155.69950782986,239.913800687191,27.0446062503082));
#957=CARTESIAN_POINT('Ctrl Pts',(149.072285948132,279.911628437865,24.2724287819837));
#958=CARTESIAN_POINT('Ctrl Pts',(142.392683461061,319.911820061191,21.67977790253));
#959=CARTESIAN_POINT('Ctrl Pts',(135.66904013639,359.913769165793,19.2428980231668));
#960=CARTESIAN_POINT('Ctrl Pts',(128.909286223659,399.916933579861,16.9419220921846));
#961=CARTESIAN_POINT('Ctrl Pts',(122.119921238792,439.920922655929,14.7650237784038));
#962=CARTESIAN_POINT('Ctrl Pts',(115.305000727699,479.925585756465,12.7125757686212));
#963=CARTESIAN_POINT('Ctrl Pts',(108.466687010353,519.930947657167,10.7935078196004));
#964=CARTESIAN_POINT('Ctrl Pts',(101.605799665449,559.937145284613,9.02165802071972));
#965=CARTESIAN_POINT('Ctrl Pts',(94.7223672355053,599.944365343326,7.41208271135767));
#966=CARTESIAN_POINT('Ctrl Pts',(87.8161870534757,639.952781894436,5.97726715940351));
#967=CARTESIAN_POINT('Ctrl Pts',(80.8874007928647,679.962492877191,4.72317028316948));
#968=CARTESIAN_POINT('Ctrl Pts',(73.9363371722636,719.973541469707,3.65131051790453));
#969=CARTESIAN_POINT('Ctrl Pts',(68.3579664573219,751.983456990313,2.9387927839355));
#970=CARTESIAN_POINT('Ctrl Pts',(64.1644714688148,775.991495419227,2.48511980756634));
#971=CARTESIAN_POINT('Ctrl Pts',(61.3645070819266,791.997120744257,2.21839855899711));
#972=CARTESIAN_POINT('Ctrl Pts',(59.9634496211458,800.,2.09396980215006));
#973=CARTESIAN_POINT('Ctrl Pts',(0.,-2.23957604623096E-15,6.68046814473158E-15));
#974=CARTESIAN_POINT('Ctrl Pts',(0.0923732485064819,16.666995693417,-0.282768451333007));
#975=CARTESIAN_POINT('Ctrl Pts',(0.027299121905244,50.0068557355837,-0.0681283554996907));
#976=CARTESIAN_POINT('Ctrl Pts',(0.0827279883884806,100.006946785347,-0.238777902231892));
#977=CARTESIAN_POINT('Ctrl Pts',(0.0539901437916549,150.00455914954,-0.152151357623979));
#978=CARTESIAN_POINT('Ctrl Pts',(-0.00558401882560512,199.997214405445,
0.0105609914884295));
#979=CARTESIAN_POINT('Ctrl Pts',(-0.0316402431023576,249.992195734185,0.109866844291287));
#980=CARTESIAN_POINT('Ctrl Pts',(-0.00299440570730361,299.991106304352,
0.0712126424193666));
#981=CARTESIAN_POINT('Ctrl Pts',(0.0278128116184581,349.995177550762,-0.000472900837025678));
#982=CARTESIAN_POINT('Ctrl Pts',(0.00395187171245454,399.998388392775,-0.0170002146881309));
#983=CARTESIAN_POINT('Ctrl Pts',(-0.0436117180851152,449.998713348376,0.0684667694531421));
#984=CARTESIAN_POINT('Ctrl Pts',(-0.0384375554699233,499.998053031418,0.106193685555984));
#985=CARTESIAN_POINT('Ctrl Pts',(-0.0164267599789758,549.998596991919,0.0961788588792969));
#986=CARTESIAN_POINT('Ctrl Pts',(0.00203331520999251,599.993394154078,0.00332926453657916));
#987=CARTESIAN_POINT('Ctrl Pts',(0.00828292346051098,649.987301304026,-0.109413505084244));
#988=CARTESIAN_POINT('Ctrl Pts',(0.0106197399110627,699.983452570198,-0.171510391803326));
#989=CARTESIAN_POINT('Ctrl Pts',(0.0175640654530379,749.988911113662,-0.0608889722849444));
#990=CARTESIAN_POINT('Ctrl Pts',(-0.011464456711293,783.330260886249,-0.18359536845735));
#991=CARTESIAN_POINT('Ctrl Pts',(0.,800.,0.));
#992=CARTESIAN_POINT('Ctrl Pts',(0.,0.,0.));
#993=CARTESIAN_POINT('Ctrl Pts',(0.092373248506482,16.666995693417,-0.282768451333014));
#994=CARTESIAN_POINT('Ctrl Pts',(0.0272991379943394,50.0068557353274,-0.0681283760522035));
#995=CARTESIAN_POINT('Ctrl Pts',(0.0827280104469952,100.006946784873,-0.238777916969708));
#996=CARTESIAN_POINT('Ctrl Pts',(0.0539902010320814,150.004559148645,-0.152151432559438));
#997=CARTESIAN_POINT('Ctrl Pts',(0.0142719521271191,183.334783178958,-0.0436706589835495));
#998=CARTESIAN_POINT('Ctrl Pts',(-0.0142671443918937,216.6598576314,0.0436563033805718));
#999=CARTESIAN_POINT('Ctrl Pts',(-0.0316416879940701,249.986576702598,0.109866244476101));
#1000=CARTESIAN_POINT('Ctrl Pts',(-0.00299632916744357,299.988949970139,
0.071217516594286));
#1001=CARTESIAN_POINT('Ctrl Pts',(0.027813891234547,349.996484458799,-0.000475404660348846));
#1002=CARTESIAN_POINT('Ctrl Pts',(0.0119038809260055,383.333406552034,-0.0114903770070028));
#1003=CARTESIAN_POINT('Ctrl Pts',(-0.0119035796597968,416.666168812951,
0.0114909761513192));
#1004=CARTESIAN_POINT('Ctrl Pts',(-0.0436116690060583,449.998713345428,
0.068467419694622));
#1005=CARTESIAN_POINT('Ctrl Pts',(-0.0384374545761381,499.99805302659,0.106194638214344));
#1006=CARTESIAN_POINT('Ctrl Pts',(-0.0164266034480151,549.998596985315,
0.0961802416015204));
#1007=CARTESIAN_POINT('Ctrl Pts',(-0.00411827423426039,583.332669916737,
0.0342731717389406));
#1008=CARTESIAN_POINT('Ctrl Pts',(0.00411604504507731,616.656140079874,
-0.0342456868486297));
#1009=CARTESIAN_POINT('Ctrl Pts',(0.00828243302193009,649.977518891696,
-0.109394561347113));
#1010=CARTESIAN_POINT('Ctrl Pts',(0.0106204794058593,699.979539336767,-0.171505497350459));
#1011=CARTESIAN_POINT('Ctrl Pts',(0.0175633046654467,749.990867533082,-0.0608948903610361));
#1012=CARTESIAN_POINT('Ctrl Pts',(-0.0114631108670311,783.332217793,-0.183573815689575));
#1013=CARTESIAN_POINT('Ctrl Pts',(0.,800.,0.));
#1014=CARTESIAN_POINT('Ctrl Pts',(0.447388410860326,0.,-1.7943769081635));
#1015=CARTESIAN_POINT('Ctrl Pts',(0.521792591533445,16.6670433236074,-2.03502849732573));
#1016=CARTESIAN_POINT('Ctrl Pts',(0.419064681600146,50.0070007802108,-1.7304799595742));
#1017=CARTESIAN_POINT('Ctrl Pts',(0.417843399483948,100.007185974006,-1.76443395805633));
#1018=CARTESIAN_POINT('Ctrl Pts',(0.33726867911004,150.00478208277,-1.55448077865043));
#1019=CARTESIAN_POINT('Ctrl Pts',(0.269518963978004,183.334882738493,-1.38281849790142));
#1020=CARTESIAN_POINT('Ctrl Pts',(0.21787491595811,216.659758103881,-1.24689973388761));
#1021=CARTESIAN_POINT('Ctrl Pts',(0.180933143356207,249.98637609103,-1.14559782980349));
#1022=CARTESIAN_POINT('Ctrl Pts',(0.187416823130077,299.988783190616,-1.15509255385717));
#1023=CARTESIAN_POINT('Ctrl Pts',(0.199840377729494,349.996428493149,-1.20411911522136));
#1024=CARTESIAN_POINT('Ctrl Pts',(0.171912836114939,383.333403453054,-1.1930158265939));
#1025=CARTESIAN_POINT('Ctrl Pts',(0.135070113305609,416.666171911853,-1.13874742374795));
#1026=CARTESIAN_POINT('Ctrl Pts',(0.089635241882658,449.998743407481,-1.04969646751309));
#1027=CARTESIAN_POINT('Ctrl Pts',(0.0734821769407388,499.99813562323,-0.958464121350719));
#1028=CARTESIAN_POINT('Ctrl Pts',(0.0747662451236411,549.998693997579,-0.906548804819365));
#1029=CARTESIAN_POINT('Ctrl Pts',(0.0745492556938396,583.332717649508,-0.919532873367559));
#1030=CARTESIAN_POINT('Ctrl Pts',(0.0713542865911542,616.656092379149,-0.934317524493555));
#1031=CARTESIAN_POINT('Ctrl Pts',(0.0661430907864843,649.977495190823,-0.951593199410181));
#1032=CARTESIAN_POINT('Ctrl Pts',(0.0573523247954759,699.979694840404,-0.919051288707014));
#1033=CARTESIAN_POINT('Ctrl Pts',(0.0528992222655521,749.991130494145,-0.710574281196752));
#1034=CARTESIAN_POINT('Ctrl Pts',(0.0139608310008752,783.332361215834,-0.768956013269091));
#1035=CARTESIAN_POINT('Ctrl Pts',(0.0193545259440851,800.,-0.554241107105631));
#1036=CARTESIAN_POINT('Ctrl Pts',(3.42945966423288,0.,-4.08179480840593));
#1037=CARTESIAN_POINT('Ctrl Pts',(3.45646755963157,16.6671159638964,-4.25909923955193));
#1038=CARTESIAN_POINT('Ctrl Pts',(3.20063089177772,50.0071560830623,-3.86818987368772));
#1039=CARTESIAN_POINT('Ctrl Pts',(2.88047395287701,100.007503174267,-3.82586831312995));
#1040=CARTESIAN_POINT('Ctrl Pts',(2.48896601362507,150.005097806041,-3.56173413996068));
#1041=CARTESIAN_POINT('Ctrl Pts',(2.28210673875061,183.335030395597,-3.34162598393637));
#1042=CARTESIAN_POINT('Ctrl Pts',(2.15685743684464,216.659610458304,-3.13777130509261));
#1043=CARTESIAN_POINT('Ctrl Pts',(2.12506377124826,249.986080000939,-2.95798794320911));
#1044=CARTESIAN_POINT('Ctrl Pts',(2.26000451193124,299.988543077872,-2.83757816824454));
#1045=CARTESIAN_POINT('Ctrl Pts',(2.40690173009547,349.996355787743,-2.76593401884393));
#1046=CARTESIAN_POINT('Ctrl Pts',(2.39617561992667,383.333403703441,-2.69467547553688));
#1047=CARTESIAN_POINT('Ctrl Pts',(2.301776449788,416.666171691555,-2.59726646186741));
#1048=CARTESIAN_POINT('Ctrl Pts',(2.14988939144108,449.998782037373,-2.48784307903151));
#1049=CARTESIAN_POINT('Ctrl Pts',(1.90034691088006,499.998259253792,-2.3914783795382));
#1050=CARTESIAN_POINT('Ctrl Pts',(1.66861088384858,549.998844656727,-2.31831350799459));
#1051=CARTESIAN_POINT('Ctrl Pts',(1.56256636194894,583.332792687623,-2.27839746689376));
#1052=CARTESIAN_POINT('Ctrl Pts',(1.50291720903143,616.656017377752,-2.20729573357981));
#1053=CARTESIAN_POINT('Ctrl Pts',(1.41752828597629,649.977465315191,-2.13534240739218));
#1054=CARTESIAN_POINT('Ctrl Pts',(1.25225671610463,699.979960497964,-1.96043302131139));
#1055=CARTESIAN_POINT('Ctrl Pts',(1.09011759030689,749.991575948068,-1.60327749639741));
#1056=CARTESIAN_POINT('Ctrl Pts',(0.969033467074008,783.332590887694,-1.55584008221779));
#1057=CARTESIAN_POINT('Ctrl Pts',(0.944599584863682,800.,-1.28970103164154));
#1058=CARTESIAN_POINT('Ctrl Pts',(12.5692010336555,0.,-3.67634467424681));
#1059=CARTESIAN_POINT('Ctrl Pts',(12.5052776288825,16.667159061549,-3.819268119318));
#1060=CARTESIAN_POINT('Ctrl Pts',(11.9148243076301,50.0070482879627,-3.51794980804889));
#1061=CARTESIAN_POINT('Ctrl Pts',(10.8460083163052,100.007546291233,-3.79058225709099));
#1062=CARTESIAN_POINT('Ctrl Pts',(9.71264872888808,150.005210426776,-3.859839377747));
#1063=CARTESIAN_POINT('Ctrl Pts',(9.17757204555395,183.335104782318,-3.74350931578535));
#1064=CARTESIAN_POINT('Ctrl Pts',(8.88814014470588,216.659536020685,-3.51949158370062));
#1065=CARTESIAN_POINT('Ctrl Pts',(8.8123983876256,249.985935644864,-3.2899180964476));
#1066=CARTESIAN_POINT('Ctrl Pts',(9.06248197311242,299.988445475667,-3.04857718527668));
#1067=CARTESIAN_POINT('Ctrl Pts',(9.32885604536807,349.996352166981,-2.85937936055652));
#1068=CARTESIAN_POINT('Ctrl Pts',(9.28294621452896,383.333419374935,-2.74457212077106));
#1069=CARTESIAN_POINT('Ctrl Pts',(9.03597464825043,416.666156095013,-2.63658507496637));
#1070=CARTESIAN_POINT('Ctrl Pts',(8.59514736310094,449.998782207064,-2.58963081266556));
#1071=CARTESIAN_POINT('Ctrl Pts',(7.70494686492236,499.998324932414,-2.6842317097049));
#1072=CARTESIAN_POINT('Ctrl Pts',(6.83115482224513,549.998942232779,-2.78224454225881));
#1073=CARTESIAN_POINT('Ctrl Pts',(6.43295413767284,583.332844107153,-2.76416132313582));
#1074=CARTESIAN_POINT('Ctrl Pts',(6.21739606595021,616.65596596401,-2.6304792285638));
#1075=CARTESIAN_POINT('Ctrl Pts',(5.87214675050833,649.977466706003,-2.517910141949));
#1076=CARTESIAN_POINT('Ctrl Pts',(5.15955350337615,699.980205373081,-2.30979644073186));
#1077=CARTESIAN_POINT('Ctrl Pts',(4.44701948407686,749.991976036722,-1.91132350910441));
#1078=CARTESIAN_POINT('Ctrl Pts',(4.0615325154374,783.332760999524,-1.79263625771981));
#1079=CARTESIAN_POINT('Ctrl Pts',(3.95506727065355,800.,-1.48409181936277));
#1080=CARTESIAN_POINT('Ctrl Pts',(22.3815213080613,0.,-1.73465962650005));
#1081=CARTESIAN_POINT('Ctrl Pts',(22.2198653003235,16.6671622888678,-1.8799271971447));
#1082=CARTESIAN_POINT('Ctrl Pts',(21.3339719595349,50.0067568952742,-1.73360452993666));
#1083=CARTESIAN_POINT('Ctrl Pts',(19.6472908530972,100.007343485971,-2.38544395614976));
#1084=CARTESIAN_POINT('Ctrl Pts',(17.8995272237426,150.005112358454,-2.84301121214465));
#1085=CARTESIAN_POINT('Ctrl Pts',(17.0669070114454,183.335091277901,-2.87129512642962));
#1086=CARTESIAN_POINT('Ctrl Pts',(16.5907723101944,216.65954944525,-2.67545675014251));
#1087=CARTESIAN_POINT('Ctrl Pts',(16.3517061932623,249.985970101155,-2.47327269426225));
#1088=CARTESIAN_POINT('Ctrl Pts',(16.3907318636137,299.988502920677,-2.26604934004268));
#1089=CARTESIAN_POINT('Ctrl Pts',(16.4474478393735,349.996408827855,-2.10816755990554));
#1090=CARTESIAN_POINT('Ctrl Pts',(16.2411533591334,383.333442926905,-2.01449494185163));
#1091=CARTESIAN_POINT('Ctrl Pts',(15.8113174200363,416.666132625901,-1.9279229256941));
#1092=CARTESIAN_POINT('Ctrl Pts',(15.0889951024256,449.998749290476,-1.96422587272352));
#1093=CARTESIAN_POINT('Ctrl Pts',(13.6249144342383,499.998318610226,-2.26530701176249));
#1094=CARTESIAN_POINT('Ctrl Pts',(12.1748838982577,549.998961272954,-2.55354217553829));
#1095=CARTESIAN_POINT('Ctrl Pts',(11.489931032836,583.332857894977,-2.58487032048819));
#1096=CARTESIAN_POINT('Ctrl Pts',(11.0856824218023,616.655952156266,-2.43020422039661));
#1097=CARTESIAN_POINT('Ctrl Pts',(10.4699922113085,649.977493964191,-2.32831213028683));
#1098=CARTESIAN_POINT('Ctrl Pts',(9.22726876055365,699.980348365222,-2.17880905662115));
#1099=CARTESIAN_POINT('Ctrl Pts',(7.98109750726377,749.992199886979,-1.83205143398983));
#1100=CARTESIAN_POINT('Ctrl Pts',(7.32015915000527,783.332822506534,-1.69210148376852));
#1101=CARTESIAN_POINT('Ctrl Pts',(7.11468019815049,799.999999999999,-1.36348396661862));
#1102=CARTESIAN_POINT('Ctrl Pts',(30.9745137291317,0.,0.45764548857255));
#1103=CARTESIAN_POINT('Ctrl Pts',(30.7175694423538,16.6671435524579,0.290001949116159));
#1104=CARTESIAN_POINT('Ctrl Pts',(29.6042370389654,50.0063868637436,0.282082522721079));
#1105=CARTESIAN_POINT('Ctrl Pts',(27.4942993035032,100.007021358228,-0.680598329858913));
#1106=CARTESIAN_POINT('Ctrl Pts',(25.3246887317308,150.004906381724,-1.45244817886606));
#1107=CARTESIAN_POINT('Ctrl Pts',(24.2581186936513,183.335030707588,-1.61214607330877));
#1108=CARTESIAN_POINT('Ctrl Pts',(23.5947750549114,216.659609922041,-1.4693566350329));
#1109=CARTESIAN_POINT('Ctrl Pts',(23.1433366533748,249.986099889867,-1.33259380733888));
#1110=CARTESIAN_POINT('Ctrl Pts',(22.8239965701051,299.988641229983,-1.23451650932454));
#1111=CARTESIAN_POINT('Ctrl Pts',(22.5220484668293,349.996494665488,-1.17977583590106));
#1112=CARTESIAN_POINT('Ctrl Pts',(22.1029377613559,383.333469248552,-1.1388357286377));
#1113=CARTESIAN_POINT('Ctrl Pts',(21.4852222853276,416.666106387632,-1.0900241968607));
#1114=CARTESIAN_POINT('Ctrl Pts',(20.5250126629522,449.998700401029,-1.20419707362287));
#1115=CARTESIAN_POINT('Ctrl Pts',(18.6251362231293,499.998273341947,-1.67244332624175));
#1116=CARTESIAN_POINT('Ctrl Pts',(16.7366196399641,549.998936209772,-2.11454903695746));
#1117=CARTESIAN_POINT('Ctrl Pts',(15.8078291739475,583.332850260918,-2.19578075970653));
#1118=CARTESIAN_POINT('Ctrl Pts',(15.20898731476,616.655959756536,-2.04441550294426));
#1119=CARTESIAN_POINT('Ctrl Pts',(14.3714408749553,649.977533348092,-1.97309013652403));
#1120=CARTESIAN_POINT('Ctrl Pts',(12.7532106678805,699.980425918246,-1.9059547222308));
#1121=CARTESIAN_POINT('Ctrl Pts',(11.128082670802,749.992312116232,-1.63578424659522));
#1122=CARTESIAN_POINT('Ctrl Pts',(10.2404508496308,783.332820779875,-1.4959939153097));
#1123=CARTESIAN_POINT('Ctrl Pts',(9.93306292549134,800.,-1.16091462780436));
#1124=CARTESIAN_POINT('Ctrl Pts',(39.0893738601618,0.,2.77177491918561));
#1125=CARTESIAN_POINT('Ctrl Pts',(38.7265644041023,16.6671054446434,2.56325729817433));
#1126=CARTESIAN_POINT('Ctrl Pts',(37.4133327503803,50.005911437963,2.39638508333867));
#1127=CARTESIAN_POINT('Ctrl Pts',(34.9897174078878,100.006567572207,1.17892527231851));
#1128=CARTESIAN_POINT('Ctrl Pts',(32.5064494695784,150.004591387409,0.152766530323397));
#1129=CARTESIAN_POINT('Ctrl Pts',(31.2293474512125,183.334926034897,-0.130822783407395));
#1130=CARTESIAN_POINT('Ctrl Pts',(30.3539541400516,216.65971446873,-0.0674517727536677));
#1131=CARTESIAN_POINT('Ctrl Pts',(29.6598650874766,249.986319944333,-0.0224540480663788));
#1132=CARTESIAN_POINT('Ctrl Pts',(28.9276271064471,299.988859728353,-0.0707027527109089));
#1133=CARTESIAN_POINT('Ctrl Pts',(28.2111305759747,349.996614021476,-0.15302228373095));
#1134=CARTESIAN_POINT('Ctrl Pts',(27.5462436530501,383.33350109334,-0.184536575287788));
#1135=CARTESIAN_POINT('Ctrl Pts',(26.7122206141268,416.666074643143,-0.191263593774505));
#1136=CARTESIAN_POINT('Ctrl Pts',(25.5234524938751,449.99863283541,-0.383648145571086));
#1137=CARTESIAN_POINT('Ctrl Pts',(23.257743292516,499.998192118188,-0.993230155307452));
#1138=CARTESIAN_POINT('Ctrl Pts',(21.0001419294714,549.998873867746,-1.56393522217463));
#1139=CARTESIAN_POINT('Ctrl Pts',(19.8356276347845,583.332825119099,-1.69632855087226));
#1140=CARTESIAN_POINT('Ctrl Pts',(19.0123179938242,616.655984845822,-1.56767931582063));
#1141=CARTESIAN_POINT('Ctrl Pts',(17.9810337448591,649.977586914634,-1.54021295042399));
#1142=CARTESIAN_POINT('Ctrl Pts',(16.1162707671116,699.980462320162,-1.56605251773325));
#1143=CARTESIAN_POINT('Ctrl Pts',(14.2408273926179,749.99235161729,-1.38319595409944));
#1144=CARTESIAN_POINT('Ctrl Pts',(13.154241170971,783.332770048933,-1.25431994379675));
#1145=CARTESIAN_POINT('Ctrl Pts',(12.7295404024048,799.999999999999,-0.922586584493731));
#1146=CARTESIAN_POINT('Ctrl Pts',(49.106799601832,0.,5.78514373913523));
#1147=CARTESIAN_POINT('Ctrl Pts',(48.5899873306028,16.6670316965804,5.49995749712354));
#1148=CARTESIAN_POINT('Ctrl Pts',(47.0323492633677,50.0051568262653,5.12035101482803));
#1149=CARTESIAN_POINT('Ctrl Pts',(44.2901645078227,100.005809185372,3.6435234803518));
#1150=CARTESIAN_POINT('Ctrl Pts',(41.4867347092394,150.004043241268,2.3632437758675));
#1151=CARTESIAN_POINT('Ctrl Pts',(39.9463404802832,183.334734210343,1.92772974783195));
#1152=CARTESIAN_POINT('Ctrl Pts',(38.7582096916865,216.659906099814,1.85341739598889));
#1153=CARTESIAN_POINT('Ctrl Pts',(37.7405597727724,249.986720398357,1.75646696959331));
#1154=CARTESIAN_POINT('Ctrl Pts',(36.5016086273603,299.989246136908,1.50469380830736));
#1155=CARTESIAN_POINT('Ctrl Pts',(35.2745879309128,349.996812843207,1.23509451659068));
#1156=CARTESIAN_POINT('Ctrl Pts',(34.2787716865004,383.333550095326,1.09526763375862));
#1157=CARTESIAN_POINT('Ctrl Pts',(33.1220487279735,416.666025786353,0.99295397942437));
#1158=CARTESIAN_POINT('Ctrl Pts',(31.63657649156,449.998520507116,0.697443023841342));
#1159=CARTESIAN_POINT('Ctrl Pts',(28.9579232626712,499.998041068148,-0.0646248584486475));
#1160=CARTESIAN_POINT('Ctrl Pts',(26.2824338408717,549.998746519718,-0.771468585070052));
#1161=CARTESIAN_POINT('Ctrl Pts',(24.810345817173,583.332770848041,-0.971973576124818));
#1162=CARTESIAN_POINT('Ctrl Pts',(23.6518916279537,616.656039029514,-0.897002930553288));
#1163=CARTESIAN_POINT('Ctrl Pts',(22.3948302717285,649.977674797407,-0.939554974630906));
#1164=CARTESIAN_POINT('Ctrl Pts',(20.3525747734563,699.980461139922,-1.08874412643665));
#1165=CARTESIAN_POINT('Ctrl Pts',(18.2942928742416,749.992316530304,-1.0218400190184));
#1166=CARTESIAN_POINT('Ctrl Pts',(16.9746793391616,783.332644330773,-0.916324929218956));
#1167=CARTESIAN_POINT('Ctrl Pts',(16.3752045893111,800.,-0.600885588309121));
#1168=CARTESIAN_POINT('Ctrl Pts',(59.6049517798482,0.,9.00616706002879));
#1169=CARTESIAN_POINT('Ctrl Pts',(58.8953190613583,16.6669148458389,8.60152296297264));
#1170=CARTESIAN_POINT('Ctrl Pts',(57.0545487868199,50.0041376429768,7.97164317946231));
#1171=CARTESIAN_POINT('Ctrl Pts',(53.9811582943134,100.00473468618,6.29145474586054));
#1172=CARTESIAN_POINT('Ctrl Pts',(50.8424017642209,150.003239345054,4.82052261184641));
#1173=CARTESIAN_POINT('Ctrl Pts',(48.991021521416,183.334441236432,4.22308049809203));
#1174=CARTESIAN_POINT('Ctrl Pts',(47.4056871612143,216.660198812059,3.94590776969788));
#1175=CARTESIAN_POINT('Ctrl Pts',(46.0766883436778,249.987329084499,3.67576704832885));
#1176=CARTESIAN_POINT('Ctrl Pts',(44.4921253235656,299.989821306377,3.23033476971664));
#1177=CARTESIAN_POINT('Ctrl Pts',(42.9128111720757,349.997095030591,2.7911434017594));
#1178=CARTESIAN_POINT('Ctrl Pts',(41.5925851410031,383.333614883646,2.52768815940946));
#1179=CARTESIAN_POINT('Ctrl Pts',(40.0210595919862,416.665961181308,2.28515882743255));
#1180=CARTESIAN_POINT('Ctrl Pts',(38.1912146659513,449.998361101689,1.87040290317266));
#1181=CARTESIAN_POINT('Ctrl Pts',(35.0929595709371,499.997807752819,0.976350342905814));
#1182=CARTESIAN_POINT('Ctrl Pts',(31.9915159312724,549.998537862075,0.155024988074992));
#1183=CARTESIAN_POINT('Ctrl Pts',(30.1611176625369,583.332679156148,-0.126822875978269));
#1184=CARTESIAN_POINT('Ctrl Pts',(28.5718358182112,616.656130595162,-0.147500087431753));
#1185=CARTESIAN_POINT('Ctrl Pts',(27.0687378604777,649.97779730951,-0.283078584237831));
#1186=CARTESIAN_POINT('Ctrl Pts',(24.931194345249,699.980384605041,-0.560741554147992));
#1187=CARTESIAN_POINT('Ctrl Pts',(22.7713273325898,749.992144525995,-0.614226836354951));
#1188=CARTESIAN_POINT('Ctrl Pts',(21.1973712577573,783.33241714203,-0.545747633052238));
#1189=CARTESIAN_POINT('Ctrl Pts',(20.3739800710445,800.,-0.266503009355263));
#1190=CARTESIAN_POINT('Ctrl Pts',(73.3881624405896,0.,13.1567928250883));
#1191=CARTESIAN_POINT('Ctrl Pts',(72.4444041833985,16.6667536565241,12.5872814514671));
#1192=CARTESIAN_POINT('Ctrl Pts',(70.2204658969078,50.0028712428678,11.6249573358473));
#1193=CARTESIAN_POINT('Ctrl Pts',(66.6287510511342,100.003351020967,9.66541300912279));
#1194=CARTESIAN_POINT('Ctrl Pts',(62.9650870261693,150.002178678869,7.93550385850133));
#1195=CARTESIAN_POINT('Ctrl Pts',(60.6944683251308,183.33404426536,7.1197970580415));
#1196=CARTESIAN_POINT('Ctrl Pts',(58.6226127316213,216.66059546894,6.56977714967404));
#1197=CARTESIAN_POINT('Ctrl Pts',(56.9164632873543,249.988152209775,6.07164540116575));
#1198=CARTESIAN_POINT('Ctrl Pts',(54.9206652847881,299.99059065382,5.37880693140406));
#1199=CARTESIAN_POINT('Ctrl Pts',(52.9203969245746,349.997462511485,4.72444568748756));
#1200=CARTESIAN_POINT('Ctrl Pts',(51.2039333089464,383.333695809811,4.29913645726152));
#1201=CARTESIAN_POINT('Ctrl Pts',(49.1202250380738,416.66588046362,3.86793685515348));
#1202=CARTESIAN_POINT('Ctrl Pts',(46.8492748350913,449.998152808265,3.29920686060681));
#1203=CARTESIAN_POINT('Ctrl Pts',(43.1858131382974,499.997489055142,2.24341146230952));
#1204=CARTESIAN_POINT('Ctrl Pts',(39.5116936564804,549.998245216646,1.27911596999004));
#1205=CARTESIAN_POINT('Ctrl Pts',(37.2238159558151,583.332548911074,0.884216724823428));
#1206=CARTESIAN_POINT('Ctrl Pts',(35.1035151306579,616.656260680634,0.72247828795554));
#1207=CARTESIAN_POINT('Ctrl Pts',(33.196727183308,649.977953367247,0.464636788038712));
#1208=CARTESIAN_POINT('Ctrl Pts',(30.640937414973,699.980224608271,0.0397226413930271));
#1209=CARTESIAN_POINT('Ctrl Pts',(28.0560462173619,749.9918219344,-0.152302849582966));
#1210=CARTESIAN_POINT('Ctrl Pts',(26.0698753325433,783.332085308598,-0.14220512887523));
#1211=CARTESIAN_POINT('Ctrl Pts',(24.9718494107677,800.,0.0791155661151259));
#1212=CARTESIAN_POINT('Ctrl Pts',(93.1447290018454,0.,19.0361348760561));
#1213=CARTESIAN_POINT('Ctrl Pts',(91.9038033048441,16.6665376163261,18.2441397070403));
#1214=CARTESIAN_POINT('Ctrl Pts',(89.166320090199,50.001280671295,16.8254724241208));
#1215=CARTESIAN_POINT('Ctrl Pts',(84.8393871241842,100.001570309791,14.4346100915632));
#1216=CARTESIAN_POINT('Ctrl Pts',(80.4312936900472,150.000791701857,12.3022852391902));
#1217=CARTESIAN_POINT('Ctrl Pts',(77.6012083156583,183.333516449384,11.1761311931134));
#1218=CARTESIAN_POINT('Ctrl Pts',(74.9095699674174,216.661122877072,10.261257593155));
#1219=CARTESIAN_POINT('Ctrl Pts',(72.6200122254096,249.98924602337,9.43465225262442));
#1220=CARTESIAN_POINT('Ctrl Pts',(69.7912973063905,299.99160789636,8.33846874272112));
#1221=CARTESIAN_POINT('Ctrl Pts',(66.9447089740881,349.997942074681,7.32354474490411));
#1222=CARTESIAN_POINT('Ctrl Pts',(64.6184671204107,383.333799358962,6.65732703513202));
#1223=CARTESIAN_POINT('Ctrl Pts',(61.8795810000917,416.665777173663,5.97322875228964));
#1224=CARTESIAN_POINT('Ctrl Pts',(59.0194668401374,449.997879780414,5.19542392986949));
#1225=CARTESIAN_POINT('Ctrl Pts',(54.5591093518326,499.997062980053,3.91219782594031));
#1226=CARTESIAN_POINT('Ctrl Pts',(50.0791863803353,549.99784997835,2.74267236261995));
#1227=CARTESIAN_POINT('Ctrl Pts',(47.1826105254868,583.332372193677,2.18715333348125));
#1228=CARTESIAN_POINT('Ctrl Pts',(44.3846982042371,616.656437187452,1.82878590333811));
#1229=CARTESIAN_POINT('Ctrl Pts',(41.834828126906,649.978152872277,1.40636327651694));
#1230=CARTESIAN_POINT('Ctrl Pts',(38.3621127467972,699.979972889421,0.792041547500975));
#1231=CARTESIAN_POINT('Ctrl Pts',(34.8528609181763,749.991330703295,0.420815363304007));
#1232=CARTESIAN_POINT('Ctrl Pts',(32.2148132042686,783.331629935426,0.342488210144486));
#1233=CARTESIAN_POINT('Ctrl Pts',(30.7680116240419,800.,0.480295074126127));
#1234=CARTESIAN_POINT('Ctrl Pts',(117.06222948888,0.,26.0565428157709));
#1235=CARTESIAN_POINT('Ctrl Pts',(115.50615803045,16.666302163495,25.0177192930915));
#1236=CARTESIAN_POINT('Ctrl Pts',(112.206034691832,49.9996841138075,23.082278529876));
#1237=CARTESIAN_POINT('Ctrl Pts',(107.055100719228,99.9997214830576,20.1379863574345));
#1238=CARTESIAN_POINT('Ctrl Pts',(101.81295038465,149.999320543002,17.4848031830519));
#1239=CARTESIAN_POINT('Ctrl Pts',(98.3742895956397,183.332944528844,15.9896910222941));
#1240=CARTESIAN_POINT('Ctrl Pts',(95.0247091125154,216.661694361606,14.6708556467594));
#1241=CARTESIAN_POINT('Ctrl Pts',(91.946498945006,249.99043153657,13.4447619113018));
#1242=CARTESIAN_POINT('Ctrl Pts',(87.7258551942959,299.992706228195,11.7919265257314));
#1243=CARTESIAN_POINT('Ctrl Pts',(83.4722736309178,349.998454168446,10.2669558964044));
#1244=CARTESIAN_POINT('Ctrl Pts',(80.3276851227931,383.333908422325,9.29634394993171));
#1245=CARTESIAN_POINT('Ctrl Pts',(76.8910800585691,416.665668371646,8.33058540396205));
#1246=CARTESIAN_POINT('Ctrl Pts',(73.3742170960083,449.997585621172,7.31427364152565));
#1247=CARTESIAN_POINT('Ctrl Pts',(67.9788941271602,499.996597724386,5.75792308801731));
#1248=CARTESIAN_POINT('Ctrl Pts',(62.5559012982734,549.99741636723,4.33753780728176));
#1249=CARTESIAN_POINT('Ctrl Pts',(58.9847595240027,583.332177972309,3.59184837851471));
#1250=CARTESIAN_POINT('Ctrl Pts',(55.4687941981384,616.656631181427,3.00845536033176));
#1251=CARTESIAN_POINT('Ctrl Pts',(52.0966148142723,649.978358330492,2.40254411315612));
#1252=CARTESIAN_POINT('Ctrl Pts',(47.2308507229407,699.979657656564,1.58423283094587));
#1253=CARTESIAN_POINT('Ctrl Pts',(42.3228980985019,749.990729953721,1.01890153523842));
#1254=CARTESIAN_POINT('Ctrl Pts',(38.8569861235907,783.331125553578,0.829168042221141));
#1255=CARTESIAN_POINT('Ctrl Pts',(37.0436323996245,800.,0.868762044439896));
#1256=CARTESIAN_POINT('Ctrl Pts',(141.561870899771,0.,33.1981207944808));
#1257=CARTESIAN_POINT('Ctrl Pts',(139.685366462766,16.66607646402,31.9133731917601));
#1258=CARTESIAN_POINT('Ctrl Pts',(135.81081018779,49.9982822280945,29.4742747776402));
#1259=CARTESIAN_POINT('Ctrl Pts',(129.832004501534,99.9980293218062,25.9650481398597));
#1260=CARTESIAN_POINT('Ctrl Pts',(123.753343768252,149.997939378442,22.7771447940745));
#1261=CARTESIAN_POINT('Ctrl Pts',(119.702192950581,183.332394704168,20.9053117623787));
#1262=CARTESIAN_POINT('Ctrl Pts',(115.688064298961,216.66224384397,19.1775002681529));
#1263=CARTESIAN_POINT('Ctrl Pts',(111.797434868937,249.991573997126,17.5450312460422));
#1264=CARTESIAN_POINT('Ctrl Pts',(106.124614318527,299.993765753748,15.3195137462697));
#1265=CARTESIAN_POINT('Ctrl Pts',(100.404052377934,349.998948073952,13.2676448958016));
#1266=CARTESIAN_POINT('Ctrl Pts',(96.4177945234864,383.334014693055,11.9837405475878));
#1267=CARTESIAN_POINT('Ctrl Pts',(92.2775231019988,416.665562288477,10.7295198979349));
#1268=CARTESIAN_POINT('Ctrl Pts',(88.0925303137629,449.997297280601,9.46813853389522));
#1269=CARTESIAN_POINT('Ctrl Pts',(81.7395599547537,499.996145832084,7.62804737046322));
#1270=CARTESIAN_POINT('Ctrl Pts',(75.35306046705,549.99699985107,5.94735957843977));
#1271=CARTESIAN_POINT('Ctrl Pts',(71.1007804427797,583.331992516589,5.00653817220938));
#1272=CARTESIAN_POINT('Ctrl Pts',(66.8666034867811,616.65681644857,4.19499759829399));
#1273=CARTESIAN_POINT('Ctrl Pts',(62.6836281521962,649.978544941006,3.40462638459597));
#1274=CARTESIAN_POINT('Ctrl Pts',(56.4612291054924,699.979331064091,2.38317444830428));
#1275=CARTESIAN_POINT('Ctrl Pts',(50.1942622195963,749.990113002808,1.62434582030045));
#1276=CARTESIAN_POINT('Ctrl Pts',(45.9174287752387,783.330645681081,1.31153551145254));
#1277=CARTESIAN_POINT('Ctrl Pts',(43.741835472534,800.,1.25082288727201));
#1278=CARTESIAN_POINT('Ctrl Pts',(165.739572198243,0.,40.2178157067905));
#1279=CARTESIAN_POINT('Ctrl Pts',(163.543342205869,16.6658668808664,38.6961569407063));
#1280=CARTESIAN_POINT('Ctrl Pts',(159.08714655317,49.9970770412312,35.7784792936953));
#1281=CARTESIAN_POINT('Ctrl Pts',(152.27087196072,99.9965164791841,31.7089511362702));
#1282=CARTESIAN_POINT('Ctrl Pts',(145.347806423984,149.996676263786,27.987391854591));
#1283=CARTESIAN_POINT('Ctrl Pts',(140.684849838135,183.33188163612,25.7423917551372));
#1284=CARTESIAN_POINT('Ctrl Pts',(136.012286577446,216.662756612,23.6136267616372));
#1285=CARTESIAN_POINT('Ctrl Pts',(131.343662427572,249.992642811324,21.5868712190777));
#1286=CARTESIAN_POINT('Ctrl Pts',(124.314082448368,299.994759441374,18.8096570976369));
#1287=CARTESIAN_POINT('Ctrl Pts',(117.222770840045,349.999412962986,16.2497787548389));
#1288=CARTESIAN_POINT('Ctrl Pts',(112.430819417226,383.334116348693,14.6601497886434));
#1289=CARTESIAN_POINT('Ctrl Pts',(107.595114504595,416.665460783609,13.1202525045328));
#1290=CARTESIAN_POINT('Ctrl Pts',(102.743856884349,449.997021812695,11.6141241286342));
#1291=CARTESIAN_POINT('Ctrl Pts',(95.4287324320824,499.995720369389,9.48613161642705));
#1292=CARTESIAN_POINT('Ctrl Pts',(88.0761958623856,549.996613205145,7.54213160728458));
#1293=CARTESIAN_POINT('Ctrl Pts',(83.1488775231823,583.331821655756,6.40814175584954));
#1294=CARTESIAN_POINT('Ctrl Pts',(78.2098109967625,616.656987142489,5.37479630502398));
#1295=CARTESIAN_POINT('Ctrl Pts',(73.2576548896882,649.978710719436,4.40371832802141));
#1296=CARTESIAN_POINT('Ctrl Pts',(65.7848228451644,699.979014273249,3.18009251216327));
#1297=CARTESIAN_POINT('Ctrl Pts',(58.2677141295628,749.98951636345,2.22860860604304));
#1298=CARTESIAN_POINT('Ctrl Pts',(53.2259178028321,783.33020664266,1.78712072012812));
#1299=CARTESIAN_POINT('Ctrl Pts',(50.6983229164395,800.,1.62891590596773));
#1300=CARTESIAN_POINT('Ctrl Pts',(183.038822913449,0.,45.2129899425212));
#1301=CARTESIAN_POINT('Ctrl Pts',(180.608356117499,16.6657386258763,43.5332478365414));
#1302=CARTESIAN_POINT('Ctrl Pts',(175.710674240587,49.9964697238844,40.2996655359017));
#1303=CARTESIAN_POINT('Ctrl Pts',(168.253946812439,99.995667808111,35.8182827007505));
#1304=CARTESIAN_POINT('Ctrl Pts',(160.687993494897,149.995927043687,31.6985940825486));
#1305=CARTESIAN_POINT('Ctrl Pts',(155.572770779224,183.33156296019,29.1839772626859));
#1306=CARTESIAN_POINT('Ctrl Pts',(150.425091569047,216.663075079741,26.7763089198656));
#1307=CARTESIAN_POINT('Ctrl Pts',(145.242284749499,249.993311003538,24.4799050842813));
#1308=CARTESIAN_POINT('Ctrl Pts',(137.377104879085,299.995385676216,21.3292628532707));
#1309=CARTESIAN_POINT('Ctrl Pts',(129.441331853743,349.999709985929,18.4246191888044));
#1310=CARTESIAN_POINT('Ctrl Pts',(124.117578159248,383.33418430301,16.6230990202445));
#1311=CARTESIAN_POINT('Ctrl Pts',(118.783282625717,416.665392919933,14.8803129618237));
#1312=CARTESIAN_POINT('Ctrl Pts',(113.442470445002,449.996839812617,13.1949886456832));
#1313=CARTESIAN_POINT('Ctrl Pts',(105.404837679176,499.995450717264,10.8458200628022));
#1314=CARTESIAN_POINT('Ctrl Pts',(97.3296430234184,549.996377605436,8.70079528032962));
#1315=CARTESIAN_POINT('Ctrl Pts',(91.9121117668846,583.331719773671,7.42878466415172));
#1316=CARTESIAN_POINT('Ctrl Pts',(86.4744716903657,616.657088916001,6.24569794122071));
#1317=CARTESIAN_POINT('Ctrl Pts',(81.0170870139515,649.978802316848,5.14752442770913));
#1318=CARTESIAN_POINT('Ctrl Pts',(72.7780486865817,699.978807252162,3.77158956671715));
#1319=CARTESIAN_POINT('Ctrl Pts',(64.4985025321176,749.989126736834,2.67483683192319));
#1320=CARTESIAN_POINT('Ctrl Pts',(58.9603387886902,783.329950856974,2.1322514080977));
#1321=CARTESIAN_POINT('Ctrl Pts',(56.1885437710063,800.,1.90883138892458));
#1322=CARTESIAN_POINT('Ctrl Pts',(194.059145255199,0.,48.3843791199335));
#1323=CARTESIAN_POINT('Ctrl Pts',(191.479219701925,16.6656757724993,46.6163795010436));
#1324=CARTESIAN_POINT('Ctrl Pts',(186.283854624639,49.9962635213334,43.2004531678801));
#1325=CARTESIAN_POINT('Ctrl Pts',(178.382604952347,99.9953040814713,38.4389754205652));
#1326=CARTESIAN_POINT('Ctrl Pts',(170.372498203788,149.995573677051,34.0435549700498));
#1327=CARTESIAN_POINT('Ctrl Pts',(164.960304703376,183.331401991418,31.3553013979718));
#1328=CARTESIAN_POINT('Ctrl Pts',(159.514714996183,216.663235996749,28.7827555929202));
#1329=CARTESIAN_POINT('Ctrl Pts',(154.035331073092,249.993652267926,26.3256332471044));
#1330=CARTESIAN_POINT('Ctrl Pts',(145.724946074214,299.995710299511,22.9479826184658));
#1331=CARTESIAN_POINT('Ctrl Pts',(137.339420275412,349.999868132326,19.8320662055223));
#1332=CARTESIAN_POINT('Ctrl Pts',(131.709996629474,383.334223143647,17.9012996280181));
#1333=CARTESIAN_POINT('Ctrl Pts',(126.065720629242,416.665354080286,16.0356269828301));
#1334=CARTESIAN_POINT('Ctrl Pts',(120.406008482553,449.996738389763,14.234844835136));
#1335=CARTESIAN_POINT('Ctrl Pts',(111.877448295172,499.995310435462,11.7309135942851));
#1336=CARTESIAN_POINT('Ctrl Pts',(103.312932366284,549.996263209249,9.44568965036455));
#1337=CARTESIAN_POINT('Ctrl Pts',(97.5797230149646,583.331672284975,8.0873506384964));
#1338=CARTESIAN_POINT('Ctrl Pts',(91.8365030282065,616.657136372815,6.82024512590591));
#1339=CARTESIAN_POINT('Ctrl Pts',(86.0822178513461,649.978840565303,5.64403554993962));
#1340=CARTESIAN_POINT('Ctrl Pts',(77.4129704526405,699.978700216938,4.16230994366669));
#1341=CARTESIAN_POINT('Ctrl Pts',(68.7077880757994,749.988923799549,2.96443640186989));
#1342=CARTESIAN_POINT('Ctrl Pts',(62.881881198386,783.329837510173,2.35315746808404));
#1343=CARTESIAN_POINT('Ctrl Pts',(59.9634496211458,800.,2.09396980215006));
#1344=UNCERTAINTY_MEASURE_WITH_UNIT(LENGTH_MEASURE(0.01),#1348,
'DISTANCE_ACCURACY_VALUE',
'Maximum model space distance between geometric entities at asserted c
onnectivities');
#1345=UNCERTAINTY_MEASURE_WITH_UNIT(LENGTH_MEASURE(0.01),#1348,
'DISTANCE_ACCURACY_VALUE',
'Maximum model space distance between geometric entities at asserted c
onnectivities');
#1346=(
GEOMETRIC_REPRESENTATION_CONTEXT(3)
GLOBAL_UNCERTAINTY_ASSIGNED_CONTEXT((#1344))
GLOBAL_UNIT_ASSIGNED_CONTEXT((#1348,#1350,#1351))
REPRESENTATION_CONTEXT('','3D')
);
#1347=(
GEOMETRIC_REPRESENTATION_CONTEXT(3)
GLOBAL_UNCERTAINTY_ASSIGNED_CONTEXT((#1345))
GLOBAL_UNIT_ASSIGNED_CONTEXT((#1348,#1350,#1351))
REPRESENTATION_CONTEXT('','3D')
);
#1348=(
LENGTH_UNIT()
NAMED_UNIT(*)
SI_UNIT(.MILLI.,.METRE.)
);
#1349=(
LENGTH_UNIT()
NAMED_UNIT(*)
SI_UNIT($,.METRE.)
);
#1350=(
NAMED_UNIT(*)
PLANE_ANGLE_UNIT()
SI_UNIT($,.RADIAN.)
);
#1351=(
NAMED_UNIT(*)
SI_UNIT($,.STERADIAN.)
SOLID_ANGLE_UNIT()
);
#1352=SHAPE_DEFINITION_REPRESENTATION(#1353,#1354);
#1353=PRODUCT_DEFINITION_SHAPE('',$,#1356);
#1354=SHAPE_REPRESENTATION('',(#103),#1346);
#1355=PRODUCT_DEFINITION_CONTEXT('part definition',#1360,'design');
#1356=PRODUCT_DEFINITION('2026-05-26-22-15-00-733',
'Refined_blade_NACA4412_main_200mm',#1357,#1355);
#1357=PRODUCT_DEFINITION_FORMATION('',$,#1362);
#1358=PRODUCT_RELATED_PRODUCT_CATEGORY(
'Refined_blade_NACA4412_main_200mm','Refined_blade_NACA4412_main_200mm',
(#1362));
#1359=APPLICATION_PROTOCOL_DEFINITION('international standard',
'automotive_design',2009,#1360);
#1360=APPLICATION_CONTEXT(
'Core Data for Automotive Mechanical Design Process');
#1361=PRODUCT_CONTEXT('part definition',#1360,'mechanical');
#1362=PRODUCT('2026-05-26-22-15-00-733',
'Refined_blade_NACA4412_main_200mm',$,(#1361));
#1363=PRESENTATION_STYLE_ASSIGNMENT((#1364));
#1364=SURFACE_STYLE_USAGE(.BOTH.,#1365);
#1365=SURFACE_SIDE_STYLE('',(#1366));
#1366=SURFACE_STYLE_FILL_AREA(#1367);
#1367=FILL_AREA_STYLE('Steel - Satin',(#1368));
#1368=FILL_AREA_STYLE_COLOUR('Steel - Satin',#1369);
#1369=COLOUR_RGB('Steel - Satin',0.627450980392157,0.627450980392157,0.627450980392157);
ENDSEC;
END-ISO-10303-21;
